Linux 6.8.0-1054-gcp (zt-service-b)     05/18/26        _x86_64_        (4 CPU)

19:25:00        CPU     %user     %nice   %system   %iowait    %steal     %idle
19:25:01        all      9.87      0.00      7.01      0.00      0.00     83.12

19:25:00    kbmemfree   kbavail kbmemused  %memused kbbuffers  kbcached  kbcommit   %commit  kbactive   kbinact   kbdirty
19:25:01     14144532  15336628    683936      4.18     61884   1376812   2150300     13.13   1339420    656640       432

19:25:00        IFACE   rxpck/s   txpck/s    rxkB/s    txkB/s   rxcmp/s   txcmp/s  rxmcst/s   %ifutil
19:25:01           lo   2017.00   2017.00    458.83    458.83      0.00      0.00      0.00      0.00
19:25:01         ens4    406.00    404.00    304.33     68.84      0.00      0.00      0.00      0.00
19:25:01      docker0   1000.00   1000.00     80.08    368.55      0.00      0.00      0.00      0.00
19:25:01    veth58e3b24   1000.00   1000.00     93.75    368.55      0.00      0.00      0.00      0.03

19:25:01        CPU     %user     %nice   %system   %iowait    %steal     %idle
19:25:02        all     40.86      0.00     10.15      0.00      0.51     48.48

19:25:01    kbmemfree   kbavail kbmemused  %memused kbbuffers  kbcached  kbcommit   %commit  kbactive   kbinact   kbdirty
19:25:02     14138740  15330872    689592      4.21     61884   1376836   2151556     13.14   1339660    656676       476

19:25:01        IFACE   rxpck/s   txpck/s    rxkB/s    txkB/s   rxcmp/s   txcmp/s  rxmcst/s   %ifutil
19:25:02           lo   2000.00   2000.00    434.96    434.96      0.00      0.00      0.00      0.00
19:25:02         ens4    407.00    404.00    304.36     68.85      0.00      0.00      0.00      0.00
19:25:02      docker0   1000.00   1000.00     80.08    368.55      0.00      0.00      0.00      0.00
19:25:02    veth58e3b24   1000.00   1000.00     93.75    368.55      0.00      0.00      0.00      0.03

19:25:02        CPU     %user     %nice   %system   %iowait    %steal     %idle
19:25:03        all     10.46      0.00      7.91      0.00      0.00     81.63

19:25:02    kbmemfree   kbavail kbmemused  %memused kbbuffers  kbcached  kbcommit   %commit  kbactive   kbinact   kbdirty
19:25:03     14138740  15330892    689492      4.21     61884   1376856   2155460     13.16   1341412    656696       384

19:25:02        IFACE   rxpck/s   txpck/s    rxkB/s    txkB/s   rxcmp/s   txcmp/s  rxmcst/s   %ifutil
19:25:03           lo   2000.00   2000.00    434.96    434.96      0.00      0.00      0.00      0.00
19:25:03         ens4    410.00    407.00    305.40     70.27      0.00      0.00      0.00      0.00
19:25:03      docker0   1000.00   1000.00     80.08    368.55      0.00      0.00      0.00      0.00
19:25:03    veth58e3b24   1000.00   1000.00     93.75    368.55      0.00      0.00      0.00      0.03

19:25:03        CPU     %user     %nice   %system   %iowait    %steal     %idle
19:25:04        all      8.25      0.00      7.99      0.00      0.52     83.25

19:25:03    kbmemfree   kbavail kbmemused  %memused kbbuffers  kbcached  kbcommit   %commit  kbactive   kbinact   kbdirty
19:25:04     14144292  15336448    683832      4.18     61884   1376880   2143360     13.09   1333208    656704       708

19:25:03        IFACE   rxpck/s   txpck/s    rxkB/s    txkB/s   rxcmp/s   txcmp/s  rxmcst/s   %ifutil
19:25:04           lo   2000.00   2000.00    434.96    434.96      0.00      0.00      0.00      0.00
19:25:04         ens4    419.00    416.00    307.03     70.68      0.00      0.00      0.00      0.00
19:25:04      docker0   1000.00   1000.00     80.08    368.55      0.00      0.00      0.00      0.00
19:25:04    veth58e3b24   1000.00   1000.00     93.75    368.55      0.00      0.00      0.00      0.03

19:25:04        CPU     %user     %nice   %system   %iowait    %steal     %idle
19:25:05        all      8.74      0.00      7.71      0.00      0.00     83.55

19:25:04    kbmemfree   kbavail kbmemused  %memused kbbuffers  kbcached  kbcommit   %commit  kbactive   kbinact   kbdirty
19:25:05     14144292  15336452    683728      4.18     61884   1376900   2143360     13.09   1333208    656708       728

19:25:04        IFACE   rxpck/s   txpck/s    rxkB/s    txkB/s   rxcmp/s   txcmp/s  rxmcst/s   %ifutil
19:25:05           lo   2000.00   2000.00    434.96    434.96      0.00      0.00      0.00      0.00
19:25:05         ens4    401.00    400.00    303.78     68.16      0.00      0.00      0.00      0.00
19:25:05      docker0   1000.00   1000.00     80.08    368.55      0.00      0.00      0.00      0.00
19:25:05    veth58e3b24   1000.00   1000.00     93.75    368.55      0.00      0.00      0.00      0.03

19:25:05        CPU     %user     %nice   %system   %iowait    %steal     %idle
19:25:06        all     14.97      0.00      9.39      0.00      0.51     75.13

19:25:05    kbmemfree   kbavail kbmemused  %memused kbbuffers  kbcached  kbcommit   %commit  kbactive   kbinact   kbdirty
19:25:06     14141044  15333252    686820      4.19     61888   1376928   2144280     13.10   1334052    656752       756

19:25:05        IFACE   rxpck/s   txpck/s    rxkB/s    txkB/s   rxcmp/s   txcmp/s  rxmcst/s   %ifutil
19:25:06           lo   2000.00   2000.00    434.96    434.96      0.00      0.00      0.00      0.00
19:25:06         ens4    402.00    400.00    303.84     68.16      0.00      0.00      0.00      0.00
19:25:06      docker0   1000.00   1000.00     80.08    368.55      0.00      0.00      0.00      0.00
19:25:06    veth58e3b24   1000.00   1000.00     93.75    368.55      0.00      0.00      0.00      0.03

19:25:06        CPU     %user     %nice   %system   %iowait    %steal     %idle
19:25:07        all     23.59      0.00      8.72      0.00      0.00     67.69

19:25:06    kbmemfree   kbavail kbmemused  %memused kbbuffers  kbcached  kbcommit   %commit  kbactive   kbinact   kbdirty
19:25:07     14131720  15323960    696032      4.25     61888   1376948   2147460     13.11   1335936    656784       784

19:25:06        IFACE   rxpck/s   txpck/s    rxkB/s    txkB/s   rxcmp/s   txcmp/s  rxmcst/s   %ifutil
19:25:07           lo   2000.00   2000.00    434.96    434.96      0.00      0.00      0.00      0.00
19:25:07         ens4    406.00    400.00    304.10     68.16      0.00      0.00      0.00      0.00
19:25:07      docker0   1000.00   1000.00     80.08    368.55      0.00      0.00      0.00      0.00
19:25:07    veth58e3b24   1000.00   1000.00     93.75    368.55      0.00      0.00      0.00      0.03

19:25:07        CPU     %user     %nice   %system   %iowait    %steal     %idle
19:25:08        all      6.23      0.00      6.75      0.00      0.52     86.49

19:25:07    kbmemfree   kbavail kbmemused  %memused kbbuffers  kbcached  kbcommit   %commit  kbactive   kbinact   kbdirty
19:25:08     14131720  15323968    695940      4.25     61888   1376968   2146432     13.11   1335908    656792       804

19:25:07        IFACE   rxpck/s   txpck/s    rxkB/s    txkB/s   rxcmp/s   txcmp/s  rxmcst/s   %ifutil
19:25:08           lo   2000.00   2000.00    434.96    434.96      0.00      0.00      0.00      0.00
19:25:08         ens4    401.00    400.00    303.78     68.16      0.00      0.00      0.00      0.00
19:25:08      docker0   1000.00   1000.00     80.08    368.55      0.00      0.00      0.00      0.00
19:25:08    veth58e3b24   1000.00   1000.00     93.75    368.55      0.00      0.00      0.00      0.03

19:25:08        CPU     %user     %nice   %system   %iowait    %steal     %idle
19:25:09        all      5.93      0.00      7.47      0.00      0.00     86.60

19:25:08    kbmemfree   kbavail kbmemused  %memused kbbuffers  kbcached  kbcommit   %commit  kbactive   kbinact   kbdirty
19:25:09     14131720  15323984    695844      4.25     61888   1376992   2143360     13.09   1333108    656812       828

19:25:08        IFACE   rxpck/s   txpck/s    rxkB/s    txkB/s   rxcmp/s   txcmp/s  rxmcst/s   %ifutil
19:25:09           lo   2000.00   2000.00    434.96    434.96      0.00      0.00      0.00      0.00
19:25:09         ens4    406.00    401.00    304.10     68.23      0.00      0.00      0.00      0.00
19:25:09      docker0   1000.00   1000.00     80.08    368.55      0.00      0.00      0.00      0.00
19:25:09    veth58e3b24   1000.00   1000.00     93.75    368.55      0.00      0.00      0.00      0.03

19:25:09        CPU     %user     %nice   %system   %iowait    %steal     %idle
19:25:10        all      7.01      0.00      7.01      0.00      0.52     85.45

19:25:09    kbmemfree   kbavail kbmemused  %memused kbbuffers  kbcached  kbcommit   %commit  kbactive   kbinact   kbdirty
19:25:10     14131720  15323996    695724      4.25     61888   1377020   2143360     13.09   1333132    656824       856

19:25:09        IFACE   rxpck/s   txpck/s    rxkB/s    txkB/s   rxcmp/s   txcmp/s  rxmcst/s   %ifutil
19:25:10           lo   2000.00   2000.00    434.96    434.96      0.00      0.00      0.00      0.00
19:25:10         ens4    402.00    401.00    303.82     68.21      0.00      0.00      0.00      0.00
19:25:10      docker0   1000.00   1000.00     80.08    368.55      0.00      0.00      0.00      0.00
19:25:10    veth58e3b24   1000.00   1000.00     93.75    368.55      0.00      0.00      0.00      0.03

19:25:10        CPU     %user     %nice   %system   %iowait    %steal     %idle
19:25:11        all      6.35      0.00      8.12      0.00      0.25     85.28

19:25:10    kbmemfree   kbavail kbmemused  %memused kbbuffers  kbcached  kbcommit   %commit  kbactive   kbinact   kbdirty
19:25:11     14131224  15323500    696104      4.25     61888   1377040   2143360     13.09   1333132    656824       876

19:25:10        IFACE   rxpck/s   txpck/s    rxkB/s    txkB/s   rxcmp/s   txcmp/s  rxmcst/s   %ifutil
19:25:11           lo   2000.00   2000.00    434.96    434.96      0.00      0.00      0.00      0.00
19:25:11         ens4    402.00    400.00    303.84     68.16      0.00      0.00      0.00      0.00
19:25:11      docker0   1000.00   1000.00     80.08    368.55      0.00      0.00      0.00      0.00
19:25:11    veth58e3b24   1000.00   1000.00     93.75    368.55      0.00      0.00      0.00      0.03

19:25:11        CPU     %user     %nice   %system   %iowait    %steal     %idle
19:25:12        all      7.18      0.00      7.95      0.00      0.26     84.62

19:25:11    kbmemfree   kbavail kbmemused  %memused kbbuffers  kbcached  kbcommit   %commit  kbactive   kbinact   kbdirty
19:25:12     14130972  15323308    696324      4.25     61888   1377060   2147264     13.11   1334896    656884       888

19:25:11        IFACE   rxpck/s   txpck/s    rxkB/s    txkB/s   rxcmp/s   txcmp/s  rxmcst/s   %ifutil
19:25:12           lo   2000.00   2000.00    434.96    434.96      0.00      0.00      0.00      0.00
19:25:12         ens4    405.00    403.00    305.45     68.41      0.00      0.00      0.00      0.00
19:25:12      docker0   1000.00   1000.00     80.08    368.55      0.00      0.00      0.00      0.00
19:25:12    veth58e3b24   1000.00   1000.00     93.75    368.55      0.00      0.00      0.00      0.03

19:25:12        CPU     %user     %nice   %system   %iowait    %steal     %idle
19:25:13        all      8.85      0.00      7.03      0.00      0.26     83.85

19:25:12    kbmemfree   kbavail kbmemused  %memused kbbuffers  kbcached  kbcommit   %commit  kbactive   kbinact   kbdirty
19:25:13     14138824  15331164    689056      4.21     61888   1377084   2141000     13.08   1328684    656884       916

19:25:12        IFACE   rxpck/s   txpck/s    rxkB/s    txkB/s   rxcmp/s   txcmp/s  rxmcst/s   %ifutil
19:25:13           lo   2000.00   2000.00    434.96    434.96      0.00      0.00      0.00      0.00
19:25:13         ens4    406.00    404.00    303.71     70.03      0.00      0.00      0.00      0.00
19:25:13      docker0   1000.00   1000.00     80.08    368.55      0.00      0.00      0.00      0.00
19:25:13    veth58e3b24   1000.00   1000.00     93.75    368.55      0.00      0.00      0.00      0.03

19:25:13        CPU     %user     %nice   %system   %iowait    %steal     %idle
19:25:14        all      6.14      0.00      7.16      0.00      0.51     86.19

19:25:13    kbmemfree   kbavail kbmemused  %memused kbbuffers  kbcached  kbcommit   %commit  kbactive   kbinact   kbdirty
19:25:14     14138576  15330968    689192      4.21     61888   1377104   2141000     13.08   1328756    656932       936

19:25:13        IFACE   rxpck/s   txpck/s    rxkB/s    txkB/s   rxcmp/s   txcmp/s  rxmcst/s   %ifutil
19:25:14           lo   2004.00   2004.00    435.16    435.16      0.00      0.00      0.00      0.00
19:25:14         ens4    401.00    400.00    303.78     68.16      0.00      0.00      0.00      0.00
19:25:14      docker0   1000.00   1000.00     80.08    368.55      0.00      0.00      0.00      0.00
19:25:14    veth58e3b24   1000.00   1000.00     93.75    368.55      0.00      0.00      0.00      0.03

19:25:14        CPU     %user     %nice   %system   %iowait    %steal     %idle
19:25:15        all      6.63      0.00      7.40      0.51      0.00     85.46

19:25:14    kbmemfree   kbavail kbmemused  %memused kbbuffers  kbcached  kbcommit   %commit  kbactive   kbinact   kbdirty
19:25:15     14138576  15330984    689088      4.21     61888   1377132   2141000     13.08   1328796    656948       472

19:25:14        IFACE   rxpck/s   txpck/s    rxkB/s    txkB/s   rxcmp/s   txcmp/s  rxmcst/s   %ifutil
19:25:15           lo   2000.00   2000.00    434.96    434.96      0.00      0.00      0.00      0.00
19:25:15         ens4    406.00    401.00    304.11     68.23      0.00      0.00      0.00      0.00
19:25:15      docker0   1000.00   1000.00     80.08    368.55      0.00      0.00      0.00      0.00
19:25:15    veth58e3b24   1000.00   1000.00     93.75    368.55      0.00      0.00      0.00      0.03

19:25:15        CPU     %user     %nice   %system   %iowait    %steal     %idle
19:25:16        all      5.99      0.00      6.77      0.00      0.00     87.24

19:25:15    kbmemfree   kbavail kbmemused  %memused kbbuffers  kbcached  kbcommit   %commit  kbactive   kbinact   kbdirty
19:25:16     14138576  15330984    688984      4.21     61888   1377152   2141000     13.08   1328796    656948       496

19:25:15        IFACE   rxpck/s   txpck/s    rxkB/s    txkB/s   rxcmp/s   txcmp/s  rxmcst/s   %ifutil
19:25:16           lo   2002.00   2002.00    435.06    435.06      0.00      0.00      0.00      0.00
19:25:16         ens4    407.00    404.00    304.19     68.45      0.00      0.00      0.00      0.00
19:25:16      docker0   1000.00   1000.00     80.08    368.55      0.00      0.00      0.00      0.00
19:25:16    veth58e3b24   1000.00   1000.00     93.75    368.55      0.00      0.00      0.00      0.03

19:25:16        CPU     %user     %nice   %system   %iowait    %steal     %idle
19:25:17        all      7.25      0.00      6.22      0.00      0.52     86.01

19:25:16    kbmemfree   kbavail kbmemused  %memused kbbuffers  kbcached  kbcommit   %commit  kbactive   kbinact   kbdirty
19:25:17     14138576  15331032    688880      4.21     61888   1377176   2141000     13.08   1328756    656996       564

19:25:16        IFACE   rxpck/s   txpck/s    rxkB/s    txkB/s   rxcmp/s   txcmp/s  rxmcst/s   %ifutil
19:25:17           lo   2003.00   2003.00    435.11    435.11      0.00      0.00      0.00      0.00
19:25:17         ens4    420.00    414.00    306.21     70.80      0.00      0.00      0.00      0.00
19:25:17      docker0   1000.00   1000.00     80.08    368.55      0.00      0.00      0.00      0.00
19:25:17    veth58e3b24   1000.00   1000.00     93.75    368.55      0.00      0.00      0.00      0.03

19:25:17        CPU     %user     %nice   %system   %iowait    %steal     %idle
19:25:18        all      6.20      0.00      7.49      0.00      0.52     85.79

19:25:17    kbmemfree   kbavail kbmemused  %memused kbbuffers  kbcached  kbcommit   %commit  kbactive   kbinact   kbdirty
19:25:18     14138576  15331060    688820      4.21     61888   1377196   2141188     13.08   1328956    657024       704

19:25:17        IFACE   rxpck/s   txpck/s    rxkB/s    txkB/s   rxcmp/s   txcmp/s  rxmcst/s   %ifutil
19:25:18           lo   2000.00   2000.00    434.96    434.96      0.00      0.00      0.00      0.00
19:25:18         ens4    419.00    415.00    307.28     77.94      0.00      0.00      0.00      0.00
19:25:18      docker0   1000.00   1000.00     80.08    368.55      0.00      0.00      0.00      0.00
19:25:18    veth58e3b24   1000.00   1000.00     93.75    368.55      0.00      0.00      0.00      0.03

19:25:18        CPU     %user     %nice   %system   %iowait    %steal     %idle
19:25:19        all      9.72      0.00     10.23      0.00      0.00     80.05

19:25:18    kbmemfree   kbavail kbmemused  %memused kbbuffers  kbcached  kbcommit   %commit  kbactive   kbinact   kbdirty
19:25:19     14144592  15337104    682712      4.17     61888   1377224   2137096     13.05   1331752    657052       780

19:25:18        IFACE   rxpck/s   txpck/s    rxkB/s    txkB/s   rxcmp/s   txcmp/s  rxmcst/s   %ifutil
19:25:19           lo   2000.00   2000.00    434.96    434.96      0.00      0.00      0.00      0.00
19:25:19         ens4    445.00    437.00    308.09    398.92      0.00      0.00      0.00      0.00
19:25:19      docker0   1000.00   1000.00     80.08    368.55      0.00      0.00      0.00      0.00
19:25:19    veth58e3b24   1000.00   1000.00     93.75    368.55      0.00      0.00      0.00      0.03

19:25:19        CPU     %user     %nice   %system   %iowait    %steal     %idle
19:25:20        all      5.90      0.00      7.44      0.00      0.26     86.41

19:25:19    kbmemfree   kbavail kbmemused  %memused kbbuffers  kbcached  kbcommit   %commit  kbactive   kbinact   kbdirty
19:25:20     14144592  15337116    682624      4.17     61888   1377244   2137096     13.05   1331800    657064       800

19:25:19        IFACE   rxpck/s   txpck/s    rxkB/s    txkB/s   rxcmp/s   txcmp/s  rxmcst/s   %ifutil
19:25:20           lo   2000.00   2000.00    434.96    434.96      0.00      0.00      0.00      0.00
19:25:20         ens4    402.00    400.00    303.84     68.16      0.00      0.00      0.00      0.00
19:25:20      docker0   1000.00   1000.00     80.08    368.55      0.00      0.00      0.00      0.00
19:25:20    veth58e3b24   1000.00   1000.00     93.75    368.55      0.00      0.00      0.00      0.03

19:25:20        CPU     %user     %nice   %system   %iowait    %steal     %idle
19:25:21        all      6.63      0.00      7.65      0.00      0.26     85.46

19:25:20    kbmemfree   kbavail kbmemused  %memused kbbuffers  kbcached  kbcommit   %commit  kbactive   kbinact   kbdirty
19:25:21     14144592  15337128    682540      4.17     61888   1377268   2137096     13.05   1331848    657076       868

19:25:20        IFACE   rxpck/s   txpck/s    rxkB/s    txkB/s   rxcmp/s   txcmp/s  rxmcst/s   %ifutil
19:25:21           lo   2000.00   2000.00    434.96    434.96      0.00      0.00      0.00      0.00
19:25:21         ens4    402.00    400.00    303.84     68.16      0.00      0.00      0.00      0.00
19:25:21      docker0   1000.00   1000.00     80.08    368.55      0.00      0.00      0.00      0.00
19:25:21    veth58e3b24   1000.00   1000.00     93.75    368.55      0.00      0.00      0.00      0.03

19:25:21        CPU     %user     %nice   %system   %iowait    %steal     %idle
19:25:22        all      5.96      0.00      6.99      0.00      0.52     86.53

19:25:21    kbmemfree   kbavail kbmemused  %memused kbbuffers  kbcached  kbcommit   %commit  kbactive   kbinact   kbdirty
19:25:22     14144344  15336868    682980      4.17     61888   1377288   2136848     13.05   1331552    657088       888

19:25:21        IFACE   rxpck/s   txpck/s    rxkB/s    txkB/s   rxcmp/s   txcmp/s  rxmcst/s   %ifutil
19:25:22           lo   2000.00   2000.00    434.96    434.96      0.00      0.00      0.00      0.00
19:25:22         ens4    456.00    500.00    307.30     74.34      0.00      0.00      0.00      0.00
19:25:22      docker0   1000.00   1000.00     80.08    368.55      0.00      0.00      0.00      0.00
19:25:22    veth58e3b24   1000.00   1000.00     93.75    368.55      0.00      0.00      0.00      0.03

19:25:22        CPU     %user     %nice   %system   %iowait    %steal     %idle
19:25:23        all      6.62      0.00      8.14      0.00      0.25     84.99

19:25:22    kbmemfree   kbavail kbmemused  %memused kbbuffers  kbcached  kbcommit   %commit  kbactive   kbinact   kbdirty
19:25:23     14143856  15336408    683376      4.17     61888   1377312   2136848     13.05   1331584    657116       912

19:25:22        IFACE   rxpck/s   txpck/s    rxkB/s    txkB/s   rxcmp/s   txcmp/s  rxmcst/s   %ifutil
19:25:23           lo   2000.00   2000.00    434.96    434.96      0.00      0.00      0.00      0.00
19:25:23         ens4    503.00    452.00    310.74     71.91      0.00      0.00      0.00      0.00
19:25:23      docker0   1000.00   1000.00     80.08    368.55      0.00      0.00      0.00      0.00
19:25:23    veth58e3b24   1000.00   1000.00     93.75    368.55      0.00      0.00      0.00      0.03

19:25:23        CPU     %user     %nice   %system   %iowait    %steal     %idle
19:25:24        all      5.70      0.00      7.77      0.00      0.00     86.53

19:25:23    kbmemfree   kbavail kbmemused  %memused kbbuffers  kbcached  kbcommit   %commit  kbactive   kbinact   kbdirty
19:25:24     14143856  15336452    683284      4.17     61888   1377336   2136848     13.05   1331640    657160       924

19:25:23        IFACE   rxpck/s   txpck/s    rxkB/s    txkB/s   rxcmp/s   txcmp/s  rxmcst/s   %ifutil
19:25:24           lo   2000.00   2000.00    434.96    434.96      0.00      0.00      0.00      0.00
19:25:24         ens4    405.00    400.00    304.03     68.16      0.00      0.00      0.00      0.00
19:25:24      docker0   1000.00   1000.00     80.08    368.55      0.00      0.00      0.00      0.00
19:25:24    veth58e3b24   1000.00   1000.00     93.75    368.55      0.00      0.00      0.00      0.03

19:25:24        CPU     %user     %nice   %system   %iowait    %steal     %idle
19:25:25        all      6.38      0.00      7.65      0.00      0.51     85.46

19:25:24    kbmemfree   kbavail kbmemused  %memused kbbuffers  kbcached  kbcommit   %commit  kbactive   kbinact   kbdirty
19:25:25     14143608  15336204    683436      4.17     61888   1377356   2136848     13.05   1331640    657160       948

19:25:24        IFACE   rxpck/s   txpck/s    rxkB/s    txkB/s   rxcmp/s   txcmp/s  rxmcst/s   %ifutil
19:25:25           lo   2005.00   2005.00    436.74    436.74      0.00      0.00      0.00      0.00
19:25:25         ens4    404.00    402.00    305.36     68.29      0.00      0.00      0.00      0.00
19:25:25      docker0   1000.00   1000.00     80.08    368.55      0.00      0.00      0.00      0.00
19:25:25    veth58e3b24   1000.00   1000.00     93.75    368.55      0.00      0.00      0.00      0.03

19:25:25        CPU     %user     %nice   %system   %iowait    %steal     %idle
19:25:26        all      6.67      0.00      6.92      0.26      0.26     85.90

19:25:25    kbmemfree   kbavail kbmemused  %memused kbbuffers  kbcached  kbcommit   %commit  kbactive   kbinact   kbdirty
19:25:26     14143608  15336204    683340      4.17     61888   1377380   2136848     13.05   1331640    657160       976

19:25:25        IFACE   rxpck/s   txpck/s    rxkB/s    txkB/s   rxcmp/s   txcmp/s  rxmcst/s   %ifutil
19:25:26           lo   2000.00   2000.00    434.96    434.96      0.00      0.00      0.00      0.00
19:25:26         ens4    404.00    400.00    303.97     68.16      0.00      0.00      0.00      0.00
19:25:26      docker0   1001.00   1003.00     80.14    370.27      0.00      0.00      0.00      0.00
19:25:26    veth58e3b24   1001.00   1003.00     93.82    370.27      0.00      0.00      0.00      0.03

19:25:26        CPU     %user     %nice   %system   %iowait    %steal     %idle
19:25:27        all      6.17      0.00      7.71      0.00      0.26     85.86

19:25:26    kbmemfree   kbavail kbmemused  %memused kbbuffers  kbcached  kbcommit   %commit  kbactive   kbinact   kbdirty
19:25:27     14143104  15335740    683768      4.18     61888   1377400   2136848     13.05   1331648    657200       996

19:25:26        IFACE   rxpck/s   txpck/s    rxkB/s    txkB/s   rxcmp/s   txcmp/s  rxmcst/s   %ifutil
19:25:27           lo   1995.00   1995.00    433.18    433.18      0.00      0.00      0.00      0.00
19:25:27         ens4    405.00    399.00    304.03     68.10      0.00      0.00      0.00      0.00
19:25:27      docker0    999.00    997.00     80.02    366.84      0.00      0.00      0.00      0.00
19:25:27    veth58e3b24    999.00    997.00     93.68    366.84      0.00      0.00      0.00      0.03

19:25:27        CPU     %user     %nice   %system   %iowait    %steal     %idle
19:25:28        all      6.19      0.00      7.47      0.00      0.26     86.08

19:25:27    kbmemfree   kbavail kbmemused  %memused kbbuffers  kbcached  kbcommit   %commit  kbactive   kbinact   kbdirty
19:25:28     14143104  15335740    683684      4.18     61888   1377428   2136848     13.05   1331648    657200      1024

19:25:27        IFACE   rxpck/s   txpck/s    rxkB/s    txkB/s   rxcmp/s   txcmp/s  rxmcst/s   %ifutil
19:25:28           lo   2000.00   2000.00    434.96    434.96      0.00      0.00      0.00      0.00
19:25:28         ens4    406.00    401.00    304.07     68.21      0.00      0.00      0.00      0.00
19:25:28      docker0   1000.00   1000.00     80.08    368.55      0.00      0.00      0.00      0.00
19:25:28    veth58e3b24   1000.00   1000.00     93.75    368.55      0.00      0.00      0.00      0.03

19:25:28        CPU     %user     %nice   %system   %iowait    %steal     %idle
19:25:29        all      6.67      0.00      7.18      0.00      0.51     85.64

19:25:28    kbmemfree   kbavail kbmemused  %memused kbbuffers  kbcached  kbcommit   %commit  kbactive   kbinact   kbdirty
19:25:29     14143104  15335740    683608      4.17     61888   1377448   2136848     13.05   1331648    657200      1044

19:25:28        IFACE   rxpck/s   txpck/s    rxkB/s    txkB/s   rxcmp/s   txcmp/s  rxmcst/s   %ifutil
19:25:29           lo   2003.00   2003.00    435.13    435.13      0.00      0.00      0.00      0.00
19:25:29         ens4    404.00    401.00    303.97     68.23      0.00      0.00      0.00      0.00
19:25:29      docker0   1000.00   1000.00     80.08    368.55      0.00      0.00      0.00      0.00
19:25:29    veth58e3b24   1000.00   1000.00     93.75    368.55      0.00      0.00      0.00      0.03

19:25:29        CPU     %user     %nice   %system   %iowait    %steal     %idle
19:25:30        all      6.44      0.00      7.22      0.00      0.26     86.08

19:25:29    kbmemfree   kbavail kbmemused  %memused kbbuffers  kbcached  kbcommit   %commit  kbactive   kbinact   kbdirty
19:25:30     14143104  15335792    683536      4.17     61888   1377472   2136848     13.05   1331648    657252      1060

19:25:29        IFACE   rxpck/s   txpck/s    rxkB/s    txkB/s   rxcmp/s   txcmp/s  rxmcst/s   %ifutil
19:25:30           lo   2001.00   2001.00    435.00    435.00      0.00      0.00      0.00      0.00
19:25:30         ens4    402.00    399.00    302.45     68.10      0.00      0.00      0.00      0.00
19:25:30      docker0   1000.00   1000.00     80.08    368.55      0.00      0.00      0.00      0.00
19:25:30    veth58e3b24   1000.00   1000.00     93.75    368.55      0.00      0.00      0.00      0.03

19:25:30        CPU     %user     %nice   %system   %iowait    %steal     %idle
19:25:31        all      6.19      0.00      6.96      0.00      0.00     86.86

19:25:30    kbmemfree   kbavail kbmemused  %memused kbbuffers  kbcached  kbcommit   %commit  kbactive   kbinact   kbdirty
19:25:31     14143104  15335792    683460      4.17     61892   1377492   2136848     13.05   1331648    657252      1084

19:25:30        IFACE   rxpck/s   txpck/s    rxkB/s    txkB/s   rxcmp/s   txcmp/s  rxmcst/s   %ifutil
19:25:31           lo   2005.00   2005.00    436.74    436.74      0.00      0.00      0.00      0.00
19:25:31         ens4    407.00    402.00    305.55     68.29      0.00      0.00      0.00      0.00
19:25:31      docker0   1001.00   1002.00     80.14    368.69      0.00      0.00      0.00      0.00
19:25:31    veth58e3b24   1001.00   1002.00     93.82    368.69      0.00      0.00      0.00      0.03

19:25:31        CPU     %user     %nice   %system   %iowait    %steal     %idle
19:25:32        all      5.67      0.00      7.73      0.00      0.26     86.34

19:25:31    kbmemfree   kbavail kbmemused  %memused kbbuffers  kbcached  kbcommit   %commit  kbactive   kbinact   kbdirty
19:25:32     14142856  15335544    683612      4.17     61892   1377516   2136848     13.05   1331648    657252      1108

19:25:31        IFACE   rxpck/s   txpck/s    rxkB/s    txkB/s   rxcmp/s   txcmp/s  rxmcst/s   %ifutil
19:25:32           lo   2000.00   2000.00    434.96    434.96      0.00      0.00      0.00      0.00
19:25:32         ens4    408.00    400.00    304.23     68.16      0.00      0.00      0.00      0.00
19:25:32      docker0   1001.00   1001.00     80.13    370.13      0.00      0.00      0.00      0.00
19:25:32    veth58e3b24   1001.00   1001.00     93.81    370.13      0.00      0.00      0.00      0.03

19:25:32        CPU     %user     %nice   %system   %iowait    %steal     %idle
19:25:33        all      6.38      0.00      7.14      0.00      0.51     85.97

19:25:32    kbmemfree   kbavail kbmemused  %memused kbbuffers  kbcached  kbcommit   %commit  kbactive   kbinact   kbdirty
19:25:33     14142856  15335576    683532      4.17     61892   1377540   2136848     13.05   1331648    657284       460

19:25:32        IFACE   rxpck/s   txpck/s    rxkB/s    txkB/s   rxcmp/s   txcmp/s  rxmcst/s   %ifutil
19:25:33           lo   2000.00   2000.00    434.96    434.96      0.00      0.00      0.00      0.00
19:25:33         ens4    406.00    400.00    304.10     68.16      0.00      0.00      0.00      0.00
19:25:33      docker0    999.00    999.00     80.03    366.98      0.00      0.00      0.00      0.00
19:25:33    veth58e3b24    999.00    999.00     93.69    366.98      0.00      0.00      0.00      0.03

19:25:33        CPU     %user     %nice   %system   %iowait    %steal     %idle
19:25:34        all      5.67      0.00      7.73      0.00      0.26     86.34

19:25:33    kbmemfree   kbavail kbmemused  %memused kbbuffers  kbcached  kbcommit   %commit  kbactive   kbinact   kbdirty
19:25:34     14142608  15335384    683692      4.18     61892   1377564   2136848     13.05   1331652    657340       424

19:25:33        IFACE   rxpck/s   txpck/s    rxkB/s    txkB/s   rxcmp/s   txcmp/s  rxmcst/s   %ifutil
19:25:34           lo   2000.00   2000.00    434.96    434.96      0.00      0.00      0.00      0.00
19:25:34         ens4    404.00    401.00    303.95     68.21      0.00      0.00      0.00      0.00
19:25:34      docker0   1001.00   1001.00     80.13    370.13      0.00      0.00      0.00      0.00
19:25:34    veth58e3b24   1001.00   1001.00     93.81    370.13      0.00      0.00      0.00      0.03

19:25:34        CPU     %user     %nice   %system   %iowait    %steal     %idle
19:25:35        all      6.44      0.00      7.22      0.00      0.00     86.34

19:25:34    kbmemfree   kbavail kbmemused  %memused kbbuffers  kbcached  kbcommit   %commit  kbactive   kbinact   kbdirty
19:25:35     14142608  15335436    683628      4.18     61892   1377584   2136848     13.05   1331660    657392       444

19:25:34        IFACE   rxpck/s   txpck/s    rxkB/s    txkB/s   rxcmp/s   txcmp/s  rxmcst/s   %ifutil
19:25:35           lo   2000.00   2000.00    434.96    434.96      0.00      0.00      0.00      0.00
19:25:35         ens4    408.00    400.00    304.23     68.16      0.00      0.00      0.00      0.00
19:25:35      docker0    998.00    997.00     79.97    366.84      0.00      0.00      0.00      0.00
19:25:35    veth58e3b24    998.00    997.00     93.61    366.84      0.00      0.00      0.00      0.03

19:25:35        CPU     %user     %nice   %system   %iowait    %steal     %idle
19:25:36        all      6.19      0.00      6.19      0.00      0.26     87.37

19:25:35    kbmemfree   kbavail kbmemused  %memused kbbuffers  kbcached  kbcommit   %commit  kbactive   kbinact   kbdirty
19:25:36     14142608  15335456    683528      4.17     61900   1377608   2136848     13.05   1331664    657408       472

19:25:35        IFACE   rxpck/s   txpck/s    rxkB/s    txkB/s   rxcmp/s   txcmp/s  rxmcst/s   %ifutil
19:25:36           lo   2000.00   2000.00    434.96    434.96      0.00      0.00      0.00      0.00
19:25:36         ens4    406.00    400.00    304.10     68.16      0.00      0.00      0.00      0.00
19:25:36      docker0   1001.00   1002.00     80.14    368.69      0.00      0.00      0.00      0.00
19:25:36    veth58e3b24   1001.00   1002.00     93.82    368.69      0.00      0.00      0.00      0.03

19:25:36        CPU     %user     %nice   %system   %iowait    %steal     %idle
19:25:37        all      6.19      0.00      7.73      0.00      0.26     85.82

19:25:36    kbmemfree   kbavail kbmemused  %memused kbbuffers  kbcached  kbcommit   %commit  kbactive   kbinact   kbdirty
19:25:37     14142360  15335252    683692      4.18     61900   1377632   2140752     13.07   1333456    657452       496

19:25:36        IFACE   rxpck/s   txpck/s    rxkB/s    txkB/s   rxcmp/s   txcmp/s  rxmcst/s   %ifutil
19:25:37           lo   2000.00   2000.00    434.96    434.96      0.00      0.00      0.00      0.00
19:25:37         ens4    411.00    403.00    304.45     68.41      0.00      0.00      0.00      0.00
19:25:37      docker0   1001.00   1001.00     80.13    370.13      0.00      0.00      0.00      0.00
19:25:37    veth58e3b24   1001.00   1001.00     93.81    370.13      0.00      0.00      0.00      0.03

19:25:37        CPU     %user     %nice   %system   %iowait    %steal     %idle
19:25:38        all      0.50      0.00      0.00      0.00      0.00     99.50

19:25:37    kbmemfree   kbavail kbmemused  %memused kbbuffers  kbcached  kbcommit   %commit  kbactive   kbinact   kbdirty
19:25:38     14142360  15335284    683692      4.18     61900   1377632   2140752     13.07   1333544    657484       496

19:25:37        IFACE   rxpck/s   txpck/s    rxkB/s    txkB/s   rxcmp/s   txcmp/s  rxmcst/s   %ifutil
19:25:38           lo      5.00      5.00      0.39      0.39      0.00      0.00      0.00      0.00
19:25:38         ens4      8.00      6.00      1.53      2.20      0.00      0.00      0.00      0.00
19:25:38      docker0      3.00      2.00      0.29      0.13      0.00      0.00      0.00      0.00
19:25:38    veth58e3b24      3.00      2.00      0.33      0.13      0.00      0.00      0.00      0.00

19:25:38        CPU     %user     %nice   %system   %iowait    %steal     %idle
19:25:39        all      0.50      0.00      0.00      0.00      0.00     99.50

19:25:38    kbmemfree   kbavail kbmemused  %memused kbbuffers  kbcached  kbcommit   %commit  kbactive   kbinact   kbdirty
19:25:39     14142108  15335032    683956      4.18     61900   1377632   2136848     13.05   1331784    657484       496

19:25:38        IFACE   rxpck/s   txpck/s    rxkB/s    txkB/s   rxcmp/s   txcmp/s  rxmcst/s   %ifutil
19:25:39           lo      0.00      0.00      0.00      0.00      0.00      0.00      0.00      0.00
19:25:39         ens4      5.00      4.00      0.51      0.36      0.00      0.00      0.00      0.00
19:25:39      docker0      0.00      0.00      0.00      0.00      0.00      0.00      0.00      0.00
19:25:39    veth58e3b24      0.00      0.00      0.00      0.00      0.00      0.00      0.00      0.00

19:25:39        CPU     %user     %nice   %system   %iowait    %steal     %idle
19:25:40        all      0.00      0.00      0.25      0.00      0.00     99.75

19:25:39    kbmemfree   kbavail kbmemused  %memused kbbuffers  kbcached  kbcommit   %commit  kbactive   kbinact   kbdirty
19:25:40     14142108  15335032    683956      4.18     61900   1377632   2136848     13.05   1331784    657484       496

19:25:39        IFACE   rxpck/s   txpck/s    rxkB/s    txkB/s   rxcmp/s   txcmp/s  rxmcst/s   %ifutil
19:25:40           lo      0.00      0.00      0.00      0.00      0.00      0.00      0.00      0.00
19:25:40         ens4      2.00      2.00      0.11      0.11      0.00      0.00      0.00      0.00
19:25:40      docker0      0.00      0.00      0.00      0.00      0.00      0.00      0.00      0.00
19:25:40    veth58e3b24      0.00      0.00      0.00      0.00      0.00      0.00      0.00      0.00

19:25:40        CPU     %user     %nice   %system   %iowait    %steal     %idle
19:25:41        all      0.50      0.00      0.00      0.00      0.00     99.50

19:25:40    kbmemfree   kbavail kbmemused  %memused kbbuffers  kbcached  kbcommit   %commit  kbactive   kbinact   kbdirty
19:25:41     14142108  15335032    683956      4.18     61900   1377632   2136848     13.05   1331768    657484       544

19:25:40        IFACE   rxpck/s   txpck/s    rxkB/s    txkB/s   rxcmp/s   txcmp/s  rxmcst/s   %ifutil
19:25:41           lo      0.00      0.00      0.00      0.00      0.00      0.00      0.00      0.00
19:25:41         ens4      0.00      0.00      0.00      0.00      0.00      0.00      0.00      0.00
19:25:41      docker0      0.00      0.00      0.00      0.00      0.00      0.00      0.00      0.00
19:25:41    veth58e3b24      0.00      0.00      0.00      0.00      0.00      0.00      0.00      0.00

19:25:41        CPU     %user     %nice   %system   %iowait    %steal     %idle
19:25:42        all      0.50      0.00      0.25      0.25      0.00     99.00

19:25:41    kbmemfree   kbavail kbmemused  %memused kbbuffers  kbcached  kbcommit   %commit  kbactive   kbinact   kbdirty
19:25:42     14142108  15335036    683948      4.18     61904   1377636   2136848     13.05   1327400    657488       540

19:25:41        IFACE   rxpck/s   txpck/s    rxkB/s    txkB/s   rxcmp/s   txcmp/s  rxmcst/s   %ifutil
19:25:42           lo      0.00      0.00      0.00      0.00      0.00      0.00      0.00      0.00
19:25:42         ens4      0.00      0.00      0.00      0.00      0.00      0.00      0.00      0.00
19:25:42      docker0      0.00      0.00      0.00      0.00      0.00      0.00      0.00      0.00
19:25:42    veth58e3b24      0.00      0.00      0.00      0.00      0.00      0.00      0.00      0.00

19:25:42        CPU     %user     %nice   %system   %iowait    %steal     %idle
19:25:43        all      5.45      0.00      7.53      0.00      0.52     86.49

19:25:42    kbmemfree   kbavail kbmemused  %memused kbbuffers  kbcached  kbcommit   %commit  kbactive   kbinact   kbdirty
19:25:43     14142108  15335024    683716      4.18     61904   1377660   2136848     13.05   1327400    657488       568

19:25:42        IFACE   rxpck/s   txpck/s    rxkB/s    txkB/s   rxcmp/s   txcmp/s  rxmcst/s   %ifutil
19:25:43           lo   2025.00   2025.00    441.09    441.09      0.00      0.00      0.00      0.00
19:25:43         ens4    815.00    605.00    336.19     83.36      0.00      0.00      0.00      0.00
19:25:43      docker0   1011.00   1012.00     80.94    372.38      0.00      0.00      0.00      0.00
19:25:43    veth58e3b24   1011.00   1012.00     94.76    372.38      0.00      0.00      0.00      0.03

19:25:43        CPU     %user     %nice   %system   %iowait    %steal     %idle
19:25:44        all      6.96      0.00      7.73      0.00      0.26     85.05

19:25:43    kbmemfree   kbavail kbmemused  %memused kbbuffers  kbcached  kbcommit   %commit  kbactive   kbinact   kbdirty
19:25:44     14142108  15335024    683608      4.17     61904   1377684   2136848     13.05   1327400    657488       592

19:25:43        IFACE   rxpck/s   txpck/s    rxkB/s    txkB/s   rxcmp/s   txcmp/s  rxmcst/s   %ifutil
19:25:44           lo   2113.00   2113.00    459.17    459.17      0.00      0.00      0.00      0.00
19:25:44         ens4    430.00    422.00    320.93     71.91      0.00      0.00      0.00      0.00
19:25:44      docker0   1058.00   1057.00     84.77    390.47      0.00      0.00      0.00      0.00
19:25:44    veth58e3b24   1058.00   1057.00     99.24    390.47      0.00      0.00      0.00      0.03

19:25:44        CPU     %user     %nice   %system   %iowait    %steal     %idle
19:25:45        all      6.25      0.00      7.55      0.00      0.26     85.94

19:25:44    kbmemfree   kbavail kbmemused  %memused kbbuffers  kbcached  kbcommit   %commit  kbactive   kbinact   kbdirty
19:25:45     14141860  15334776    683812      4.18     61904   1377704   2136848     13.05   1327400    657488       612

19:25:44        IFACE   rxpck/s   txpck/s    rxkB/s    txkB/s   rxcmp/s   txcmp/s  rxmcst/s   %ifutil
19:25:45           lo   2186.00   2186.00    474.41    474.41      0.00      0.00      0.00      0.00
19:25:45         ens4    441.00    437.00    331.37     74.58      0.00      0.00      0.00      0.00
19:25:45      docker0   1091.00   1091.00     87.34    401.79      0.00      0.00      0.00      0.00
19:25:45    veth58e3b24   1091.00   1091.00    102.25    401.79      0.00      0.00      0.00      0.03

19:25:45        CPU     %user     %nice   %system   %iowait    %steal     %idle
19:25:46        all      6.91      0.00      8.70      0.00      0.51     83.89

19:25:45    kbmemfree   kbavail kbmemused  %memused kbbuffers  kbcached  kbcommit   %commit  kbactive   kbinact   kbdirty
19:25:46     14141860  15334776    683720      4.18     61904   1377736   2136848     13.05   1327400    657488       644

19:25:45        IFACE   rxpck/s   txpck/s    rxkB/s    txkB/s   rxcmp/s   txcmp/s  rxmcst/s   %ifutil
19:25:46           lo   2260.00   2260.00    491.51    491.51      0.00      0.00      0.00      0.00
19:25:46         ens4    464.00    457.00    347.61     77.72      0.00      0.00      0.00      0.00
19:25:46      docker0   1130.00   1130.00     90.49    416.47      0.00      0.00      0.00      0.00
19:25:46    veth58e3b24   1130.00   1130.00    105.94    416.47      0.00      0.00      0.00      0.03

19:25:46        CPU     %user     %nice   %system   %iowait    %steal     %idle
19:25:47        all      7.25      0.00      8.55      0.00      0.26     83.94

19:25:46    kbmemfree   kbavail kbmemused  %memused kbbuffers  kbcached  kbcommit   %commit  kbactive   kbinact   kbdirty
19:25:47     14141860  15334776    683624      4.17     61912   1377760   2136848     13.05   1327400    657488       668

19:25:46        IFACE   rxpck/s   txpck/s    rxkB/s    txkB/s   rxcmp/s   txcmp/s  rxmcst/s   %ifutil
19:25:47           lo   2335.00   2335.00    508.51    508.51      0.00      0.00      0.00      0.00
19:25:47         ens4    471.00    468.00    355.54     79.54      0.00      0.00      0.00      0.00
19:25:47      docker0   1167.00   1168.00     93.40    431.08      0.00      0.00      0.00      0.00
19:25:47    veth58e3b24   1167.00   1168.00    109.36    431.08      0.00      0.00      0.00      0.04

19:25:47        CPU     %user     %nice   %system   %iowait    %steal     %idle
19:25:48        all      7.24      0.00      8.79      0.00      0.26     83.72

19:25:47    kbmemfree   kbavail kbmemused  %memused kbbuffers  kbcached  kbcommit   %commit  kbactive   kbinact   kbdirty
19:25:48     14141860  15334904    683552      4.17     61912   1377788   2136848     13.05   1327424    657616       352

19:25:47        IFACE   rxpck/s   txpck/s    rxkB/s    txkB/s   rxcmp/s   txcmp/s  rxmcst/s   %ifutil
19:25:48           lo   2405.00   2405.00    522.35    522.35      0.00      0.00      0.00      0.00
19:25:48         ens4    485.00    481.00    364.78     82.07      0.00      0.00      0.00      0.00
19:25:48      docker0   1203.00   1202.00     96.38    442.39      0.00      0.00      0.00      0.00
19:25:48    veth58e3b24   1203.00   1202.00    112.83    442.39      0.00      0.00      0.00      0.04

19:25:48        CPU     %user     %nice   %system   %iowait    %steal     %idle
19:25:49        all      7.51      0.00      8.55      0.00      0.52     83.42

19:25:48    kbmemfree   kbavail kbmemused  %memused kbbuffers  kbcached  kbcommit   %commit  kbactive   kbinact   kbdirty
19:25:49     14141860  15334924    683480      4.17     61912   1377812   2136848     13.05   1327424    657636       376

19:25:48        IFACE   rxpck/s   txpck/s    rxkB/s    txkB/s   rxcmp/s   txcmp/s  rxmcst/s   %ifutil
19:25:49           lo   2485.00   2485.00    541.13    541.13      0.00      0.00      0.00      0.00
19:25:49         ens4    505.00    497.00    378.57     84.59      0.00      0.00      0.00      0.00
19:25:49      docker0   1242.00   1243.00     99.41    458.72      0.00      0.00      0.00      0.00
19:25:49    veth58e3b24   1242.00   1243.00    116.39    458.72      0.00      0.00      0.00      0.04

19:25:49        CPU     %user     %nice   %system   %iowait    %steal     %idle
19:25:50        all     10.13      0.00      8.83      0.00      0.26     80.78

19:25:49    kbmemfree   kbavail kbmemused  %memused kbbuffers  kbcached  kbcommit   %commit  kbactive   kbinact   kbdirty
19:25:50     14141860  15334980    683392      4.17     61912   1377844   2130584     13.01   1321220    657692       408

19:25:49        IFACE   rxpck/s   txpck/s    rxkB/s    txkB/s   rxcmp/s   txcmp/s  rxmcst/s   %ifutil
19:25:50           lo   2555.00   2555.00    554.97    554.97      0.00      0.00      0.00      0.00
19:25:50         ens4    519.00    511.00    387.81     87.19      0.00      0.00      0.00      0.00
19:25:50      docker0   1278.00   1277.00    102.39    470.04      0.00      0.00      0.00      0.00
19:25:50    veth58e3b24   1278.00   1277.00    119.86    470.04      0.00      0.00      0.00      0.04

19:25:50        CPU     %user     %nice   %system   %iowait    %steal     %idle
19:25:51        all      7.99      0.00      9.79      0.00      0.26     81.96

19:25:50    kbmemfree   kbavail kbmemused  %memused kbbuffers  kbcached  kbcommit   %commit  kbactive   kbinact   kbdirty
19:25:51     14141860  15335016    683308      4.17     61912   1377872   2130584     13.01   1321084    657728       436

19:25:50        IFACE   rxpck/s   txpck/s    rxkB/s    txkB/s   rxcmp/s   txcmp/s  rxmcst/s   %ifutil
19:25:51           lo   2630.00   2630.00    571.97    571.97      0.00      0.00      0.00      0.00
19:25:51         ens4    535.00    526.00    399.96     89.64      0.00      0.00      0.00      0.00
19:25:51      docker0   1315.00   1315.00    105.30    484.65      0.00      0.00      0.00      0.00
19:25:51    veth58e3b24   1315.00   1315.00    123.28    484.65      0.00      0.00      0.00      0.04

19:25:51        CPU     %user     %nice   %system   %iowait    %steal     %idle
19:25:52        all      8.03      0.00      8.81      0.00      0.52     82.64

19:25:51    kbmemfree   kbavail kbmemused  %memused kbbuffers  kbcached  kbcommit   %commit  kbactive   kbinact   kbdirty
19:25:52     14141860  15335040    683212      4.17     61916   1377904   2130584     13.01   1321136    657752       404

19:25:51        IFACE   rxpck/s   txpck/s    rxkB/s    txkB/s   rxcmp/s   txcmp/s  rxmcst/s   %ifutil
19:25:52           lo   2700.00   2700.00    587.20    587.20      0.00      0.00      0.00      0.00
19:25:52         ens4    551.00    541.00    410.70     92.06      0.00      0.00      0.00      0.00
19:25:52      docker0   1350.00   1350.00    108.11    497.55      0.00      0.00      0.00      0.00
19:25:52    veth58e3b24   1350.00   1350.00    126.56    497.55      0.00      0.00      0.00      0.04

19:25:52        CPU     %user     %nice   %system   %iowait    %steal     %idle
19:25:53        all      8.29      0.00      9.84      0.00      0.52     81.35

19:25:52    kbmemfree   kbavail kbmemused  %memused kbbuffers  kbcached  kbcommit   %commit  kbactive   kbinact   kbdirty
19:25:53     14141612  15334792    683352      4.17     61916   1377936   2130584     13.01   1321136    657752       436

19:25:52        IFACE   rxpck/s   txpck/s    rxkB/s    txkB/s   rxcmp/s   txcmp/s  rxmcst/s   %ifutil
19:25:53           lo   2780.00   2780.00    604.60    604.60      0.00      0.00      0.00      0.00
19:25:53         ens4    561.00    556.00    422.48     94.75      0.00      0.00      0.00      0.00
19:25:53      docker0   1390.00   1390.00    111.31    512.29      0.00      0.00      0.00      0.00
19:25:53    veth58e3b24   1390.00   1390.00    130.31    512.29      0.00      0.00      0.00      0.04

19:25:53        CPU     %user     %nice   %system   %iowait    %steal     %idle
19:25:54        all      8.31      0.00      9.35      0.00      0.26     82.08

19:25:53    kbmemfree   kbavail kbmemused  %memused kbbuffers  kbcached  kbcommit   %commit  kbactive   kbinact   kbdirty
19:25:54     14141612  15334836    683276      4.17     61916   1377964   2130584     13.01   1321228    657796       440

19:25:53        IFACE   rxpck/s   txpck/s    rxkB/s    txkB/s   rxcmp/s   txcmp/s  rxmcst/s   %ifutil
19:25:54           lo   2850.00   2850.00    619.82    619.82      0.00      0.00      0.00      0.00
19:25:54         ens4    582.00    570.00    433.56     97.13      0.00      0.00      0.00      0.00
19:25:54      docker0   1425.00   1425.00    114.11    525.19      0.00      0.00      0.00      0.00
19:25:54    veth58e3b24   1425.00   1425.00    133.59    525.19      0.00      0.00      0.00      0.04

19:25:54        CPU     %user     %nice   %system   %iowait    %steal     %idle
19:25:55        all      9.23      0.00     10.51      0.00      0.51     79.74

19:25:54    kbmemfree   kbavail kbmemused  %memused kbbuffers  kbcached  kbcommit   %commit  kbactive   kbinact   kbdirty
19:25:55     14141364  15334648    683420      4.17     61916   1378000   2130584     13.01   1321288    657856       496

19:25:54        IFACE   rxpck/s   txpck/s    rxkB/s    txkB/s   rxcmp/s   txcmp/s  rxmcst/s   %ifutil
19:25:55           lo   2925.00   2925.00    636.83    636.83      0.00      0.00      0.00      0.00
19:25:55         ens4    597.00    586.00    445.65     99.65      0.00      0.00      0.00      0.00
19:25:55      docker0   1464.00   1464.00    117.26    539.87      0.00      0.00      0.00      0.00
19:25:55    veth58e3b24   1464.00   1464.00    137.28    539.87      0.00      0.00      0.00      0.04

19:25:55        CPU     %user     %nice   %system   %iowait    %steal     %idle
19:25:56        all      9.07      0.00      9.84      0.00      0.52     80.57

19:25:55    kbmemfree   kbavail kbmemused  %memused kbbuffers  kbcached  kbcommit   %commit  kbactive   kbinact   kbdirty
19:25:56     14141364  15334648    683308      4.17     61916   1378032   2130584     13.01   1321288    657856       528

19:25:55        IFACE   rxpck/s   txpck/s    rxkB/s    txkB/s   rxcmp/s   txcmp/s  rxmcst/s   %ifutil
19:25:56           lo   3002.00   3002.00    652.68    652.68      0.00      0.00      0.00      0.00
19:25:56         ens4    605.00    600.00    455.89    102.25      0.00      0.00      0.00      0.00
19:25:56      docker0   1500.00   1500.00    120.12    552.83      0.00      0.00      0.00      0.00
19:25:56    veth58e3b24   1500.00   1500.00    140.62    552.83      0.00      0.00      0.00      0.05

19:25:56        CPU     %user     %nice   %system   %iowait    %steal     %idle
19:25:57        all      9.35      0.00     10.91      0.00      0.52     79.22

19:25:56    kbmemfree   kbavail kbmemused  %memused kbbuffers  kbcached  kbcommit   %commit  kbactive   kbinact   kbdirty
19:25:57     14141364  15334696    683232      4.17     61920   1378068   2134488     13.04   1323068    657900       588

19:25:56        IFACE   rxpck/s   txpck/s    rxkB/s    txkB/s   rxcmp/s   txcmp/s  rxmcst/s   %ifutil
19:25:57           lo   3073.00   3073.00    667.82    667.82      0.00      0.00      0.00      0.00
19:25:57         ens4    623.00    620.00    467.76    106.31      0.00      0.00      0.00      0.00
19:25:57      docker0   1536.00   1536.00    122.97    565.80      0.00      0.00      0.00      0.00
19:25:57    veth58e3b24   1536.00   1536.00    143.97    565.80      0.00      0.00      0.00      0.05

19:25:57        CPU     %user     %nice   %system   %iowait    %steal     %idle
19:25:58        all      8.85      0.00     10.42      0.00      0.26     80.47

19:25:57    kbmemfree   kbavail kbmemused  %memused kbbuffers  kbcached  kbcommit   %commit  kbactive   kbinact   kbdirty
19:25:58     14141364  15334732    683144      4.17     61920   1378104   2134488     13.04   1323092    657936       624

19:25:57        IFACE   rxpck/s   txpck/s    rxkB/s    txkB/s   rxcmp/s   txcmp/s  rxmcst/s   %ifutil
19:25:58           lo   3150.00   3150.00    685.06    685.06      0.00      0.00      0.00      0.00
19:25:58         ens4    645.00    631.00    479.29    107.40      0.00      0.00      0.00      0.00
19:25:58      docker0   1575.00   1575.00    126.12    580.47      0.00      0.00      0.00      0.00
19:25:58    veth58e3b24   1575.00   1575.00    147.66    580.47      0.00      0.00      0.00      0.05

19:25:58        CPU     %user     %nice   %system   %iowait    %steal     %idle
19:25:59        all      9.56      0.00     10.59      0.00      0.78     79.07

19:25:58    kbmemfree   kbavail kbmemused  %memused kbbuffers  kbcached  kbcommit   %commit  kbactive   kbinact   kbdirty
19:25:59     14140644  15334048    683752      4.18     61920   1378140   2134488     13.04   1323636    657972       660

19:25:58        IFACE   rxpck/s   txpck/s    rxkB/s    txkB/s   rxcmp/s   txcmp/s  rxmcst/s   %ifutil
19:25:59           lo   3225.00   3225.00    708.15    708.15      0.00      0.00      0.00      0.00
19:25:59         ens4    656.00    647.00    489.98    111.51      0.00      0.00      0.00      0.00
19:25:59      docker0   1610.00   1610.00    128.93    593.37      0.00      0.00      0.00      0.00
19:25:59    veth58e3b24   1610.00   1610.00    150.94    593.37      0.00      0.00      0.00      0.05

19:25:59        CPU     %user     %nice   %system   %iowait    %steal     %idle
19:26:00        all      8.85      0.00     10.94      0.00      0.26     79.95

19:25:59    kbmemfree   kbavail kbmemused  %memused kbbuffers  kbcached  kbcommit   %commit  kbactive   kbinact   kbdirty
19:26:00     14140644  15334104    683668      4.18     61920   1378176   2134488     13.04   1323744    658028       684

19:25:59        IFACE   rxpck/s   txpck/s    rxkB/s    txkB/s   rxcmp/s   txcmp/s  rxmcst/s   %ifutil
19:26:00           lo   3300.00   3300.00    717.69    717.69      0.00      0.00      0.00      0.00
19:26:00         ens4    674.00    661.00    502.03    112.54      0.00      0.00      0.00      0.00
19:26:00      docker0   1650.00   1650.00    132.13    608.12      0.00      0.00      0.00      0.00
19:26:00    veth58e3b24   1650.00   1650.00    154.69    608.12      0.00      0.00      0.00      0.05

19:26:00        CPU     %user     %nice   %system   %iowait    %steal     %idle
19:26:01        all      9.35      0.00     11.43      0.00      0.78     78.44

19:26:00    kbmemfree   kbavail kbmemused  %memused kbbuffers  kbcached  kbcommit   %commit  kbactive   kbinact   kbdirty
19:26:01     14140644  15334104    683544      4.17     61920   1378216   2134488     13.04   1323744    658028       728

19:26:00        IFACE   rxpck/s   txpck/s    rxkB/s    txkB/s   rxcmp/s   txcmp/s  rxmcst/s   %ifutil
19:26:01           lo   3386.00   3386.00    756.73    756.73      0.00      0.00      0.00      0.00
19:26:01         ens4    688.00    677.00    512.89    115.26      0.00      0.00      0.00      0.00
19:26:01      docker0   1684.00   1684.00    134.88    620.95      0.00      0.00      0.00      0.00
19:26:01    veth58e3b24   1684.00   1684.00    157.90    620.95      0.00      0.00      0.00      0.05

19:26:01        CPU     %user     %nice   %system   %iowait    %steal     %idle
19:26:02        all      9.79      0.00     10.85      0.00      0.26     79.10

19:26:01    kbmemfree   kbavail kbmemused  %memused kbbuffers  kbcached  kbcommit   %commit  kbactive   kbinact   kbdirty
19:26:02     14140644  15334140    683504      4.17     61924   1378252   2134488     13.04   1323768    658064       764

19:26:01        IFACE   rxpck/s   txpck/s    rxkB/s    txkB/s   rxcmp/s   txcmp/s  rxmcst/s   %ifutil
19:26:02           lo   3445.00   3445.00    749.92    749.92      0.00      0.00      0.00      0.00
19:26:02         ens4    705.00    691.00    524.87    117.65      0.00      0.00      0.00      0.00
19:26:02      docker0   1722.00   1723.00    137.84    634.12      0.00      0.00      0.00      0.00
19:26:02    veth58e3b24   1722.00   1723.00    161.39    634.12      0.00      0.00      0.00      0.05

19:26:02        CPU     %user     %nice   %system   %iowait    %steal     %idle
19:26:03        all      9.56      0.00     11.63      0.00      0.78     78.04

19:26:02    kbmemfree   kbavail kbmemused  %memused kbbuffers  kbcached  kbcommit   %commit  kbactive   kbinact   kbdirty
19:26:03     14140644  15334176    683468      4.17     61924   1378292   2134488     13.04   1323792    658100       804

19:26:02        IFACE   rxpck/s   txpck/s    rxkB/s    txkB/s   rxcmp/s   txcmp/s  rxmcst/s   %ifutil
19:26:03           lo   3515.00   3515.00    763.75    763.75      0.00      0.00      0.00      0.00
19:26:03         ens4    711.00    703.00    533.59    119.90      0.00      0.00      0.00      0.00
19:26:03      docker0   1759.00   1758.00    140.88    648.52      0.00      0.00      0.00      0.00
19:26:03    veth58e3b24   1759.00   1758.00    164.93    648.52      0.00      0.00      0.00      0.05

19:26:03        CPU     %user     %nice   %system   %iowait    %steal     %idle
19:26:04        all      8.97      0.00     11.35      0.00      0.26     79.42

19:26:03    kbmemfree   kbavail kbmemused  %memused kbbuffers  kbcached  kbcommit   %commit  kbactive   kbinact   kbdirty
19:26:04     14140392  15334004    683628      4.18     61924   1378332   2134488     13.04   1323808    658176        92

19:26:03        IFACE   rxpck/s   txpck/s    rxkB/s    txkB/s   rxcmp/s   txcmp/s  rxmcst/s   %ifutil
19:26:04           lo   3595.00   3595.00    782.54    782.54      0.00      0.00      0.00      0.00
19:26:04         ens4    735.00    720.00    547.62    122.46      0.00      0.00      0.00      0.00
19:26:04      docker0   1797.00   1798.00    143.85    663.27      0.00      0.00      0.00      0.00
19:26:04    veth58e3b24   1797.00   1798.00    168.42    663.27      0.00      0.00      0.00      0.05

19:26:04        CPU     %user     %nice   %system   %iowait    %steal     %idle
19:26:05        all      9.69      0.00     11.26      0.00      0.52     78.53

19:26:04    kbmemfree   kbavail kbmemused  %memused kbbuffers  kbcached  kbcommit   %commit  kbactive   kbinact   kbdirty
19:26:05     14140168  15333780    683716      4.18     61924   1378376   2134488     13.04   1323808    658176       136

19:26:04        IFACE   rxpck/s   txpck/s    rxkB/s    txkB/s   rxcmp/s   txcmp/s  rxmcst/s   %ifutil
19:26:05           lo   3665.00   3665.00    796.37    796.37      0.00      0.00      0.00      0.00
19:26:05         ens4    739.00    733.00    556.24    125.02      0.00      0.00      0.00      0.00
19:26:05      docker0   1833.00   1832.00    146.83    674.58      0.00      0.00      0.00      0.00
19:26:05    veth58e3b24   1833.00   1832.00    171.89    674.58      0.00      0.00      0.00      0.06

19:26:05        CPU     %user     %nice   %system   %iowait    %steal     %idle
19:26:06        all      9.47      0.00     11.84      0.00      0.53     78.16

19:26:05    kbmemfree   kbavail kbmemused  %memused kbbuffers  kbcached  kbcommit   %commit  kbactive   kbinact   kbdirty
19:26:06     14140168  15333812    683636      4.18     61924   1378416   2134488     13.04   1323808    658208       168

19:26:05        IFACE   rxpck/s   txpck/s    rxkB/s    txkB/s   rxcmp/s   txcmp/s  rxmcst/s   %ifutil
19:26:06           lo   3745.00   3745.00    815.16    815.16      0.00      0.00      0.00      0.00
19:26:06         ens4    764.00    749.00    570.36    127.53      0.00      0.00      0.00      0.00
19:26:06      docker0   1870.00   1870.00    149.75    689.20      0.00      0.00      0.00      0.00
19:26:06    veth58e3b24   1870.00   1870.00    175.31    689.20      0.00      0.00      0.00      0.06

19:26:06        CPU     %user     %nice   %system   %iowait    %steal     %idle
19:26:07        all     10.21      0.00     12.57      0.00      0.26     76.96

19:26:06    kbmemfree   kbavail kbmemused  %memused kbbuffers  kbcached  kbcommit   %commit  kbactive   kbinact   kbdirty
19:26:07     14139704  15333372    684052      4.18     61928   1378456   2134488     13.04   1323744    658224       232

19:26:06        IFACE   rxpck/s   txpck/s    rxkB/s    txkB/s   rxcmp/s   txcmp/s  rxmcst/s   %ifutil
19:26:07           lo   3810.00   3810.00    828.60    828.60      0.00      0.00      0.00      0.00
19:26:07         ens4    775.00    764.00    579.45    130.02      0.00      0.00      0.00      0.00
19:26:07      docker0   1907.00   1908.00    152.66    703.81      0.00      0.00      0.00      0.00
19:26:07    veth58e3b24   1907.00   1908.00    178.73    703.81      0.00      0.00      0.00      0.06

19:26:07        CPU     %user     %nice   %system   %iowait    %steal     %idle
19:26:08        all      9.87      0.00     12.73      0.00      0.78     76.62

19:26:07    kbmemfree   kbavail kbmemused  %memused kbbuffers  kbcached  kbcommit   %commit  kbactive   kbinact   kbdirty
19:26:08     14139704  15333516    683956      4.18     61928   1378504   2134488     13.04   1323740    658368       276

19:26:07        IFACE   rxpck/s   txpck/s    rxkB/s    txkB/s   rxcmp/s   txcmp/s  rxmcst/s   %ifutil
19:26:08           lo   3865.00   3865.00    839.87    839.87      0.00      0.00      0.00      0.00
19:26:08         ens4    832.00    824.00    591.42    135.12      0.00      0.00      0.00      0.00
19:26:08      docker0   1933.00   1932.00    154.84    711.44      0.00      0.00      0.00      0.00
19:26:08    veth58e3b24   1933.00   1932.00    181.27    711.44      0.00      0.00      0.00      0.06

19:26:08        CPU     %user     %nice   %system   %iowait    %steal     %idle
19:26:09        all     13.19      0.00     11.61      0.00      0.53     74.67

19:26:08    kbmemfree   kbavail kbmemused  %memused kbbuffers  kbcached  kbcommit   %commit  kbactive   kbinact   kbdirty
19:26:09     14139704  15333516    683860      4.18     61928   1378544   2134488     13.04   1323740    658368       320

19:26:08        IFACE   rxpck/s   txpck/s    rxkB/s    txkB/s   rxcmp/s   txcmp/s  rxmcst/s   %ifutil
19:26:09           lo   3990.00   3990.00    867.75    867.75      0.00      0.00      0.00      0.00
19:26:09         ens4    812.00    796.00    605.42    135.65      0.00      0.00      0.00      0.00
19:26:09      docker0   1995.00   1995.00    159.76    735.27      0.00      0.00      0.00      0.00
19:26:09    veth58e3b24   1995.00   1995.00    187.03    735.27      0.00      0.00      0.00      0.06

19:26:09        CPU     %user     %nice   %system   %iowait    %steal     %idle
19:26:10        all     10.91      0.00     13.51      0.00      0.52     75.06

19:26:09    kbmemfree   kbavail kbmemused  %memused kbbuffers  kbcached  kbcommit   %commit  kbactive   kbinact   kbdirty
19:26:10     14139704  15333516    683804      4.18     61928   1378588   2134488     13.04   1323740    658368       364

19:26:09        IFACE   rxpck/s   txpck/s    rxkB/s    txkB/s   rxcmp/s   txcmp/s  rxmcst/s   %ifutil
19:26:10           lo   4060.00   4060.00    882.97    882.97      0.00      0.00      0.00      0.00
19:26:10         ens4    816.00    813.00    616.77    138.63      0.00      0.00      0.00      0.00
19:26:10      docker0   2030.00   2030.00    162.56    748.17      0.00      0.00      0.00      0.00
19:26:10    veth58e3b24   2030.00   2030.00    190.31    748.17      0.00      0.00      0.00      0.06

19:26:10        CPU     %user     %nice   %system   %iowait    %steal     %idle
19:26:11        all     11.55      0.00     12.34      0.00      0.52     75.59

19:26:10    kbmemfree   kbavail kbmemused  %memused kbbuffers  kbcached  kbcommit   %commit  kbactive   kbinact   kbdirty
19:26:11     14139704  15333516    683756      4.18     61928   1378636   2134488     13.04   1323740    658368       412

19:26:10        IFACE   rxpck/s   txpck/s    rxkB/s    txkB/s   rxcmp/s   txcmp/s  rxmcst/s   %ifutil
19:26:11           lo   4165.00   4165.00    906.50    906.50      0.00      0.00      0.00      0.00
19:26:11         ens4    845.00    834.00    633.95    141.91      0.00      0.00      0.00      0.00
19:26:11      docker0   2082.00   2083.00    166.67    768.31      0.00      0.00      0.00      0.00
19:26:11    veth58e3b24   2082.00   2083.00    195.14    768.31      0.00      0.00      0.00      0.06

19:26:11        CPU     %user     %nice   %system   %iowait    %steal     %idle
19:26:12        all     12.11      0.00     13.95      0.00      0.79     73.16

19:26:11    kbmemfree   kbavail kbmemused  %memused kbbuffers  kbcached  kbcommit   %commit  kbactive   kbinact   kbdirty
19:26:12     14152244  15346252    671060      4.10     61936   1378680   2134488     13.04   1323724    658560       616

19:26:11        IFACE   rxpck/s   txpck/s    rxkB/s    txkB/s   rxcmp/s   txcmp/s  rxmcst/s   %ifutil
19:26:12           lo   4275.00   4275.00    929.03    929.03      0.00      0.00      0.00      0.00
19:26:12         ens4    878.00    868.00    651.20    148.40      0.00      0.00      0.00      0.00
19:26:12      docker0   2138.00   2137.00    171.26    786.99      0.00      0.00      0.00      0.00
19:26:12    veth58e3b24   2138.00   2137.00    200.49    786.99      0.00      0.00      0.00      0.06

19:26:12        CPU     %user     %nice   %system   %iowait    %steal     %idle
19:26:13        all     11.64      0.00     12.70      0.00      0.53     75.13

19:26:12    kbmemfree   kbavail kbmemused  %memused kbbuffers  kbcached  kbcommit   %commit  kbactive   kbinact   kbdirty
19:26:13     14151780  15345788    671384      4.10     61936   1378732   2134488     13.04   1323724    658560       672

19:26:12        IFACE   rxpck/s   txpck/s    rxkB/s    txkB/s   rxcmp/s   txcmp/s  rxmcst/s   %ifutil
19:26:13           lo   4390.00   4390.00    956.13    956.13      0.00      0.00      0.00      0.00
19:26:13         ens4    889.00    878.00    668.74    149.41      0.00      0.00      0.00      0.00
19:26:13      docker0   2194.00   2194.00    175.72    808.91      0.00      0.00      0.00      0.00
19:26:13    veth58e3b24   2194.00   2194.00    205.72    808.91      0.00      0.00      0.00      0.07

19:26:13        CPU     %user     %nice   %system   %iowait    %steal     %idle
19:26:14        all     11.11      0.00     14.29      0.00      0.53     74.07

19:26:13    kbmemfree   kbavail kbmemused  %memused kbbuffers  kbcached  kbcommit   %commit  kbactive   kbinact   kbdirty
19:26:14     14151780  15345788    671300      4.10     61936   1378784   2134488     13.04   1323724    658560       724

19:26:13        IFACE   rxpck/s   txpck/s    rxkB/s    txkB/s   rxcmp/s   txcmp/s  rxmcst/s   %ifutil
19:26:14           lo   4500.00   4500.00    977.27    977.27      0.00      0.00      0.00      0.00
19:26:14         ens4    910.00    899.00    682.60    153.30      0.00      0.00      0.00      0.00
19:26:14      docker0   2251.00   2251.00    180.23    829.31      0.00      0.00      0.00      0.00
19:26:14    veth58e3b24   2251.00   2251.00    211.00    829.31      0.00      0.00      0.00      0.07

19:26:14        CPU     %user     %nice   %system   %iowait    %steal     %idle
19:26:15        all     12.07      0.00     14.44      0.00      0.52     72.97

19:26:14    kbmemfree   kbavail kbmemused  %memused kbbuffers  kbcached  kbcommit   %commit  kbactive   kbinact   kbdirty
19:26:15     14151780  15345832    671252      4.10     61936   1378832   2134488     13.04   1323740    658604       772

19:26:14        IFACE   rxpck/s   txpck/s    rxkB/s    txkB/s   rxcmp/s   txcmp/s  rxmcst/s   %ifutil
19:26:15           lo   4619.00   4619.00   1004.57   1004.57      0.00      0.00      0.00      0.00
19:26:15         ens4    936.00    924.00    702.35    157.46      0.00      0.00      0.00      0.00
19:26:15      docker0   2306.00   2307.00    184.64    849.66      0.00      0.00      0.00      0.00
19:26:15    veth58e3b24   2306.00   2307.00    216.17    849.66      0.00      0.00      0.00      0.07

19:26:15        CPU     %user     %nice   %system   %iowait    %steal     %idle
19:26:16        all     11.58      0.00     13.95      0.00      0.79     73.68

19:26:15    kbmemfree   kbavail kbmemused  %memused kbbuffers  kbcached  kbcommit   %commit  kbactive   kbinact   kbdirty
19:26:16     14151780  15345892    671196      4.10     61936   1378884   2134488     13.04   1323740    658664       824

19:26:15        IFACE   rxpck/s   txpck/s    rxkB/s    txkB/s   rxcmp/s   txcmp/s  rxmcst/s   %ifutil
19:26:16           lo   4722.00   4722.00   1026.61   1026.61      0.00      0.00      0.00      0.00
19:26:16         ens4    957.00    947.00    717.55    161.01      0.00      0.00      0.00      0.00
19:26:16      docker0   2359.00   2358.00    188.93    869.65      0.00      0.00      0.00      0.00
19:26:16    veth58e3b24   2359.00   2358.00    221.18    869.65      0.00      0.00      0.00      0.07

19:26:16        CPU     %user     %nice   %system   %iowait    %steal     %idle
19:26:17        all     12.17      0.00     14.29      0.00      0.26     73.28

19:26:16    kbmemfree   kbavail kbmemused  %memused kbbuffers  kbcached  kbcommit   %commit  kbactive   kbinact   kbdirty
19:26:17     14151780  15346048    671056      4.10     61936   1378940   2134488     13.04   1323776    658816       732

19:26:16        IFACE   rxpck/s   txpck/s    rxkB/s    txkB/s   rxcmp/s   txcmp/s  rxmcst/s   %ifutil
19:26:17           lo   4836.00   4836.00   1050.87   1050.87      0.00      0.00      0.00      0.00
19:26:17         ens4    977.00    966.00    734.17    164.40      0.00      0.00      0.00      0.00
19:26:17      docker0   2419.00   2419.00    193.74    891.84      0.00      0.00      0.00      0.00
19:26:17    veth58e3b24   2419.00   2419.00    226.81    891.84      0.00      0.00      0.00      0.07

19:26:17        CPU     %user     %nice   %system   %iowait    %steal     %idle
19:26:18        all     14.13      0.00     14.67      0.00      0.80     70.40

19:26:17    kbmemfree   kbavail kbmemused  %memused kbbuffers  kbcached  kbcommit   %commit  kbactive   kbinact   kbdirty
19:26:18     14151052  15345372    671672      4.10     61936   1379000   2138392     13.06   1325128    658868       972

19:26:17        IFACE   rxpck/s   txpck/s    rxkB/s    txkB/s   rxcmp/s   txcmp/s  rxmcst/s   %ifutil
19:26:18           lo   4947.00   4947.00   1076.24   1076.24      0.00      0.00      0.00      0.00
19:26:18         ens4   1014.00   1009.00    756.48    178.93      0.00      0.00      0.00      0.00
19:26:18      docker0   2473.00   2474.00    197.95    912.11      0.00      0.00      0.00      0.00
19:26:18    veth58e3b24   2473.00   2474.00    231.76    912.11      0.00      0.00      0.00      0.07

19:26:18        CPU     %user     %nice   %system   %iowait    %steal     %idle
19:26:19        all     17.72      0.00     19.84      0.00      0.53     61.90

19:26:18    kbmemfree   kbavail kbmemused  %memused kbbuffers  kbcached  kbcommit   %commit  kbactive   kbinact   kbdirty
19:26:19     14156688  15351116    665872      4.07     61936   1379052   2134488     13.04   1330208    658936      1028

19:26:18        IFACE   rxpck/s   txpck/s    rxkB/s    txkB/s   rxcmp/s   txcmp/s  rxmcst/s   %ifutil
19:26:19           lo   5055.00   5055.00   1098.67   1098.67      0.00      0.00      0.00      0.00
19:26:19         ens4   1061.00   1054.00    771.83    511.32      0.00      0.00      0.00      0.00
19:26:19      docker0   2528.00   2527.00    202.49    930.73      0.00      0.00      0.00      0.00
19:26:19    veth58e3b24   2528.00   2527.00    237.05    930.73      0.00      0.00      0.00      0.08

19:26:19        CPU     %user     %nice   %system   %iowait    %steal     %idle
19:26:20        all     12.17      0.00     15.61      0.00      0.79     71.43

19:26:19    kbmemfree   kbavail kbmemused  %memused kbbuffers  kbcached  kbcommit   %commit  kbactive   kbinact   kbdirty
19:26:20     14156188  15350616    666296      4.07     61936   1379112   2134488     13.04   1330208    658936      1184

19:26:19        IFACE   rxpck/s   txpck/s    rxkB/s    txkB/s   rxcmp/s   txcmp/s  rxmcst/s   %ifutil
19:26:20           lo   5165.00   5165.00   1123.98   1123.98      0.00      0.00      0.00      0.00
19:26:20         ens4   1048.00   1033.00    786.00    175.93      0.00      0.00      0.00      0.00
19:26:20      docker0   2581.00   2581.00    206.66    950.94      0.00      0.00      0.00      0.00
19:26:20    veth58e3b24   2581.00   2581.00    241.95    950.94      0.00      0.00      0.00      0.08

19:26:20        CPU     %user     %nice   %system   %iowait    %steal     %idle
19:26:21        all     13.53      0.00     14.85      0.00      0.53     71.09

19:26:20    kbmemfree   kbavail kbmemused  %memused kbbuffers  kbcached  kbcommit   %commit  kbactive   kbinact   kbdirty
19:26:21     14155964  15350436    666364      4.07     61936   1379168   2134488     13.04   1322624    658980      1240

19:26:20        IFACE   rxpck/s   txpck/s    rxkB/s    txkB/s   rxcmp/s   txcmp/s  rxmcst/s   %ifutil
19:26:21           lo   5280.00   5280.00   1148.30   1148.30      0.00      0.00      0.00      0.00
19:26:21         ens4   1069.00   1056.00    802.63    179.95      0.00      0.00      0.00      0.00
19:26:21      docker0   2641.00   2642.00    211.46    974.63      0.00      0.00      0.00      0.00
19:26:21    veth58e3b24   2641.00   2642.00    247.56    974.63      0.00      0.00      0.00      0.08

19:26:21        CPU     %user     %nice   %system   %iowait    %steal     %idle
19:26:22        all     17.72      0.00     14.81      0.00      0.53     66.93

19:26:21    kbmemfree   kbavail kbmemused  %memused kbbuffers  kbcached  kbcommit   %commit  kbactive   kbinact   kbdirty
19:26:22     14166524  15361124    655640      4.00     61940   1379232   2134488     13.04   1322616    659108      1368

19:26:21        IFACE   rxpck/s   txpck/s    rxkB/s    txkB/s   rxcmp/s   txcmp/s  rxmcst/s   %ifutil
19:26:22           lo   5390.00   5390.00   1172.22   1172.22      0.00      0.00      0.00      0.00
19:26:22         ens4   1099.00   1091.00    821.06    186.27      0.00      0.00      0.00      0.00
19:26:22      docker0   2693.00   2692.00    215.70    991.54      0.00      0.00      0.00      0.00
19:26:22    veth58e3b24   2693.00   2692.00    252.52    991.54      0.00      0.00      0.00      0.08

19:26:22        CPU     %user     %nice   %system   %iowait    %steal     %idle
19:26:23        all     14.17      0.00     17.06      0.26      0.79     67.72

19:26:22    kbmemfree   kbavail kbmemused  %memused kbbuffers  kbcached  kbcommit   %commit  kbactive   kbinact   kbdirty
19:26:23     14166028  15360668    656000      4.01     61940   1379292   2134488     13.04   1322496    659148      1116

19:26:22        IFACE   rxpck/s   txpck/s    rxkB/s    txkB/s   rxcmp/s   txcmp/s  rxmcst/s   %ifutil
19:26:23           lo   5505.00   5505.00   1196.54   1196.54      0.00      0.00      0.00      0.00
19:26:23         ens4   1113.00   1102.00    836.12    187.71      0.00      0.00      0.00      0.00
19:26:23      docker0   2754.00   2755.00    220.56   1015.37      0.00      0.00      0.00      0.00
19:26:23    veth58e3b24   2755.00   2755.00    258.28   1015.37      0.00      0.00      0.00      0.08

19:26:23        CPU     %user     %nice   %system   %iowait    %steal     %idle
19:26:24        all     14.29      0.00     16.40      0.00      0.53     68.78

19:26:23    kbmemfree   kbavail kbmemused  %memused kbbuffers  kbcached  kbcommit   %commit  kbactive   kbinact   kbdirty
19:26:24     14165552  15360192    656300      4.01     61940   1379356   2134488     13.04   1322496    659148      1180

19:26:23        IFACE   rxpck/s   txpck/s    rxkB/s    txkB/s   rxcmp/s   txcmp/s  rxmcst/s   %ifutil
19:26:24           lo   5605.00   5605.00   1219.67   1219.67      0.00      0.00      0.00      0.00
19:26:24         ens4   1137.00   1121.00    852.88    191.14      0.00      0.00      0.00      0.00
19:26:24      docker0   2803.00   2803.00    224.38   1033.67      0.00      0.00      0.00      0.00
19:26:24    veth58e3b24   2802.00   2803.00    262.64   1033.67      0.00      0.00      0.00      0.08

19:26:24        CPU     %user     %nice   %system   %iowait    %steal     %idle
19:26:25        all     13.78      0.00     16.22      0.00      0.54     69.46

19:26:24    kbmemfree   kbavail kbmemused  %memused kbbuffers  kbcached  kbcommit   %commit  kbactive   kbinact   kbdirty
19:26:25     14165552  15360248    656136      4.01     61940   1379416   2134488     13.04   1322496    659204      1224

19:26:24        IFACE   rxpck/s   txpck/s    rxkB/s    txkB/s   rxcmp/s   txcmp/s  rxmcst/s   %ifutil
19:26:25           lo   5720.00   5720.00   1243.99   1243.99      0.00      0.00      0.00      0.00
19:26:25         ens4   1156.00   1145.00    869.39    195.01      0.00      0.00      0.00      0.00
19:26:25      docker0   2860.00   2860.00    229.02   1054.07      0.00      0.00      0.00      0.00
19:26:25    veth58e3b24   2860.00   2860.00    268.12   1054.07      0.00      0.00      0.00      0.09

19:26:25        CPU     %user     %nice   %system   %iowait    %steal     %idle
19:26:26        all     14.44      0.00     17.32      0.00      1.05     67.19

19:26:25    kbmemfree   kbavail kbmemused  %memused kbbuffers  kbcached  kbcommit   %commit  kbactive   kbinact   kbdirty
19:26:26     14165552  15360304    655984      4.01     61940   1379484   2134488     13.04   1322500    659260      1308

19:26:25        IFACE   rxpck/s   txpck/s    rxkB/s    txkB/s   rxcmp/s   txcmp/s  rxmcst/s   %ifutil
19:26:26           lo   5836.00   5836.00   1269.88   1269.88      0.00      0.00      0.00      0.00
19:26:26         ens4   1182.00   1167.00    887.74    198.76      0.00      0.00      0.00      0.00
19:26:26      docker0   2918.00   2919.00    233.73   1076.12      0.00      0.00      0.00      0.00
19:26:26    veth58e3b24   2918.00   2919.00    273.62   1076.12      0.00      0.00      0.00      0.09

19:26:26        CPU     %user     %nice   %system   %iowait    %steal     %idle
19:26:27        all     14.13      0.00     17.33      0.00      0.53     68.00

19:26:26    kbmemfree   kbavail kbmemused  %memused kbbuffers  kbcached  kbcommit   %commit  kbactive   kbinact   kbdirty
19:26:27     14165076  15359964    656368      4.01     61944   1379552   2134488     13.04   1322608    659392      1376

19:26:26        IFACE   rxpck/s   txpck/s    rxkB/s    txkB/s   rxcmp/s   txcmp/s  rxmcst/s   %ifutil
19:26:27           lo   5952.00   5952.00   1292.60   1292.60      0.00      0.00      0.00      0.00
19:26:27         ens4   1204.00   1190.00    904.44    202.79      0.00      0.00      0.00      0.00
19:26:27      docker0   2976.00   2974.00    238.28   1094.87      0.00      0.00      0.00      0.00
19:26:27    veth58e3b24   2976.00   2975.00    278.97   1094.94      0.00      0.00      0.00      0.09

19:26:27        CPU     %user     %nice   %system   %iowait    %steal     %idle
19:26:28        all     16.09      0.00     17.41      0.00      0.53     65.96

19:26:27    kbmemfree   kbavail kbmemused  %memused kbbuffers  kbcached  kbcommit   %commit  kbactive   kbinact   kbdirty
19:26:28     14165076  15360020    656264      4.01     61944   1379616   2134488     13.04   1322624    659448      1372

19:26:27        IFACE   rxpck/s   txpck/s    rxkB/s    txkB/s   rxcmp/s   txcmp/s  rxmcst/s   %ifutil
19:26:28           lo   6052.00   6052.00   1317.37   1317.37      0.00      0.00      0.00      0.00
19:26:28         ens4   1227.00   1211.00    919.80    206.45      0.00      0.00      0.00      0.00
19:26:28      docker0   3026.00   3027.00    242.29   1116.52      0.00      0.00      0.00      0.00
19:26:28    veth58e3b24   3026.00   3026.00    283.66   1116.46      0.00      0.00      0.00      0.09

19:26:28        CPU     %user     %nice   %system   %iowait    %steal     %idle
19:26:29        all     16.05      0.00     18.42      0.00      1.05     64.47

19:26:28    kbmemfree   kbavail kbmemused  %memused kbbuffers  kbcached  kbcommit   %commit  kbactive   kbinact   kbdirty
19:26:29     14164348  15359344    656796      4.01     61944   1379684   2134488     13.04   1322696    659496      1440

19:26:28        IFACE   rxpck/s   txpck/s    rxkB/s    txkB/s   rxcmp/s   txcmp/s  rxmcst/s   %ifutil
19:26:29           lo   6170.00   6170.00   1341.85   1341.85      0.00      0.00      0.00      0.00
19:26:29         ens4   1248.00   1234.00    937.85    210.07      0.00      0.00      0.00      0.00
19:26:29      docker0   3085.00   3085.00    247.04   1136.99      0.00      0.00      0.00      0.00
19:26:29    veth58e3b24   3085.00   3085.00    289.22   1136.99      0.00      0.00      0.00      0.09

19:26:29        CPU     %user     %nice   %system   %iowait    %steal     %idle
19:26:30        all     15.04      0.00     18.47      0.00      0.79     65.70

19:26:29    kbmemfree   kbavail kbmemused  %memused kbbuffers  kbcached  kbcommit   %commit  kbactive   kbinact   kbdirty
19:26:30     14164108  15359136    656804      4.01     61944   1379752   2134488     13.04   1322712    659540      1508

19:26:29        IFACE   rxpck/s   txpck/s    rxkB/s    txkB/s   rxcmp/s   txcmp/s  rxmcst/s   %ifutil
19:26:30           lo   6279.00   6279.00   1364.20   1364.20      0.00      0.00      0.00      0.00
19:26:30         ens4   1271.00   1256.00    953.23    214.25      0.00      0.00      0.00      0.00
19:26:30      docker0   3138.00   3137.00    251.34   1155.55      0.00      0.00      0.00      0.00
19:26:30    veth58e3b24   3138.00   3137.00    294.24   1155.55      0.00      0.00      0.00      0.09

19:26:30        CPU     %user     %nice   %system   %iowait    %steal     %idle
19:26:31        all     14.17      0.00     18.98      0.00      0.53     66.31

19:26:30    kbmemfree   kbavail kbmemused  %memused kbbuffers  kbcached  kbcommit   %commit  kbactive   kbinact   kbdirty
19:26:31     14163632  15358776    657080      4.01     61944   1379828   2134488     13.04   1322716    659656      1584

19:26:30        IFACE   rxpck/s   txpck/s    rxkB/s    txkB/s   rxcmp/s   txcmp/s  rxmcst/s   %ifutil
19:26:31           lo   6390.00   6390.00   1389.70   1389.70      0.00      0.00      0.00      0.00
19:26:31         ens4   1294.00   1278.00    971.39    217.78      0.00      0.00      0.00      0.00
19:26:31      docker0   3195.00   3195.00    255.85   1177.53      0.00      0.00      0.00      0.00
19:26:31    veth58e3b24   3195.00   3195.00    299.53   1177.53      0.00      0.00      0.00      0.10

19:26:31        CPU     %user     %nice   %system   %iowait    %steal     %idle
19:26:32        all     16.27      0.00     17.87      0.00      0.80     65.07

19:26:31    kbmemfree   kbavail kbmemused  %memused kbbuffers  kbcached  kbcommit   %commit  kbactive   kbinact   kbdirty
19:26:32     14163408  15358624    657100      4.01     61952   1379900   2134488     13.04   1322808    659744      1664

19:26:31        IFACE   rxpck/s   txpck/s    rxkB/s    txkB/s   rxcmp/s   txcmp/s  rxmcst/s   %ifutil
19:26:32           lo   6500.00   6500.00   1413.62   1413.62      0.00      0.00      0.00      0.00
19:26:32         ens4   1958.00   1903.00   1031.03    260.98      0.00      0.00      0.00      0.00
19:26:32      docker0   3250.00   3250.00    260.25   1197.80      0.00      0.00      0.00      0.00
19:26:32    veth58e3b24   3250.00   3250.00    304.69   1197.80      0.00      0.00      0.00      0.10

19:26:32        CPU     %user     %nice   %system   %iowait    %steal     %idle
19:26:33        all     18.78      0.00     17.72      0.00      0.53     62.96

19:26:32    kbmemfree   kbavail kbmemused  %memused kbbuffers  kbcached  kbcommit   %commit  kbactive   kbinact   kbdirty
19:26:33     14163156  15358456    657184      4.01     61952   1379968   2134032     13.03   1322836    659828      1732

19:26:32        IFACE   rxpck/s   txpck/s    rxkB/s    txkB/s   rxcmp/s   txcmp/s  rxmcst/s   %ifutil
19:26:33           lo   6580.00   6580.00   1431.02   1431.02      0.00      0.00      0.00      0.00
19:26:33         ens4   1338.00   1317.00   1002.02    224.32      0.00      0.00      0.00      0.00
19:26:33      docker0   3290.00   3290.00    263.46   1212.54      0.00      0.00      0.00      0.00
19:26:33    veth58e3b24   3290.00   3290.00    308.44   1212.54      0.00      0.00      0.00      0.10

19:26:33        CPU     %user     %nice   %system   %iowait    %steal     %idle
19:26:34        all     16.03      0.00     16.58      0.00      0.54     66.85

19:26:33    kbmemfree   kbavail kbmemused  %memused kbbuffers  kbcached  kbcommit   %commit  kbactive   kbinact   kbdirty
19:26:34     14162908  15358228    657260      4.01     61952   1380040   2134032     13.03   1322876    659848      1804

19:26:33        IFACE   rxpck/s   txpck/s    rxkB/s    txkB/s   rxcmp/s   txcmp/s  rxmcst/s   %ifutil
19:26:34           lo   6758.00   6758.00   1470.07   1470.07      0.00      0.00      0.00      0.00
19:26:34         ens4   1369.00   1352.00   1026.23    230.16      0.00      0.00      0.00      0.00
19:26:34      docker0   3379.00   3379.00    270.61   1245.65      0.00      0.00      0.00      0.00
19:26:34    veth58e3b24   3379.00   3379.00    316.81   1245.65      0.00      0.00      0.00      0.10

19:26:34        CPU     %user     %nice   %system   %iowait    %steal     %idle
19:26:35        all     15.26      0.00     17.44      0.00      0.27     67.03

19:26:34    kbmemfree   kbavail kbmemused  %memused kbbuffers  kbcached  kbcommit   %commit  kbactive   kbinact   kbdirty
19:26:35     14162656  15358072    657352      4.01     61952   1380124   2134032     13.03   1322400    659944       168

19:26:34        IFACE   rxpck/s   txpck/s    rxkB/s    txkB/s   rxcmp/s   txcmp/s  rxmcst/s   %ifutil
19:26:35           lo   6831.00   6831.00   1485.44   1485.44      0.00      0.00      0.00      0.00
19:26:35         ens4   1392.00   1366.00   1038.85    232.78      0.00      0.00      0.00      0.00
19:26:35      docker0   3415.00   3415.00    273.47   1258.61      0.00      0.00      0.00      0.00
19:26:35    veth58e3b24   3415.00   3415.00    320.16   1258.61      0.00      0.00      0.00      0.10

19:26:35        CPU     %user     %nice   %system   %iowait    %steal     %idle
19:26:36        all     15.34      0.00     18.78      0.00      0.79     65.08

19:26:35    kbmemfree   kbavail kbmemused  %memused kbbuffers  kbcached  kbcommit   %commit  kbactive   kbinact   kbdirty
19:26:36     14162656  15358156    657128      4.01     61952   1380196   2134032     13.03   1322432    660028       240

19:26:35        IFACE   rxpck/s   txpck/s    rxkB/s    txkB/s   rxcmp/s   txcmp/s  rxmcst/s   %ifutil
19:26:36           lo   6941.00   6941.00   1509.37   1509.37      0.00      0.00      0.00      0.00
19:26:36         ens4   1411.00   1389.00   1056.75    236.81      0.00      0.00      0.00      0.00
19:26:36      docker0   3471.00   3471.00    277.92   1278.95      0.00      0.00      0.00      0.00
19:26:36    veth58e3b24   3471.00   3471.00    325.38   1278.95      0.00      0.00      0.00      0.10

19:26:36        CPU     %user     %nice   %system   %iowait    %steal     %idle
19:26:37        all     15.47      0.00     19.47      0.27      0.27     64.53

19:26:36    kbmemfree   kbavail kbmemused  %memused kbbuffers  kbcached  kbcommit   %commit  kbactive   kbinact   kbdirty
19:26:37     14162656  15358228    656948      4.01     61956   1380276   2134032     13.03   1322432    660088       332

19:26:36        IFACE   rxpck/s   txpck/s    rxkB/s    txkB/s   rxcmp/s   txcmp/s  rxmcst/s   %ifutil
19:26:37           lo   7065.00   7065.00   1537.19   1537.19      0.00      0.00      0.00      0.00
19:26:37         ens4   1434.00   1412.00   1073.52    240.41      0.00      0.00      0.00      0.00
19:26:37      docker0   3532.00   3533.00    282.79   1302.71      0.00      0.00      0.00      0.00
19:26:37    veth58e3b24   3532.00   3533.00    331.07   1302.71      0.00      0.00      0.00      0.11

19:26:37        CPU     %user     %nice   %system   %iowait    %steal     %idle
19:26:38        all     15.59      0.00     19.09      0.00      0.81     64.52

19:26:37    kbmemfree   kbavail kbmemused  %memused kbbuffers  kbcached  kbcommit   %commit  kbactive   kbinact   kbdirty
19:26:38     14162180  15357836    657228      4.01     61956   1380352   2134032     13.03   1322432    660168       404

19:26:37        IFACE   rxpck/s   txpck/s    rxkB/s    txkB/s   rxcmp/s   txcmp/s  rxmcst/s   %ifutil
19:26:38           lo   7170.00   7170.00   1559.33   1559.33      0.00      0.00      0.00      0.00
19:26:38         ens4   1507.00   1485.00   1093.51    247.87      0.00      0.00      0.00      0.00
19:26:38      docker0   3585.00   3585.00    287.08   1321.27      0.00      0.00      0.00      0.00
19:26:38    veth58e3b24   3585.00   3585.00    336.09   1321.27      0.00      0.00      0.00      0.11

19:26:38        CPU     %user     %nice   %system   %iowait    %steal     %idle
19:26:39        all     17.60      0.00     18.40      0.00      0.53     63.47

19:26:38    kbmemfree   kbavail kbmemused  %memused kbbuffers  kbcached  kbcommit   %commit  kbactive   kbinact   kbdirty
19:26:39     14162180  15357944    657060      4.01     61956   1380436   2134032     13.03   1322444    660276       492

19:26:38        IFACE   rxpck/s   txpck/s    rxkB/s    txkB/s   rxcmp/s   txcmp/s  rxmcst/s   %ifutil
19:26:39           lo   7290.00   7290.00   1585.43   1585.43      0.00      0.00      0.00      0.00
19:26:39         ens4   1481.00   1459.00   1108.51    248.52      0.00      0.00      0.00      0.00
19:26:39      docker0   3645.00   3645.00    291.88   1343.38      0.00      0.00      0.00      0.00
19:26:39    veth58e3b24   3645.00   3645.00    341.72   1343.38      0.00      0.00      0.00      0.11

19:26:39        CPU     %user     %nice   %system   %iowait    %steal     %idle
19:26:40        all     16.58      0.00     19.02      0.00      0.82     63.59

19:26:39    kbmemfree   kbavail kbmemused  %memused kbbuffers  kbcached  kbcommit   %commit  kbactive   kbinact   kbdirty
19:26:40     14161932  15357712    657172      4.01     61956   1380516   2134032     13.03   1322444    660292       172

19:26:39        IFACE   rxpck/s   txpck/s    rxkB/s    txkB/s   rxcmp/s   txcmp/s  rxmcst/s   %ifutil
19:26:40           lo   7410.00   7410.00   1611.53   1611.53      0.00      0.00      0.00      0.00
19:26:40         ens4   1510.00   1482.00   1127.03    252.31      0.00      0.00      0.00      0.00
19:26:40      docker0   3704.00   3704.00    296.64   1363.92      0.00      0.00      0.00      0.00
19:26:40    veth58e3b24   3704.00   3704.00    347.28   1363.92      0.00      0.00      0.00      0.11

19:26:40        CPU     %user     %nice   %system   %iowait    %steal     %idle
19:26:41        all     20.11      0.00     19.30      0.00      0.80     59.79

19:26:40    kbmemfree   kbavail kbmemused  %memused kbbuffers  kbcached  kbcommit   %commit  kbactive   kbinact   kbdirty
19:26:41     14161460  15357360    657488      4.02     61956   1380600   2134032     13.03   1322444    660412       256

19:26:40        IFACE   rxpck/s   txpck/s    rxkB/s    txkB/s   rxcmp/s   txcmp/s  rxmcst/s   %ifutil
19:26:41           lo   7520.00   7520.00   1635.45   1635.45      0.00      0.00      0.00      0.00
19:26:41         ens4   1527.00   1505.00   1143.44    256.57      0.00      0.00      0.00      0.00
19:26:41      docker0   3759.00   3758.00    301.04   1385.63      0.00      0.00      0.00      0.00
19:26:41    veth58e3b24   3759.00   3758.00    352.43   1385.63      0.00      0.00      0.00      0.11

19:26:41        CPU     %user     %nice   %system   %iowait    %steal     %idle
19:26:42        all     18.62      0.00     21.01      0.00      0.27     60.11

19:26:41    kbmemfree   kbavail kbmemused  %memused kbbuffers  kbcached  kbcommit   %commit  kbactive   kbinact   kbdirty
19:26:42     14161212  15357248    657660      4.02     61960   1380680   2134032     13.03   1322488    660548       340

19:26:41        IFACE   rxpck/s   txpck/s    rxkB/s    txkB/s   rxcmp/s   txcmp/s  rxmcst/s   %ifutil
19:26:42           lo   7635.00   7635.00   1659.77   1659.77      0.00      0.00      0.00      0.00
19:26:42         ens4   1550.00   1525.00   1160.20    259.98      0.00      0.00      0.00      0.00
19:26:42      docker0   3820.00   3820.00    305.90   1407.88      0.00      0.00      0.00      0.00
19:26:42    veth58e3b24   3820.00   3820.00    358.12   1407.88      0.00      0.00      0.00      0.12

19:26:42        CPU     %user     %nice   %system   %iowait    %steal     %idle
19:26:43        all     17.71      0.00     18.26      0.00      0.82     63.22

19:26:42    kbmemfree   kbavail kbmemused  %memused kbbuffers  kbcached  kbcommit   %commit  kbactive   kbinact   kbdirty
19:26:43     14160960  15357084    657692      4.02     61960   1380768   2134032     13.03   1322676    660632       424

19:26:42        IFACE   rxpck/s   txpck/s    rxkB/s    txkB/s   rxcmp/s   txcmp/s  rxmcst/s   %ifutil
19:26:43           lo   7745.00   7745.00   1685.08   1685.08      0.00      0.00      0.00      0.00
19:26:43         ens4   1571.00   1550.00   1178.23    263.92      0.00      0.00      0.00      0.00
19:26:43      docker0   3872.00   3873.00    310.01   1428.02      0.00      0.00      0.00      0.00
19:26:43    veth58e3b24   3872.00   3873.00    362.95   1428.02      0.00      0.00      0.00      0.12

19:26:43        CPU     %user     %nice   %system   %iowait    %steal     %idle
19:26:44        all     17.62      0.00     20.33      0.00      0.27     61.79

19:26:43    kbmemfree   kbavail kbmemused  %memused kbbuffers  kbcached  kbcommit   %commit  kbactive   kbinact   kbdirty
19:26:44     14160736  15356940    657764      4.02     61960   1380856   2134000     13.03   1322776    660712       512

19:26:43        IFACE   rxpck/s   txpck/s    rxkB/s    txkB/s   rxcmp/s   txcmp/s  rxmcst/s   %ifutil
19:26:44           lo   7874.00   7874.00   1711.91   1711.91      0.00      0.00      0.00      0.00
19:26:44         ens4   1603.00   1574.00   1196.97    268.44      0.00      0.00      0.00      0.00
19:26:44      docker0   3937.00   3936.00    315.35   1450.33      0.00      0.00      0.00      0.00
19:26:44    veth58e3b24   3937.00   3936.00    369.17   1450.33      0.00      0.00      0.00      0.12

19:26:44        CPU     %user     %nice   %system   %iowait    %steal     %idle
19:26:45        all     17.12      0.00     20.65      0.00      0.82     61.41

19:26:44    kbmemfree   kbavail kbmemused  %memused kbbuffers  kbcached  kbcommit   %commit  kbactive   kbinact   kbdirty
19:26:45     14160736  15356996    657628      4.02     61960   1380948   2134000     13.03   1322372    660768       604

19:26:44        IFACE   rxpck/s   txpck/s    rxkB/s    txkB/s   rxcmp/s   txcmp/s  rxmcst/s   %ifutil
19:26:45           lo   7981.00   7981.00   1735.54   1735.54      0.00      0.00      0.00      0.00
19:26:45         ens4   1617.00   1596.00   1213.16    271.97      0.00      0.00      0.00      0.00
19:26:45      docker0   3991.00   3991.00    319.56   1470.60      0.00      0.00      0.00      0.00
19:26:45    veth58e3b24   3991.00   3991.00    374.13   1470.60      0.00      0.00      0.00      0.12

19:26:45        CPU     %user     %nice   %system   %iowait    %steal     %idle
19:26:46        all     17.66      0.00     20.11      0.00      0.27     61.96

19:26:45    kbmemfree   kbavail kbmemused  %memused kbbuffers  kbcached  kbcommit   %commit  kbactive   kbinact   kbdirty
19:26:46     14160484  15356804    657744      4.02     61960   1381028   2134000     13.03   1322372    660828       684

19:26:45        IFACE   rxpck/s   txpck/s    rxkB/s    txkB/s   rxcmp/s   txcmp/s  rxmcst/s   %ifutil
19:26:46           lo   8094.00   8094.00   1759.62   1759.62      0.00      0.00      0.00      0.00
19:26:46         ens4   1644.00   1625.00   1235.21    276.76      0.00      0.00      0.00      0.00
19:26:46      docker0   4045.00   4045.00    323.92   1490.80      0.00      0.00      0.00      0.00
19:26:46    veth58e3b24   4045.00   4045.00    379.22   1490.80      0.00      0.00      0.00      0.12

19:26:46        CPU     %user     %nice   %system   %iowait    %steal     %idle
19:26:47        all     18.01      0.00     21.24      0.00      0.81     59.95

19:26:46    kbmemfree   kbavail kbmemused  %memused kbbuffers  kbcached  kbcommit   %commit  kbactive   kbinact   kbdirty
19:26:47     14160484  15356920    657628      4.02     61964   1381120   2134000     13.03   1322272    660940       780

19:26:46        IFACE   rxpck/s   txpck/s    rxkB/s    txkB/s   rxcmp/s   txcmp/s  rxmcst/s   %ifutil
19:26:47           lo   8215.00   8215.00   1787.30   1787.30      0.00      0.00      0.00      0.00
19:26:47         ens4   1675.00   1643.00   1248.86    279.88      0.00      0.00      0.00      0.00
19:26:47      docker0   4107.00   4108.00    328.83   1514.63      0.00      0.00      0.00      0.00
19:26:47    veth58e3b24   4107.00   4108.00    384.98   1514.63      0.00      0.00      0.00      0.12

19:26:47        CPU     %user     %nice   %system   %iowait    %steal     %idle
19:26:48        all     19.35      0.00     20.97      0.00      0.27     59.41

19:26:47    kbmemfree   kbavail kbmemused  %memused kbbuffers  kbcached  kbcommit   %commit  kbactive   kbinact   kbdirty
19:26:48     14168072  15364628    649872      3.97     61964   1381220   2130096     13.01   1320472    661064      1004

19:26:47        IFACE   rxpck/s   txpck/s    rxkB/s    txkB/s   rxcmp/s   txcmp/s  rxmcst/s   %ifutil
19:26:48           lo   8328.00   8328.00   1810.00   1810.00      0.00      0.00      0.00      0.00
19:26:48         ens4   1691.00   1669.00   1267.69    285.59      0.00      0.00      0.00      0.00
19:26:48      docker0   4163.00   4162.00    333.42   1533.32      0.00      0.00      0.00      0.00
19:26:48    veth58e3b24   4163.00   4162.00    390.33   1533.32      0.00      0.00      0.00      0.13

19:26:48        CPU     %user     %nice   %system   %iowait    %steal     %idle
19:26:49        all     21.45      0.00     20.64      0.00      0.80     57.10

19:26:48    kbmemfree   kbavail kbmemused  %memused kbbuffers  kbcached  kbcommit   %commit  kbactive   kbinact   kbdirty
19:26:49     14167820  15364504    649920      3.97     61964   1381312   2130096     13.01   1320596    661188      1064

19:26:48        IFACE   rxpck/s   txpck/s    rxkB/s    txkB/s   rxcmp/s   txcmp/s  rxmcst/s   %ifutil
19:26:49           lo   8447.00   8447.00   1837.54   1837.54      0.00      0.00      0.00      0.00
19:26:49         ens4   1716.00   1689.00   1283.46    287.72      0.00      0.00      0.00      0.00
19:26:49      docker0   4224.00   4224.00    338.28   1557.08      0.00      0.00      0.00      0.00
19:26:49    veth58e3b24   4224.00   4224.00    396.03   1557.08      0.00      0.00      0.00      0.13

19:26:49        CPU     %user     %nice   %system   %iowait    %steal     %idle
19:26:50        all     18.75      0.00     21.74      0.00      0.27     59.24

19:26:49    kbmemfree   kbavail kbmemused  %memused kbbuffers  kbcached  kbcommit   %commit  kbactive   kbinact   kbdirty
19:26:50     14166868  15363652    650604      3.97     61964   1381404   2130096     13.01   1320796    661288      1160

19:26:49        IFACE   rxpck/s   txpck/s    rxkB/s    txkB/s   rxcmp/s   txcmp/s  rxmcst/s   %ifutil
19:26:50           lo   8560.00   8560.00   1861.63   1861.63      0.00      0.00      0.00      0.00
19:26:50         ens4   1740.00   1713.00   1301.69    292.02      0.00      0.00      0.00      0.00
19:26:50      docker0   4281.00   4281.00    342.79   1577.48      0.00      0.00      0.00      0.00
19:26:50    veth58e3b24   4281.00   4281.00    401.31   1577.48      0.00      0.00      0.00      0.13

19:26:50        CPU     %user     %nice   %system   %iowait    %steal     %idle
19:26:51        all     18.45      0.00     21.93      0.00      0.80     58.82

19:26:50    kbmemfree   kbavail kbmemused  %memused kbbuffers  kbcached  kbcommit   %commit  kbactive   kbinact   kbdirty
19:26:51     14166868  15363680    650448      3.97     61964   1381500   2130096     13.01   1320512    661312      1228

19:26:50        IFACE   rxpck/s   txpck/s    rxkB/s    txkB/s   rxcmp/s   txcmp/s  rxmcst/s   %ifutil
19:26:51           lo   8670.00   8670.00   1885.56   1885.56      0.00      0.00      0.00      0.00
19:26:51         ens4   1759.00   1734.00   1318.20    295.49      0.00      0.00      0.00      0.00
19:26:51      docker0   4335.00   4335.00    347.14   1597.68      0.00      0.00      0.00      0.00
19:26:51    veth58e3b24   4335.00   4335.00    406.41   1597.68      0.00      0.00      0.00      0.13

19:26:51        CPU     %user     %nice   %system   %iowait    %steal     %idle
19:26:52        all     18.97      0.00     21.95      0.00      0.27     58.81

19:26:51    kbmemfree   kbavail kbmemused  %memused kbbuffers  kbcached  kbcommit   %commit  kbactive   kbinact   kbdirty
19:26:52     14166868  15363796    650328      3.97     61968   1381596   2130096     13.01   1320512    661428      1352

19:26:51        IFACE   rxpck/s   txpck/s    rxkB/s    txkB/s   rxcmp/s   txcmp/s  rxmcst/s   %ifutil
19:26:52           lo   8795.00   8795.00   1913.44   1913.44      0.00      0.00      0.00      0.00
19:26:52         ens4   1841.00   1858.00   1341.53    305.79      0.00      0.00      0.00      0.00
19:26:52      docker0   4397.00   4398.00    352.05   1621.51      0.00      0.00      0.00      0.00
19:26:52    veth58e3b24   4397.00   4398.00    412.17   1621.51      0.00      0.00      0.00      0.13

19:26:52        CPU     %user     %nice   %system   %iowait    %steal     %idle
19:26:53        all     19.62      0.00     21.51      0.00      0.81     58.06

19:26:52    kbmemfree   kbavail kbmemused  %memused kbbuffers  kbcached  kbcommit   %commit  kbactive   kbinact   kbdirty
19:26:53     14166392  15363448    650648      3.97     61968   1381700   2130096     13.01   1320512    661556      1328

19:26:52        IFACE   rxpck/s   txpck/s    rxkB/s    txkB/s   rxcmp/s   txcmp/s  rxmcst/s   %ifutil
19:26:53           lo   8811.88   8811.88   1916.41   1916.41      0.00      0.00      0.00      0.00
19:26:53         ens4   1795.05   1765.35   1340.23    300.72      0.00      0.00      0.00      0.00
19:26:53      docker0   4405.94   4405.94    352.82   1623.83      0.00      0.00      0.00      0.00
19:26:53    veth58e3b24   4405.94   4405.94    413.06   1623.83      0.00      0.00      0.00      0.13

19:26:53        CPU     %user     %nice   %system   %iowait    %steal     %idle
19:26:54        all     20.05      0.00     20.88      0.00      0.55     58.52

19:26:53    kbmemfree   kbavail kbmemused  %memused kbbuffers  kbcached  kbcommit   %commit  kbactive   kbinact   kbdirty
19:26:54     14166392  15363580    650540      3.97     61968   1381792   2130096     13.01   1320672    661696      1420

19:26:53        IFACE   rxpck/s   txpck/s    rxkB/s    txkB/s   rxcmp/s   txcmp/s  rxmcst/s   %ifutil
19:26:54           lo   9020.00   9020.00   1961.67   1961.67      0.00      0.00      0.00      0.00
19:26:54         ens4   1839.00   1804.00   1371.99    307.42      0.00      0.00      0.00      0.00
19:26:54      docker0   4510.00   4510.00    361.15   1662.18      0.00      0.00      0.00      0.00
19:26:54    veth58e3b24   4510.00   4510.00    422.81   1662.18      0.00      0.00      0.00      0.14

19:26:54        CPU     %user     %nice   %system   %iowait    %steal     %idle
19:26:55        all     19.20      0.00     22.40      0.00      0.53     57.87

19:26:54    kbmemfree   kbavail kbmemused  %memused kbbuffers  kbcached  kbcommit   %commit  kbactive   kbinact   kbdirty
19:26:55     14166140  15363424    650664      3.97     61968   1381892   2130096     13.01   1321172    661788      1512

19:26:54        IFACE   rxpck/s   txpck/s    rxkB/s    txkB/s   rxcmp/s   txcmp/s  rxmcst/s   %ifutil
19:26:55           lo   9140.00   9140.00   1987.77   1987.77      0.00      0.00      0.00      0.00
19:26:55         ens4   1862.00   1829.00   1390.15    311.57      0.00      0.00      0.00      0.00
19:26:55      docker0   4568.00   4567.00    365.85   1682.58      0.00      0.00      0.00      0.00
19:26:55    veth58e3b24   4568.00   4567.00    428.30   1682.58      0.00      0.00      0.00      0.14

19:26:55        CPU     %user     %nice   %system   %iowait    %steal     %idle
19:26:56        all     22.40      0.00     22.67      0.00      0.27     54.67

19:26:55    kbmemfree   kbavail kbmemused  %memused kbbuffers  kbcached  kbcommit   %commit  kbactive   kbinact   kbdirty
19:26:56     14166140  15363488    650512      3.97     61968   1381996   2130096     13.01   1321228    661852      1620

19:26:55        IFACE   rxpck/s   txpck/s    rxkB/s    txkB/s   rxcmp/s   txcmp/s  rxmcst/s   %ifutil
19:26:56           lo   9250.00   9250.00   2011.69   2011.69      0.00      0.00      0.00      0.00
19:26:56         ens4   1882.00   1849.00   1406.73    315.19      0.00      0.00      0.00      0.00
19:26:56      docker0   4625.00   4625.00    370.36   1704.57      0.00      0.00      0.00      0.00
19:26:56    veth58e3b24   4625.00   4625.00    433.59   1704.57      0.00      0.00      0.00      0.14

19:26:56        CPU     %user     %nice   %system   %iowait    %steal     %idle
19:26:57        all     20.16      0.00     22.58      0.27      0.81     56.18

19:26:56    kbmemfree   kbavail kbmemused  %memused kbbuffers  kbcached  kbcommit   %commit  kbactive   kbinact   kbdirty
19:26:57     14165888  15363300    650864      3.97     61976   1382096   2130096     13.01   1320544    661956      1720

19:26:56        IFACE   rxpck/s   txpck/s    rxkB/s    txkB/s   rxcmp/s   txcmp/s  rxmcst/s   %ifutil
19:26:57           lo   9330.00   9330.00   2030.48   2030.48      0.00      0.00      0.00      0.00
19:26:57         ens4   2520.00   2466.00   1461.88    357.00      0.00      0.00      0.00      0.00
19:26:57      docker0   4661.00   4663.00    373.22   1719.18      0.00      0.00      0.00      0.00
19:26:57    veth58e3b24   4661.00   4663.00    436.95   1719.18      0.00      0.00      0.00      0.14

19:26:57        CPU     %user     %nice   %system   %iowait    %steal     %idle
19:26:58        all     20.97      0.00     22.31      0.00      0.27     56.45

19:26:57    kbmemfree   kbavail kbmemused  %memused kbbuffers  kbcached  kbcommit   %commit  kbactive   kbinact   kbdirty
19:26:58     14165648  15363156    650832      3.97     61976   1382204   2130096     13.01   1320544    662016      1828

19:26:57        IFACE   rxpck/s   txpck/s    rxkB/s    txkB/s   rxcmp/s   txcmp/s  rxmcst/s   %ifutil
19:26:58           lo   9514.00   9514.00   2067.19   2067.19      0.00      0.00      0.00      0.00
19:26:58         ens4   1935.00   1907.00   1446.28    324.66      0.00      0.00      0.00      0.00
19:26:58      docker0   4763.00   4761.00    381.46   1754.38      0.00      0.00      0.00      0.00
19:26:58    veth58e3b24   4763.00   4761.00    446.58   1754.38      0.00      0.00      0.00      0.14

19:26:58        CPU     %user     %nice   %system   %iowait    %steal     %idle
19:26:59        all     19.95      0.00     23.40      0.00      0.80     55.85

19:26:58    kbmemfree   kbavail kbmemused  %memused kbbuffers  kbcached  kbcommit   %commit  kbactive   kbinact   kbdirty
19:26:59     14165424  15363144    650876      3.97     61976   1382312   2130096     13.01   1321240    662220      1936

19:26:58        IFACE   rxpck/s   txpck/s    rxkB/s    txkB/s   rxcmp/s   txcmp/s  rxmcst/s   %ifutil
19:26:59           lo   9608.00   9608.00   2097.36   2097.36      0.00      0.00      0.00      0.00
19:26:59         ens4   1953.00   1924.00   1460.17    329.02      0.00      0.00      0.00      0.00
19:26:59      docker0   4800.00   4800.00    384.38   1769.06      0.00      0.00      0.00      0.00
19:26:59    veth58e3b24   4800.00   4800.00    450.00   1769.06      0.00      0.00      0.00      0.14

19:26:59        CPU     %user     %nice   %system   %iowait    %steal     %idle
19:27:00        all     20.27      0.00     24.27      0.00      0.00     55.47

19:26:59    kbmemfree   kbavail kbmemused  %memused kbbuffers  kbcached  kbcommit   %commit  kbactive   kbinact   kbdirty
19:27:00     14164696  15362520    651484      3.98     61976   1382412   2130096     13.01   1321440    662324      2036

19:26:59        IFACE   rxpck/s   txpck/s    rxkB/s    txkB/s   rxcmp/s   txcmp/s  rxmcst/s   %ifutil
19:27:00           lo   9708.00   9708.00   2111.50   2111.50      0.00      0.00      0.00      0.00
19:27:00         ens4   1974.00   1943.00   1476.58    331.00      0.00      0.00      0.00      0.00
19:27:00      docker0   4854.00   4857.00    388.60   1790.98      0.00      0.00      0.00      0.00
19:27:00    veth58e3b24   4854.00   4857.00    454.96   1790.98      0.00      0.00      0.00      0.15

19:27:00        CPU     %user     %nice   %system   %iowait    %steal     %idle
19:27:01        all     22.13      0.00     24.27      0.00      1.07     52.53

19:27:00    kbmemfree   kbavail kbmemused  %memused kbbuffers  kbcached  kbcommit   %commit  kbactive   kbinact   kbdirty
19:27:01     14164696  15362584    651348      3.98     61976   1382524   2130096     13.01   1321532    662388      2140

19:27:00        IFACE   rxpck/s   txpck/s    rxkB/s    txkB/s   rxcmp/s   txcmp/s  rxmcst/s   %ifutil
19:27:01           lo   9847.00   9847.00   2161.70   2161.70      0.00      0.00      0.00      0.00
19:27:01         ens4   1992.00   1971.00   1494.73    335.90      0.00      0.00      0.00      0.00
19:27:01      docker0   4916.00   4915.00    393.63   1811.45      0.00      0.00      0.00      0.00
19:27:01    veth58e3b24   4916.00   4915.00    460.85   1811.45      0.00      0.00      0.00      0.15

19:27:01        CPU     %user     %nice   %system   %iowait    %steal     %idle
19:27:02        all     22.67      0.00     24.00      0.00      0.80     52.53

19:27:01    kbmemfree   kbavail kbmemused  %memused kbbuffers  kbcached  kbcommit   %commit  kbactive   kbinact   kbdirty
19:27:02     14164696  15362688    651184      3.98     61984   1382640   2130096     13.01   1321104    662488      2204

19:27:01        IFACE   rxpck/s   txpck/s    rxkB/s    txkB/s   rxcmp/s   txcmp/s  rxmcst/s   %ifutil
19:27:02           lo   9880.00   9880.00   2147.32   2147.32      0.00      0.00      0.00      0.00
19:27:02         ens4   2000.00   1977.00   1500.49    337.01      0.00      0.00      0.00      0.00
19:27:02      docker0   4941.00   4939.00    395.77   1819.08      0.00      0.00      0.00      0.00
19:27:02    veth58e3b24   4941.00   4939.00    463.32   1819.08      0.00      0.00      0.00      0.15

19:27:02        CPU     %user     %nice   %system   %iowait    %steal     %idle
19:27:03        all      0.00      0.00      0.00      0.00      0.00    100.00

19:27:02    kbmemfree   kbavail kbmemused  %memused kbbuffers  kbcached  kbcommit   %commit  kbactive   kbinact   kbdirty
19:27:03     14164696  15362724    651184      3.98     61984   1382640   2130096     13.01   1321128    662524      2204

19:27:02        IFACE   rxpck/s   txpck/s    rxkB/s    txkB/s   rxcmp/s   txcmp/s  rxmcst/s   %ifutil
19:27:03           lo      0.00      0.00      0.00      0.00      0.00      0.00      0.00      0.00
19:27:03         ens4      0.00      0.00      0.00      0.00      0.00      0.00      0.00      0.00
19:27:03      docker0      0.00      0.00      0.00      0.00      0.00      0.00      0.00      0.00
19:27:03    veth58e3b24      0.00      0.00      0.00      0.00      0.00      0.00      0.00      0.00

19:27:03        CPU     %user     %nice   %system   %iowait    %steal     %idle
19:27:04        all      0.00      0.00      0.25      0.00      0.00     99.75

19:27:03    kbmemfree   kbavail kbmemused  %memused kbbuffers  kbcached  kbcommit   %commit  kbactive   kbinact   kbdirty
19:27:04     14164696  15362724    651184      3.98     61984   1382640   2130096     13.01   1321128    662524      2204

19:27:03        IFACE   rxpck/s   txpck/s    rxkB/s    txkB/s   rxcmp/s   txcmp/s  rxmcst/s   %ifutil
19:27:04           lo      0.00      0.00      0.00      0.00      0.00      0.00      0.00      0.00
19:27:04         ens4      1.00      1.00      0.04      0.04      0.00      0.00      0.00      0.00
19:27:04      docker0      0.00      0.00      0.00      0.00      0.00      0.00      0.00      0.00
19:27:04    veth58e3b24      0.00      0.00      0.00      0.00      0.00      0.00      0.00      0.00

19:27:04        CPU     %user     %nice   %system   %iowait    %steal     %idle
19:27:05        all      0.00      0.00      0.25      0.00      0.00     99.75

19:27:04    kbmemfree   kbavail kbmemused  %memused kbbuffers  kbcached  kbcommit   %commit  kbactive   kbinact   kbdirty
19:27:05     14164696  15362724    651184      3.98     61984   1382640   2130096     13.01   1321128    662524      2204

19:27:04        IFACE   rxpck/s   txpck/s    rxkB/s    txkB/s   rxcmp/s   txcmp/s  rxmcst/s   %ifutil
19:27:05           lo      0.00      0.00      0.00      0.00      0.00      0.00      0.00      0.00
19:27:05         ens4      0.00      0.00      0.00      0.00      0.00      0.00      0.00      0.00
19:27:05      docker0      0.00      0.00      0.00      0.00      0.00      0.00      0.00      0.00
19:27:05    veth58e3b24      0.00      0.00      0.00      0.00      0.00      0.00      0.00      0.00

19:27:05        CPU     %user     %nice   %system   %iowait    %steal     %idle
19:27:06        all      0.25      0.00      0.00      0.00      0.00     99.75

19:27:05    kbmemfree   kbavail kbmemused  %memused kbbuffers  kbcached  kbcommit   %commit  kbactive   kbinact   kbdirty
19:27:06     14164696  15362724    651184      3.98     61984   1382640   2130096     13.01   1321128    662524      2204

19:27:05        IFACE   rxpck/s   txpck/s    rxkB/s    txkB/s   rxcmp/s   txcmp/s  rxmcst/s   %ifutil
19:27:06           lo      0.00      0.00      0.00      0.00      0.00      0.00      0.00      0.00
19:27:06         ens4      0.00      0.00      0.00      0.00      0.00      0.00      0.00      0.00
19:27:06      docker0      0.00      0.00      0.00      0.00      0.00      0.00      0.00      0.00
19:27:06    veth58e3b24      0.00      0.00      0.00      0.00      0.00      0.00      0.00      0.00

19:27:06        CPU     %user     %nice   %system   %iowait    %steal     %idle
19:27:07        all      0.00      0.00      0.00      0.25      0.00     99.75

19:27:06    kbmemfree   kbavail kbmemused  %memused kbbuffers  kbcached  kbcommit   %commit  kbactive   kbinact   kbdirty
19:27:07     14164696  15362724    651172      3.98     61992   1382644   2130096     13.01   1321128    662524      2232

19:27:06        IFACE   rxpck/s   txpck/s    rxkB/s    txkB/s   rxcmp/s   txcmp/s  rxmcst/s   %ifutil
19:27:07           lo      0.00      0.00      0.00      0.00      0.00      0.00      0.00      0.00
19:27:07         ens4      1.00      1.00      0.07      0.07      0.00      0.00      0.00      0.00
19:27:07      docker0      0.00      0.00      0.00      0.00      0.00      0.00      0.00      0.00
19:27:07    veth58e3b24      0.00      0.00      0.00      0.00      0.00      0.00      0.00      0.00

19:27:07        CPU     %user     %nice   %system   %iowait    %steal     %idle
19:27:08        all      6.96      0.00      6.96      0.00      0.26     85.82

19:27:07    kbmemfree   kbavail kbmemused  %memused kbbuffers  kbcached  kbcommit   %commit  kbactive   kbinact   kbdirty
19:27:08     14164696  15362788    651080      3.98     61992   1382664   2130096     13.01   1321132    662588      2244

19:27:07        IFACE   rxpck/s   txpck/s    rxkB/s    txkB/s   rxcmp/s   txcmp/s  rxmcst/s   %ifutil
19:27:08           lo   2020.00   2020.00    439.31    439.31      0.00      0.00      0.00      0.00
19:27:08         ens4    507.00    454.00    313.77     72.45      0.00      0.00      0.00      0.00
19:27:08      docker0   1010.00   1010.00     80.88    372.24      0.00      0.00      0.00      0.00
19:27:08    veth58e3b24   1010.00   1010.00     94.69    372.24      0.00      0.00      0.00      0.03

19:27:08        CPU     %user     %nice   %system   %iowait    %steal     %idle
19:27:09        all      8.72      0.00      7.18      0.00      0.00     84.10

19:27:08    kbmemfree   kbavail kbmemused  %memused kbbuffers  kbcached  kbcommit   %commit  kbactive   kbinact   kbdirty
19:27:09     14164696  15362804    651052      3.98     61992   1382688   2130096     13.01   1321160    662604      2264

19:27:08        IFACE   rxpck/s   txpck/s    rxkB/s    txkB/s   rxcmp/s   txcmp/s  rxmcst/s   %ifutil
19:27:09           lo   2000.00   2000.00    434.96    434.96      0.00      0.00      0.00      0.00
19:27:09         ens4    406.00    401.00    304.10     68.23      0.00      0.00      0.00      0.00
19:27:09      docker0   1000.00   1000.00     80.08    368.55      0.00      0.00      0.00      0.00
19:27:09    veth58e3b24   1000.00   1000.00     93.75    368.55      0.00      0.00      0.00      0.03

19:27:09        CPU     %user     %nice   %system   %iowait    %steal     %idle
19:27:10        all      5.94      0.00      7.24      0.00      0.26     86.56

19:27:09    kbmemfree   kbavail kbmemused  %memused kbbuffers  kbcached  kbcommit   %commit  kbactive   kbinact   kbdirty
19:27:10     14164696  15362804    651032      3.98     61992   1382708   2130096     13.01   1321160    662604      2284

19:27:09        IFACE   rxpck/s   txpck/s    rxkB/s    txkB/s   rxcmp/s   txcmp/s  rxmcst/s   %ifutil
19:27:10           lo   2000.00   2000.00    434.96    434.96      0.00      0.00      0.00      0.00
19:27:10         ens4    404.00    401.00    303.95     68.21      0.00      0.00      0.00      0.00
19:27:10      docker0   1000.00   1000.00     80.08    368.55      0.00      0.00      0.00      0.00
19:27:10    veth58e3b24   1000.00   1000.00     93.75    368.55      0.00      0.00      0.00      0.03

19:27:10        CPU     %user     %nice   %system   %iowait    %steal     %idle
19:27:11        all      6.12      0.00      7.65      0.00      0.51     85.71

19:27:10    kbmemfree   kbavail kbmemused  %memused kbbuffers  kbcached  kbcommit   %commit  kbactive   kbinact   kbdirty
19:27:11     14164696  15362816    651004      3.98     61992   1382736   2130096     13.01   1321160    662616       100

19:27:10        IFACE   rxpck/s   txpck/s    rxkB/s    txkB/s   rxcmp/s   txcmp/s  rxmcst/s   %ifutil
19:27:11           lo   2000.00   2000.00    434.96    434.96      0.00      0.00      0.00      0.00
19:27:11         ens4    406.00    400.00    304.10     68.16      0.00      0.00      0.00      0.00
19:27:11      docker0   1000.00   1000.00     80.08    368.55      0.00      0.00      0.00      0.00
19:27:11    veth58e3b24   1000.00   1000.00     93.75    368.55      0.00      0.00      0.00      0.03

19:27:11        CPU     %user     %nice   %system   %iowait    %steal     %idle
19:27:12        all      6.68      0.00      7.20      0.00      0.26     85.86

19:27:11    kbmemfree   kbavail kbmemused  %memused kbbuffers  kbcached  kbcommit   %commit  kbactive   kbinact   kbdirty
19:27:12     14164696  15362816    650972      3.98     61996   1382756   2130096     13.01   1321160    662616       128

19:27:11        IFACE   rxpck/s   txpck/s    rxkB/s    txkB/s   rxcmp/s   txcmp/s  rxmcst/s   %ifutil
19:27:12           lo   2000.00   2000.00    434.96    434.96      0.00      0.00      0.00      0.00
19:27:12         ens4    406.00    400.00    304.10     68.16      0.00      0.00      0.00      0.00
19:27:12      docker0   1000.00   1000.00     80.08    368.55      0.00      0.00      0.00      0.00
19:27:12    veth58e3b24   1000.00   1000.00     93.75    368.55      0.00      0.00      0.00      0.03

19:27:12        CPU     %user     %nice   %system   %iowait    %steal     %idle
19:27:13        all      6.11      0.00      7.89      0.00      0.00     86.01

19:27:12    kbmemfree   kbavail kbmemused  %memused kbbuffers  kbcached  kbcommit   %commit  kbactive   kbinact   kbdirty
19:27:13     14164696  15362824    650948      3.98     61996   1382780   2130096     13.01   1321160    662624       144

19:27:12        IFACE   rxpck/s   txpck/s    rxkB/s    txkB/s   rxcmp/s   txcmp/s  rxmcst/s   %ifutil
19:27:13           lo   2000.00   2000.00    434.96    434.96      0.00      0.00      0.00      0.00
19:27:13         ens4    411.00    400.00    304.42     68.16      0.00      0.00      0.00      0.00
19:27:13      docker0   1000.00   1000.00     80.08    368.55      0.00      0.00      0.00      0.00
19:27:13    veth58e3b24   1000.00   1000.00     93.75    368.55      0.00      0.00      0.00      0.03

19:27:13        CPU     %user     %nice   %system   %iowait    %steal     %idle
19:27:14        all      5.91      0.00      7.20      0.00      0.26     86.63

19:27:13    kbmemfree   kbavail kbmemused  %memused kbbuffers  kbcached  kbcommit   %commit  kbactive   kbinact   kbdirty
19:27:14     14164696  15362888    650924      3.98     61996   1382800   2130096     13.01   1321160    662688       168

19:27:13        IFACE   rxpck/s   txpck/s    rxkB/s    txkB/s   rxcmp/s   txcmp/s  rxmcst/s   %ifutil
19:27:14           lo   2000.00   2000.00    434.96    434.96      0.00      0.00      0.00      0.00
19:27:14         ens4    405.00    400.00    304.03     68.16      0.00      0.00      0.00      0.00
19:27:14      docker0   1000.00   1000.00     80.08    368.55      0.00      0.00      0.00      0.00
19:27:14    veth58e3b24   1000.00   1000.00     93.75    368.55      0.00      0.00      0.00      0.03

19:27:14        CPU     %user     %nice   %system   %iowait    %steal     %idle
19:27:15        all      5.91      0.00      7.97      0.00      0.51     85.60

19:27:14    kbmemfree   kbavail kbmemused  %memused kbbuffers  kbcached  kbcommit   %commit  kbactive   kbinact   kbdirty
19:27:15     14164696  15362892    650892      3.98     61996   1382828   2130096     13.01   1321160    662688       196

19:27:14        IFACE   rxpck/s   txpck/s    rxkB/s    txkB/s   rxcmp/s   txcmp/s  rxmcst/s   %ifutil
19:27:15           lo   2004.00   2004.00    435.16    435.16      0.00      0.00      0.00      0.00
19:27:15         ens4    404.00    400.00    303.97     68.16      0.00      0.00      0.00      0.00
19:27:15      docker0   1000.00   1000.00     80.08    368.55      0.00      0.00      0.00      0.00
19:27:15    veth58e3b24   1000.00   1000.00     93.75    368.55      0.00      0.00      0.00      0.03

19:27:15        CPU     %user     %nice   %system   %iowait    %steal     %idle
19:27:16        all      5.90      0.00      7.69      0.00      0.26     86.15

19:27:15    kbmemfree   kbavail kbmemused  %memused kbbuffers  kbcached  kbcommit   %commit  kbactive   kbinact   kbdirty
19:27:16     14164696  15362940    650872      3.97     61996   1382848   2130096     13.01   1321172    662736       220

19:27:15        IFACE   rxpck/s   txpck/s    rxkB/s    txkB/s   rxcmp/s   txcmp/s  rxmcst/s   %ifutil
19:27:16           lo   2002.00   2002.00    435.06    435.06      0.00      0.00      0.00      0.00
19:27:16         ens4    405.00    402.00    304.01     68.27      0.00      0.00      0.00      0.00
19:27:16      docker0   1000.00   1000.00     80.08    368.55      0.00      0.00      0.00      0.00
19:27:16    veth58e3b24   1000.00   1000.00     93.75    368.55      0.00      0.00      0.00      0.03

19:27:16        CPU     %user     %nice   %system   %iowait    %steal     %idle
19:27:17        all      6.19      0.00      7.47      0.00      0.00     86.34

19:27:16    kbmemfree   kbavail kbmemused  %memused kbbuffers  kbcached  kbcommit   %commit  kbactive   kbinact   kbdirty
19:27:17     14164696  15362988    650988      3.98     62000   1382872   2130096     13.01   1321244    662784       244

19:27:16        IFACE   rxpck/s   txpck/s    rxkB/s    txkB/s   rxcmp/s   txcmp/s  rxmcst/s   %ifutil
19:27:17           lo   2003.00   2003.00    435.11    435.11      0.00      0.00      0.00      0.00
19:27:17         ens4    408.00    402.00    304.20     68.27      0.00      0.00      0.00      0.00
19:27:17      docker0   1000.00   1000.00     80.08    368.55      0.00      0.00      0.00      0.00
19:27:17    veth58e3b24   1000.00   1000.00     93.75    368.55      0.00      0.00      0.00      0.03

19:27:17        CPU     %user     %nice   %system   %iowait    %steal     %idle
19:27:18        all      5.97      0.00      7.79      0.00      0.26     85.97

19:27:17    kbmemfree   kbavail kbmemused  %memused kbbuffers  kbcached  kbcommit   %commit  kbactive   kbinact   kbdirty
19:27:18     14164696  15363028    650964      3.98     62000   1382896   2130096     13.01   1321232    662824       472

19:27:17        IFACE   rxpck/s   txpck/s    rxkB/s    txkB/s   rxcmp/s   txcmp/s  rxmcst/s   %ifutil
19:27:18           lo   2000.00   2000.00    434.96    434.96      0.00      0.00      0.00      0.00
19:27:18         ens4    419.00    415.00    307.18     76.81      0.00      0.00      0.00      0.00
19:27:18      docker0   1000.00   1000.00     80.08    368.55      0.00      0.00      0.00      0.00
19:27:18    veth58e3b24   1000.00   1000.00     93.75    368.55      0.00      0.00      0.00      0.03

19:27:18        CPU     %user     %nice   %system   %iowait    %steal     %idle
19:27:19        all     12.50      0.00     11.73      0.00      0.77     75.00

19:27:18    kbmemfree   kbavail kbmemused  %memused kbbuffers  kbcached  kbcommit   %commit  kbactive   kbinact   kbdirty
19:27:19     14149856  15348248    665748      4.07     62000   1382920   2130096     13.01   1322124    662868       476

19:27:18        IFACE   rxpck/s   txpck/s    rxkB/s    txkB/s   rxcmp/s   txcmp/s  rxmcst/s   %ifutil
19:27:19           lo   2000.00   2000.00    434.96    434.96      0.00      0.00      0.00      0.00
19:27:19         ens4    443.00    438.00    307.92    399.21      0.00      0.00      0.00      0.00
19:27:19      docker0   1000.00   1000.00     80.08    368.55      0.00      0.00      0.00      0.00
19:27:19    veth58e3b24   1000.00   1000.00     93.75    368.55      0.00      0.00      0.00      0.03

19:27:19        CPU     %user     %nice   %system   %iowait    %steal     %idle
19:27:20        all      6.44      0.00      7.99      0.00      0.00     85.57

19:27:19    kbmemfree   kbavail kbmemused  %memused kbbuffers  kbcached  kbcommit   %commit  kbactive   kbinact   kbdirty
19:27:20     14163192  15361608    652352      3.98     62000   1382944   2134000     13.03   1324028    662892       604

19:27:19        IFACE   rxpck/s   txpck/s    rxkB/s    txkB/s   rxcmp/s   txcmp/s  rxmcst/s   %ifutil
19:27:20           lo   2000.00   2000.00    434.96    434.96      0.00      0.00      0.00      0.00
19:27:20         ens4    428.00    417.00    307.73     72.15      0.00      0.00      0.00      0.00
19:27:20      docker0   1000.00   1000.00     80.08    368.55      0.00      0.00      0.00      0.00
19:27:20    veth58e3b24   1000.00   1000.00     93.75    368.55      0.00      0.00      0.00      0.03

19:27:20        CPU     %user     %nice   %system   %iowait    %steal     %idle
19:27:21        all      5.73      0.00      7.55      0.00      0.00     86.72

19:27:20    kbmemfree   kbavail kbmemused  %memused kbbuffers  kbcached  kbcommit   %commit  kbactive   kbinact   kbdirty
19:27:21     14162940  15361368    652580      3.99     62000   1382968   2134188     13.03   1324332    662904       628

19:27:20        IFACE   rxpck/s   txpck/s    rxkB/s    txkB/s   rxcmp/s   txcmp/s  rxmcst/s   %ifutil
19:27:21           lo   2000.00   2000.00    434.96    434.96      0.00      0.00      0.00      0.00
19:27:21         ens4    413.00    406.00    304.74     69.17      0.00      0.00      0.00      0.00
19:27:21      docker0   1000.00   1000.00     80.08    368.55      0.00      0.00      0.00      0.00
19:27:21    veth58e3b24   1000.00   1000.00     93.75    368.55      0.00      0.00      0.00      0.03

19:27:21        CPU     %user     %nice   %system   %iowait    %steal     %idle
19:27:22        all      6.33      0.00      8.10      0.00      0.76     84.81

19:27:21    kbmemfree   kbavail kbmemused  %memused kbbuffers  kbcached  kbcommit   %commit  kbactive   kbinact   kbdirty
19:27:22     14162688  15361124    652808      3.99     62004   1382988   2130096     13.01   1322276    662912       708

19:27:21        IFACE   rxpck/s   txpck/s    rxkB/s    txkB/s   rxcmp/s   txcmp/s  rxmcst/s   %ifutil
19:27:22           lo   2000.00   2000.00    434.96    434.96      0.00      0.00      0.00      0.00
19:27:22         ens4    407.00    402.00    304.19     68.27      0.00      0.00      0.00      0.00
19:27:22      docker0   1000.00   1000.00     80.08    368.55      0.00      0.00      0.00      0.00
19:27:22    veth58e3b24   1000.00   1000.00     93.75    368.55      0.00      0.00      0.00      0.03

19:27:22        CPU     %user     %nice   %system   %iowait    %steal     %idle
19:27:23        all      6.68      0.00      6.94      0.26      0.26     85.86

19:27:22    kbmemfree   kbavail kbmemused  %memused kbbuffers  kbcached  kbcommit   %commit  kbactive   kbinact   kbdirty
19:27:23     14162688  15361140    652784      3.99     62004   1383012   2130096     13.01   1322276    662928       428

19:27:22        IFACE   rxpck/s   txpck/s    rxkB/s    txkB/s   rxcmp/s   txcmp/s  rxmcst/s   %ifutil
19:27:23           lo   2000.00   2000.00    434.96    434.96      0.00      0.00      0.00      0.00
19:27:23         ens4    403.00    400.00    305.29     68.16      0.00      0.00      0.00      0.00
19:27:23      docker0   1000.00   1000.00     80.08    368.55      0.00      0.00      0.00      0.00
19:27:23    veth58e3b24   1000.00   1000.00     93.75    368.55      0.00      0.00      0.00      0.03

19:27:23        CPU     %user     %nice   %system   %iowait    %steal     %idle
19:27:24        all      5.97      0.00      7.01      0.00      0.00     87.01

19:27:23    kbmemfree   kbavail kbmemused  %memused kbbuffers  kbcached  kbcommit   %commit  kbactive   kbinact   kbdirty
19:27:24     14162688  15361140    652760      3.99     62004   1383036   2130096     13.01   1322276    662928       452

19:27:23        IFACE   rxpck/s   txpck/s    rxkB/s    txkB/s   rxcmp/s   txcmp/s  rxmcst/s   %ifutil
19:27:24           lo   2000.00   2000.00    434.96    434.96      0.00      0.00      0.00      0.00
19:27:24         ens4    402.00    400.00    302.45     68.16      0.00      0.00      0.00      0.00
19:27:24      docker0   1000.00   1000.00     80.08    368.55      0.00      0.00      0.00      0.00
19:27:24    veth58e3b24   1000.00   1000.00     93.75    368.55      0.00      0.00      0.00      0.03

19:27:24        CPU     %user     %nice   %system   %iowait    %steal     %idle
19:27:25        all      6.15      0.00      7.69      0.00      0.00     86.15

19:27:24    kbmemfree   kbavail kbmemused  %memused kbbuffers  kbcached  kbcommit   %commit  kbactive   kbinact   kbdirty
19:27:25     14162688  15361168    652740      3.99     62004   1383056   2130096     13.01   1322276    662956       456

19:27:24        IFACE   rxpck/s   txpck/s    rxkB/s    txkB/s   rxcmp/s   txcmp/s  rxmcst/s   %ifutil
19:27:25           lo   2000.00   2000.00    434.96    434.96      0.00      0.00      0.00      0.00
19:27:25         ens4    408.00    401.00    304.23     68.23      0.00      0.00      0.00      0.00
19:27:25      docker0   1000.00   1000.00     80.08    368.55      0.00      0.00      0.00      0.00
19:27:25    veth58e3b24   1000.00   1000.00     93.75    368.55      0.00      0.00      0.00      0.03

19:27:25        CPU     %user     %nice   %system   %iowait    %steal     %idle
19:27:26        all      6.11      0.00      8.14      0.00      1.02     84.73

19:27:25    kbmemfree   kbavail kbmemused  %memused kbbuffers  kbcached  kbcommit   %commit  kbactive   kbinact   kbdirty
19:27:26     14164732  15363276    650668      3.97     62004   1383080   2130096     13.01   1322292    663020       624

19:27:25        IFACE   rxpck/s   txpck/s    rxkB/s    txkB/s   rxcmp/s   txcmp/s  rxmcst/s   %ifutil
19:27:26           lo   2005.00   2005.00    436.74    436.74      0.00      0.00      0.00      0.00
19:27:26         ens4    423.00    413.00    307.81     70.76      0.00      0.00      0.00      0.00
19:27:26      docker0   1000.00   1000.00     80.08    368.55      0.00      0.00      0.00      0.00
19:27:26    veth58e3b24   1000.00   1000.00     93.75    368.55      0.00      0.00      0.00      0.03

19:27:26        CPU     %user     %nice   %system   %iowait    %steal     %idle
19:27:27        all      6.63      0.00      7.91      0.00      0.00     85.46

19:27:26    kbmemfree   kbavail kbmemused  %memused kbbuffers  kbcached  kbcommit   %commit  kbactive   kbinact   kbdirty
19:27:27     14164228  15362776    651140      3.98     62012   1383100   2130096     13.01   1322292    663020       648

19:27:26        IFACE   rxpck/s   txpck/s    rxkB/s    txkB/s   rxcmp/s   txcmp/s  rxmcst/s   %ifutil
19:27:27           lo   1995.00   1995.00    433.18    433.18      0.00      0.00      0.00      0.00
19:27:27         ens4    403.00    399.00    302.51     68.10      0.00      0.00      0.00      0.00
19:27:27      docker0   1000.00   1000.00     80.08    368.55      0.00      0.00      0.00      0.00
19:27:27    veth58e3b24   1000.00   1000.00     93.75    368.55      0.00      0.00      0.00      0.03

19:27:27        CPU     %user     %nice   %system   %iowait    %steal     %idle
19:27:28        all      5.96      0.00      7.25      0.00      0.00     86.79

19:27:27    kbmemfree   kbavail kbmemused  %memused kbbuffers  kbcached  kbcommit   %commit  kbactive   kbinact   kbdirty
19:27:28     14164228  15362776    651116      3.98     62012   1383124   2130096     13.01   1322292    663020       672

19:27:27        IFACE   rxpck/s   txpck/s    rxkB/s    txkB/s   rxcmp/s   txcmp/s  rxmcst/s   %ifutil
19:27:28           lo   2000.00   2000.00    434.96    434.96      0.00      0.00      0.00      0.00
19:27:28         ens4    405.00    401.00    304.01     68.21      0.00      0.00      0.00      0.00
19:27:28      docker0   1000.00   1000.00     80.08    368.55      0.00      0.00      0.00      0.00
19:27:28    veth58e3b24   1000.00   1000.00     93.75    368.55      0.00      0.00      0.00      0.03

19:27:28        CPU     %user     %nice   %system   %iowait    %steal     %idle
19:27:29        all      5.93      0.00      7.22      0.00      0.52     86.34

19:27:28    kbmemfree   kbavail kbmemused  %memused kbbuffers  kbcached  kbcommit   %commit  kbactive   kbinact   kbdirty
19:27:29     14163976  15362524    651344      3.98     62012   1383148   2130096     13.01   1322292    663020       700

19:27:28        IFACE   rxpck/s   txpck/s    rxkB/s    txkB/s   rxcmp/s   txcmp/s  rxmcst/s   %ifutil
19:27:29           lo   2000.00   2000.00    434.96    434.96      0.00      0.00      0.00      0.00
19:27:29         ens4    403.00    400.00    303.90     68.16      0.00      0.00      0.00      0.00
19:27:29      docker0   1000.00   1000.00     80.08    368.55      0.00      0.00      0.00      0.00
19:27:29    veth58e3b24   1000.00   1000.00     93.75    368.55      0.00      0.00      0.00      0.03

19:27:29        CPU     %user     %nice   %system   %iowait    %steal     %idle
19:27:30        all      5.44      0.00      7.25      0.00      0.52     86.79

19:27:29    kbmemfree   kbavail kbmemused  %memused kbbuffers  kbcached  kbcommit   %commit  kbactive   kbinact   kbdirty
19:27:30     14163976  15362584    651340      3.98     62012   1383172   2130096     13.01   1321792    663080       720

19:27:29        IFACE   rxpck/s   txpck/s    rxkB/s    txkB/s   rxcmp/s   txcmp/s  rxmcst/s   %ifutil
19:27:30           lo   2004.00   2004.00    435.16    435.16      0.00      0.00      0.00      0.00
19:27:30         ens4    404.00    400.00    305.36     68.16      0.00      0.00      0.00      0.00
19:27:30      docker0   1000.00   1000.00     80.08    368.55      0.00      0.00      0.00      0.00
19:27:30    veth58e3b24   1000.00   1000.00     93.75    368.55      0.00      0.00      0.00      0.03

19:27:30        CPU     %user     %nice   %system   %iowait    %steal     %idle
19:27:31        all      5.44      0.00      7.77      0.00      0.00     86.79

19:27:30    kbmemfree   kbavail kbmemused  %memused kbbuffers  kbcached  kbcommit   %commit  kbactive   kbinact   kbdirty
19:27:31     14163976  15362604    651320      3.98     62012   1383192   2130096     13.01   1321792    663100       732

19:27:30        IFACE   rxpck/s   txpck/s    rxkB/s    txkB/s   rxcmp/s   txcmp/s  rxmcst/s   %ifutil
19:27:31           lo   2000.00   2000.00    434.96    434.96      0.00      0.00      0.00      0.00
19:27:31         ens4    407.00    401.00    302.77     68.23      0.00      0.00      0.00      0.00
19:27:31      docker0   1000.00   1000.00     80.08    368.55      0.00      0.00      0.00      0.00
19:27:31    veth58e3b24   1000.00   1000.00     93.75    368.55      0.00      0.00      0.00      0.03

19:27:31        CPU     %user     %nice   %system   %iowait    %steal     %idle
19:27:32        all      6.67      0.00      7.44      0.00      0.00     85.90

19:27:31    kbmemfree   kbavail kbmemused  %memused kbbuffers  kbcached  kbcommit   %commit  kbactive   kbinact   kbdirty
19:27:32     14163976  15362600    651304      3.98     62020   1383216   2130096     13.01   1321792    663104       620

19:27:31        IFACE   rxpck/s   txpck/s    rxkB/s    txkB/s   rxcmp/s   txcmp/s  rxmcst/s   %ifutil
19:27:32           lo   2000.00   2000.00    434.96    434.96      0.00      0.00      0.00      0.00
19:27:32         ens4    469.00    502.00    308.18     74.52      0.00      0.00      0.00      0.00
19:27:32      docker0   1000.00   1000.00     80.08    368.55      0.00      0.00      0.00      0.00
19:27:32    veth58e3b24   1000.00   1000.00     93.75    368.55      0.00      0.00      0.00      0.03

19:27:32        CPU     %user     %nice   %system   %iowait    %steal     %idle
19:27:33        all      5.93      0.00      7.47      0.00      0.52     86.08

19:27:32    kbmemfree   kbavail kbmemused  %memused kbbuffers  kbcached  kbcommit   %commit  kbactive   kbinact   kbdirty
19:27:33     14163976  15362600    651280      3.98     62020   1383240   2130096     13.01   1321792    663104       644

19:27:32        IFACE   rxpck/s   txpck/s    rxkB/s    txkB/s   rxcmp/s   txcmp/s  rxmcst/s   %ifutil
19:27:33           lo   2005.00   2005.00    436.74    436.74      0.00      0.00      0.00      0.00
19:27:33         ens4    708.00    650.00    325.32     84.64      0.00      0.00      0.00      0.00
19:27:33      docker0   1002.00   1003.00     80.19    370.27      0.00      0.00      0.00      0.00
19:27:33    veth58e3b24   1002.00   1003.00     93.89    370.27      0.00      0.00      0.00      0.03

19:27:33        CPU     %user     %nice   %system   %iowait    %steal     %idle
19:27:34        all      6.43      0.00      7.20      0.00      0.51     85.86

19:27:33    kbmemfree   kbavail kbmemused  %memused kbbuffers  kbcached  kbcommit   %commit  kbactive   kbinact   kbdirty
19:27:34     14163976  15362600    651256      3.98     62020   1383264   2130096     13.01   1321792    663104       668

19:27:33        IFACE   rxpck/s   txpck/s    rxkB/s    txkB/s   rxcmp/s   txcmp/s  rxmcst/s   %ifutil
19:27:34           lo   1998.00   1998.00    433.35    433.35      0.00      0.00      0.00      0.00
19:27:34         ens4    403.00    401.00    303.88     68.21      0.00      0.00      0.00      0.00
19:27:34      docker0    998.00    997.00     79.97    366.84      0.00      0.00      0.00      0.00
19:27:34    veth58e3b24    998.00    997.00     93.61    366.84      0.00      0.00      0.00      0.03

19:27:34        CPU     %user     %nice   %system   %iowait    %steal     %idle
19:27:35        all      5.70      0.00      7.77      0.00      0.00     86.53

19:27:34    kbmemfree   kbavail kbmemused  %memused kbbuffers  kbcached  kbcommit   %commit  kbactive   kbinact   kbdirty
19:27:35     14163976  15362636    651236      3.98     62020   1383284   2130096     13.01   1321792    663140       692

19:27:34        IFACE   rxpck/s   txpck/s    rxkB/s    txkB/s   rxcmp/s   txcmp/s  rxmcst/s   %ifutil
19:27:35           lo   2002.00   2002.00    436.58    436.58      0.00      0.00      0.00      0.00
19:27:35         ens4    404.00    400.00    303.97     68.16      0.00      0.00      0.00      0.00
19:27:35      docker0   1000.00   1000.00     80.08    368.55      0.00      0.00      0.00      0.00
19:27:35    veth58e3b24   1000.00   1000.00     93.75    368.55      0.00      0.00      0.00      0.03

19:27:35        CPU     %user     %nice   %system   %iowait    %steal     %idle
19:27:36        all      6.22      0.00      6.99      0.00      0.00     86.79

19:27:35    kbmemfree   kbavail kbmemused  %memused kbbuffers  kbcached  kbcommit   %commit  kbactive   kbinact   kbdirty
19:27:36     14163976  15362636    651212      3.98     62020   1383308   2130096     13.01   1321792    663140       716

19:27:35        IFACE   rxpck/s   txpck/s    rxkB/s    txkB/s   rxcmp/s   txcmp/s  rxmcst/s   %ifutil
19:27:36           lo   1998.00   1998.00    433.35    433.35      0.00      0.00      0.00      0.00
19:27:36         ens4    400.00    400.00    303.71     68.16      0.00      0.00      0.00      0.00
19:27:36      docker0   1000.00   1000.00     80.08    368.55      0.00      0.00      0.00      0.00
19:27:36    veth58e3b24   1000.00   1000.00     93.75    368.55      0.00      0.00      0.00      0.03

19:27:36        CPU     %user     %nice   %system   %iowait    %steal     %idle
19:27:37        all      6.36      0.00      7.38      0.00      1.02     85.24

19:27:36    kbmemfree   kbavail kbmemused  %memused kbbuffers  kbcached  kbcommit   %commit  kbactive   kbinact   kbdirty
19:27:37     14163976  15362708    651180      3.98     62028   1383332   2130096     13.01   1321792    663212       728

19:27:36        IFACE   rxpck/s   txpck/s    rxkB/s    txkB/s   rxcmp/s   txcmp/s  rxmcst/s   %ifutil
19:27:37           lo   1997.00   1997.00    434.79    434.79      0.00      0.00      0.00      0.00
19:27:37         ens4    409.00    399.00    304.29     68.10      0.00      0.00      0.00      0.00
19:27:37      docker0   1000.00   1000.00     80.08    368.55      0.00      0.00      0.00      0.00
19:27:37    veth58e3b24   1000.00   1000.00     93.75    368.55      0.00      0.00      0.00      0.03

19:27:37        CPU     %user     %nice   %system   %iowait    %steal     %idle
19:27:38        all      6.44      0.00      7.47      0.00      0.00     86.08

19:27:37    kbmemfree   kbavail kbmemused  %memused kbbuffers  kbcached  kbcommit   %commit  kbactive   kbinact   kbdirty
19:27:38     14161712  15360552    653420      3.99     62028   1383352   2134000     13.03   1323556    663320       700

19:27:37        IFACE   rxpck/s   txpck/s    rxkB/s    txkB/s   rxcmp/s   txcmp/s  rxmcst/s   %ifutil
19:27:38           lo   2003.00   2003.00    435.13    435.13      0.00      0.00      0.00      0.00
19:27:38         ens4    413.00    406.00    305.53     69.69      0.00      0.00      0.00      0.00
19:27:38      docker0   1000.00   1000.00     80.08    368.55      0.00      0.00      0.00      0.00
19:27:38    veth58e3b24   1000.00   1000.00     93.75    368.55      0.00      0.00      0.00      0.03

19:27:38        CPU     %user     %nice   %system   %iowait    %steal     %idle
19:27:39        all      6.43      0.00      7.46      0.00      0.00     86.12

19:27:38    kbmemfree   kbavail kbmemused  %memused kbbuffers  kbcached  kbcommit   %commit  kbactive   kbinact   kbdirty
19:27:39     14161712  15360552    653396      3.99     62028   1383376   2134000     13.03   1323556    663320       724

19:27:38        IFACE   rxpck/s   txpck/s    rxkB/s    txkB/s   rxcmp/s   txcmp/s  rxmcst/s   %ifutil
19:27:39           lo   2002.00   2002.00    436.58    436.58      0.00      0.00      0.00      0.00
19:27:39         ens4    405.00    405.00    304.15     69.06      0.00      0.00      0.00      0.00
19:27:39      docker0   1001.00   1002.00     80.14    368.69      0.00      0.00      0.00      0.00
19:27:39    veth58e3b24   1001.00   1002.00     93.82    368.69      0.00      0.00      0.00      0.03

19:27:39        CPU     %user     %nice   %system   %iowait    %steal     %idle
19:27:40        all      8.25      0.00      7.99      0.00      0.26     83.51

19:27:39    kbmemfree   kbavail kbmemused  %memused kbbuffers  kbcached  kbcommit   %commit  kbactive   kbinact   kbdirty
19:27:40     14164172  15363068    650912      3.98     62028   1383396   2130096     13.01   1321800    663372       900

19:27:39        IFACE   rxpck/s   txpck/s    rxkB/s    txkB/s   rxcmp/s   txcmp/s  rxmcst/s   %ifutil
19:27:40           lo   2000.00   2000.00    434.96    434.96      0.00      0.00      0.00      0.00
19:27:40         ens4    411.00    404.00    304.53     68.45      0.00      0.00      0.00      0.00
19:27:40      docker0   1001.00   1001.00     80.13    370.13      0.00      0.00      0.00      0.00
19:27:40    veth58e3b24   1001.00   1001.00     93.81    370.13      0.00      0.00      0.00      0.03

19:27:40        CPU     %user     %nice   %system   %iowait    %steal     %idle
19:27:41        all      6.11      0.00      8.14      0.00      0.76     84.99

19:27:40    kbmemfree   kbavail kbmemused  %memused kbbuffers  kbcached  kbcommit   %commit  kbactive   kbinact   kbdirty
19:27:41     14164172  15363068    650888      3.98     62028   1383420   2130096     13.01   1321800    663372       252

19:27:40        IFACE   rxpck/s   txpck/s    rxkB/s    txkB/s   rxcmp/s   txcmp/s  rxmcst/s   %ifutil
19:27:41           lo   2000.00   2000.00    434.96    434.96      0.00      0.00      0.00      0.00
19:27:41         ens4    404.00    400.00    303.97     68.16      0.00      0.00      0.00      0.00
19:27:41      docker0   1000.00   1000.00     80.08    368.55      0.00      0.00      0.00      0.00
19:27:41    veth58e3b24   1000.00   1000.00     93.75    368.55      0.00      0.00      0.00      0.03

19:27:41        CPU     %user     %nice   %system   %iowait    %steal     %idle
19:27:42        all      6.20      0.00      7.49      0.00      0.00     86.30

19:27:41    kbmemfree   kbavail kbmemused  %memused kbbuffers  kbcached  kbcommit   %commit  kbactive   kbinact   kbdirty
19:27:42     14163920  15362836    651152      3.98     62032   1383444   2130096     13.01   1321852    663396       320

19:27:41        IFACE   rxpck/s   txpck/s    rxkB/s    txkB/s   rxcmp/s   txcmp/s  rxmcst/s   %ifutil
19:27:42           lo   2000.00   2000.00    434.96    434.96      0.00      0.00      0.00      0.00
19:27:42         ens4    404.00    400.00    303.97     68.16      0.00      0.00      0.00      0.00
19:27:42      docker0    999.00   1000.00     80.03    368.55      0.00      0.00      0.00      0.00
19:27:42    veth58e3b24    999.00   1000.00     93.69    368.55      0.00      0.00      0.00      0.03

19:27:42        CPU     %user     %nice   %system   %iowait    %steal     %idle
19:27:43        all      6.20      0.00      6.98      0.00      0.00     86.82

19:27:42    kbmemfree   kbavail kbmemused  %memused kbbuffers  kbcached  kbcommit   %commit  kbactive   kbinact   kbdirty
19:27:43     14163920  15362888    651112      3.98     62032   1383468   2130096     13.01   1322028    663448       336

19:27:42        IFACE   rxpck/s   txpck/s    rxkB/s    txkB/s   rxcmp/s   txcmp/s  rxmcst/s   %ifutil
19:27:43           lo   2000.00   2000.00    434.96    434.96      0.00      0.00      0.00      0.00
19:27:43         ens4    405.00    400.00    304.03     68.16      0.00      0.00      0.00      0.00
19:27:43      docker0    999.00    997.00     80.02    366.84      0.00      0.00      0.00      0.00
19:27:43    veth58e3b24    999.00    997.00     93.68    366.84      0.00      0.00      0.00      0.03

19:27:43        CPU     %user     %nice   %system   %iowait    %steal     %idle
19:27:44        all      5.93      0.00      7.73      0.00      0.52     85.82

19:27:43    kbmemfree   kbavail kbmemused  %memused kbbuffers  kbcached  kbcommit   %commit  kbactive   kbinact   kbdirty
19:27:44     14163668  15362636    651344      3.98     62032   1383488   2130096     13.01   1322028    663448       360

19:27:43        IFACE   rxpck/s   txpck/s    rxkB/s    txkB/s   rxcmp/s   txcmp/s  rxmcst/s   %ifutil
19:27:44           lo   2000.00   2000.00    434.96    434.96      0.00      0.00      0.00      0.00
19:27:44         ens4    406.00    400.00    304.10     68.16      0.00      0.00      0.00      0.00
19:27:44      docker0   1003.00   1004.00     80.38    370.33      0.00      0.00      0.00      0.00
19:27:44    veth58e3b24   1003.00   1004.00     94.09    370.33      0.00      0.00      0.00      0.03

19:27:44        CPU     %user     %nice   %system   %iowait    %steal     %idle
19:27:45        all      5.67      0.00      7.73      0.00      0.52     86.08

19:27:44    kbmemfree   kbavail kbmemused  %memused kbbuffers  kbcached  kbcommit   %commit  kbactive   kbinact   kbdirty
19:27:45     14163668  15362656    651320      3.98     62032   1383512   2130096     13.01   1322072    663468       228

19:27:44        IFACE   rxpck/s   txpck/s    rxkB/s    txkB/s   rxcmp/s   txcmp/s  rxmcst/s   %ifutil
19:27:45           lo   2004.00   2004.00    435.16    435.16      0.00      0.00      0.00      0.00
19:27:45         ens4    403.00    400.00    303.90     68.16      0.00      0.00      0.00      0.00
19:27:45      docker0    999.00    999.00     79.89    368.49      0.00      0.00      0.00      0.00
19:27:45    veth58e3b24    999.00    999.00     93.55    368.49      0.00      0.00      0.00      0.03

19:27:45        CPU     %user     %nice   %system   %iowait    %steal     %idle
19:27:46        all      5.47      0.00      7.29      0.00      0.00     87.24

19:27:45    kbmemfree   kbavail kbmemused  %memused kbbuffers  kbcached  kbcommit   %commit  kbactive   kbinact   kbdirty
19:27:46     14163668  15362680    651296      3.98     62032   1383536   2130096     13.01   1322108    663492       252

19:27:45        IFACE   rxpck/s   txpck/s    rxkB/s    txkB/s   rxcmp/s   txcmp/s  rxmcst/s   %ifutil
19:27:46           lo   2000.00   2000.00    434.96    434.96      0.00      0.00      0.00      0.00
19:27:46         ens4    410.00    405.00    307.99     68.86      0.00      0.00      0.00      0.00
19:27:46      docker0   1000.00   1000.00     80.08    368.55      0.00      0.00      0.00      0.00
19:27:46    veth58e3b24   1000.00   1000.00     93.75    368.55      0.00      0.00      0.00      0.03

19:27:46        CPU     %user     %nice   %system   %iowait    %steal     %idle
19:27:47        all      6.36      0.00      7.63      0.00      0.51     85.50

19:27:46    kbmemfree   kbavail kbmemused  %memused kbbuffers  kbcached  kbcommit   %commit  kbactive   kbinact   kbdirty
19:27:47     14163668  15362680    651268      3.98     62036   1383560   2130096     13.01   1322108    663492       284

19:27:46        IFACE   rxpck/s   txpck/s    rxkB/s    txkB/s   rxcmp/s   txcmp/s  rxmcst/s   %ifutil
19:27:47           lo   1985.00   1985.00    431.00    431.00      0.00      0.00      0.00      0.00
19:27:47         ens4    406.00    400.00    301.36     67.99      0.00      0.00      0.00      0.00
19:27:47      docker0    993.00    992.00     79.57    365.00      0.00      0.00      0.00      0.00
19:27:47    veth58e3b24    993.00    992.00     93.14    365.00      0.00      0.00      0.00      0.03

19:27:47        CPU     %user     %nice   %system   %iowait    %steal     %idle
19:27:48        all      0.76      0.00      0.51      0.00      0.00     98.74

19:27:47    kbmemfree   kbavail kbmemused  %memused kbbuffers  kbcached  kbcommit   %commit  kbactive   kbinact   kbdirty
19:27:48     14161156  15360212    653976      3.99     62036   1383560   2137904     13.06   1325844    663536       284

19:27:47        IFACE   rxpck/s   txpck/s    rxkB/s    txkB/s   rxcmp/s   txcmp/s  rxmcst/s   %ifutil
19:27:48           lo      0.00      0.00      0.00      0.00      0.00      0.00      0.00      0.00
19:27:48         ens4    511.00    262.00     34.95     19.68      0.00      0.00      0.00      0.00
19:27:48      docker0      0.00      0.00      0.00      0.00      0.00      0.00      0.00      0.00
19:27:48    veth58e3b24      0.00      0.00      0.00      0.00      0.00      0.00      0.00      0.00

19:27:48        CPU     %user     %nice   %system   %iowait    %steal     %idle
19:27:49        all      0.50      0.00      0.50      0.00      0.00     99.00

19:27:48    kbmemfree   kbavail kbmemused  %memused kbbuffers  kbcached  kbcommit   %commit  kbactive   kbinact   kbdirty
19:27:49     14169944  15368992    645148      3.94     62036   1383560   2130096     13.01   1322372    663552       276

19:27:48        IFACE   rxpck/s   txpck/s    rxkB/s    txkB/s   rxcmp/s   txcmp/s  rxmcst/s   %ifutil
19:27:49           lo      0.00      0.00      0.00      0.00      0.00      0.00      0.00      0.00
19:27:49         ens4     11.00      8.00      0.93      1.14      0.00      0.00      0.00      0.00
19:27:49      docker0      0.00      0.00      0.00      0.00      0.00      0.00      0.00      0.00
19:27:49    veth58e3b24      0.00      0.00      0.00      0.00      0.00      0.00      0.00      0.00

19:27:49        CPU     %user     %nice   %system   %iowait    %steal     %idle
19:27:50        all      0.00      0.00      0.00      0.00      0.00    100.00

19:27:49    kbmemfree   kbavail kbmemused  %memused kbbuffers  kbcached  kbcommit   %commit  kbactive   kbinact   kbdirty
19:27:50     14169884  15368932    645216      3.94     62036   1383560   2130096     13.01   1322196    663552       456

19:27:49        IFACE   rxpck/s   txpck/s    rxkB/s    txkB/s   rxcmp/s   txcmp/s  rxmcst/s   %ifutil
19:27:50           lo      0.00      0.00      0.00      0.00      0.00      0.00      0.00      0.00
19:27:50         ens4      0.00      0.00      0.00      0.00      0.00      0.00      0.00      0.00
19:27:50      docker0      0.00      0.00      0.00      0.00      0.00      0.00      0.00      0.00
19:27:50    veth58e3b24      0.00      0.00      0.00      0.00      0.00      0.00      0.00      0.00

19:27:50        CPU     %user     %nice   %system   %iowait    %steal     %idle
19:27:51        all      0.25      0.00      0.25      0.00      0.00     99.50

19:27:50    kbmemfree   kbavail kbmemused  %memused kbbuffers  kbcached  kbcommit   %commit  kbactive   kbinact   kbdirty
19:27:51     14169632  15368680    645464      3.94     62036   1383564   2130096     13.01   1322196    663552       460

19:27:50        IFACE   rxpck/s   txpck/s    rxkB/s    txkB/s   rxcmp/s   txcmp/s  rxmcst/s   %ifutil
19:27:51           lo      0.00      0.00      0.00      0.00      0.00      0.00      0.00      0.00
19:27:51         ens4      0.00      0.00      0.00      0.00      0.00      0.00      0.00      0.00
19:27:51      docker0      0.00      0.00      0.00      0.00      0.00      0.00      0.00      0.00
19:27:51    veth58e3b24      0.00      0.00      0.00      0.00      0.00      0.00      0.00      0.00

19:27:51        CPU     %user     %nice   %system   %iowait    %steal     %idle
19:27:52        all      0.00      0.00      0.00      0.25      0.00     99.75

19:27:51    kbmemfree   kbavail kbmemused  %memused kbbuffers  kbcached  kbcommit   %commit  kbactive   kbinact   kbdirty
19:27:52     14169380  15368428    645716      3.94     62040   1383560   2130096     13.01   1322196    663552       460

19:27:51        IFACE   rxpck/s   txpck/s    rxkB/s    txkB/s   rxcmp/s   txcmp/s  rxmcst/s   %ifutil
19:27:52           lo      0.00      0.00      0.00      0.00      0.00      0.00      0.00      0.00
19:27:52         ens4      1.00      1.00      0.04      0.04      0.00      0.00      0.00      0.00
19:27:52      docker0      0.00      0.00      0.00      0.00      0.00      0.00      0.00      0.00
19:27:52    veth58e3b24      0.00      0.00      0.00      0.00      0.00      0.00      0.00      0.00

19:27:52        CPU     %user     %nice   %system   %iowait    %steal     %idle
19:27:53        all      0.25      0.00      0.00      0.00      0.00     99.75

19:27:52    kbmemfree   kbavail kbmemused  %memused kbbuffers  kbcached  kbcommit   %commit  kbactive   kbinact   kbdirty
19:27:53     14169380  15368428    645708      3.94     62040   1383564   2130096     13.01   1322228    663552       444

19:27:52        IFACE   rxpck/s   txpck/s    rxkB/s    txkB/s   rxcmp/s   txcmp/s  rxmcst/s   %ifutil
19:27:53           lo      0.00      0.00      0.00      0.00      0.00      0.00      0.00      0.00
19:27:53         ens4      0.00      0.00      0.00      0.00      0.00      0.00      0.00      0.00
19:27:53      docker0      0.00      0.00      0.00      0.00      0.00      0.00      0.00      0.00
19:27:53    veth58e3b24      0.00      0.00      0.00      0.00      0.00      0.00      0.00      0.00

19:27:53        CPU     %user     %nice   %system   %iowait    %steal     %idle
19:27:54        all      0.00      0.00      0.25      0.00      0.00     99.75

19:27:53    kbmemfree   kbavail kbmemused  %memused kbbuffers  kbcached  kbcommit   %commit  kbactive   kbinact   kbdirty
19:27:54     14169380  15368428    645708      3.94     62040   1383564   2130096     13.01   1322228    663552       444

19:27:53        IFACE   rxpck/s   txpck/s    rxkB/s    txkB/s   rxcmp/s   txcmp/s  rxmcst/s   %ifutil
19:27:54           lo      0.00      0.00      0.00      0.00      0.00      0.00      0.00      0.00
19:27:54         ens4      0.00      0.00      0.00      0.00      0.00      0.00      0.00      0.00
19:27:54      docker0      0.00      0.00      0.00      0.00      0.00      0.00      0.00      0.00
19:27:54    veth58e3b24      0.00      0.00      0.00      0.00      0.00      0.00      0.00      0.00

19:27:54        CPU     %user     %nice   %system   %iowait    %steal     %idle
19:27:55        all      0.25      0.00      0.00      0.00      0.00     99.75

19:27:54    kbmemfree   kbavail kbmemused  %memused kbbuffers  kbcached  kbcommit   %commit  kbactive   kbinact   kbdirty
19:27:55     14169380  15368428    645704      3.94     62040   1383568   2130096     13.01   1322228    663552       448

19:27:54        IFACE   rxpck/s   txpck/s    rxkB/s    txkB/s   rxcmp/s   txcmp/s  rxmcst/s   %ifutil
19:27:55           lo      0.00      0.00      0.00      0.00      0.00      0.00      0.00      0.00
19:27:55         ens4      0.00      0.00      0.00      0.00      0.00      0.00      0.00      0.00
19:27:55      docker0      0.00      0.00      0.00      0.00      0.00      0.00      0.00      0.00
19:27:55    veth58e3b24      0.00      0.00      0.00      0.00      0.00      0.00      0.00      0.00

Average:        CPU     %user     %nice   %system   %iowait    %steal     %idle
Average:        all      9.54      0.00     10.44      0.01      0.37     79.64

Average:    kbmemfree   kbavail kbmemused  %memused kbbuffers  kbcached  kbcommit   %commit  kbactive   kbinact   kbdirty
Average:     14154149  15349575    666828      4.07     61951   1380098   2134266     13.03   1324975    659950       801

Average:        IFACE   rxpck/s   txpck/s    rxkB/s    txkB/s   rxcmp/s   txcmp/s  rxmcst/s   %ifutil
Average:           lo   3454.67   3454.67    751.70    751.70      0.00      0.00      0.00      0.00
Average:         ens4    719.38    706.98    526.63    124.78      0.00      0.00      0.00      0.00
Average:      docker0   1727.02   1727.02    138.30    636.50      0.00      0.00      0.00      0.00
Average:    veth58e3b24   1727.02   1727.02    161.91    636.50      0.00      0.00      0.00      0.05