Linux 6.8.0-1054-gcp (zt-service-b)     05/18/26        _x86_64_        (2 CPU)

06:33:23        CPU     %user     %nice   %system   %iowait    %steal     %idle
06:33:24        all     32.82      0.00     13.85      0.00      0.51     52.82

06:33:23    kbmemfree   kbavail kbmemused  %memused kbbuffers  kbcached  kbcommit   %commit  kbactive   kbinact   kbdirty
06:33:24      5605136   7190116    599560      7.37     80288   1691180   2007532     24.69    725896   1518352       556

06:33:23        IFACE   rxpck/s   txpck/s    rxkB/s    txkB/s   rxcmp/s   txcmp/s  rxmcst/s   %ifutil
06:33:24           lo   2013.00   2013.00    436.33    436.33      0.00      0.00      0.00      0.00
06:33:24         ens4    407.00    403.00    304.44     68.90      0.00      0.00      0.00      0.00
06:33:24      docker0   1008.00   1009.00     80.78    371.08      0.00      0.00      0.00      0.00
06:33:24    veth8dad8dc   1008.00   1009.00     94.56    371.08      0.00      0.00      0.00      0.03

06:33:24        CPU     %user     %nice   %system   %iowait    %steal     %idle
06:33:25        all     34.20      0.00     13.99      0.00      0.00     51.81

06:33:24    kbmemfree   kbavail kbmemused  %memused kbbuffers  kbcached  kbcommit   %commit  kbactive   kbinact   kbdirty
06:33:25      5604632   7189620    600012      7.38     80288   1691184   2011040     24.74    728824   1518360       600

06:33:24        IFACE   rxpck/s   txpck/s    rxkB/s    txkB/s   rxcmp/s   txcmp/s  rxmcst/s   %ifutil
06:33:25           lo   2000.00   2000.00    435.16    435.16      0.00      0.00      0.00      0.00
06:33:25         ens4    402.00    400.00    304.04     68.16      0.00      0.00      0.00      0.00
06:33:25      docker0    998.00    997.00     79.97    367.04      0.00      0.00      0.00      0.00
06:33:25    veth8dad8dc    998.00    997.00     93.61    367.04      0.00      0.00      0.00      0.03

06:33:25        CPU     %user     %nice   %system   %iowait    %steal     %idle
06:33:26        all     22.56      0.00     12.82      0.00      0.00     64.62

06:33:25    kbmemfree   kbavail kbmemused  %memused kbbuffers  kbcached  kbcommit   %commit  kbactive   kbinact   kbdirty
06:33:26      5606648   7191648    597628      7.35     80288   1691224   2007532     24.69    726036   1518388       640

06:33:25        IFACE   rxpck/s   txpck/s    rxkB/s    txkB/s   rxcmp/s   txcmp/s  rxmcst/s   %ifutil
06:33:26           lo   2000.00   2000.00    435.16    435.16      0.00      0.00      0.00      0.00
06:33:26         ens4    403.00    400.00    304.10     68.16      0.00      0.00      0.00      0.00
06:33:26      docker0   1002.00   1003.00     80.19    370.46      0.00      0.00      0.00      0.00
06:33:26    veth8dad8dc   1002.00   1003.00     93.89    370.46      0.00      0.00      0.00      0.03

06:33:26        CPU     %user     %nice   %system   %iowait    %steal     %idle
06:33:27        all     12.57      0.00     13.09      0.00      0.00     74.35

06:33:26    kbmemfree   kbavail kbmemused  %memused kbbuffers  kbcached  kbcommit   %commit  kbactive   kbinact   kbdirty
06:33:27      5606396   7191416    597732      7.35     80288   1691240   2003404     24.64    722792   1518408       232

06:33:26        IFACE   rxpck/s   txpck/s    rxkB/s    txkB/s   rxcmp/s   txcmp/s  rxmcst/s   %ifutil
06:33:27           lo   2000.00   2000.00    435.16    435.16      0.00      0.00      0.00      0.00
06:33:27         ens4    404.00    400.00    304.16     68.16      0.00      0.00      0.00      0.00
06:33:27      docker0   1000.00   1000.00     80.08    368.75      0.00      0.00      0.00      0.00
06:33:27    veth8dad8dc   1000.00   1000.00     93.75    368.75      0.00      0.00      0.00      0.03

06:33:27        CPU     %user     %nice   %system   %iowait    %steal     %idle
06:33:28        all     12.37      0.00     11.34      0.00      0.52     75.77

06:33:27    kbmemfree   kbavail kbmemused  %memused kbbuffers  kbcached  kbcommit   %commit  kbactive   kbinact   kbdirty
06:33:28      5606144   7191168    597748      7.35     80288   1691260   2003436     24.64    722764   1518412       172

06:33:27        IFACE   rxpck/s   txpck/s    rxkB/s    txkB/s   rxcmp/s   txcmp/s  rxmcst/s   %ifutil
06:33:28           lo   2000.00   2000.00    435.16    435.16      0.00      0.00      0.00      0.00
06:33:28         ens4    408.00    402.00    304.39     68.26      0.00      0.00      0.00      0.00
06:33:28      docker0   1000.00   1000.00     80.08    368.75      0.00      0.00      0.00      0.00
06:33:28    veth8dad8dc   1000.00   1000.00     93.75    368.75      0.00      0.00      0.00      0.03

06:33:28        CPU     %user     %nice   %system   %iowait    %steal     %idle
06:33:29        all     30.26      0.00     12.82      0.00      0.51     56.41

06:33:28    kbmemfree   kbavail kbmemused  %memused kbbuffers  kbcached  kbcommit   %commit  kbactive   kbinact   kbdirty
06:33:29      5606144   7191204    597560      7.35     80288   1691288   2012996     24.76    731216   1518448       200

06:33:28        IFACE   rxpck/s   txpck/s    rxkB/s    txkB/s   rxcmp/s   txcmp/s  rxmcst/s   %ifutil
06:33:29           lo   2000.00   2000.00    435.16    435.16      0.00      0.00      0.00      0.00
06:33:29         ens4    407.00    400.00    304.36     68.16      0.00      0.00      0.00      0.00
06:33:29      docker0   1000.00   1000.00     80.08    368.75      0.00      0.00      0.00      0.00
06:33:29    veth8dad8dc   1000.00   1000.00     93.75    368.75      0.00      0.00      0.00      0.03

06:33:29        CPU     %user     %nice   %system   %iowait    %steal     %idle
06:33:30        all     57.36      0.00     15.23      0.51      0.00     26.90

06:33:29    kbmemfree   kbavail kbmemused  %memused kbbuffers  kbcached  kbcommit   %commit  kbactive   kbinact   kbdirty
06:33:30      5606172   7191268    597280      7.35     80288   1691312   2008320     24.70    726720   1518484       248

06:33:29        IFACE   rxpck/s   txpck/s    rxkB/s    txkB/s   rxcmp/s   txcmp/s  rxmcst/s   %ifutil
06:33:30           lo   2000.00   2000.00    435.16    435.16      0.00      0.00      0.00      0.00
06:33:30         ens4    406.00    401.00    304.28     68.22      0.00      0.00      0.00      0.00
06:33:30      docker0    998.00    997.00     79.97    367.04      0.00      0.00      0.00      0.00
06:33:30    veth8dad8dc    998.00    997.00     93.61    367.04      0.00      0.00      0.00      0.03

06:33:30        CPU     %user     %nice   %system   %iowait    %steal     %idle
06:33:31        all     35.90      0.00     13.33      0.00      0.00     50.77

06:33:30    kbmemfree   kbavail kbmemused  %memused kbbuffers  kbcached  kbcommit   %commit  kbactive   kbinact   kbdirty
06:33:31      5605920   7191036    597268      7.35     80288   1691336   2007532     24.69    725984   1518504       272

06:33:30        IFACE   rxpck/s   txpck/s    rxkB/s    txkB/s   rxcmp/s   txcmp/s  rxmcst/s   %ifutil
06:33:31           lo   2009.00   2009.00    435.75    435.75      0.00      0.00      0.00      0.00
06:33:31         ens4    403.00    400.00    304.10     68.16      0.00      0.00      0.00      0.00
06:33:31      docker0   1004.00   1004.00     80.43    370.53      0.00      0.00      0.00      0.00
06:33:31    veth8dad8dc   1004.00   1004.00     94.15    370.53      0.00      0.00      0.00      0.03

06:33:31        CPU     %user     %nice   %system   %iowait    %steal     %idle
06:33:32        all     12.37      0.00     12.89      0.00      0.00     74.74

06:33:31    kbmemfree   kbavail kbmemused  %memused kbbuffers  kbcached  kbcommit   %commit  kbactive   kbinact   kbdirty
06:33:32      5606944   7192060    596192      7.33     80288   1691344   2003404     24.64    722852   1518504       280

06:33:31        IFACE   rxpck/s   txpck/s    rxkB/s    txkB/s   rxcmp/s   txcmp/s  rxmcst/s   %ifutil
06:33:32           lo   1995.00   1995.00    434.76    434.76      0.00      0.00      0.00      0.00
06:33:32         ens4    401.00    400.00    303.97     68.16      0.00      0.00      0.00      0.00
06:33:32      docker0   1000.00   1000.00     80.08    368.75      0.00      0.00      0.00      0.00
06:33:32    veth8dad8dc   1000.00   1000.00     93.75    368.75      0.00      0.00      0.00      0.03

06:33:32        CPU     %user     %nice   %system   %iowait    %steal     %idle
06:33:33        all     12.95      0.00     12.44      0.00      0.52     74.09

06:33:32    kbmemfree   kbavail kbmemused  %memused kbbuffers  kbcached  kbcommit   %commit  kbactive   kbinact   kbdirty
06:33:33      5607048   7192208    595672      7.33     80288   1691388   2003436     24.64    722864   1518548       324

06:33:32        IFACE   rxpck/s   txpck/s    rxkB/s    txkB/s   rxcmp/s   txcmp/s  rxmcst/s   %ifutil
06:33:33           lo   1998.00   1998.00    433.54    433.54      0.00      0.00      0.00      0.00
06:33:33         ens4    402.00    400.00    304.04     68.16      0.00      0.00      0.00      0.00
06:33:33      docker0    996.00    996.00     79.73    366.97      0.00      0.00      0.00      0.00
06:33:33    veth8dad8dc    996.00    996.00     93.35    366.97      0.00      0.00      0.00      0.03

06:33:33        CPU     %user     %nice   %system   %iowait    %steal     %idle
06:33:34        all     14.80      0.00     13.27      0.00      0.51     71.43

06:33:33    kbmemfree   kbavail kbmemused  %memused kbbuffers  kbcached  kbcommit   %commit  kbactive   kbinact   kbdirty
06:33:34      5606544   7191728    595980      7.33     80288   1691408   2003436     24.64    721364   1518572       344

06:33:33        IFACE   rxpck/s   txpck/s    rxkB/s    txkB/s   rxcmp/s   txcmp/s  rxmcst/s   %ifutil
06:33:34           lo   2007.00   2007.00    437.16    437.16      0.00      0.00      0.00      0.00
06:33:34         ens4    404.00    402.00    304.14     68.48      0.00      0.00      0.00      0.00
06:33:34      docker0   1005.00   1005.00     80.48    370.59      0.00      0.00      0.00      0.00
06:33:34    veth8dad8dc   1005.00   1005.00     94.22    370.59      0.00      0.00      0.00      0.03

06:33:34        CPU     %user     %nice   %system   %iowait    %steal     %idle
06:33:35        all     10.53      0.00     12.63      0.00      0.00     76.84

06:33:34    kbmemfree   kbavail kbmemused  %memused kbbuffers  kbcached  kbcommit   %commit  kbactive   kbinact   kbdirty
06:33:35      5606544   7191728    595932      7.33     80288   1691412   2003436     24.64    721364   1518572       348

06:33:34        IFACE   rxpck/s   txpck/s    rxkB/s    txkB/s   rxcmp/s   txcmp/s  rxmcst/s   %ifutil
06:33:35           lo   1995.00   1995.00    434.76    434.76      0.00      0.00      0.00      0.00
06:33:35         ens4    409.00    399.00    304.49     67.89      0.00      0.00      0.00      0.00
06:33:35      docker0    997.00    998.00     79.79    368.62      0.00      0.00      0.00      0.00
06:33:35    veth8dad8dc    997.00    998.00     93.42    368.62      0.00      0.00      0.00      0.03

06:33:35        CPU     %user     %nice   %system   %iowait    %steal     %idle
06:33:36        all     11.46      0.00     11.46      0.00      0.52     76.56

06:33:35    kbmemfree   kbavail kbmemused  %memused kbbuffers  kbcached  kbcommit   %commit  kbactive   kbinact   kbdirty
06:33:36      5606544   7191772    595576      7.33     80288   1691452   2003436     24.64    721540   1518616       388

06:33:35        IFACE   rxpck/s   txpck/s    rxkB/s    txkB/s   rxcmp/s   txcmp/s  rxmcst/s   %ifutil
06:33:36           lo   2005.00   2005.00    435.55    435.55      0.00      0.00      0.00      0.00
06:33:36         ens4    403.00    400.00    304.10     68.16      0.00      0.00      0.00      0.00
06:33:36      docker0   1002.00   1001.00     80.32    368.81      0.00      0.00      0.00      0.00
06:33:36    veth8dad8dc   1002.00   1001.00     94.02    368.81      0.00      0.00      0.00      0.03

06:33:36        CPU     %user     %nice   %system   %iowait    %steal     %idle
06:33:37        all     10.99      0.00     13.61      0.00      0.00     75.39

06:33:36    kbmemfree   kbavail kbmemused  %memused kbbuffers  kbcached  kbcommit   %commit  kbactive   kbinact   kbdirty
06:33:37      5606040   7191288    595972      7.33     80288   1691460   2003404     24.64    721804   1518636       396

06:33:36        IFACE   rxpck/s   txpck/s    rxkB/s    txkB/s   rxcmp/s   txcmp/s  rxmcst/s   %ifutil
06:33:37           lo   1998.00   1998.00    435.05    435.05      0.00      0.00      0.00      0.00
06:33:37         ens4    410.00    400.00    304.55     68.16      0.00      0.00      0.00      0.00
06:33:37      docker0   1000.00   1000.00     80.08    368.75      0.00      0.00      0.00      0.00
06:33:37    veth8dad8dc   1000.00   1000.00     93.75    368.75      0.00      0.00      0.00      0.03

06:33:37        CPU     %user     %nice   %system   %iowait    %steal     %idle
06:33:38        all     11.52      0.00     10.99      0.00      0.52     76.96

06:33:37    kbmemfree   kbavail kbmemused  %memused kbbuffers  kbcached  kbcommit   %commit  kbactive   kbinact   kbdirty
06:33:38      5606040   7191304    595772      7.33     80288   1691496   2003404     24.64    721848   1518652       432

06:33:37        IFACE   rxpck/s   txpck/s    rxkB/s    txkB/s   rxcmp/s   txcmp/s  rxmcst/s   %ifutil
06:33:38           lo   1997.00   1997.00    434.87    434.87      0.00      0.00      0.00      0.00
06:33:38         ens4    403.00    400.00    304.10     68.16      0.00      0.00      0.00      0.00
06:33:38      docker0    998.00    999.00     79.84    368.69      0.00      0.00      0.00      0.00
06:33:38    veth8dad8dc    998.00    999.00     93.48    368.69      0.00      0.00      0.00      0.03

06:33:38        CPU     %user     %nice   %system   %iowait    %steal     %idle
06:33:39        all     11.86      0.00     13.40      0.00      0.00     74.74

06:33:38    kbmemfree   kbavail kbmemused  %memused kbbuffers  kbcached  kbcommit   %commit  kbactive   kbinact   kbdirty
06:33:39      5606040   7191344    595516      7.33     80288   1691520   2003436     24.64    722092   1518692       456

06:33:38        IFACE   rxpck/s   txpck/s    rxkB/s    txkB/s   rxcmp/s   txcmp/s  rxmcst/s   %ifutil
06:33:39           lo   2000.00   2000.00    435.16    435.16      0.00      0.00      0.00      0.00
06:33:39         ens4    406.00    402.00    304.27     68.29      0.00      0.00      0.00      0.00
06:33:39      docker0   1000.00   1000.00     80.08    368.75      0.00      0.00      0.00      0.00
06:33:39    veth8dad8dc   1000.00   1000.00     93.75    368.75      0.00      0.00      0.00      0.03

06:33:39        CPU     %user     %nice   %system   %iowait    %steal     %idle
06:33:40        all     10.94      0.00     12.50      0.00      0.52     76.04

06:33:39    kbmemfree   kbavail kbmemused  %memused kbbuffers  kbcached  kbcommit   %commit  kbactive   kbinact   kbdirty
06:33:40      5605536   7190864    595812      7.33     80288   1691544   2003436     24.64    722308   1518716       480

06:33:39        IFACE   rxpck/s   txpck/s    rxkB/s    txkB/s   rxcmp/s   txcmp/s  rxmcst/s   %ifutil
06:33:40           lo   2005.00   2005.00    435.55    435.55      0.00      0.00      0.00      0.00
06:33:40         ens4    405.00    401.00    304.21     68.21      0.00      0.00      0.00      0.00
06:33:40      docker0   1003.00   1002.00     80.37    368.88      0.00      0.00      0.00      0.00
06:33:40    veth8dad8dc   1003.00   1002.00     94.08    368.88      0.00      0.00      0.00      0.03

06:33:40        CPU     %user     %nice   %system   %iowait    %steal     %idle
06:33:41        all     11.79      0.00     12.31      0.00      0.51     75.38

06:33:40    kbmemfree   kbavail kbmemused  %memused kbbuffers  kbcached  kbcommit   %commit  kbactive   kbinact   kbdirty
06:33:41      5605536   7190876    595692      7.33     80288   1691556   2003436     24.64    722472   1518728       508

06:33:40        IFACE   rxpck/s   txpck/s    rxkB/s    txkB/s   rxcmp/s   txcmp/s  rxmcst/s   %ifutil
06:33:41           lo   1995.00   1995.00    434.76    434.76      0.00      0.00      0.00      0.00
06:33:41         ens4    404.00    400.00    304.16     68.16      0.00      0.00      0.00      0.00
06:33:41      docker0    997.00    998.00     79.79    368.62      0.00      0.00      0.00      0.00
06:33:41    veth8dad8dc    997.00    998.00     93.42    368.62      0.00      0.00      0.00      0.03

06:33:41        CPU     %user     %nice   %system   %iowait    %steal     %idle
06:33:42        all     11.92      0.00     11.92      0.00      0.00     76.17

06:33:41    kbmemfree   kbavail kbmemused  %memused kbbuffers  kbcached  kbcommit   %commit  kbactive   kbinact   kbdirty
06:33:42      5605536   7190904    595428      7.32     80288   1691592   2003404     24.64    722620   1518756       528

06:33:41        IFACE   rxpck/s   txpck/s    rxkB/s    txkB/s   rxcmp/s   txcmp/s  rxmcst/s   %ifutil
06:33:42           lo   2005.00   2005.00    435.55    435.55      0.00      0.00      0.00      0.00
06:33:42         ens4    404.00    404.00    304.24     68.51      0.00      0.00      0.00      0.00
06:33:42      docker0   1003.00   1002.00     80.37    368.88      0.00      0.00      0.00      0.00
06:33:42    veth8dad8dc   1003.00   1002.00     94.08    368.88      0.00      0.00      0.00      0.03

06:33:42        CPU     %user     %nice   %system   %iowait    %steal     %idle
06:33:43        all     24.61      0.00     12.57      0.00      0.00     62.83

06:33:42    kbmemfree   kbavail kbmemused  %memused kbbuffers  kbcached  kbcommit   %commit  kbactive   kbinact   kbdirty
06:33:43      5605032   7190400    595892      7.33     80288   1691596   2007732     24.70    726448   1518756       532

06:33:42        IFACE   rxpck/s   txpck/s    rxkB/s    txkB/s   rxcmp/s   txcmp/s  rxmcst/s   %ifutil
06:33:43           lo   1995.00   1995.00    434.76    434.76      0.00      0.00      0.00      0.00
06:33:43         ens4    404.00    404.00    304.24     68.51      0.00      0.00      0.00      0.00
06:33:43      docker0    999.00    999.00     80.03    368.69      0.00      0.00      0.00      0.00
06:33:43    veth8dad8dc    999.00    999.00     93.69    368.69      0.00      0.00      0.00      0.03

06:33:43        CPU     %user     %nice   %system   %iowait    %steal     %idle
06:33:44        all     13.27      0.00     11.73      0.00      0.51     74.49

06:33:43    kbmemfree   kbavail kbmemused  %memused kbbuffers  kbcached  kbcommit   %commit  kbactive   kbinact   kbdirty
06:33:44      5605032   7190432    595616      7.33     80288   1691632   2003436     24.64    722640   1518788       568

06:33:43        IFACE   rxpck/s   txpck/s    rxkB/s    txkB/s   rxcmp/s   txcmp/s  rxmcst/s   %ifutil
06:33:44           lo   2005.00   2005.00    435.55    435.55      0.00      0.00      0.00      0.00
06:33:44         ens4    406.00    401.00    304.29     68.44      0.00      0.00      0.00      0.00
06:33:44      docker0   1001.00   1001.00     80.13    368.81      0.00      0.00      0.00      0.00
06:33:44    veth8dad8dc   1001.00   1001.00     93.81    368.81      0.00      0.00      0.00      0.03

06:33:44        CPU     %user     %nice   %system   %iowait    %steal     %idle
06:33:45        all      9.38      0.00     14.06      0.00      0.00     76.56

06:33:44    kbmemfree   kbavail kbmemused  %memused kbbuffers  kbcached  kbcommit   %commit  kbactive   kbinact   kbdirty
06:33:45      5605032   7190436    595520      7.33     80288   1691644   2003436     24.64    722508   1518792       580

06:33:44        IFACE   rxpck/s   txpck/s    rxkB/s    txkB/s   rxcmp/s   txcmp/s  rxmcst/s   %ifutil
06:33:45           lo   2000.00   2000.00    435.16    435.16      0.00      0.00      0.00      0.00
06:33:45         ens4    403.00    400.00    304.10     68.16      0.00      0.00      0.00      0.00
06:33:45      docker0   1000.00   1000.00     80.08    368.75      0.00      0.00      0.00      0.00
06:33:45    veth8dad8dc   1000.00   1000.00     93.75    368.75      0.00      0.00      0.00      0.03

06:33:45        CPU     %user     %nice   %system   %iowait    %steal     %idle
06:33:46        all     11.22      0.00     12.76      0.00      0.51     75.51

06:33:45    kbmemfree   kbavail kbmemused  %memused kbbuffers  kbcached  kbcommit   %commit  kbactive   kbinact   kbdirty
06:33:46      5604780   7190168    595632      7.33     80288   1691680   2003436     24.64    722508   1518792       616

06:33:45        IFACE   rxpck/s   txpck/s    rxkB/s    txkB/s   rxcmp/s   txcmp/s  rxmcst/s   %ifutil
06:33:46           lo   1999.00   1999.00    434.97    434.97      0.00      0.00      0.00      0.00
06:33:46         ens4    564.00    552.00    314.84     77.87      0.00      0.00      0.00      0.00
06:33:46      docker0    998.00    998.00     79.98    368.62      0.00      0.00      0.00      0.00
06:33:46    veth8dad8dc    998.00    998.00     93.62    368.62      0.00      0.00      0.00      0.03

06:33:46        CPU     %user     %nice   %system   %iowait    %steal     %idle
06:33:47        all     11.40      0.00     12.44      0.00      0.00     76.17

06:33:46    kbmemfree   kbavail kbmemused  %memused kbbuffers  kbcached  kbcommit   %commit  kbactive   kbinact   kbdirty
06:33:47      5604528   7189976    595764      7.33     80288   1691700   2003404     24.64    722508   1518852       636

06:33:46        IFACE   rxpck/s   txpck/s    rxkB/s    txkB/s   rxcmp/s   txcmp/s  rxmcst/s   %ifutil
06:33:47           lo   2005.00   2005.00    435.55    435.55      0.00      0.00      0.00      0.00
06:33:47         ens4    405.00    401.00    304.23     68.44      0.00      0.00      0.00      0.00
06:33:47      docker0   1002.00   1002.00     80.18    368.88      0.00      0.00      0.00      0.00
06:33:47    veth8dad8dc   1002.00   1002.00     93.88    368.88      0.00      0.00      0.00      0.03

06:33:47        CPU     %user     %nice   %system   %iowait    %steal     %idle
06:33:48        all     11.28      0.00     12.31      0.00      0.51     75.90

06:33:47    kbmemfree   kbavail kbmemused  %memused kbbuffers  kbcached  kbcommit   %commit  kbactive   kbinact   kbdirty
06:33:48      5604528   7190004    595612      7.33     80288   1691724   2003404     24.64    722496   1518880       660

06:33:47        IFACE   rxpck/s   txpck/s    rxkB/s    txkB/s   rxcmp/s   txcmp/s  rxmcst/s   %ifutil
06:33:48           lo   2000.00   2000.00    435.16    435.16      0.00      0.00      0.00      0.00
06:33:48         ens4    408.00    400.00    304.42     68.16      0.00      0.00      0.00      0.00
06:33:48      docker0   1000.00   1000.00     80.08    368.75      0.00      0.00      0.00      0.00
06:33:48    veth8dad8dc   1000.00   1000.00     93.75    368.75      0.00      0.00      0.00      0.03

06:33:48        CPU     %user     %nice   %system   %iowait    %steal     %idle
06:33:49        all     12.70      0.00     11.64      0.00      0.00     75.66

06:33:48    kbmemfree   kbavail kbmemused  %memused kbbuffers  kbcached  kbcommit   %commit  kbactive   kbinact   kbdirty
06:33:49      5604528   7190016    595456      7.32     80288   1691748   2003436     24.64    722612   1518892       684

06:33:48        IFACE   rxpck/s   txpck/s    rxkB/s    txkB/s   rxcmp/s   txcmp/s  rxmcst/s   %ifutil
06:33:49           lo   1998.00   1998.00    435.05    435.05      0.00      0.00      0.00      0.00
06:33:49         ens4    403.00    400.00    304.09     67.94      0.00      0.00      0.00      0.00
06:33:49      docker0    999.00    999.00     80.03    368.69      0.00      0.00      0.00      0.00
06:33:49    veth8dad8dc    999.00    999.00     93.69    368.69      0.00      0.00      0.00      0.03

06:33:49        CPU     %user     %nice   %system   %iowait    %steal     %idle
06:33:50        all     10.88      0.00     10.88      0.52      0.52     77.20

06:33:49    kbmemfree   kbavail kbmemused  %memused kbbuffers  kbcached  kbcommit   %commit  kbactive   kbinact   kbdirty
06:33:50      5604276   7189788    595564      7.33     80288   1691760   2003436     24.64    722508   1518916       696

06:33:49        IFACE   rxpck/s   txpck/s    rxkB/s    txkB/s   rxcmp/s   txcmp/s  rxmcst/s   %ifutil
06:33:50           lo   2002.00   2002.00    435.26    435.26      0.00      0.00      0.00      0.00
06:33:50         ens4    404.00    401.00    304.16     68.44      0.00      0.00      0.00      0.00
06:33:50      docker0   1001.00   1001.00     80.13    368.81      0.00      0.00      0.00      0.00
06:33:50    veth8dad8dc   1001.00   1001.00     93.81    368.81      0.00      0.00      0.00      0.03

06:33:50        CPU     %user     %nice   %system   %iowait    %steal     %idle
06:33:51        all     10.77      0.00     12.82      0.00      0.00     76.41

06:33:50    kbmemfree   kbavail kbmemused  %memused kbbuffers  kbcached  kbcommit   %commit  kbactive   kbinact   kbdirty
06:33:51      5604024   7189552    595680      7.33     80288   1691784   2003436     24.64    722508   1518932       652

06:33:50        IFACE   rxpck/s   txpck/s    rxkB/s    txkB/s   rxcmp/s   txcmp/s  rxmcst/s   %ifutil
06:33:51           lo   2000.00   2000.00    435.16    435.16      0.00      0.00      0.00      0.00
06:33:51         ens4    408.00    400.00    304.42     68.16      0.00      0.00      0.00      0.00
06:33:51      docker0   1000.00   1000.00     80.08    368.75      0.00      0.00      0.00      0.00
06:33:51    veth8dad8dc   1000.00   1000.00     93.75    368.75      0.00      0.00      0.00      0.03

06:33:51        CPU     %user     %nice   %system   %iowait    %steal     %idle
06:33:52        all     10.88      0.00     11.92      0.00      0.00     77.20

06:33:51    kbmemfree   kbavail kbmemused  %memused kbbuffers  kbcached  kbcommit   %commit  kbactive   kbinact   kbdirty
06:33:52      5604024   7189552    595496      7.32     80288   1691812   2003404     24.64    722508   1518932       680

06:33:51        IFACE   rxpck/s   txpck/s    rxkB/s    txkB/s   rxcmp/s   txcmp/s  rxmcst/s   %ifutil
06:33:52           lo   2000.00   2000.00    435.16    435.16      0.00      0.00      0.00      0.00
06:33:52         ens4    407.00    401.00    304.33     68.21      0.00      0.00      0.00      0.00
06:33:52      docker0   1000.00   1000.00     80.08    368.75      0.00      0.00      0.00      0.00
06:33:52    veth8dad8dc   1000.00   1000.00     93.75    368.75      0.00      0.00      0.00      0.03

06:33:52        CPU     %user     %nice   %system   %iowait    %steal     %idle
06:33:53        all      9.90      0.00     11.98      0.00      0.52     77.60

06:33:52    kbmemfree   kbavail kbmemused  %memused kbbuffers  kbcached  kbcommit   %commit  kbactive   kbinact   kbdirty
06:33:53      5604024   7189572    595344      7.32     80288   1691824   2003404     24.64    722496   1518952       692

06:33:52        IFACE   rxpck/s   txpck/s    rxkB/s    txkB/s   rxcmp/s   txcmp/s  rxmcst/s   %ifutil
06:33:53           lo   2000.00   2000.00    435.16    435.16      0.00      0.00      0.00      0.00
06:33:53         ens4    407.00    400.00    304.36     68.16      0.00      0.00      0.00      0.00
06:33:53      docker0   1000.00   1000.00     80.08    368.75      0.00      0.00      0.00      0.00
06:33:53    veth8dad8dc   1000.00   1000.00     93.75    368.75      0.00      0.00      0.00      0.03

06:33:53        CPU     %user     %nice   %system   %iowait    %steal     %idle
06:33:54        all      9.79      0.00     12.37      0.00      0.52     77.32

06:33:53    kbmemfree   kbavail kbmemused  %memused kbbuffers  kbcached  kbcommit   %commit  kbactive   kbinact   kbdirty
06:33:54      5603520   7189116    595660      7.33     80288   1691856   2003404     24.64    722508   1519000       724

06:33:53        IFACE   rxpck/s   txpck/s    rxkB/s    txkB/s   rxcmp/s   txcmp/s  rxmcst/s   %ifutil
06:33:54           lo   2000.00   2000.00    435.16    435.16      0.00      0.00      0.00      0.00
06:33:54         ens4    404.00    401.00    304.16     68.23      0.00      0.00      0.00      0.00
06:33:54      docker0   1000.00   1000.00     80.08    368.75      0.00      0.00      0.00      0.00
06:33:54    veth8dad8dc   1000.00   1000.00     93.75    368.75      0.00      0.00      0.00      0.03

06:33:54        CPU     %user     %nice   %system   %iowait    %steal     %idle
06:33:55        all     10.42      0.00     11.98      0.00      0.00     77.60

06:33:54    kbmemfree   kbavail kbmemused  %memused kbbuffers  kbcached  kbcommit   %commit  kbactive   kbinact   kbdirty
06:33:55      5609616   7195248    589668      7.25     80288   1691884   2003404     24.64    722188   1519036       748

06:33:54        IFACE   rxpck/s   txpck/s    rxkB/s    txkB/s   rxcmp/s   txcmp/s  rxmcst/s   %ifutil
06:33:55           lo   2000.00   2000.00    435.16    435.16      0.00      0.00      0.00      0.00
06:33:55         ens4    405.00    400.00    304.23     68.16      0.00      0.00      0.00      0.00
06:33:55      docker0   1000.00   1000.00     80.08    368.75      0.00      0.00      0.00      0.00
06:33:55    veth8dad8dc   1000.00   1000.00     93.75    368.75      0.00      0.00      0.00      0.03

06:33:55        CPU     %user     %nice   %system   %iowait    %steal     %idle
06:33:56        all     10.20      0.00     12.24      0.00      0.00     77.55

06:33:55    kbmemfree   kbavail kbmemused  %memused kbbuffers  kbcached  kbcommit   %commit  kbactive   kbinact   kbdirty
06:33:56      5609616   7195248    589576      7.25     80288   1691900   2003404     24.64    722188   1519036       764

06:33:55        IFACE   rxpck/s   txpck/s    rxkB/s    txkB/s   rxcmp/s   txcmp/s  rxmcst/s   %ifutil
06:33:56           lo   2000.00   2000.00    435.16    435.16      0.00      0.00      0.00      0.00
06:33:56         ens4    406.00    400.00    304.29     68.16      0.00      0.00      0.00      0.00
06:33:56      docker0   1000.00   1000.00     80.08    368.75      0.00      0.00      0.00      0.00
06:33:56    veth8dad8dc   1000.00   1000.00     93.75    368.75      0.00      0.00      0.00      0.03

06:33:56        CPU     %user     %nice   %system   %iowait    %steal     %idle
06:33:57        all     14.58      0.00     11.98      0.00      0.52     72.92

06:33:56    kbmemfree   kbavail kbmemused  %memused kbbuffers  kbcached  kbcommit   %commit  kbactive   kbinact   kbdirty
06:33:57      5609364   7195064    589600      7.25     80288   1691932   2000268     24.60    719084   1519104        80

06:33:56        IFACE   rxpck/s   txpck/s    rxkB/s    txkB/s   rxcmp/s   txcmp/s  rxmcst/s   %ifutil
06:33:57           lo   2000.00   2000.00    435.16    435.16      0.00      0.00      0.00      0.00
06:33:57         ens4    405.00    400.00    304.23     68.16      0.00      0.00      0.00      0.00
06:33:57      docker0   1000.00   1000.00     80.08    368.75      0.00      0.00      0.00      0.00
06:33:57    veth8dad8dc   1000.00   1000.00     93.75    368.75      0.00      0.00      0.00      0.03

06:33:57        CPU     %user     %nice   %system   %iowait    %steal     %idle
06:33:58        all     10.42      0.00     11.98      0.00      0.00     77.60

06:33:57    kbmemfree   kbavail kbmemused  %memused kbbuffers  kbcached  kbcommit   %commit  kbactive   kbinact   kbdirty
06:33:58      5609364   7195076    589404      7.25     80288   1691952   2000268     24.60    719192   1519116       100

06:33:57        IFACE   rxpck/s   txpck/s    rxkB/s    txkB/s   rxcmp/s   txcmp/s  rxmcst/s   %ifutil
06:33:58           lo   2000.00   2000.00    435.16    435.16      0.00      0.00      0.00      0.00
06:33:58         ens4    410.00    403.00    306.36     68.53      0.00      0.00      0.00      0.00
06:33:58      docker0   1000.00   1000.00     80.08    368.75      0.00      0.00      0.00      0.00
06:33:58    veth8dad8dc   1000.00   1000.00     93.75    368.75      0.00      0.00      0.00      0.03

06:33:58        CPU     %user     %nice   %system   %iowait    %steal     %idle
06:33:59        all     10.88      0.00     11.92      0.00      0.52     76.68

06:33:58    kbmemfree   kbavail kbmemused  %memused kbbuffers  kbcached  kbcommit   %commit  kbactive   kbinact   kbdirty
06:33:59      5609112   7194844    589544      7.25     80288   1691968   2000268     24.60    719352   1519136       116

06:33:58        IFACE   rxpck/s   txpck/s    rxkB/s    txkB/s   rxcmp/s   txcmp/s  rxmcst/s   %ifutil
06:33:59           lo   2000.00   2000.00    435.16    435.16      0.00      0.00      0.00      0.00
06:33:59         ens4    404.00    400.00    304.16     68.16      0.00      0.00      0.00      0.00
06:33:59      docker0   1000.00   1000.00     80.08    368.75      0.00      0.00      0.00      0.00
06:33:59    veth8dad8dc   1000.00   1000.00     93.75    368.75      0.00      0.00      0.00      0.03

06:33:59        CPU     %user     %nice   %system   %iowait    %steal     %idle
06:34:00        all     12.95      0.00     12.44      0.00      0.00     74.61

06:33:59    kbmemfree   kbavail kbmemused  %memused kbbuffers  kbcached  kbcommit   %commit  kbactive   kbinact   kbdirty
06:34:00      5608860   7194628    589576      7.25     80288   1692000   2000268     24.60    720576   1519172       156

06:33:59        IFACE   rxpck/s   txpck/s    rxkB/s    txkB/s   rxcmp/s   txcmp/s  rxmcst/s   %ifutil
06:34:00           lo   2005.00   2005.00    443.61    443.61      0.00      0.00      0.00      0.00
06:34:00         ens4    409.00    406.00    306.55     70.57      0.00      0.00      0.00      0.00
06:34:00      docker0   1000.00   1000.00     80.08    368.75      0.00      0.00      0.00      0.00
06:34:00    veth8dad8dc   1000.00   1000.00     93.75    368.75      0.00      0.00      0.00      0.03

06:34:00        CPU     %user     %nice   %system   %iowait    %steal     %idle
06:34:01        all      7.69      0.00      8.72      0.00      0.00     83.59

06:34:00    kbmemfree   kbavail kbmemused  %memused kbbuffers  kbcached  kbcommit   %commit  kbactive   kbinact   kbdirty
06:34:01      5608860   7194636    589496      7.25     80288   1692016   2000268     24.60    720628   1519180       172

06:34:00        IFACE   rxpck/s   txpck/s    rxkB/s    txkB/s   rxcmp/s   txcmp/s  rxmcst/s   %ifutil
06:34:01           lo   1370.00   1370.00    298.08    298.08      0.00      0.00      0.00      0.00
06:34:01         ens4    281.00    274.00    208.63     46.69      0.00      0.00      0.00      0.00
06:34:01      docker0    685.00    685.00     54.85    252.59      0.00      0.00      0.00      0.00
06:34:01    veth8dad8dc    685.00    685.00     64.22    252.59      0.00      0.00      0.00      0.02

06:34:01        CPU     %user     %nice   %system   %iowait    %steal     %idle
06:34:02        all      0.50      0.00      0.00      0.00      0.00     99.50

06:34:01    kbmemfree   kbavail kbmemused  %memused kbbuffers  kbcached  kbcommit   %commit  kbactive   kbinact   kbdirty
06:34:02      5608860   7194644    589468      7.25     80288   1692016   2000268     24.60    720680   1519188       172

06:34:01        IFACE   rxpck/s   txpck/s    rxkB/s    txkB/s   rxcmp/s   txcmp/s  rxmcst/s   %ifutil
06:34:02           lo     17.00     17.00     23.91     23.91      0.00      0.00      0.00      0.00
06:34:02         ens4      3.00      4.00      0.43      0.67      0.00      0.00      0.00      0.00
06:34:02      docker0      0.00      0.00      0.00      0.00      0.00      0.00      0.00      0.00
06:34:02    veth8dad8dc      0.00      0.00      0.00      0.00      0.00      0.00      0.00      0.00

06:34:02        CPU     %user     %nice   %system   %iowait    %steal     %idle
06:34:03        all      0.00      0.00      1.01      0.00      0.00     98.99

06:34:02    kbmemfree   kbavail kbmemused  %memused kbbuffers  kbcached  kbcommit   %commit  kbactive   kbinact   kbdirty
06:34:03      5608860   7194644    589468      7.25     80288   1692016   2000268     24.60    720648   1519188       172

06:34:02        IFACE   rxpck/s   txpck/s    rxkB/s    txkB/s   rxcmp/s   txcmp/s  rxmcst/s   %ifutil
06:34:03           lo      0.00      0.00      0.00      0.00      0.00      0.00      0.00      0.00
06:34:03         ens4      0.00      0.00      0.00      0.00      0.00      0.00      0.00      0.00
06:34:03      docker0      0.00      0.00      0.00      0.00      0.00      0.00      0.00      0.00
06:34:03    veth8dad8dc      0.00      0.00      0.00      0.00      0.00      0.00      0.00      0.00

06:34:03        CPU     %user     %nice   %system   %iowait    %steal     %idle
06:34:04        all      0.50      0.00      0.00      0.00      0.00     99.50

06:34:03    kbmemfree   kbavail kbmemused  %memused kbbuffers  kbcached  kbcommit   %commit  kbactive   kbinact   kbdirty
06:34:04      5608860   7194644    589468      7.25     80288   1692016   2000268     24.60    720648   1519188       172

06:34:03        IFACE   rxpck/s   txpck/s    rxkB/s    txkB/s   rxcmp/s   txcmp/s  rxmcst/s   %ifutil
06:34:04           lo      0.00      0.00      0.00      0.00      0.00      0.00      0.00      0.00
06:34:04         ens4      1.00      1.00      0.04      0.04      0.00      0.00      0.00      0.00
06:34:04      docker0      0.00      0.00      0.00      0.00      0.00      0.00      0.00      0.00
06:34:04    veth8dad8dc      0.00      0.00      0.00      0.00      0.00      0.00      0.00      0.00

06:34:04        CPU     %user     %nice   %system   %iowait    %steal     %idle
06:34:05        all      0.00      0.00      0.00      0.00      0.00    100.00

06:34:04    kbmemfree   kbavail kbmemused  %memused kbbuffers  kbcached  kbcommit   %commit  kbactive   kbinact   kbdirty
06:34:05      5608860   7194652    589464      7.25     80288   1692020   2000268     24.60    720704   1519196       168

06:34:04        IFACE   rxpck/s   txpck/s    rxkB/s    txkB/s   rxcmp/s   txcmp/s  rxmcst/s   %ifutil
06:34:05           lo      0.00      0.00      0.00      0.00      0.00      0.00      0.00      0.00
06:34:05         ens4      0.00      0.00      0.00      0.00      0.00      0.00      0.00      0.00
06:34:05      docker0      0.00      0.00      0.00      0.00      0.00      0.00      0.00      0.00
06:34:05    veth8dad8dc      0.00      0.00      0.00      0.00      0.00      0.00      0.00      0.00

06:34:05        CPU     %user     %nice   %system   %iowait    %steal     %idle
06:34:06        all      3.08      0.00      3.08      0.00      0.00     93.85

06:34:05    kbmemfree   kbavail kbmemused  %memused kbbuffers  kbcached  kbcommit   %commit  kbactive   kbinact   kbdirty
06:34:06      5608860   7194652    589464      7.25     80288   1692020   2000268     24.60    720704   1519196       168

06:34:05        IFACE   rxpck/s   txpck/s    rxkB/s    txkB/s   rxcmp/s   txcmp/s  rxmcst/s   %ifutil
06:34:06           lo    600.00    600.00    130.55    130.55      0.00      0.00      0.00      0.00
06:34:06         ens4    242.00    182.00     99.51     24.92      0.00      0.00      0.00      0.00
06:34:06      docker0    300.00    300.00     24.02    110.62      0.00      0.00      0.00      0.00
06:34:06    veth8dad8dc    300.00    300.00     28.12    110.62      0.00      0.00      0.00      0.01

06:34:06        CPU     %user     %nice   %system   %iowait    %steal     %idle
06:34:07        all     12.04      0.00     12.57      0.00      1.05     74.35

06:34:06    kbmemfree   kbavail kbmemused  %memused kbbuffers  kbcached  kbcommit   %commit  kbactive   kbinact   kbdirty
06:34:07      5607904   7193752    589688      7.25     80288   1692048   2000268     24.60    720704   1519196       204

06:34:06        IFACE   rxpck/s   txpck/s    rxkB/s    txkB/s   rxcmp/s   txcmp/s  rxmcst/s   %ifutil
06:34:07           lo   2087.00   2087.00    454.59    454.59      0.00      0.00      0.00      0.00
06:34:07         ens4    712.00    558.00    337.62     81.13      0.00      0.00      0.00      0.00
06:34:07      docker0   1044.00   1044.00     83.63    385.28      0.00      0.00      0.00      0.00
06:34:07    veth8dad8dc   1044.00   1044.00     97.90    385.28      0.00      0.00      0.00      0.03

06:34:07        CPU     %user     %nice   %system   %iowait    %steal     %idle
06:34:08        all     11.86      0.00     13.92      0.00      0.00     74.23

06:34:07    kbmemfree   kbavail kbmemused  %memused kbbuffers  kbcached  kbcommit   %commit  kbactive   kbinact   kbdirty
06:34:08      5607904   7193752    589652      7.25     80288   1692056   2000268     24.60    720704   1519196       212

06:34:07        IFACE   rxpck/s   txpck/s    rxkB/s    txkB/s   rxcmp/s   txcmp/s  rxmcst/s   %ifutil
06:34:08           lo   2133.00   2133.00    463.59    463.59      0.00      0.00      0.00      0.00
06:34:08         ens4    427.00    427.00    323.72     72.87      0.00      0.00      0.00      0.00
06:34:08      docker0   1066.00   1066.00     85.33    392.78      0.00      0.00      0.00      0.00
06:34:08    veth8dad8dc   1066.00   1066.00     99.91    392.78      0.00      0.00      0.00      0.03

06:34:08        CPU     %user     %nice   %system   %iowait    %steal     %idle
06:34:09        all     13.02      0.00     14.58      0.00      0.00     72.40

06:34:08    kbmemfree   kbavail kbmemused  %memused kbbuffers  kbcached  kbcommit   %commit  kbactive   kbinact   kbdirty
06:34:09      5607652   7193500    589672      7.25     80288   1692100   2000268     24.60    720704   1519196       256

06:34:08        IFACE   rxpck/s   txpck/s    rxkB/s    txkB/s   rxcmp/s   txcmp/s  rxmcst/s   %ifutil
06:34:09           lo   2210.00   2210.00    480.85    480.85      0.00      0.00      0.00      0.00
06:34:09         ens4    446.00    443.00    336.07     75.39      0.00      0.00      0.00      0.00
06:34:09      docker0   1105.00   1105.00     88.49    407.47      0.00      0.00      0.00      0.00
06:34:09    veth8dad8dc   1105.00   1105.00    103.59    407.47      0.00      0.00      0.00      0.03

06:34:09        CPU     %user     %nice   %system   %iowait    %steal     %idle
06:34:10        all     12.95      0.00     13.99      0.00      1.04     72.02

06:34:09    kbmemfree   kbavail kbmemused  %memused kbbuffers  kbcached  kbcommit   %commit  kbactive   kbinact   kbdirty
06:34:10      5607652   7193500    589608      7.25     80288   1692112   2000268     24.60    720704   1519196       268

06:34:09        IFACE   rxpck/s   txpck/s    rxkB/s    txkB/s   rxcmp/s   txcmp/s  rxmcst/s   %ifutil
06:34:10           lo   2280.00   2280.00    496.08    496.08      0.00      0.00      0.00      0.00
06:34:10         ens4    458.00    457.00    346.56     77.75      0.00      0.00      0.00      0.00
06:34:10      docker0   1140.00   1140.00     91.29    420.38      0.00      0.00      0.00      0.00
06:34:10    veth8dad8dc   1140.00   1140.00    106.88    420.38      0.00      0.00      0.00      0.03

06:34:10        CPU     %user     %nice   %system   %iowait    %steal     %idle
06:34:11        all     14.14      0.00     13.61      0.00      0.00     72.25

06:34:10    kbmemfree   kbavail kbmemused  %memused kbbuffers  kbcached  kbcommit   %commit  kbactive   kbinact   kbdirty
06:34:11      5607652   7193560    589472      7.25     80288   1692144   2000268     24.60    720704   1519256       304

06:34:10        IFACE   rxpck/s   txpck/s    rxkB/s    txkB/s   rxcmp/s   txcmp/s  rxmcst/s   %ifutil
06:34:11           lo   2360.00   2360.00    513.48    513.48      0.00      0.00      0.00      0.00
06:34:11         ens4    474.00    472.00    358.74     80.43      0.00      0.00      0.00      0.00
06:34:11      docker0   1180.00   1180.00     94.49    435.12      0.00      0.00      0.00      0.00
06:34:11    veth8dad8dc   1180.00   1180.00    110.62    435.12      0.00      0.00      0.00      0.04

06:34:11        CPU     %user     %nice   %system   %iowait    %steal     %idle
06:34:12        all     12.83      0.00     12.83      0.00      0.00     74.33

06:34:11    kbmemfree   kbavail kbmemused  %memused kbbuffers  kbcached  kbcommit   %commit  kbactive   kbinact   kbdirty
06:34:12      5607400   7193380    589620      7.25     80288   1692160   2000268     24.60    720720   1519328       304

06:34:11        IFACE   rxpck/s   txpck/s    rxkB/s    txkB/s   rxcmp/s   txcmp/s  rxmcst/s   %ifutil
06:34:12           lo   2430.00   2430.00    528.71    528.71      0.00      0.00      0.00      0.00
06:34:12         ens4    491.00    486.00    369.57     82.82      0.00      0.00      0.00      0.00
06:34:12      docker0   1215.00   1215.00     97.29    448.03      0.00      0.00      0.00      0.00
06:34:12    veth8dad8dc   1215.00   1215.00    113.91    448.03      0.00      0.00      0.00      0.04

06:34:12        CPU     %user     %nice   %system   %iowait    %steal     %idle
06:34:13        all     12.50      0.00     15.10      0.00      1.04     71.35

06:34:12    kbmemfree   kbavail kbmemused  %memused kbbuffers  kbcached  kbcommit   %commit  kbactive   kbinact   kbdirty
06:34:13      5607400   7193380    589464      7.25     80288   1692192   2000268     24.60    720720   1519328       352

06:34:12        IFACE   rxpck/s   txpck/s    rxkB/s    txkB/s   rxcmp/s   txcmp/s  rxmcst/s   %ifutil
06:34:13           lo   2505.00   2505.00    545.73    545.73      0.00      0.00      0.00      0.00
06:34:13         ens4    506.00    501.00    381.66     85.27      0.00      0.00      0.00      0.00
06:34:13      docker0   1253.00   1254.00    100.40    462.72      0.00      0.00      0.00      0.00
06:34:13    veth8dad8dc   1253.00   1254.00    117.53    462.72      0.00      0.00      0.00      0.04

06:34:13        CPU     %user     %nice   %system   %iowait    %steal     %idle
06:34:14        all     18.85      0.00     14.66      0.00      0.00     66.49

06:34:13    kbmemfree   kbavail kbmemused  %memused kbbuffers  kbcached  kbcommit   %commit  kbactive   kbinact   kbdirty
06:34:14      5607148   7193128    589488      7.25     80288   1692236   2000268     24.60    720720   1519328       396

06:34:13        IFACE   rxpck/s   txpck/s    rxkB/s    txkB/s   rxcmp/s   txcmp/s  rxmcst/s   %ifutil
06:34:14           lo   2580.00   2580.00    561.35    561.35      0.00      0.00      0.00      0.00
06:34:14         ens4    520.00    516.00    392.30     87.93      0.00      0.00      0.00      0.00
06:34:14      docker0   1287.00   1286.00    103.00    473.91      0.00      0.00      0.00      0.00
06:34:14    veth8dad8dc   1287.00   1286.00    120.60    473.91      0.00      0.00      0.00      0.04

06:34:14        CPU     %user     %nice   %system   %iowait    %steal     %idle
06:34:15        all     13.92      0.00     18.04      0.00      0.52     67.53

06:34:14    kbmemfree   kbavail kbmemused  %memused kbbuffers  kbcached  kbcommit   %commit  kbactive   kbinact   kbdirty
06:34:15      5607148   7193128    589460      7.25     80288   1692244   2000268     24.60    720720   1519328       404

06:34:14        IFACE   rxpck/s   txpck/s    rxkB/s    txkB/s   rxcmp/s   txcmp/s  rxmcst/s   %ifutil
06:34:15           lo   2650.00   2650.00    576.58    576.58      0.00      0.00      0.00      0.00
06:34:15         ens4    536.00    530.00    403.06     90.32      0.00      0.00      0.00      0.00
06:34:15      docker0   1327.00   1328.00    106.21    490.31      0.00      0.00      0.00      0.00
06:34:15    veth8dad8dc   1327.00   1328.00    124.36    490.31      0.00      0.00      0.00      0.04

06:34:15        CPU     %user     %nice   %system   %iowait    %steal     %idle
06:34:16        all     13.68      0.00     15.26      0.00      0.53     70.53

06:34:15    kbmemfree   kbavail kbmemused  %memused kbbuffers  kbcached  kbcommit   %commit  kbactive   kbinact   kbdirty
06:34:16      5606896   7193004    589492      7.25     80288   1692292   2000268     24.60    720832   1519456       452

06:34:15        IFACE   rxpck/s   txpck/s    rxkB/s    txkB/s   rxcmp/s   txcmp/s  rxmcst/s   %ifutil
06:34:16           lo   2734.00   2734.00    594.19    594.19      0.00      0.00      0.00      0.00
06:34:16         ens4    556.00    547.00    415.45     93.08      0.00      0.00      0.00      0.00
06:34:16      docker0   1365.00   1365.00    109.31    503.34      0.00      0.00      0.00      0.00
06:34:16    veth8dad8dc   1365.00   1365.00    127.97    503.34      0.00      0.00      0.00      0.04

06:34:16        CPU     %user     %nice   %system   %iowait    %steal     %idle
06:34:17        all     14.95      0.00     15.98      0.00      0.00     69.07

06:34:16    kbmemfree   kbavail kbmemused  %memused kbbuffers  kbcached  kbcommit   %commit  kbactive   kbinact   kbdirty
06:34:17      5606896   7193028    589304      7.25     80288   1692324   2000268     24.60    720928   1519480       484

06:34:16        IFACE   rxpck/s   txpck/s    rxkB/s    txkB/s   rxcmp/s   txcmp/s  rxmcst/s   %ifutil
06:34:17           lo   2802.00   2802.00    609.32    609.32      0.00      0.00      0.00      0.00
06:34:17         ens4    566.00    560.00    425.86     95.43      0.00      0.00      0.00      0.00
06:34:17      docker0   1400.00   1400.00    112.11    516.25      0.00      0.00      0.00      0.00
06:34:17    veth8dad8dc   1400.00   1400.00    131.25    516.25      0.00      0.00      0.00      0.04

06:34:17        CPU     %user     %nice   %system   %iowait    %steal     %idle
06:34:18        all     14.97      0.00     13.90      0.00      0.53     70.59

06:34:17    kbmemfree   kbavail kbmemused  %memused kbbuffers  kbcached  kbcommit   %commit  kbactive   kbinact   kbdirty
06:34:18      5606644   7192800    589424      7.25     80288   1692344   2000268     24.60    721024   1519504       504

06:34:17        IFACE   rxpck/s   txpck/s    rxkB/s    txkB/s   rxcmp/s   txcmp/s  rxmcst/s   %ifutil
06:34:18           lo   2875.00   2875.00    624.84    624.84      0.00      0.00      0.00      0.00
06:34:18         ens4    587.00    575.00    436.94     98.09      0.00      0.00      0.00      0.00
06:34:18      docker0   1438.00   1437.00    115.20    529.29      0.00      0.00      0.00      0.00
06:34:18    veth8dad8dc   1438.00   1437.00    134.86    529.29      0.00      0.00      0.00      0.04

06:34:18        CPU     %user     %nice   %system   %iowait    %steal     %idle
06:34:19        all     14.29      0.00     15.34      0.00      0.53     69.84

06:34:18    kbmemfree   kbavail kbmemused  %memused kbbuffers  kbcached  kbcommit   %commit  kbactive   kbinact   kbdirty
06:34:19      5606392   7192548    589416      7.25     80288   1692388   2000268     24.60    721024   1519504       548

06:34:18        IFACE   rxpck/s   txpck/s    rxkB/s    txkB/s   rxcmp/s   txcmp/s  rxmcst/s   %ifutil
06:34:19           lo   2950.00   2950.00    641.86    641.86      0.00      0.00      0.00      0.00
06:34:19         ens4    596.00    590.00    450.04    100.54      0.00      0.00      0.00      0.00
06:34:19      docker0   1475.00   1475.00    118.12    543.91      0.00      0.00      0.00      0.00
06:34:19    veth8dad8dc   1475.00   1475.00    138.28    543.91      0.00      0.00      0.00      0.04

06:34:19        CPU     %user     %nice   %system   %iowait    %steal     %idle
06:34:20        all     14.58      0.00     18.23      0.00      0.00     67.19

06:34:19    kbmemfree   kbavail kbmemused  %memused kbbuffers  kbcached  kbcommit   %commit  kbactive   kbinact   kbdirty
06:34:20      5606140   7192336    589508      7.25     80288   1692404   2000268     24.60    721044   1519544       564

06:34:19        IFACE   rxpck/s   txpck/s    rxkB/s    txkB/s   rxcmp/s   txcmp/s  rxmcst/s   %ifutil
06:34:20           lo   3025.00   3025.00    658.87    658.87      0.00      0.00      0.00      0.00
06:34:20         ens4    613.00    605.00    459.48    102.99      0.00      0.00      0.00      0.00
06:34:20      docker0   1510.00   1510.00    120.92    556.81      0.00      0.00      0.00      0.00
06:34:20    veth8dad8dc   1510.00   1510.00    141.56    556.81      0.00      0.00      0.00      0.05

06:34:20        CPU     %user     %nice   %system   %iowait    %steal     %idle
06:34:21        all     16.04      0.00     15.51      0.00      0.00     68.45

06:34:20    kbmemfree   kbavail kbmemused  %memused kbbuffers  kbcached  kbcommit   %commit  kbactive   kbinact   kbdirty
06:34:21      5606140   7192392    589184      7.25     80288   1692460   2000268     24.60    721048   1519600       620

06:34:20        IFACE   rxpck/s   txpck/s    rxkB/s    txkB/s   rxcmp/s   txcmp/s  rxmcst/s   %ifutil
06:34:21           lo   3098.00   3098.00    672.86    672.86      0.00      0.00      0.00      0.00
06:34:21         ens4    634.00    619.00    470.57    105.59      0.00      0.00      0.00      0.00
06:34:21      docker0   1550.00   1550.00    124.12    571.56      0.00      0.00      0.00      0.00
06:34:21    veth8dad8dc   1550.00   1550.00    145.31    571.56      0.00      0.00      0.00      0.05

06:34:21        CPU     %user     %nice   %system   %iowait    %steal     %idle
06:34:22        all     16.32      0.00     17.37      0.00      1.05     65.26

06:34:21    kbmemfree   kbavail kbmemused  %memused kbbuffers  kbcached  kbcommit   %commit  kbactive   kbinact   kbdirty
06:34:22      5605888   7192184    589168      7.25     80288   1692608   2000268     24.60    721064   1519644      1120

06:34:21        IFACE   rxpck/s   txpck/s    rxkB/s    txkB/s   rxcmp/s   txcmp/s  rxmcst/s   %ifutil
06:34:22           lo   3175.00   3175.00    691.51    691.51      0.00      0.00      0.00      0.00
06:34:22         ens4    671.00    652.00    487.71    125.29      0.00      0.00      0.00      0.00
06:34:22      docker0   1586.00   1587.00    126.98    584.61      0.00      0.00      0.00      0.00
06:34:22    veth8dad8dc   1586.00   1587.00    148.67    584.61      0.00      0.00      0.00      0.05

06:34:22        CPU     %user     %nice   %system   %iowait    %steal     %idle
06:34:23        all     30.73      0.00     26.04      0.00      0.00     43.23

06:34:22    kbmemfree   kbavail kbmemused  %memused kbbuffers  kbcached  kbcommit   %commit  kbactive   kbinact   kbdirty
06:34:23      5601616   7188108    593140      7.30     80288   1692668   2000268     24.60    719380   1519712      1164

06:34:22        IFACE   rxpck/s   txpck/s    rxkB/s    txkB/s   rxcmp/s   txcmp/s  rxmcst/s   %ifutil
06:34:23           lo   3245.00   3245.00    705.35    705.35      0.00      0.00      0.00      0.00
06:34:23         ens4    689.00    672.00    495.67    357.37      0.00      0.00      0.00      0.00
06:34:23      docker0   1624.00   1623.00    130.07    599.08      0.00      0.00      0.00      0.00
06:34:23    veth8dad8dc   1624.00   1623.00    152.27    599.08      0.00      0.00      0.00      0.05

06:34:23        CPU     %user     %nice   %system   %iowait    %steal     %idle
06:34:24        all     16.04      0.00     17.11      0.00      0.00     66.84

06:34:23    kbmemfree   kbavail kbmemused  %memused kbbuffers  kbcached  kbcommit   %commit  kbactive   kbinact   kbdirty
06:34:24      5601140   7187632    593596      7.30     80288   1692676   2000268     24.60    719380   1519712      1172

06:34:23        IFACE   rxpck/s   txpck/s    rxkB/s    txkB/s   rxcmp/s   txcmp/s  rxmcst/s   %ifutil
06:34:24           lo   3315.00   3315.00    721.97    721.97      0.00      0.00      0.00      0.00
06:34:24         ens4    683.00    669.00    506.17    154.33      0.00      0.00      0.00      0.00
06:34:24      docker0   1657.00   1658.00    132.64    612.00      0.00      0.00      0.00      0.00
06:34:24    veth8dad8dc   1657.00   1658.00    155.29    612.00      0.00      0.00      0.00      0.05

06:34:24        CPU     %user     %nice   %system   %iowait    %steal     %idle
06:34:25        all     15.14      0.00     17.30      0.00      1.08     66.49

06:34:24    kbmemfree   kbavail kbmemused  %memused kbbuffers  kbcached  kbcommit   %commit  kbactive   kbinact   kbdirty
06:34:25      5601140   7187644    593444      7.30     80288   1692716   2000268     24.60    719428   1519724      1224

06:34:24        IFACE   rxpck/s   txpck/s    rxkB/s    txkB/s   rxcmp/s   txcmp/s  rxmcst/s   %ifutil
06:34:25           lo   3400.00   3400.00    739.77    739.77      0.00      0.00      0.00      0.00
06:34:25         ens4    692.00    681.00    517.41    115.94      0.00      0.00      0.00      0.00
06:34:25      docker0   1700.00   1700.00    136.13    626.88      0.00      0.00      0.00      0.00
06:34:25    veth8dad8dc   1700.00   1700.00    159.38    626.88      0.00      0.00      0.00      0.05

06:34:25        CPU     %user     %nice   %system   %iowait    %steal     %idle
06:34:26        all     17.02      0.00     17.55      0.00      0.00     65.43

06:34:25    kbmemfree   kbavail kbmemused  %memused kbbuffers  kbcached  kbcommit   %commit  kbactive   kbinact   kbdirty
06:34:26      5600888   7187472    593500      7.30     80288   1692776   2000268     24.60    719124   1519804      1212

06:34:25        IFACE   rxpck/s   txpck/s    rxkB/s    txkB/s   rxcmp/s   txcmp/s  rxmcst/s   %ifutil
06:34:26           lo   3465.00   3465.00    753.21    753.21      0.00      0.00      0.00      0.00
06:34:26         ens4    713.00    693.00    527.11    118.20      0.00      0.00      0.00      0.00
06:34:26      docker0   1733.00   1732.00    138.83    638.07      0.00      0.00      0.00      0.00
06:34:26    veth8dad8dc   1733.00   1732.00    162.52    638.07      0.00      0.00      0.00      0.05

06:34:26        CPU     %user     %nice   %system   %iowait    %steal     %idle
06:34:27        all     17.37      0.00     18.42      0.00      0.00     64.21

06:34:26    kbmemfree   kbavail kbmemused  %memused kbbuffers  kbcached  kbcommit   %commit  kbactive   kbinact   kbdirty
06:34:27      5600888   7187472    593380      7.30     80288   1692812   2000268     24.60    719124   1519804      1248

06:34:26        IFACE   rxpck/s   txpck/s    rxkB/s    txkB/s   rxcmp/s   txcmp/s  rxmcst/s   %ifutil
06:34:27           lo   3545.00   3545.00    772.01    772.01      0.00      0.00      0.00      0.00
06:34:27         ens4    722.00    709.00    540.21    120.71      0.00      0.00      0.00      0.00
06:34:27      docker0   1772.00   1773.00    141.85    654.40      0.00      0.00      0.00      0.00
06:34:27    veth8dad8dc   1772.00   1773.00    166.07    654.40      0.00      0.00      0.00      0.05

06:34:27        CPU     %user     %nice   %system   %iowait    %steal     %idle
06:34:28        all     16.04      0.00     19.79      0.00      0.00     64.17

06:34:27    kbmemfree   kbavail kbmemused  %memused kbbuffers  kbcached  kbcommit   %commit  kbactive   kbinact   kbdirty
06:34:28      5600888   7187552    593284      7.30     80288   1692844   2000268     24.60    719124   1519884       516

06:34:27        IFACE   rxpck/s   txpck/s    rxkB/s    txkB/s   rxcmp/s   txcmp/s  rxmcst/s   %ifutil
06:34:28           lo   3615.00   3615.00    785.85    785.85      0.00      0.00      0.00      0.00
06:34:28         ens4    737.00    726.00    549.49    123.46      0.00      0.00      0.00      0.00
06:34:28      docker0   1808.00   1807.00    144.83    665.72      0.00      0.00      0.00      0.00
06:34:28    veth8dad8dc   1808.00   1807.00    169.55    665.72      0.00      0.00      0.00      0.05

06:34:28        CPU     %user     %nice   %system   %iowait    %steal     %idle
06:34:29        all     15.96      0.00     18.62      0.00      1.06     64.36

06:34:28    kbmemfree   kbavail kbmemused  %memused kbbuffers  kbcached  kbcommit   %commit  kbactive   kbinact   kbdirty
06:34:29      5600888   7187552    593208      7.30     80288   1692872   2000268     24.60    719124   1519884       544

06:34:28        IFACE   rxpck/s   txpck/s    rxkB/s    txkB/s   rxcmp/s   txcmp/s  rxmcst/s   %ifutil
06:34:29           lo   3690.00   3690.00    802.86    802.86      0.00      0.00      0.00      0.00
06:34:29         ens4    758.00    737.00    562.00    125.49      0.00      0.00      0.00      0.00
06:34:29      docker0   1845.00   1845.00    147.74    680.34      0.00      0.00      0.00      0.00
06:34:29    veth8dad8dc   1845.00   1845.00    172.97    680.34      0.00      0.00      0.00      0.06

06:34:29        CPU     %user     %nice   %system   %iowait    %steal     %idle
06:34:30        all     17.84      0.00     18.92      0.00      0.00     63.24

06:34:29    kbmemfree   kbavail kbmemused  %memused kbbuffers  kbcached  kbcommit   %commit  kbactive   kbinact   kbdirty
06:34:30      5600636   7187300    593300      7.30     80288   1692924   2000268     24.60    719124   1519884       644

06:34:29        IFACE   rxpck/s   txpck/s    rxkB/s    txkB/s   rxcmp/s   txcmp/s  rxmcst/s   %ifutil
06:34:30           lo   3765.00   3765.00    819.88    819.88      0.00      0.00      0.00      0.00
06:34:30         ens4    780.00    756.00    574.54    128.59      0.00      0.00      0.00      0.00
06:34:30      docker0   1882.00   1883.00    150.66    694.96      0.00      0.00      0.00      0.00
06:34:30    veth8dad8dc   1882.00   1883.00    176.39    694.96      0.00      0.00      0.00      0.06

06:34:30        CPU     %user     %nice   %system   %iowait    %steal     %idle
06:34:31        all     21.74      0.00     19.02      0.00      0.00     59.24

06:34:30    kbmemfree   kbavail kbmemused  %memused kbbuffers  kbcached  kbcommit   %commit  kbactive   kbinact   kbdirty
06:34:31      5600384   7187168    593224      7.30     80288   1692980   2000268     24.60    719124   1520004       700

06:34:30        IFACE   rxpck/s   txpck/s    rxkB/s    txkB/s   rxcmp/s   txcmp/s  rxmcst/s   %ifutil
06:34:31           lo   3839.00   3839.00    833.92    833.92      0.00      0.00      0.00      0.00
06:34:31         ens4    831.00    818.00    586.18    134.09      0.00      0.00      0.00      0.00
06:34:31      docker0   1918.00   1917.00    153.64    706.29      0.00      0.00      0.00      0.00
06:34:31    veth8dad8dc   1918.00   1917.00    179.86    706.29      0.00      0.00      0.00      0.06

06:34:31        CPU     %user     %nice   %system   %iowait    %steal     %idle
06:34:32        all     19.35      0.00     18.28      0.00      0.54     61.83

06:34:31    kbmemfree   kbavail kbmemused  %memused kbbuffers  kbcached  kbcommit   %commit  kbactive   kbinact   kbdirty
06:34:32      5600384   7187168    593112      7.30     80288   1693000   2000268     24.60    719124   1520004       720

06:34:31        IFACE   rxpck/s   txpck/s    rxkB/s    txkB/s   rxcmp/s   txcmp/s  rxmcst/s   %ifutil
06:34:32           lo   3920.00   3920.00    852.91    852.91      0.00      0.00      0.00      0.00
06:34:32         ens4    797.00    784.00    596.50    133.38      0.00      0.00      0.00      0.00
06:34:32      docker0   1960.00   1960.00    156.95    722.75      0.00      0.00      0.00      0.00
06:34:32    veth8dad8dc   1960.00   1960.00    183.75    722.75      0.00      0.00      0.00      0.06

06:34:32        CPU     %user     %nice   %system   %iowait    %steal     %idle
06:34:33        all     16.93      0.00     22.22      0.53      0.53     59.79

06:34:32    kbmemfree   kbavail kbmemused  %memused kbbuffers  kbcached  kbcommit   %commit  kbactive   kbinact   kbdirty
06:34:33      5600132   7186996    593184      7.30     80288   1693064   2000268     24.60    719100   1520084       400

06:34:32        IFACE   rxpck/s   txpck/s    rxkB/s    txkB/s   rxcmp/s   txcmp/s  rxmcst/s   %ifutil
06:34:33           lo   3985.00   3985.00    867.74    867.74      0.00      0.00      0.00      0.00
06:34:33         ens4    813.00    799.00    607.27    136.04      0.00      0.00      0.00      0.00
06:34:33      docker0   1990.00   1990.00    159.36    733.81      0.00      0.00      0.00      0.00
06:34:33    veth8dad8dc   1990.00   1990.00    186.56    733.81      0.00      0.00      0.00      0.06

06:34:33        CPU     %user     %nice   %system   %iowait    %steal     %idle
06:34:34        all     17.39      0.00     21.20      0.00      0.00     61.41

06:34:33    kbmemfree   kbavail kbmemused  %memused kbbuffers  kbcached  kbcommit   %commit  kbactive   kbinact   kbdirty
06:34:34      5600132   7186996    593116      7.30     80288   1693084   2000268     24.60    719100   1520084       420

06:34:33        IFACE   rxpck/s   txpck/s    rxkB/s    txkB/s   rxcmp/s   txcmp/s  rxmcst/s   %ifutil
06:34:34           lo   4090.00   4090.00    889.89    889.89      0.00      0.00      0.00      0.00
06:34:34         ens4    831.00    819.00    622.30    139.44      0.00      0.00      0.00      0.00
06:34:34      docker0   2045.00   2045.00    163.76    754.09      0.00      0.00      0.00      0.00
06:34:34    veth8dad8dc   2045.00   2045.00    191.72    754.09      0.00      0.00      0.00      0.06

06:34:34        CPU     %user     %nice   %system   %iowait    %steal     %idle
06:34:35        all     21.20      0.00     18.48      0.00      0.54     59.78

06:34:34    kbmemfree   kbavail kbmemused  %memused kbbuffers  kbcached  kbcommit   %commit  kbactive   kbinact   kbdirty
06:34:35      5599880   7186848    593124      7.30     80292   1693156   2000268     24.60    719116   1520188       500

06:34:34        IFACE   rxpck/s   txpck/s    rxkB/s    txkB/s   rxcmp/s   txcmp/s  rxmcst/s   %ifutil
06:34:35           lo   4200.00   4200.00    913.83    913.83      0.00      0.00      0.00      0.00
06:34:35         ens4    858.00    840.00    639.36    143.14      0.00      0.00      0.00      0.00
06:34:35      docker0   2104.00   2104.00    168.51    776.15      0.00      0.00      0.00      0.00
06:34:35    veth8dad8dc   2104.00   2104.00    197.28    776.15      0.00      0.00      0.00      0.06

06:34:35        CPU     %user     %nice   %system   %iowait    %steal     %idle
06:34:36        all     18.62      0.00     22.34      0.00      0.53     58.51

06:34:35    kbmemfree   kbavail kbmemused  %memused kbbuffers  kbcached  kbcommit   %commit  kbactive   kbinact   kbdirty
06:34:36      5599880   7186872    593032      7.29     80292   1693184   2000268     24.60    719212   1520212       528

06:34:35        IFACE   rxpck/s   txpck/s    rxkB/s    txkB/s   rxcmp/s   txcmp/s  rxmcst/s   %ifutil
06:34:36           lo   4315.00   4315.00    938.15    938.15      0.00      0.00      0.00      0.00
06:34:36         ens4    874.00    862.00    655.69    146.89      0.00      0.00      0.00      0.00
06:34:36      docker0   2156.00   2156.00    172.62    794.72      0.00      0.00      0.00      0.00
06:34:36    veth8dad8dc   2156.00   2156.00    202.10    794.72      0.00      0.00      0.00      0.07

06:34:36        CPU     %user     %nice   %system   %iowait    %steal     %idle
06:34:37        all     25.00      0.00     22.87      0.00      0.00     52.13

06:34:36    kbmemfree   kbavail kbmemused  %memused kbbuffers  kbcached  kbcommit   %commit  kbactive   kbinact   kbdirty
06:34:37      5599880   7186948    592808      7.29     80292   1693260   2000268     24.60    719416   1520288       604

06:34:36        IFACE   rxpck/s   txpck/s    rxkB/s    txkB/s   rxcmp/s   txcmp/s  rxmcst/s   %ifutil
06:34:37           lo   4425.00   4425.00    963.48    963.48      0.00      0.00      0.00      0.00
06:34:37         ens4    907.00    886.00    674.51    150.98      0.00      0.00      0.00      0.00
06:34:37      docker0   2211.00   2211.00    177.03    815.01      0.00      0.00      0.00      0.00
06:34:37    veth8dad8dc   2211.00   2211.00    207.26    815.01      0.00      0.00      0.00      0.07

06:34:37        CPU     %user     %nice   %system   %iowait    %steal     %idle
06:34:38        all     19.46      0.00     23.24      0.00      0.00     57.30

06:34:37    kbmemfree   kbavail kbmemused  %memused kbbuffers  kbcached  kbcommit   %commit  kbactive   kbinact   kbdirty
06:34:38      5599628   7186696    593004      7.29     80292   1693276   2000268     24.60    719416   1520288       620

06:34:37        IFACE   rxpck/s   txpck/s    rxkB/s    txkB/s   rxcmp/s   txcmp/s  rxmcst/s   %ifutil
06:34:38           lo   4535.00   4535.00    986.02    986.02      0.00      0.00      0.00      0.00
06:34:38         ens4    928.00    907.00    689.77    154.67      0.00      0.00      0.00      0.00
06:34:38      docker0   2269.00   2269.00    181.72    836.99      0.00      0.00      0.00      0.00
06:34:38    veth8dad8dc   2269.00   2269.00    212.74    836.99      0.00      0.00      0.00      0.07

06:34:38        CPU     %user     %nice   %system   %iowait    %steal     %idle
06:34:39        all     20.11      0.00     23.28      0.00      1.06     55.56

06:34:38    kbmemfree   kbavail kbmemused  %memused kbbuffers  kbcached  kbcommit   %commit  kbactive   kbinact   kbdirty
06:34:39      5599628   7186752    592632      7.29     80292   1693360   2000268     24.60    719420   1520344       704

06:34:38        IFACE   rxpck/s   txpck/s    rxkB/s    txkB/s   rxcmp/s   txcmp/s  rxmcst/s   %ifutil
06:34:39           lo   4645.00   4645.00   1011.35   1011.35      0.00      0.00      0.00      0.00
06:34:39         ens4    946.00    929.00    707.61    158.21      0.00      0.00      0.00      0.00
06:34:39      docker0   2322.00   2323.00    185.89    857.21      0.00      0.00      0.00      0.00
06:34:39    veth8dad8dc   2322.00   2323.00    217.64    857.21      0.00      0.00      0.00      0.07

06:34:39        CPU     %user     %nice   %system   %iowait    %steal     %idle
06:34:40        all     20.00      0.00     25.26      0.53      0.00     54.21

06:34:39    kbmemfree   kbavail kbmemused  %memused kbbuffers  kbcached  kbcommit   %commit  kbactive   kbinact   kbdirty
06:34:40      5599152   7186336    592984      7.29     80292   1693404   2000268     24.60    719420   1520404       752

06:34:39        IFACE   rxpck/s   txpck/s    rxkB/s    txkB/s   rxcmp/s   txcmp/s  rxmcst/s   %ifutil
06:34:40           lo   4762.00   4762.00   1035.91   1035.91      0.00      0.00      0.00      0.00
06:34:40         ens4    976.00    954.00    724.82    162.34      0.00      0.00      0.00      0.00
06:34:40      docker0   2382.00   2381.00    190.83    877.69      0.00      0.00      0.00      0.00
06:34:40    veth8dad8dc   2382.00   2381.00    223.39    877.69      0.00      0.00      0.00      0.07

06:34:40        CPU     %user     %nice   %system   %iowait    %steal     %idle
06:34:41        all     19.47      0.00     27.37      0.00      0.00     53.16

06:34:40    kbmemfree   kbavail kbmemused  %memused kbbuffers  kbcached  kbcommit   %commit  kbactive   kbinact   kbdirty
06:34:41      5599152   7186336    592920      7.29     80292   1693432   2000268     24.60    719420   1520404       780

06:34:40        IFACE   rxpck/s   txpck/s    rxkB/s    txkB/s   rxcmp/s   txcmp/s  rxmcst/s   %ifutil
06:34:41           lo   4868.00   4868.00   1059.37   1059.37      0.00      0.00      0.00      0.00
06:34:41         ens4    991.00    976.00    741.15    166.15      0.00      0.00      0.00      0.00
06:34:41      docker0   2433.00   2434.00    194.75    897.84      0.00      0.00      0.00      0.00
06:34:41    veth8dad8dc   2433.00   2434.00    228.01    897.84      0.00      0.00      0.00      0.07

06:34:41        CPU     %user     %nice   %system   %iowait    %steal     %idle
06:34:42        all     22.46      0.00     22.99      0.00      0.53     54.01

06:34:41    kbmemfree   kbavail kbmemused  %memused kbbuffers  kbcached  kbcommit   %commit  kbactive   kbinact   kbdirty
06:34:42      5598900   7186204    593028      7.29     80292   1693488   2000268     24.60    719072   1520524       836

06:34:41        IFACE   rxpck/s   txpck/s    rxkB/s    txkB/s   rxcmp/s   txcmp/s  rxmcst/s   %ifutil
06:34:42           lo   4980.00   4980.00   1083.54   1083.54      0.00      0.00      0.00      0.00
06:34:42         ens4   1018.00    995.00    758.14    169.66      0.00      0.00      0.00      0.00
06:34:42      docker0   2490.00   2490.00    199.39    918.19      0.00      0.00      0.00      0.00
06:34:42    veth8dad8dc   2490.00   2490.00    233.44    918.19      0.00      0.00      0.00      0.08

06:34:42        CPU     %user     %nice   %system   %iowait    %steal     %idle
06:34:43        all     27.66      0.00     24.47      0.00      0.53     47.34

06:34:42    kbmemfree   kbavail kbmemused  %memused kbbuffers  kbcached  kbcommit   %commit  kbactive   kbinact   kbdirty
06:34:43      5598676   7186044    592980      7.29     80292   1693564   1997140     24.57    716036   1520580       896

06:34:42        IFACE   rxpck/s   txpck/s    rxkB/s    txkB/s   rxcmp/s   txcmp/s  rxmcst/s   %ifutil
06:34:43           lo   5090.00   5090.00   1107.47   1107.47      0.00      0.00      0.00      0.00
06:34:43         ens4   1037.00   1019.00    774.67    173.54      0.00      0.00      0.00      0.00
06:34:43      docker0   2543.00   2542.00    203.69    936.75      0.00      0.00      0.00      0.00
06:34:43    veth8dad8dc   2543.00   2542.00    238.46    936.75      0.00      0.00      0.00      0.08

06:34:43        CPU     %user     %nice   %system   %iowait    %steal     %idle
06:34:44        all     23.24      0.00     27.03      0.00      0.00     49.73

06:34:43    kbmemfree   kbavail kbmemused  %memused kbbuffers  kbcached  kbcommit   %commit  kbactive   kbinact   kbdirty
06:34:44      5598424   7185796    593120      7.30     80292   1693596   1997140     24.57    714304   1520592       944

06:34:43        IFACE   rxpck/s   txpck/s    rxkB/s    txkB/s   rxcmp/s   txcmp/s  rxmcst/s   %ifutil
06:34:44           lo   5205.00   5205.00   1131.80   1131.80      0.00      0.00      0.00      0.00
06:34:44         ens4   1071.00   1041.00    792.15    177.50      0.00      0.00      0.00      0.00
06:34:44      docker0   2605.00   2605.00    208.60    960.59      0.00      0.00      0.00      0.00
06:34:44    veth8dad8dc   2605.00   2605.00    244.22    960.59      0.00      0.00      0.00      0.08

06:34:44        CPU     %user     %nice   %system   %iowait    %steal     %idle
06:34:45        all     21.28      0.00     27.66      0.00      1.06     50.00

06:34:44    kbmemfree   kbavail kbmemused  %memused kbbuffers  kbcached  kbcommit   %commit  kbactive   kbinact   kbdirty
06:34:45      5598424   7185860    592996      7.29     80292   1693660   1997140     24.57    714164   1520656      1008

06:34:44        IFACE   rxpck/s   txpck/s    rxkB/s    txkB/s   rxcmp/s   txcmp/s  rxmcst/s   %ifutil
06:34:45           lo   5312.00   5312.00   1156.97   1156.97      0.00      0.00      0.00      0.00
06:34:45         ens4   1087.00   1062.00    809.87    180.76      0.00      0.00      0.00      0.00
06:34:45      docker0   2654.00   2654.00    212.56    978.97      0.00      0.00      0.00      0.00
06:34:45    veth8dad8dc   2654.00   2654.00    248.84    978.97      0.00      0.00      0.00      0.08

06:34:45        CPU     %user     %nice   %system   %iowait    %steal     %idle
06:34:46        all     23.81      0.00     26.46      0.00      0.00     49.74

06:34:45    kbmemfree   kbavail kbmemused  %memused kbbuffers  kbcached  kbcommit   %commit  kbactive   kbinact   kbdirty
06:34:46      5598424   7185920    592848      7.29     80292   1693720   1997140     24.57    714164   1520716      1068

06:34:45        IFACE   rxpck/s   txpck/s    rxkB/s    txkB/s   rxcmp/s   txcmp/s  rxmcst/s   %ifutil
06:34:46           lo   5427.00   5427.00   1179.63   1179.63      0.00      0.00      0.00      0.00
06:34:46         ens4   1109.00   1086.00    825.17    185.04      0.00      0.00      0.00      0.00
06:34:46      docker0   2713.00   2714.00    217.17   1001.09      0.00      0.00      0.00      0.00
06:34:46    veth8dad8dc   2713.00   2714.00    254.26   1001.09      0.00      0.00      0.00      0.08

06:34:46        CPU     %user     %nice   %system   %iowait    %steal     %idle
06:34:47        all     23.68      0.00     26.84      0.00      0.00     49.47

06:34:46    kbmemfree   kbavail kbmemused  %memused kbbuffers  kbcached  kbcommit   %commit  kbactive   kbinact   kbdirty
06:34:47      5598172   7185728    592928      7.29     80292   1693776   1997140     24.57    714164   1520776      1124

06:34:46        IFACE   rxpck/s   txpck/s    rxkB/s    txkB/s   rxcmp/s   txcmp/s  rxmcst/s   %ifutil
06:34:47           lo   5535.00   5535.00   1203.60   1203.60      0.00      0.00      0.00      0.00
06:34:47         ens4   1130.00   1106.00    841.85    188.47      0.00      0.00      0.00      0.00
06:34:47      docker0   2768.00   2767.00    221.71   1019.72      0.00      0.00      0.00      0.00
06:34:47    veth8dad8dc   2768.00   2767.00    259.55   1019.72      0.00      0.00      0.00      0.08

06:34:47        CPU     %user     %nice   %system   %iowait    %steal     %idle
06:34:48        all     28.04      0.00     29.10      0.00      0.00     42.86

06:34:47    kbmemfree   kbavail kbmemused  %memused kbbuffers  kbcached  kbcommit   %commit  kbactive   kbinact   kbdirty
06:34:48      5597948   7185572    592908      7.29     80292   1693848   1997140     24.57    714164   1520836      1196

06:34:47        IFACE   rxpck/s   txpck/s    rxkB/s    txkB/s   rxcmp/s   txcmp/s  rxmcst/s   %ifutil
06:34:48           lo   5650.00   5650.00   1229.32   1229.32      0.00      0.00      0.00      0.00
06:34:48         ens4   1151.00   1131.00    859.89    192.84      0.00      0.00      0.00      0.00
06:34:48      docker0   2825.00   2825.00    226.22   1041.72      0.00      0.00      0.00      0.00
06:34:48    veth8dad8dc   2825.00   2825.00    264.84   1041.72      0.00      0.00      0.00      0.09

06:34:48        CPU     %user     %nice   %system   %iowait    %steal     %idle
06:34:49        all     24.46      0.00     27.17      0.00      1.09     47.28

06:34:48    kbmemfree   kbavail kbmemused  %memused kbbuffers  kbcached  kbcommit   %commit  kbactive   kbinact   kbdirty
06:34:49      5597500   7185228    593240      7.30     80292   1693900   1997140     24.57    714180   1520940      1248

06:34:48        IFACE   rxpck/s   txpck/s    rxkB/s    txkB/s   rxcmp/s   txcmp/s  rxmcst/s   %ifutil
06:34:49           lo   5755.00   5755.00   1252.86   1252.86      0.00      0.00      0.00      0.00
06:34:49         ens4   1169.00   1150.00    876.35    195.97      0.00      0.00      0.00      0.00
06:34:49      docker0   2876.00   2878.00    230.28   1061.87      0.00      0.00      0.00      0.00
06:34:49    veth8dad8dc   2876.00   2878.00    269.60   1061.87      0.00      0.00      0.00      0.09

06:34:49        CPU     %user     %nice   %system   %iowait    %steal     %idle
06:34:50        all     22.87      0.00     30.85      0.00      0.00     46.28

06:34:49    kbmemfree   kbavail kbmemused  %memused kbbuffers  kbcached  kbcommit   %commit  kbactive   kbinact   kbdirty
06:34:50      5597248   7185048    593312      7.30     80292   1693964   1997140     24.57    714468   1521012      1312

06:34:49        IFACE   rxpck/s   txpck/s    rxkB/s    txkB/s   rxcmp/s   txcmp/s  rxmcst/s   %ifutil
06:34:50           lo   5870.00   5870.00   1277.18   1277.18      0.00      0.00      0.00      0.00
06:34:50         ens4   1206.00   1175.00    894.03    200.13      0.00      0.00      0.00      0.00
06:34:50      docker0   2936.00   2935.00    235.08   1082.28      0.00      0.00      0.00      0.00
06:34:50    veth8dad8dc   2936.00   2935.00    275.22   1082.28      0.00      0.00      0.00      0.09

06:34:50        CPU     %user     %nice   %system   %iowait    %steal     %idle
06:34:51        all     25.54      0.00     28.26      0.00      0.00     46.20

06:34:50    kbmemfree   kbavail kbmemused  %memused kbbuffers  kbcached  kbcommit   %commit  kbactive   kbinact   kbdirty
06:34:51      5597248   7185056    593072      7.30     80292   1694040   1997140     24.57    714520   1521020      1388

06:34:50        IFACE   rxpck/s   txpck/s    rxkB/s    txkB/s   rxcmp/s   txcmp/s  rxmcst/s   %ifutil
06:34:51           lo   5980.00   5980.00   1301.12   1301.12      0.00      0.00      0.00      0.00
06:34:51         ens4   1224.00   1196.00    910.48    203.81      0.00      0.00      0.00      0.00
06:34:51      docker0   2990.00   2990.00    239.43   1102.56      0.00      0.00      0.00      0.00
06:34:51    veth8dad8dc   2990.00   2990.00    280.31   1102.56      0.00      0.00      0.00      0.09

06:34:51        CPU     %user     %nice   %system   %iowait    %steal     %idle
06:34:52        all     30.53      0.00     29.47      0.00      1.05     38.95

06:34:51    kbmemfree   kbavail kbmemused  %memused kbbuffers  kbcached  kbcommit   %commit  kbactive   kbinact   kbdirty
06:34:52      5596756   7184656    593232      7.30     80292   1694140   1997140     24.57    714548   1521112      1488

06:34:51        IFACE   rxpck/s   txpck/s    rxkB/s    txkB/s   rxcmp/s   txcmp/s  rxmcst/s   %ifutil
06:34:52           lo   6090.00   6090.00   1325.05   1325.05      0.00      0.00      0.00      0.00
06:34:52         ens4   1238.00   1218.00    926.66    207.54      0.00      0.00      0.00      0.00
06:34:52      docker0   3045.00   3045.00    243.84   1122.84      0.00      0.00      0.00      0.00
06:34:52    veth8dad8dc   3045.00   3045.00    285.47   1122.84      0.00      0.00      0.00      0.09

06:34:52        CPU     %user     %nice   %system   %iowait    %steal     %idle
06:34:53        all     24.06      0.00     32.09      0.00      0.00     43.85

06:34:52    kbmemfree   kbavail kbmemused  %memused kbbuffers  kbcached  kbcommit   %commit  kbactive   kbinact   kbdirty
06:34:53      5596756   7184704    593188      7.30     80292   1694164   1997140     24.57    714560   1521160      1512

06:34:52        IFACE   rxpck/s   txpck/s    rxkB/s    txkB/s   rxcmp/s   txcmp/s  rxmcst/s   %ifutil
06:34:53           lo   6205.00   6205.00   1349.38   1349.38      0.00      0.00      0.00      0.00
06:34:53         ens4   1276.00   1241.00    944.43    211.37      0.00      0.00      0.00      0.00
06:34:53      docker0   3103.00   3102.00    248.53   1143.25      0.00      0.00      0.00      0.00
06:34:53    veth8dad8dc   3103.00   3102.00    290.96   1143.25      0.00      0.00      0.00      0.09

06:34:53        CPU     %user     %nice   %system   %iowait    %steal     %idle
06:34:54        all     25.53      0.00     31.38      0.00      0.00     43.09

06:34:53    kbmemfree   kbavail kbmemused  %memused kbbuffers  kbcached  kbcommit   %commit  kbactive   kbinact   kbdirty
06:34:54      5596504   7184524    593224      7.30     80292   1694252   1997140     24.57    714212   1521232      1524

06:34:53        IFACE   rxpck/s   txpck/s    rxkB/s    txkB/s   rxcmp/s   txcmp/s  rxmcst/s   %ifutil
06:34:54           lo   6315.00   6315.00   1374.70   1374.70      0.00      0.00      0.00      0.00
06:34:54         ens4   1286.00   1264.00    961.76    215.40      0.00      0.00      0.00      0.00
06:34:54      docker0   3157.00   3158.00    252.76   1165.12      0.00      0.00      0.00      0.00
06:34:54    veth8dad8dc   3157.00   3158.00    295.92   1165.12      0.00      0.00      0.00      0.10

06:34:54        CPU     %user     %nice   %system   %iowait    %steal     %idle
06:34:55        all     26.32      0.00     30.00      0.00      1.05     42.63

06:34:54    kbmemfree   kbavail kbmemused  %memused kbbuffers  kbcached  kbcommit   %commit  kbactive   kbinact   kbdirty
06:34:55      5596504   7184680    592920      7.29     80292   1694360   1997140     24.57    714176   1521388      1632

06:34:54        IFACE   rxpck/s   txpck/s    rxkB/s    txkB/s   rxcmp/s   txcmp/s  rxmcst/s   %ifutil
06:34:55           lo   6420.00   6420.00   1396.85   1396.85      0.00      0.00      0.00      0.00
06:34:55         ens4   1316.00   1283.00    977.60    218.74      0.00      0.00      0.00      0.00
06:34:55      docker0   3210.00   3210.00    257.05   1183.69      0.00      0.00      0.00      0.00
06:34:55    veth8dad8dc   3210.00   3210.00    300.94   1183.69      0.00      0.00      0.00      0.10

06:34:55        CPU     %user     %nice   %system   %iowait    %steal     %idle
06:34:56        all     32.45      0.00     31.38      0.00      0.00     36.17

06:34:55    kbmemfree   kbavail kbmemused  %memused kbbuffers  kbcached  kbcommit   %commit  kbactive   kbinact   kbdirty
06:34:56      5596252   7184452    592980      7.29     80292   1694420   1997140     24.57    714176   1521412      1660

06:34:55        IFACE   rxpck/s   txpck/s    rxkB/s    txkB/s   rxcmp/s   txcmp/s  rxmcst/s   %ifutil
06:34:56           lo   6480.20   6480.20   1409.26   1409.26      0.00      0.00      0.00      0.00
06:34:56         ens4   1958.42   1898.02   1028.24    260.13      0.00      0.00      0.00      0.00
06:34:56      docker0   3239.60   3238.61    259.50   1193.94      0.00      0.00      0.00      0.00
06:34:56    veth8dad8dc   3239.60   3238.61    303.79   1193.94      0.00      0.00      0.00      0.10

06:34:56        CPU     %user     %nice   %system   %iowait    %steal     %idle
06:34:57        all     26.63      0.00     32.07      0.00      0.00     41.30

06:34:56    kbmemfree   kbavail kbmemused  %memused kbbuffers  kbcached  kbcommit   %commit  kbactive   kbinact   kbdirty
06:34:57      5596028   7184296    593096      7.30     80292   1694468   1997140     24.57    714176   1521472      1712

06:34:56        IFACE   rxpck/s   txpck/s    rxkB/s    txkB/s   rxcmp/s   txcmp/s  rxmcst/s   %ifutil
06:34:57           lo   6707.07   6707.07   1459.31   1459.31      0.00      0.00      0.00      0.00
06:34:57         ens4   1372.73   1342.42   1021.18    228.87      0.00      0.00      0.00      0.00
06:34:57      docker0   3354.55   3354.55    268.60   1236.68      0.00      0.00      0.00      0.00
06:34:57    veth8dad8dc   3354.55   3354.55    314.46   1236.68      0.00      0.00      0.00      0.10

06:34:57        CPU     %user     %nice   %system   %iowait    %steal     %idle
06:34:58        all     28.27      0.00     31.94      0.00      0.52     39.27

06:34:57    kbmemfree   kbavail kbmemused  %memused kbbuffers  kbcached  kbcommit   %commit  kbactive   kbinact   kbdirty
06:34:58      5596028   7184356    592972      7.29     80292   1694528   1997140     24.57    714176   1521532      1772

06:34:57        IFACE   rxpck/s   txpck/s    rxkB/s    txkB/s   rxcmp/s   txcmp/s  rxmcst/s   %ifutil
06:34:58           lo   6693.07   6693.07   1456.27   1456.27      0.00      0.00      0.00      0.00
06:34:58         ens4   1377.23   1341.58   1021.31    228.48      0.00      0.00      0.00      0.00
06:34:58      docker0   3345.54   3345.54    267.93   1233.97      0.00      0.00      0.00      0.00
06:34:58    veth8dad8dc   3345.54   3345.54    313.67   1233.97      0.00      0.00      0.00      0.10

06:34:58        CPU     %user     %nice   %system   %iowait    %steal     %idle
06:34:59        all     28.27      0.00     32.46      0.00      0.52     38.74

06:34:58    kbmemfree   kbavail kbmemused  %memused kbbuffers  kbcached  kbcommit   %commit  kbactive   kbinact   kbdirty
06:34:59      5595776   7184164    593036      7.29     80292   1694604   1997140     24.57    714176   1521600       116

06:34:58        IFACE   rxpck/s   txpck/s    rxkB/s    txkB/s   rxcmp/s   txcmp/s  rxmcst/s   %ifutil
06:34:59           lo   6865.00   6865.00   1494.37   1494.37      0.00      0.00      0.00      0.00
06:34:59         ens4   1414.00   1373.00   1046.50    233.87      0.00      0.00      0.00      0.00
06:34:59      docker0   3431.00   3431.00    274.72   1264.88      0.00      0.00      0.00      0.00
06:34:59    veth8dad8dc   3431.00   3431.00    321.63   1264.88      0.00      0.00      0.00      0.10

06:34:59        CPU     %user     %nice   %system   %iowait    %steal     %idle
06:35:00        all     34.21      0.00     33.68      0.00      0.00     32.11

06:34:59    kbmemfree   kbavail kbmemused  %memused kbbuffers  kbcached  kbcommit   %commit  kbactive   kbinact   kbdirty
06:35:00      5595776   7184288    592688      7.29     80292   1694708   1997140     24.57    715020   1521708       224

06:34:59        IFACE   rxpck/s   txpck/s    rxkB/s    txkB/s   rxcmp/s   txcmp/s  rxmcst/s   %ifutil
06:35:00           lo   6990.00   6990.00   1527.52   1527.52      0.00      0.00      0.00      0.00
06:35:00         ens4   1424.00   1401.00   1064.50    240.02      0.00      0.00      0.00      0.00
06:35:00      docker0   3495.00   3495.00    279.87   1288.78      0.00      0.00      0.00      0.00
06:35:00    veth8dad8dc   3495.00   3495.00    327.66   1288.78      0.00      0.00      0.00      0.11

06:35:00        CPU     %user     %nice   %system   %iowait    %steal     %idle
06:35:01        all     27.66      0.00     34.04      0.00      0.53     37.77

06:35:00    kbmemfree   kbavail kbmemused  %memused kbbuffers  kbcached  kbcommit   %commit  kbactive   kbinact   kbdirty
06:35:01      5595552   7184140    592856      7.29     80292   1694752   1997140     24.57    715072   1521784       268

06:35:00        IFACE   rxpck/s   txpck/s    rxkB/s    txkB/s   rxcmp/s   txcmp/s  rxmcst/s   %ifutil
06:35:01           lo   7100.00   7100.00   1544.80   1544.80      0.00      0.00      0.00      0.00
06:35:01         ens4   1457.00   1421.00   1082.64    242.26      0.00      0.00      0.00      0.00
06:35:01      docker0   3549.00   3549.00    284.23   1309.00      0.00      0.00      0.00      0.00
06:35:01    veth8dad8dc   3549.00   3549.00    332.75   1309.00      0.00      0.00      0.00      0.11

06:35:01        CPU     %user     %nice   %system   %iowait    %steal     %idle
06:35:02        all     29.63      0.00     34.39      0.00      0.00     35.98

06:35:01    kbmemfree   kbavail kbmemused  %memused kbbuffers  kbcached  kbcommit   %commit  kbactive   kbinact   kbdirty
06:35:02      5594576   7183172    593732      7.30     80292   1694832   1997140     24.57    715188   1521792       404

06:35:01        IFACE   rxpck/s   txpck/s    rxkB/s    txkB/s   rxcmp/s   txcmp/s  rxmcst/s   %ifutil
06:35:02           lo   7222.00   7222.00   1592.25   1592.25      0.00      0.00      0.00      0.00
06:35:02         ens4   1526.00   1499.00   1100.03    250.26      0.00      0.00      0.00      0.00
06:35:02      docker0   3603.00   3604.00    288.44   1329.28      0.00      0.00      0.00      0.00
06:35:02    veth8dad8dc   3603.00   3604.00    337.70   1329.28      0.00      0.00      0.00      0.11

06:35:02        CPU     %user     %nice   %system   %iowait    %steal     %idle
06:35:03        all     27.66      0.00     35.11      0.00      0.00     37.23

06:35:02    kbmemfree   kbavail kbmemused  %memused kbbuffers  kbcached  kbcommit   %commit  kbactive   kbinact   kbdirty
06:35:03      5594352   7183060    593756      7.30     80292   1694908   1999092     24.59    716588   1521904       544

06:35:02        IFACE   rxpck/s   txpck/s    rxkB/s    txkB/s   rxcmp/s   txcmp/s  rxmcst/s   %ifutil
06:35:03           lo   7320.00   7320.00   1592.67   1592.67      0.00      0.00      0.00      0.00
06:35:03         ens4   1492.00   1466.00   1114.11    249.45      0.00      0.00      0.00      0.00
06:35:03      docker0   3660.00   3660.00    293.09   1349.62      0.00      0.00      0.00      0.00
06:35:03    veth8dad8dc   3660.00   3660.00    343.12   1349.62      0.00      0.00      0.00      0.11

06:35:03        CPU     %user     %nice   %system   %iowait    %steal     %idle
06:35:04        all     34.21      0.00     34.21      0.00      0.53     31.05

06:35:03    kbmemfree   kbavail kbmemused  %memused kbbuffers  kbcached  kbcommit   %commit  kbactive   kbinact   kbdirty
06:35:04      5594128   7182944    593784      7.30     80292   1694992   2001044     24.61    717252   1522020       280

06:35:03        IFACE   rxpck/s   txpck/s    rxkB/s    txkB/s   rxcmp/s   txcmp/s  rxmcst/s   %ifutil
06:35:04           lo   7445.00   7445.00   1619.17   1619.17      0.00      0.00      0.00      0.00
06:35:04         ens4   1529.00   1493.00   1133.17    255.38      0.00      0.00      0.00      0.00
06:35:04      docker0   3723.00   3722.00    298.18   1371.88      0.00      0.00      0.00      0.00
06:35:04    veth8dad8dc   3723.00   3722.00    349.08   1371.88      0.00      0.00      0.00      0.11

06:35:04        CPU     %user     %nice   %system   %iowait    %steal     %idle
06:35:05        all     30.32      0.00     34.04      0.00      0.00     35.64

06:35:04    kbmemfree   kbavail kbmemused  %memused kbbuffers  kbcached  kbcommit   %commit  kbactive   kbinact   kbdirty
06:35:05      5609528   7198436    578132      7.11     80292   1695108   1997140     24.57    715496   1522112       412

06:35:04        IFACE   rxpck/s   txpck/s    rxkB/s    txkB/s   rxcmp/s   txcmp/s  rxmcst/s   %ifutil
06:35:05           lo   7555.00   7555.00   1644.50   1644.50      0.00      0.00      0.00      0.00
06:35:05         ens4   1546.00   1511.00   1150.96    257.38      0.00      0.00      0.00      0.00
06:35:05      docker0   3777.00   3778.00    302.40   1393.75      0.00      0.00      0.00      0.00
06:35:05    veth8dad8dc   3777.00   3778.00    354.04   1393.75      0.00      0.00      0.00      0.11

06:35:05        CPU     %user     %nice   %system   %iowait    %steal     %idle
06:35:06        all     28.88      0.00     35.83      0.00      0.53     34.76

06:35:05    kbmemfree   kbavail kbmemused  %memused kbbuffers  kbcached  kbcommit   %commit  kbactive   kbinact   kbdirty
06:35:06      5609304   7198268    578212      7.11     80292   1695160   1997140     24.57    715496   1522168       516

06:35:05        IFACE   rxpck/s   txpck/s    rxkB/s    txkB/s   rxcmp/s   txcmp/s  rxmcst/s   %ifutil
06:35:06           lo   7670.00   7670.00   1668.82   1668.82      0.00      0.00      0.00      0.00
06:35:06         ens4   1570.00   1535.00   1169.19    261.47      0.00      0.00      0.00      0.00
06:35:06      docker0   3837.00   3836.00    307.34   1414.22      0.00      0.00      0.00      0.00
06:35:06    veth8dad8dc   3837.00   3836.00    359.80   1414.22      0.00      0.00      0.00      0.12

06:35:06        CPU     %user     %nice   %system   %iowait    %steal     %idle
06:35:07        all     38.62      0.00     33.86      0.00      0.00     27.51

06:35:06    kbmemfree   kbavail kbmemused  %memused kbbuffers  kbcached  kbcommit   %commit  kbactive   kbinact   kbdirty
06:35:07      5609052   7198068    578204      7.11     80292   1695264   1997172     24.57    715612   1522228       628

06:35:06        IFACE   rxpck/s   txpck/s    rxkB/s    txkB/s   rxcmp/s   txcmp/s  rxmcst/s   %ifutil
06:35:07           lo   7785.00   7785.00   1694.54   1694.54      0.00      0.00      0.00      0.00
06:35:07         ens4   1592.00   1557.00   1184.52    265.22      0.00      0.00      0.00      0.00
06:35:07      docker0   3888.00   3889.00    311.26   1434.37      0.00      0.00      0.00      0.00
06:35:07    veth8dad8dc   3888.00   3889.00    364.42   1434.37      0.00      0.00      0.00      0.12

06:35:07        CPU     %user     %nice   %system   %iowait    %steal     %idle
06:35:08        all     29.32      0.00     37.17      0.00      0.52     32.98

06:35:07    kbmemfree   kbavail kbmemused  %memused kbbuffers  kbcached  kbcommit   %commit  kbactive   kbinact   kbdirty
06:35:08      5609052   7198240    578028      7.11     80292   1695360   1997172     24.57    715112   1522392       708

06:35:07        IFACE   rxpck/s   txpck/s    rxkB/s    txkB/s   rxcmp/s   txcmp/s  rxmcst/s   %ifutil
06:35:08           lo   7905.00   7905.00   1719.26   1719.26      0.00      0.00      0.00      0.00
06:35:08         ens4   1609.00   1581.00   1202.30    269.52      0.00      0.00      0.00      0.00
06:35:08      docker0   3956.00   3955.00    316.90   1458.41      0.00      0.00      0.00      0.00
06:35:08    veth8dad8dc   3956.00   3955.00    370.98   1458.41      0.00      0.00      0.00      0.12

06:35:08        CPU     %user     %nice   %system   %iowait    %steal     %idle
06:35:09        all     31.25      0.00     38.02      0.00      0.52     30.21

06:35:08    kbmemfree   kbavail kbmemused  %memused kbbuffers  kbcached  kbcommit   %commit  kbactive   kbinact   kbdirty
06:35:09      5609052   7198264    577900      7.11     80292   1695444   1997172     24.57    715124   1522408       792

06:35:08        IFACE   rxpck/s   txpck/s    rxkB/s    txkB/s   rxcmp/s   txcmp/s  rxmcst/s   %ifutil
06:35:09           lo   8020.00   8020.00   1744.98   1744.98      0.00      0.00      0.00      0.00
06:35:09         ens4   1637.00   1604.00   1220.79    273.34      0.00      0.00      0.00      0.00
06:35:09      docker0   4008.00   4009.00    320.87   1477.11      0.00      0.00      0.00      0.00
06:35:09    veth8dad8dc   4008.00   4009.00    375.67   1477.11      0.00      0.00      0.00      0.12

06:35:09        CPU     %user     %nice   %system   %iowait    %steal     %idle
06:35:10        all     37.17      0.00     36.13      0.00      0.00     26.70

06:35:09    kbmemfree   kbavail kbmemused  %memused kbbuffers  kbcached  kbcommit   %commit  kbactive   kbinact   kbdirty
06:35:10      5608800   7198216    577892      7.11     80292   1695556   1997172     24.57    715124   1522588       908

06:35:09        IFACE   rxpck/s   txpck/s    rxkB/s    txkB/s   rxcmp/s   txcmp/s  rxmcst/s   %ifutil
06:35:10           lo   8130.00   8130.00   1768.91   1768.91      0.00      0.00      0.00      0.00
06:35:10         ens4   1655.00   1626.00   1237.22    277.06      0.00      0.00      0.00      0.00
06:35:10      docker0   4066.00   4066.00    325.57   1500.55      0.00      0.00      0.00      0.00
06:35:10    veth8dad8dc   4066.00   4066.00    381.16   1500.55      0.00      0.00      0.00      0.12

06:35:10        CPU     %user     %nice   %system   %iowait    %steal     %idle
06:35:11        all     31.75      0.00     36.51      0.00      0.53     31.22

06:35:10    kbmemfree   kbavail kbmemused  %memused kbbuffers  kbcached  kbcommit   %commit  kbactive   kbinact   kbdirty
06:35:11      5608800   7198224    577808      7.11     80292   1695632   1997172     24.57    715124   1522620       928

06:35:10        IFACE   rxpck/s   txpck/s    rxkB/s    txkB/s   rxcmp/s   txcmp/s  rxmcst/s   %ifutil
06:35:11           lo   8245.00   8245.00   1794.63   1794.63      0.00      0.00      0.00      0.00
06:35:11         ens4   1673.00   1650.00   1255.10    280.75      0.00      0.00      0.00      0.00
06:35:11      docker0   4122.00   4123.00    330.03   1520.96      0.00      0.00      0.00      0.00
06:35:11    veth8dad8dc   4122.00   4123.00    386.39   1520.96      0.00      0.00      0.00      0.12

06:35:11        CPU     %user     %nice   %system   %iowait    %steal     %idle
06:35:12        all     31.91      0.00     36.17      0.00      0.00     31.91

06:35:11    kbmemfree   kbavail kbmemused  %memused kbbuffers  kbcached  kbcommit   %commit  kbactive   kbinact   kbdirty
06:35:12      5608800   7198368    577660      7.11     80292   1695720   1997172     24.57    715328   1522764      1016

06:35:11        IFACE   rxpck/s   txpck/s    rxkB/s    txkB/s   rxcmp/s   txcmp/s  rxmcst/s   %ifutil
06:35:12           lo   8368.00   8368.00   1819.64   1819.64      0.00      0.00      0.00      0.00
06:35:12         ens4   1715.00   1674.00   1273.10    285.48      0.00      0.00      0.00      0.00
06:35:12      docker0   4185.00   4183.00    335.26   1541.57      0.00      0.00      0.00      0.00
06:35:12    veth8dad8dc   4185.00   4183.00    392.47   1541.57      0.00      0.00      0.00      0.13

06:35:12        CPU     %user     %nice   %system   %iowait    %steal     %idle
06:35:13        all     38.34      0.00     35.23      0.00      0.52     25.91

06:35:12    kbmemfree   kbavail kbmemused  %memused kbbuffers  kbcached  kbcommit   %commit  kbactive   kbinact   kbdirty
06:35:13      5608800   7198460    577512      7.10     80292   1695840   1997172     24.57    715512   1522864      1136

06:35:12        IFACE   rxpck/s   txpck/s    rxkB/s    txkB/s   rxcmp/s   txcmp/s  rxmcst/s   %ifutil
06:35:13           lo   8437.00   8437.00   1841.63   1841.63      0.00      0.00      0.00      0.00
06:35:13         ens4   1725.00   1688.00   1290.43    286.80      0.00      0.00      0.00      0.00
06:35:13      docker0   4212.00   4220.00    336.85   1560.69      0.00      0.00      0.00      0.00
06:35:13    veth8dad8dc   4212.00   4220.00    394.44   1560.69      0.00      0.00      0.00      0.13

06:35:13        CPU     %user     %nice   %system   %iowait    %steal     %idle
06:35:14        all     35.08      0.00     38.22      0.00      0.00     26.70

06:35:13    kbmemfree   kbavail kbmemused  %memused kbbuffers  kbcached  kbcommit   %commit  kbactive   kbinact   kbdirty
06:35:14      5608576   7198260    577504      7.10     80292   1695876   1998200     24.58    715736   1522880      1156

06:35:13        IFACE   rxpck/s   txpck/s    rxkB/s    txkB/s   rxcmp/s   txcmp/s  rxmcst/s   %ifutil
06:35:14           lo   8650.00   8650.00   1876.49   1876.49      0.00      0.00      0.00      0.00
06:35:14         ens4   1774.00   1729.00   1311.67    295.38      0.00      0.00      0.00      0.00
06:35:14      docker0   4332.00   4324.00    347.36   1590.21      0.00      0.00      0.00      0.00
06:35:14    veth8dad8dc   4332.00   4324.00    406.59   1590.21      0.00      0.00      0.00      0.13

06:35:14        CPU     %user     %nice   %system   %iowait    %steal     %idle
06:35:15        all     33.51      0.00     37.70      0.00      0.00     28.80

06:35:14    kbmemfree   kbavail kbmemused  %memused kbbuffers  kbcached  kbcommit   %commit  kbactive   kbinact   kbdirty
06:35:15      5608576   7198412    577264      7.10     80292   1696028   1998200     24.58    715888   1523032      1336

06:35:14        IFACE   rxpck/s   txpck/s    rxkB/s    txkB/s   rxcmp/s   txcmp/s  rxmcst/s   %ifutil
06:35:15           lo   8710.00   8710.00   1895.11   1895.11      0.00      0.00      0.00      0.00
06:35:15         ens4   1780.00   1742.00   1325.96    297.07      0.00      0.00      0.00      0.00
06:35:15      docker0   4353.00   4354.00    348.50   1604.33      0.00      0.00      0.00      0.00
06:35:15    veth8dad8dc   4353.00   4354.00    408.01   1604.33      0.00      0.00      0.00      0.13

06:35:15        CPU     %user     %nice   %system   %iowait    %steal     %idle
06:35:16        all     38.14      0.00     37.11      0.00      0.52     24.23

06:35:15    kbmemfree   kbavail kbmemused  %memused kbbuffers  kbcached  kbcommit   %commit  kbactive   kbinact   kbdirty
06:35:16      5608352   7198292    577424      7.10     80292   1696120   1998200     24.58    715668   1523144      1428

06:35:15        IFACE   rxpck/s   txpck/s    rxkB/s    txkB/s   rxcmp/s   txcmp/s  rxmcst/s   %ifutil
06:35:16           lo   8824.00   8824.00   1922.02   1922.02      0.00      0.00      0.00      0.00
06:35:16         ens4   1843.00   1865.00   1348.08    306.67      0.00      0.00      0.00      0.00
06:35:16      docker0   4405.00   4408.00    352.62   1626.07      0.00      0.00      0.00      0.00
06:35:16    veth8dad8dc   4405.00   4408.00    412.85   1626.07      0.00      0.00      0.00      0.13

06:35:16        CPU     %user     %nice   %system   %iowait    %steal     %idle
06:35:17        all     35.08      0.00     39.27      0.00      0.52     25.13

06:35:16    kbmemfree   kbavail kbmemused  %memused kbbuffers  kbcached  kbcommit   %commit  kbactive   kbinact   kbdirty
06:35:17      5608124   7198104    577580      7.10     80292   1696180   1998200     24.58    715696   1523192      1488

06:35:16        IFACE   rxpck/s   txpck/s    rxkB/s    txkB/s   rxcmp/s   txcmp/s  rxmcst/s   %ifutil
06:35:17           lo   8952.00   8952.00   1944.64   1944.64      0.00      0.00      0.00      0.00
06:35:17         ens4   1824.00   1791.00   1360.78    305.52      0.00      0.00      0.00      0.00
06:35:17      docker0   4482.00   4479.00    359.11   1651.92      0.00      0.00      0.00      0.00
06:35:17    veth8dad8dc   4482.00   4479.00    420.39   1651.92      0.00      0.00      0.00      0.14

06:35:17        CPU     %user     %nice   %system   %iowait    %steal     %idle
06:35:18        all     33.51      0.00     39.27      0.00      0.00     27.23

06:35:17    kbmemfree   kbavail kbmemused  %memused kbbuffers  kbcached  kbcommit   %commit  kbactive   kbinact   kbdirty
06:35:18      5607900   7198028    577680      7.11     80292   1696288   1998168     24.58    715856   1523340      1596

06:35:17        IFACE   rxpck/s   txpck/s    rxkB/s    txkB/s   rxcmp/s   txcmp/s  rxmcst/s   %ifutil
06:35:18           lo   9065.00   9065.00   1973.04   1973.04      0.00      0.00      0.00      0.00
06:35:18         ens4   1859.00   1813.00   1379.72    308.85      0.00      0.00      0.00      0.00
06:35:18      docker0   4531.00   4532.00    362.67   1672.09      0.00      0.00      0.00      0.00
06:35:18    veth8dad8dc   4531.00   4532.00    424.62   1672.09      0.00      0.00      0.00      0.14

06:35:18        CPU     %user     %nice   %system   %iowait    %steal     %idle
06:35:19        all     40.31      0.00     38.22      0.00      0.00     21.47

06:35:18    kbmemfree   kbavail kbmemused  %memused kbbuffers  kbcached  kbcommit   %commit  kbactive   kbinact   kbdirty
06:35:19      5607424   7197596    578008      7.11     80292   1696380   1998168     24.58    715872   1523384      1688

06:35:18        IFACE   rxpck/s   txpck/s    rxkB/s    txkB/s   rxcmp/s   txcmp/s  rxmcst/s   %ifutil
06:35:19           lo   9175.00   9175.00   1995.58   1995.58      0.00      0.00      0.00      0.00
06:35:19         ens4   1873.00   1835.00   1395.92    312.81      0.00      0.00      0.00      0.00
06:35:19      docker0   4588.00   4586.00    367.59   1690.78      0.00      0.00      0.00      0.00
06:35:19    veth8dad8dc   4588.00   4586.00    430.31   1690.78      0.00      0.00      0.00      0.14

06:35:19        CPU     %user     %nice   %system   %iowait    %steal     %idle
06:35:20        all     33.33      0.00     41.27      0.00      0.00     25.40

06:35:19    kbmemfree   kbavail kbmemused  %memused kbbuffers  kbcached  kbcommit   %commit  kbactive   kbinact   kbdirty
06:35:20      5606948   7197300    578384      7.11     80292   1696520   1998200     24.58    716284   1523564      1828

06:35:19        IFACE   rxpck/s   txpck/s    rxkB/s    txkB/s   rxcmp/s   txcmp/s  rxmcst/s   %ifutil
06:35:20           lo   9295.00   9295.00   2023.08   2023.08      0.00      0.00      0.00      0.00
06:35:20         ens4   1890.00   1858.00   1415.10    316.62      0.00      0.00      0.00      0.00
06:35:20      docker0   4645.00   4646.00    371.82   1712.91      0.00      0.00      0.00      0.00
06:35:20    veth8dad8dc   4645.00   4646.00    435.33   1712.91      0.00      0.00      0.00      0.14

06:35:20        CPU     %user     %nice   %system   %iowait    %steal     %idle
06:35:21        all     33.85      0.00     43.23      0.00      0.52     22.40

06:35:20    kbmemfree   kbavail kbmemused  %memused kbbuffers  kbcached  kbcommit   %commit  kbactive   kbinact   kbdirty
06:35:21      5606948   7197324    578568      7.12     80292   1696564   1998200     24.58    716284   1523588      1872

06:35:20        IFACE   rxpck/s   txpck/s    rxkB/s    txkB/s   rxcmp/s   txcmp/s  rxmcst/s   %ifutil
06:35:21           lo   9403.00   9403.00   2045.39   2045.39      0.00      0.00      0.00      0.00
06:35:21         ens4   2536.00   2483.00   1472.20    359.82      0.00      0.00      0.00      0.00
06:35:21      docker0   4701.00   4702.00    376.43   1733.26      0.00      0.00      0.00      0.00
06:35:21    veth8dad8dc   4701.00   4702.00    440.70   1733.26      0.00      0.00      0.00      0.14

06:35:21        CPU     %user     %nice   %system   %iowait    %steal     %idle
06:35:22        all     40.93      0.00     41.97      0.00      0.52     16.58

06:35:21    kbmemfree   kbavail kbmemused  %memused kbbuffers  kbcached  kbcommit   %commit  kbactive   kbinact   kbdirty
06:35:22      5606948   7197424    578124      7.11     80292   1696736   1998200     24.58    716296   1523696      2372

06:35:21        IFACE   rxpck/s   txpck/s    rxkB/s    txkB/s   rxcmp/s   txcmp/s  rxmcst/s   %ifutil
06:35:22           lo   9522.00   9522.00   2070.07   2070.07      0.00      0.00      0.00      0.00
06:35:22         ens4   1948.00   1919.00   1451.66    341.69      0.00      0.00      0.00      0.00
06:35:22      docker0   4761.00   4759.00    381.35   1755.18      0.00      0.00      0.00      0.00
06:35:22    veth8dad8dc   4761.00   4759.00    446.45   1755.18      0.00      0.00      0.00      0.14

06:35:22        CPU     %user     %nice   %system   %iowait    %steal     %idle
06:35:23        all     42.05      0.00     45.13      0.00      0.00     12.82

06:35:22    kbmemfree   kbavail kbmemused  %memused kbbuffers  kbcached  kbcommit   %commit  kbactive   kbinact   kbdirty
06:35:23      5606724   7197336    578108      7.11     80292   1696824   2001284     24.62    723264   1523856      2464

06:35:22        IFACE   rxpck/s   txpck/s    rxkB/s    txkB/s   rxcmp/s   txcmp/s  rxmcst/s   %ifutil
06:35:23           lo   9583.00   9583.00   2093.16   2093.16      0.00      0.00      0.00      0.00
06:35:23         ens4   1958.00   1916.00   1466.76    325.23      0.00      0.00      0.00      0.00
06:35:23      docker0   4791.00   4800.00    383.26   1776.09      0.00      0.00      0.00      0.00
06:35:23    veth8dad8dc   4791.00   4800.00    448.76   1776.09      0.00      0.00      0.00      0.15

06:35:23        CPU     %user     %nice   %system   %iowait    %steal     %idle
06:35:24        all     42.27      0.00     43.81      0.00      0.00     13.92

06:35:23    kbmemfree   kbavail kbmemused  %memused kbbuffers  kbcached  kbcommit   %commit  kbactive   kbinact   kbdirty
06:35:24      5606484   7197248    577932      7.11     80292   1696932   2003340     24.64    724496   1523976      2572

06:35:23        IFACE   rxpck/s   txpck/s    rxkB/s    txkB/s   rxcmp/s   txcmp/s  rxmcst/s   %ifutil
06:35:24           lo   9805.00   9805.00   2126.96   2126.96      0.00      0.00      0.00      0.00
06:35:24         ens4   2034.00   1995.00   1488.24    623.89      0.00      0.00      0.00      0.00
06:35:24      docker0   4902.00   4894.00    393.00   1798.88      0.00      0.00      0.00      0.00
06:35:24    veth8dad8dc   4902.00   4894.00    460.02   1798.88      0.00      0.00      0.00      0.15

06:35:24        CPU     %user     %nice   %system   %iowait    %steal     %idle
06:35:25        all     40.82      0.00     41.33      0.00      0.00     17.86

06:35:24    kbmemfree   kbavail kbmemused  %memused kbbuffers  kbcached  kbcommit   %commit  kbactive   kbinact   kbdirty
06:35:25      5606260   7197148    578140      7.11     80292   1697072   2003340     24.64    724756   1524116      2724

06:35:24        IFACE   rxpck/s   txpck/s    rxkB/s    txkB/s   rxcmp/s   txcmp/s  rxmcst/s   %ifutil
06:35:25           lo   9860.00   9860.00   2145.32   2145.32      0.00      0.00      0.00      0.00
06:35:25         ens4   2025.00   1973.00   1501.67    336.33      0.00      0.00      0.00      0.00
06:35:25      docker0   4933.00   4932.00    394.95   1818.07      0.00      0.00      0.00      0.00
06:35:25    veth8dad8dc   4933.00   4932.00    462.39   1818.07      0.00      0.00      0.00      0.15

06:35:25        CPU     %user     %nice   %system   %iowait    %steal     %idle
06:35:26        all     25.13      0.00     26.18      0.00      0.00     48.69

06:35:25    kbmemfree   kbavail kbmemused  %memused kbbuffers  kbcached  kbcommit   %commit  kbactive   kbinact   kbdirty
06:35:26      5606260   7197216    578024      7.11     80292   1697160   2003340     24.64    724876   1524176      2812

06:35:25        IFACE   rxpck/s   txpck/s    rxkB/s    txkB/s   rxcmp/s   txcmp/s  rxmcst/s   %ifutil
06:35:26           lo   6720.00   6720.00   1460.73   1460.73      0.00      0.00      0.00      0.00
06:35:26         ens4   1379.00   1344.00   1021.99    229.24      0.00      0.00      0.00      0.00
06:35:26      docker0   3360.00   3360.00    269.05   1238.99      0.00      0.00      0.00      0.00
06:35:26    veth8dad8dc   3360.00   3360.00    314.99   1238.99      0.00      0.00      0.00      0.10

06:35:26        CPU     %user     %nice   %system   %iowait    %steal     %idle
06:35:27        all      1.00      0.00      0.00      0.00      0.00     99.00

06:35:26    kbmemfree   kbavail kbmemused  %memused kbbuffers  kbcached  kbcommit   %commit  kbactive   kbinact   kbdirty
06:35:27      5606260   7197216    578024      7.11     80292   1697160   2003340     24.64    724876   1524176      2812

06:35:26        IFACE   rxpck/s   txpck/s    rxkB/s    txkB/s   rxcmp/s   txcmp/s  rxmcst/s   %ifutil
06:35:27           lo      0.00      0.00      0.00      0.00      0.00      0.00      0.00      0.00
06:35:27         ens4      0.00      0.00      0.00      0.00      0.00      0.00      0.00      0.00
06:35:27      docker0      0.00      0.00      0.00      0.00      0.00      0.00      0.00      0.00
06:35:27    veth8dad8dc      0.00      0.00      0.00      0.00      0.00      0.00      0.00      0.00

06:35:27        CPU     %user     %nice   %system   %iowait    %steal     %idle
06:35:28        all      1.01      0.00      0.00      0.00      0.00     98.99

06:35:27    kbmemfree   kbavail kbmemused  %memused kbbuffers  kbcached  kbcommit   %commit  kbactive   kbinact   kbdirty
06:35:28      5606260   7197252    578024      7.11     80292   1697160   2003308     24.64    717324   1524212      2772

06:35:27        IFACE   rxpck/s   txpck/s    rxkB/s    txkB/s   rxcmp/s   txcmp/s  rxmcst/s   %ifutil
06:35:28           lo      0.00      0.00      0.00      0.00      0.00      0.00      0.00      0.00
06:35:28         ens4      2.00      2.00      0.09      0.09      0.00      0.00      0.00      0.00
06:35:28      docker0      0.00      0.00      0.00      0.00      0.00      0.00      0.00      0.00
06:35:28    veth8dad8dc      0.00      0.00      0.00      0.00      0.00      0.00      0.00      0.00

06:35:28        CPU     %user     %nice   %system   %iowait    %steal     %idle
06:35:29        all      0.00      0.00      0.00      0.00      0.00    100.00

06:35:28    kbmemfree   kbavail kbmemused  %memused kbbuffers  kbcached  kbcommit   %commit  kbactive   kbinact   kbdirty
06:35:29      5606260   7197252    578020      7.11     80292   1697164   2003308     24.64    717324   1524212      2776

06:35:28        IFACE   rxpck/s   txpck/s    rxkB/s    txkB/s   rxcmp/s   txcmp/s  rxmcst/s   %ifutil
06:35:29           lo      0.00      0.00      0.00      0.00      0.00      0.00      0.00      0.00
06:35:29         ens4      0.00      0.00      0.00      0.00      0.00      0.00      0.00      0.00
06:35:29      docker0      0.00      0.00      0.00      0.00      0.00      0.00      0.00      0.00
06:35:29    veth8dad8dc      0.00      0.00      0.00      0.00      0.00      0.00      0.00      0.00

06:35:29        CPU     %user     %nice   %system   %iowait    %steal     %idle
06:35:30        all      0.50      0.00      0.50      0.00      0.00     99.00

06:35:29    kbmemfree   kbavail kbmemused  %memused kbbuffers  kbcached  kbcommit   %commit  kbactive   kbinact   kbdirty
06:35:30      5606260   7197256    578020      7.11     80292   1697164   2003308     24.64    717500   1524216      2792

06:35:29        IFACE   rxpck/s   txpck/s    rxkB/s    txkB/s   rxcmp/s   txcmp/s  rxmcst/s   %ifutil
06:35:30           lo      0.00      0.00      0.00      0.00      0.00      0.00      0.00      0.00
06:35:30         ens4      1.00      1.00      0.05      0.05      0.00      0.00      0.00      0.00
06:35:30      docker0      0.00      0.00      0.00      0.00      0.00      0.00      0.00      0.00
06:35:30    veth8dad8dc      0.00      0.00      0.00      0.00      0.00      0.00      0.00      0.00

06:35:30        CPU     %user     %nice   %system   %iowait    %steal     %idle
06:35:31        all      4.06      0.00      4.06      0.00      0.51     91.37

06:35:30    kbmemfree   kbavail kbmemused  %memused kbbuffers  kbcached  kbcommit   %commit  kbactive   kbinact   kbdirty
06:35:31      5606260   7197256    578020      7.11     80292   1697164   2003308     24.64    717676   1524216      2792

06:35:30        IFACE   rxpck/s   txpck/s    rxkB/s    txkB/s   rxcmp/s   txcmp/s  rxmcst/s   %ifutil
06:35:31           lo    664.00    664.00    143.80    143.80      0.00      0.00      0.00      0.00
06:35:31         ens4    236.00    182.00    107.38     26.11      0.00      0.00      0.00      0.00
06:35:31      docker0    330.00    330.00     26.43    121.69      0.00      0.00      0.00      0.00
06:35:31    veth8dad8dc    330.00    330.00     30.94    121.69      0.00      0.00      0.00      0.01

06:35:31        CPU     %user     %nice   %system   %iowait    %steal     %idle
06:35:32        all     11.46      0.00     10.94      0.00      0.52     77.08

06:35:31    kbmemfree   kbavail kbmemused  %memused kbbuffers  kbcached  kbcommit   %commit  kbactive   kbinact   kbdirty
06:35:32      5606260   7197256    577912      7.11     80292   1697192   2003308     24.64    717740   1524216      2820

06:35:31        IFACE   rxpck/s   txpck/s    rxkB/s    txkB/s   rxcmp/s   txcmp/s  rxmcst/s   %ifutil
06:35:32           lo   2000.00   2000.00    435.16    435.16      0.00      0.00      0.00      0.00
06:35:32         ens4    402.00    400.00    304.04     68.16      0.00      0.00      0.00      0.00
06:35:32      docker0   1000.00   1000.00     80.08    368.75      0.00      0.00      0.00      0.00
06:35:32    veth8dad8dc   1000.00   1000.00     93.75    368.75      0.00      0.00      0.00      0.03

06:35:32        CPU     %user     %nice   %system   %iowait    %steal     %idle
06:35:33        all     10.88      0.00     12.95      0.52      0.00     75.65

06:35:32    kbmemfree   kbavail kbmemused  %memused kbbuffers  kbcached  kbcommit   %commit  kbactive   kbinact   kbdirty
06:35:33      5606260   7197264    577908      7.11     80292   1697196   2003308     24.64    717384   1524224      2476

06:35:32        IFACE   rxpck/s   txpck/s    rxkB/s    txkB/s   rxcmp/s   txcmp/s  rxmcst/s   %ifutil
06:35:33           lo   2000.00   2000.00    435.16    435.16      0.00      0.00      0.00      0.00
06:35:33         ens4    408.00    400.00    304.42     68.16      0.00      0.00      0.00      0.00
06:35:33      docker0   1000.00   1000.00     80.08    368.75      0.00      0.00      0.00      0.00
06:35:33    veth8dad8dc   1000.00   1000.00     93.75    368.75      0.00      0.00      0.00      0.03

06:35:33        CPU     %user     %nice   %system   %iowait    %steal     %idle
06:35:34        all     10.88      0.00     12.95      0.00      0.00     76.17

06:35:33    kbmemfree   kbavail kbmemused  %memused kbbuffers  kbcached  kbcommit   %commit  kbactive   kbinact   kbdirty
06:35:34      5606260   7197320    577868      7.11     80292   1697236   2003308     24.64    717176   1524280      2296

06:35:33        IFACE   rxpck/s   txpck/s    rxkB/s    txkB/s   rxcmp/s   txcmp/s  rxmcst/s   %ifutil
06:35:34           lo   2000.00   2000.00    435.16    435.16      0.00      0.00      0.00      0.00
06:35:34         ens4    406.00    401.00    304.27     68.21      0.00      0.00      0.00      0.00
06:35:34      docker0   1000.00   1000.00     80.08    368.75      0.00      0.00      0.00      0.00
06:35:34    veth8dad8dc   1000.00   1000.00     93.75    368.75      0.00      0.00      0.00      0.03

06:35:34        CPU     %user     %nice   %system   %iowait    %steal     %idle
06:35:35        all     10.82      0.00     12.89      0.00      1.03     75.26

06:35:34    kbmemfree   kbavail kbmemused  %memused kbbuffers  kbcached  kbcommit   %commit  kbactive   kbinact   kbdirty
06:35:35      5606260   7197324    577860      7.11     80292   1697244   2003308     24.64    717176   1524284       104

06:35:34        IFACE   rxpck/s   txpck/s    rxkB/s    txkB/s   rxcmp/s   txcmp/s  rxmcst/s   %ifutil
06:35:35           lo   2000.00   2000.00    435.16    435.16      0.00      0.00      0.00      0.00
06:35:35         ens4    404.00    400.00    304.16     68.16      0.00      0.00      0.00      0.00
06:35:35      docker0   1000.00   1000.00     80.08    368.75      0.00      0.00      0.00      0.00
06:35:35    veth8dad8dc   1000.00   1000.00     93.75    368.75      0.00      0.00      0.00      0.03

06:35:35        CPU     %user     %nice   %system   %iowait    %steal     %idle
06:35:36        all     16.06      0.00     12.44      0.00      0.00     71.50

06:35:35    kbmemfree   kbavail kbmemused  %memused kbbuffers  kbcached  kbcommit   %commit  kbactive   kbinact   kbdirty
06:35:36      5606260   7197324    577816      7.11     80292   1697284   2003308     24.64    717176   1524284       152

06:35:35        IFACE   rxpck/s   txpck/s    rxkB/s    txkB/s   rxcmp/s   txcmp/s  rxmcst/s   %ifutil
06:35:36           lo   2000.00   2000.00    435.16    435.16      0.00      0.00      0.00      0.00
06:35:36         ens4    401.00    400.00    303.97     68.16      0.00      0.00      0.00      0.00
06:35:36      docker0   1000.00   1000.00     80.08    368.75      0.00      0.00      0.00      0.00
06:35:36    veth8dad8dc   1000.00   1000.00     93.75    368.75      0.00      0.00      0.00      0.03

06:35:36        CPU     %user     %nice   %system   %iowait    %steal     %idle
06:35:37        all     10.88      0.00     12.95      0.00      0.00     76.17

06:35:36    kbmemfree   kbavail kbmemused  %memused kbbuffers  kbcached  kbcommit   %commit  kbactive   kbinact   kbdirty
06:35:37      5606260   7197324    577812      7.11     80292   1697288   2003308     24.64    717176   1524284       156

06:35:36        IFACE   rxpck/s   txpck/s    rxkB/s    txkB/s   rxcmp/s   txcmp/s  rxmcst/s   %ifutil
06:35:37           lo   2000.00   2000.00    435.16    435.16      0.00      0.00      0.00      0.00
06:35:37         ens4    408.00    400.00    304.42     68.16      0.00      0.00      0.00      0.00
06:35:37      docker0   1000.00   1000.00     80.08    368.75      0.00      0.00      0.00      0.00
06:35:37    veth8dad8dc   1000.00   1000.00     93.75    368.75      0.00      0.00      0.00      0.03

06:35:37        CPU     %user     %nice   %system   %iowait    %steal     %idle
06:35:38        all     11.40      0.00     11.92      0.00      0.00     76.68

06:35:37    kbmemfree   kbavail kbmemused  %memused kbbuffers  kbcached  kbcommit   %commit  kbactive   kbinact   kbdirty
06:35:38      5606260   7197360    577764      7.11     80292   1697332   2003308     24.64    717176   1524320       196

06:35:37        IFACE   rxpck/s   txpck/s    rxkB/s    txkB/s   rxcmp/s   txcmp/s  rxmcst/s   %ifutil
06:35:38           lo   2000.00   2000.00    435.16    435.16      0.00      0.00      0.00      0.00
06:35:38         ens4    401.00    400.00    303.97     68.16      0.00      0.00      0.00      0.00
06:35:38      docker0   1000.00   1000.00     80.08    368.75      0.00      0.00      0.00      0.00
06:35:38    veth8dad8dc   1000.00   1000.00     93.75    368.75      0.00      0.00      0.00      0.03

06:35:38        CPU     %user     %nice   %system   %iowait    %steal     %idle
06:35:39        all     10.31      0.00     12.37      0.00      1.03     76.29

06:35:38    kbmemfree   kbavail kbmemused  %memused kbbuffers  kbcached  kbcommit   %commit  kbactive   kbinact   kbdirty
06:35:39      5606260   7197360    577760      7.11     80292   1697336   2003308     24.64    717176   1524320       200

06:35:38        IFACE   rxpck/s   txpck/s    rxkB/s    txkB/s   rxcmp/s   txcmp/s  rxmcst/s   %ifutil
06:35:39           lo   2000.00   2000.00    435.16    435.16      0.00      0.00      0.00      0.00
06:35:39         ens4    403.00    401.00    304.10     68.23      0.00      0.00      0.00      0.00
06:35:39      docker0   1000.00   1000.00     80.08    368.75      0.00      0.00      0.00      0.00
06:35:39    veth8dad8dc   1000.00   1000.00     93.75    368.75      0.00      0.00      0.00      0.03

06:35:39        CPU     %user     %nice   %system   %iowait    %steal     %idle
06:35:40        all     10.88      0.00     13.99      0.00      0.00     75.13

06:35:39    kbmemfree   kbavail kbmemused  %memused kbbuffers  kbcached  kbcommit   %commit  kbactive   kbinact   kbdirty
06:35:40      5606260   7197420    577724      7.11     80292   1697372   2003308     24.64    717176   1524380       244

06:35:39        IFACE   rxpck/s   txpck/s    rxkB/s    txkB/s   rxcmp/s   txcmp/s  rxmcst/s   %ifutil
06:35:40           lo   2000.00   2000.00    435.16    435.16      0.00      0.00      0.00      0.00
06:35:40         ens4    401.00    401.00    303.95     68.21      0.00      0.00      0.00      0.00
06:35:40      docker0   1000.00   1000.00     80.08    368.75      0.00      0.00      0.00      0.00
06:35:40    veth8dad8dc   1000.00   1000.00     93.75    368.75      0.00      0.00      0.00      0.03

06:35:40        CPU     %user     %nice   %system   %iowait    %steal     %idle
06:35:41        all     10.99      0.00     12.04      0.00      0.00     76.96

06:35:40    kbmemfree   kbavail kbmemused  %memused kbbuffers  kbcached  kbcommit   %commit  kbactive   kbinact   kbdirty
06:35:41      5606260   7197420    577712      7.11     80292   1697380   2003308     24.64    717176   1524380       252

06:35:40        IFACE   rxpck/s   txpck/s    rxkB/s    txkB/s   rxcmp/s   txcmp/s  rxmcst/s   %ifutil
06:35:41           lo   2000.00   2000.00    435.16    435.16      0.00      0.00      0.00      0.00
06:35:41         ens4    404.00    400.00    304.16     68.16      0.00      0.00      0.00      0.00
06:35:41      docker0   1000.00   1000.00     80.08    368.75      0.00      0.00      0.00      0.00
06:35:41    veth8dad8dc   1000.00   1000.00     93.75    368.75      0.00      0.00      0.00      0.03

06:35:41        CPU     %user     %nice   %system   %iowait    %steal     %idle
06:35:42        all     10.36      0.00     12.44      0.00      0.52     76.68

06:35:41    kbmemfree   kbavail kbmemused  %memused kbbuffers  kbcached  kbcommit   %commit  kbactive   kbinact   kbdirty
06:35:42      5606260   7197468    577672      7.11     80292   1697420   2003308     24.64    717188   1524428       292

06:35:41        IFACE   rxpck/s   txpck/s    rxkB/s    txkB/s   rxcmp/s   txcmp/s  rxmcst/s   %ifutil
06:35:42           lo   2000.00   2000.00    435.16    435.16      0.00      0.00      0.00      0.00
06:35:42         ens4    403.00    400.00    304.10     68.16      0.00      0.00      0.00      0.00
06:35:42      docker0   1000.00   1000.00     80.08    368.75      0.00      0.00      0.00      0.00
06:35:42    veth8dad8dc   1000.00   1000.00     93.75    368.75      0.00      0.00      0.00      0.03

06:35:42        CPU     %user     %nice   %system   %iowait    %steal     %idle
06:35:43        all     10.20      0.00     13.78      0.00      0.51     75.51

06:35:42    kbmemfree   kbavail kbmemused  %memused kbbuffers  kbcached  kbcommit   %commit  kbactive   kbinact   kbdirty
06:35:43      5606260   7197468    577652      7.11     80292   1697436   2003308     24.64    717188   1524428       308

06:35:42        IFACE   rxpck/s   txpck/s    rxkB/s    txkB/s   rxcmp/s   txcmp/s  rxmcst/s   %ifutil
06:35:43           lo   2000.00   2000.00    435.16    435.16      0.00      0.00      0.00      0.00
06:35:43         ens4    402.00    400.00    304.04     68.16      0.00      0.00      0.00      0.00
06:35:43      docker0   1000.00   1000.00     80.08    368.75      0.00      0.00      0.00      0.00
06:35:43    veth8dad8dc   1000.00   1000.00     93.75    368.75      0.00      0.00      0.00      0.03

06:35:43        CPU     %user     %nice   %system   %iowait    %steal     %idle
06:35:44        all     11.58      0.00     11.05      0.00      0.00     77.37

06:35:43    kbmemfree   kbavail kbmemused  %memused kbbuffers  kbcached  kbcommit   %commit  kbactive   kbinact   kbdirty
06:35:44      5606260   7197508    577628      7.11     80292   1697460   2003308     24.64    717224   1524468       300

06:35:43        IFACE   rxpck/s   txpck/s    rxkB/s    txkB/s   rxcmp/s   txcmp/s  rxmcst/s   %ifutil
06:35:44           lo   2000.00   2000.00    435.16    435.16      0.00      0.00      0.00      0.00
06:35:44         ens4    404.00    400.00    304.16     68.16      0.00      0.00      0.00      0.00
06:35:44      docker0   1000.00   1000.00     80.08    368.75      0.00      0.00      0.00      0.00
06:35:44    veth8dad8dc   1000.00   1000.00     93.75    368.75      0.00      0.00      0.00      0.03

06:35:44        CPU     %user     %nice   %system   %iowait    %steal     %idle
06:35:45        all     10.47      0.00     12.57      0.00      0.00     76.96

06:35:44    kbmemfree   kbavail kbmemused  %memused kbbuffers  kbcached  kbcommit   %commit  kbactive   kbinact   kbdirty
06:35:45      5606260   7197556    577604      7.10     80292   1697484   2003308     24.64    717060   1524516       356

06:35:44        IFACE   rxpck/s   txpck/s    rxkB/s    txkB/s   rxcmp/s   txcmp/s  rxmcst/s   %ifutil
06:35:45           lo   2000.00   2000.00    435.16    435.16      0.00      0.00      0.00      0.00
06:35:45         ens4    400.00    400.00    303.91     68.16      0.00      0.00      0.00      0.00
06:35:45      docker0   1000.00   1000.00     80.08    368.75      0.00      0.00      0.00      0.00
06:35:45    veth8dad8dc   1000.00   1000.00     93.75    368.75      0.00      0.00      0.00      0.03

06:35:45        CPU     %user     %nice   %system   %iowait    %steal     %idle
06:35:46        all     10.26      0.00     12.31      0.00      1.03     76.41

06:35:45    kbmemfree   kbavail kbmemused  %memused kbbuffers  kbcached  kbcommit   %commit  kbactive   kbinact   kbdirty
06:35:46      5606260   7197568    577576      7.10     80292   1697508   2003308     24.64    717060   1524528       328

06:35:45        IFACE   rxpck/s   txpck/s    rxkB/s    txkB/s   rxcmp/s   txcmp/s  rxmcst/s   %ifutil
06:35:46           lo   2004.00   2004.00    435.36    435.36      0.00      0.00      0.00      0.00
06:35:46         ens4    404.00    401.00    304.14     68.21      0.00      0.00      0.00      0.00
06:35:46      docker0   1000.00   1000.00     80.08    368.75      0.00      0.00      0.00      0.00
06:35:46    veth8dad8dc   1000.00   1000.00     93.75    368.75      0.00      0.00      0.00      0.03

06:35:46        CPU     %user     %nice   %system   %iowait    %steal     %idle
06:35:47        all     11.05      0.00     11.58      0.00      0.00     77.37

06:35:46    kbmemfree   kbavail kbmemused  %memused kbbuffers  kbcached  kbcommit   %commit  kbactive   kbinact   kbdirty
06:35:47      5606260   7197568    577552      7.10     80292   1697532   2003308     24.64    717060   1524528       352

06:35:46        IFACE   rxpck/s   txpck/s    rxkB/s    txkB/s   rxcmp/s   txcmp/s  rxmcst/s   %ifutil
06:35:47           lo   2000.00   2000.00    435.16    435.16      0.00      0.00      0.00      0.00
06:35:47         ens4    403.00    400.00    304.10     68.16      0.00      0.00      0.00      0.00
06:35:47      docker0   1000.00   1000.00     80.08    368.75      0.00      0.00      0.00      0.00
06:35:47    veth8dad8dc   1000.00   1000.00     93.75    368.75      0.00      0.00      0.00      0.03

06:35:47        CPU     %user     %nice   %system   %iowait    %steal     %idle
06:35:48        all     10.53      0.00     12.11      0.00      0.00     77.37

06:35:47    kbmemfree   kbavail kbmemused  %memused kbbuffers  kbcached  kbcommit   %commit  kbactive   kbinact   kbdirty
06:35:48      5606260   7197596    577536      7.10     80292   1697544   2003308     24.64    717060   1524556       352

06:35:47        IFACE   rxpck/s   txpck/s    rxkB/s    txkB/s   rxcmp/s   txcmp/s  rxmcst/s   %ifutil
06:35:48           lo   2000.00   2000.00    435.16    435.16      0.00      0.00      0.00      0.00
06:35:48         ens4    400.00    400.00    303.91     68.16      0.00      0.00      0.00      0.00
06:35:48      docker0   1000.00   1000.00     80.08    368.75      0.00      0.00      0.00      0.00
06:35:48    veth8dad8dc   1000.00   1000.00     93.75    368.75      0.00      0.00      0.00      0.03

06:35:48        CPU     %user     %nice   %system   %iowait    %steal     %idle
06:35:49        all     16.49      0.00     12.37      0.00      0.52     70.62

06:35:48    kbmemfree   kbavail kbmemused  %memused kbbuffers  kbcached  kbcommit   %commit  kbactive   kbinact   kbdirty
06:35:49      5606260   7197640    577512      7.10     80292   1697568   2003308     24.64    717060   1524600       388

06:35:48        IFACE   rxpck/s   txpck/s    rxkB/s    txkB/s   rxcmp/s   txcmp/s  rxmcst/s   %ifutil
06:35:49           lo   2000.00   2000.00    435.16    435.16      0.00      0.00      0.00      0.00
06:35:49         ens4    400.00    400.00    303.91     68.16      0.00      0.00      0.00      0.00
06:35:49      docker0   1000.00   1000.00     80.08    368.75      0.00      0.00      0.00      0.00
06:35:49    veth8dad8dc   1000.00   1000.00     93.75    368.75      0.00      0.00      0.00      0.03

06:35:49        CPU     %user     %nice   %system   %iowait    %steal     %idle
06:35:50        all     11.79      0.00     12.31      0.51      0.51     74.87

06:35:49    kbmemfree   kbavail kbmemused  %memused kbbuffers  kbcached  kbcommit   %commit  kbactive   kbinact   kbdirty
06:35:50      5614108   7205516    570276      7.01     80296   1697592   2003308     24.64    717092   1524628       428

06:35:49        IFACE   rxpck/s   txpck/s    rxkB/s    txkB/s   rxcmp/s   txcmp/s  rxmcst/s   %ifutil
06:35:50           lo   2000.00   2000.00    435.16    435.16      0.00      0.00      0.00      0.00
06:35:50         ens4    403.00    400.00    304.10     68.16      0.00      0.00      0.00      0.00
06:35:50      docker0   1000.00   1000.00     80.08    368.75      0.00      0.00      0.00      0.00
06:35:50    veth8dad8dc   1000.00   1000.00     93.75    368.75      0.00      0.00      0.00      0.03

06:35:50        CPU     %user     %nice   %system   %iowait    %steal     %idle
06:35:51        all     11.28      0.00     13.33      0.00      0.00     75.38

06:35:50    kbmemfree   kbavail kbmemused  %memused kbbuffers  kbcached  kbcommit   %commit  kbactive   kbinact   kbdirty
06:35:51      5613856   7205296    570496      7.02     80296   1697624   2003308     24.64    717180   1524660       460

06:35:50        IFACE   rxpck/s   txpck/s    rxkB/s    txkB/s   rxcmp/s   txcmp/s  rxmcst/s   %ifutil
06:35:51           lo   2000.00   2000.00    435.16    435.16      0.00      0.00      0.00      0.00
06:35:51         ens4    406.00    400.00    304.29     68.16      0.00      0.00      0.00      0.00
06:35:51      docker0   1000.00   1000.00     80.08    368.75      0.00      0.00      0.00      0.00
06:35:51    veth8dad8dc   1000.00   1000.00     93.75    368.75      0.00      0.00      0.00      0.03

06:35:51        CPU     %user     %nice   %system   %iowait    %steal     %idle
06:35:52        all     10.99      0.00     12.04      0.00      0.00     76.96

06:35:51    kbmemfree   kbavail kbmemused  %memused kbbuffers  kbcached  kbcommit   %commit  kbactive   kbinact   kbdirty
06:35:52      5613856   7205328    570472      7.02     80296   1697648   2003308     24.64    717268   1524692       484

06:35:51        IFACE   rxpck/s   txpck/s    rxkB/s    txkB/s   rxcmp/s   txcmp/s  rxmcst/s   %ifutil
06:35:52           lo   2000.00   2000.00    435.16    435.16      0.00      0.00      0.00      0.00
06:35:52         ens4    405.00    401.00    304.21     68.21      0.00      0.00      0.00      0.00
06:35:52      docker0   1000.00   1000.00     80.08    368.75      0.00      0.00      0.00      0.00
06:35:52    veth8dad8dc   1000.00   1000.00     93.75    368.75      0.00      0.00      0.00      0.03

06:35:52        CPU     %user     %nice   %system   %iowait    %steal     %idle
06:35:53        all     11.17      0.00     13.20      0.00      1.02     74.62

06:35:52    kbmemfree   kbavail kbmemused  %memused kbbuffers  kbcached  kbcommit   %commit  kbactive   kbinact   kbdirty
06:35:53      5613856   7205340    570452      7.02     80296   1697664   2003308     24.64    717316   1524704       508

06:35:52        IFACE   rxpck/s   txpck/s    rxkB/s    txkB/s   rxcmp/s   txcmp/s  rxmcst/s   %ifutil
06:35:53           lo   2000.00   2000.00    435.16    435.16      0.00      0.00      0.00      0.00
06:35:53         ens4    403.00    400.00    304.10     68.16      0.00      0.00      0.00      0.00
06:35:53      docker0   1000.00   1000.00     80.08    368.75      0.00      0.00      0.00      0.00
06:35:53    veth8dad8dc   1000.00   1000.00     93.75    368.75      0.00      0.00      0.00      0.03

06:35:53        CPU     %user     %nice   %system   %iowait    %steal     %idle
06:35:54        all     10.53      0.00     12.63      0.00      0.00     76.84

06:35:53    kbmemfree   kbavail kbmemused  %memused kbbuffers  kbcached  kbcommit   %commit  kbactive   kbinact   kbdirty
06:35:54      5613856   7205364    570428      7.02     80296   1697688   2003308     24.64    717412   1524728       524

06:35:53        IFACE   rxpck/s   txpck/s    rxkB/s    txkB/s   rxcmp/s   txcmp/s  rxmcst/s   %ifutil
06:35:54           lo   2000.00   2000.00    435.16    435.16      0.00      0.00      0.00      0.00
06:35:54         ens4    403.00    401.00    304.10     68.23      0.00      0.00      0.00      0.00
06:35:54      docker0   1000.00   1000.00     80.08    368.75      0.00      0.00      0.00      0.00
06:35:54    veth8dad8dc   1000.00   1000.00     93.75    368.75      0.00      0.00      0.00      0.03

06:35:54        CPU     %user     %nice   %system   %iowait    %steal     %idle
06:35:55        all     10.36      0.00     13.47      0.00      0.00     76.17

06:35:54    kbmemfree   kbavail kbmemused  %memused kbbuffers  kbcached  kbcommit   %commit  kbactive   kbinact   kbdirty
06:35:55      5613856   7205388    570416      7.02     80296   1697700   2003308     24.64    717456   1524752       520

06:35:54        IFACE   rxpck/s   txpck/s    rxkB/s    txkB/s   rxcmp/s   txcmp/s  rxmcst/s   %ifutil
06:35:55           lo   2000.00   2000.00    435.16    435.16      0.00      0.00      0.00      0.00
06:35:55         ens4    402.00    400.00    304.04     68.16      0.00      0.00      0.00      0.00
06:35:55      docker0   1000.00   1000.00     80.08    368.75      0.00      0.00      0.00      0.00
06:35:55    veth8dad8dc   1000.00   1000.00     93.75    368.75      0.00      0.00      0.00      0.03

06:35:55        CPU     %user     %nice   %system   %iowait    %steal     %idle
06:35:56        all     11.58      0.00     11.58      0.00      0.00     76.84

06:35:55    kbmemfree   kbavail kbmemused  %memused kbbuffers  kbcached  kbcommit   %commit  kbactive   kbinact   kbdirty
06:35:56      5613856   7205388    570380      7.02     80296   1697732   2003308     24.64    717456   1524752       568

06:35:55        IFACE   rxpck/s   txpck/s    rxkB/s    txkB/s   rxcmp/s   txcmp/s  rxmcst/s   %ifutil
06:35:56           lo   2000.00   2000.00    435.16    435.16      0.00      0.00      0.00      0.00
06:35:56         ens4    763.00    751.00    327.69     90.93      0.00      0.00      0.00      0.00
06:35:56      docker0   1000.00   1000.00     80.08    368.75      0.00      0.00      0.00      0.00
06:35:56    veth8dad8dc   1000.00   1000.00     93.75    368.75      0.00      0.00      0.00      0.03

06:35:56        CPU     %user     %nice   %system   %iowait    %steal     %idle
06:35:57        all     11.79      0.00     11.79      0.00      1.03     75.38

06:35:56    kbmemfree   kbavail kbmemused  %memused kbbuffers  kbcached  kbcommit   %commit  kbactive   kbinact   kbdirty
06:35:57      5613856   7205388    570344      7.02     80296   1697760   2003308     24.64    717456   1524752       596

06:35:56        IFACE   rxpck/s   txpck/s    rxkB/s    txkB/s   rxcmp/s   txcmp/s  rxmcst/s   %ifutil
06:35:57           lo   2000.00   2000.00    435.16    435.16      0.00      0.00      0.00      0.00
06:35:57         ens4    401.00    400.00    303.97     68.16      0.00      0.00      0.00      0.00
06:35:57      docker0   1000.00   1000.00     80.08    368.75      0.00      0.00      0.00      0.00
06:35:57    veth8dad8dc   1000.00   1000.00     93.75    368.75      0.00      0.00      0.00      0.03

06:35:57        CPU     %user     %nice   %system   %iowait    %steal     %idle
06:35:58        all     10.94      0.00     13.02      0.00      0.00     76.04

06:35:57    kbmemfree   kbavail kbmemused  %memused kbbuffers  kbcached  kbcommit   %commit  kbactive   kbinact   kbdirty
06:35:58      5613856   7205428    570328      7.02     80300   1697772   2003308     24.64    717456   1524792       608

06:35:57        IFACE   rxpck/s   txpck/s    rxkB/s    txkB/s   rxcmp/s   txcmp/s  rxmcst/s   %ifutil
06:35:58           lo   2000.00   2000.00    435.16    435.16      0.00      0.00      0.00      0.00
06:35:58         ens4    408.00    403.00    306.23     68.53      0.00      0.00      0.00      0.00
06:35:58      docker0   1000.00   1000.00     80.08    368.75      0.00      0.00      0.00      0.00
06:35:58    veth8dad8dc   1000.00   1000.00     93.75    368.75      0.00      0.00      0.00      0.03

06:35:58        CPU     %user     %nice   %system   %iowait    %steal     %idle
06:35:59        all     10.58      0.00     12.70      0.00      0.00     76.72

06:35:58    kbmemfree   kbavail kbmemused  %memused kbbuffers  kbcached  kbcommit   %commit  kbactive   kbinact   kbdirty
06:35:59      5613856   7205472    570308      7.02     80300   1697792   2003308     24.64    717456   1524836       596

06:35:58        IFACE   rxpck/s   txpck/s    rxkB/s    txkB/s   rxcmp/s   txcmp/s  rxmcst/s   %ifutil
06:35:59           lo   2000.00   2000.00    435.16    435.16      0.00      0.00      0.00      0.00
06:35:59         ens4    404.00    400.00    304.16     68.16      0.00      0.00      0.00      0.00
06:35:59      docker0   1000.00   1000.00     80.08    368.75      0.00      0.00      0.00      0.00
06:35:59    veth8dad8dc   1000.00   1000.00     93.75    368.75      0.00      0.00      0.00      0.03

06:35:59        CPU     %user     %nice   %system   %iowait    %steal     %idle
06:36:00        all     14.14      0.00     12.63      0.00      1.01     72.22

06:35:59    kbmemfree   kbavail kbmemused  %memused kbbuffers  kbcached  kbcommit   %commit  kbactive   kbinact   kbdirty
06:36:00      5613604   7205272    570516      7.02     80300   1697832   2003308     24.64    718264   1524888       656

06:35:59        IFACE   rxpck/s   txpck/s    rxkB/s    txkB/s   rxcmp/s   txcmp/s  rxmcst/s   %ifutil
06:36:00           lo   2005.00   2005.00    443.59    443.59      0.00      0.00      0.00      0.00
06:36:00         ens4    411.00    407.00    308.07     70.63      0.00      0.00      0.00      0.00
06:36:00      docker0   1000.00   1000.00     80.08    368.75      0.00      0.00      0.00      0.00
06:36:00    veth8dad8dc   1000.00   1000.00     93.75    368.75      0.00      0.00      0.00      0.03

06:36:00        CPU     %user     %nice   %system   %iowait    %steal     %idle
06:36:01        all     11.46      0.00     12.50      0.00      0.00     76.04

06:36:00    kbmemfree   kbavail kbmemused  %memused kbbuffers  kbcached  kbcommit   %commit  kbactive   kbinact   kbdirty
06:36:01      5613352   7205020    570764      7.02     80300   1697836   2003308     24.64    718264   1524888       660

06:36:00        IFACE   rxpck/s   txpck/s    rxkB/s    txkB/s   rxcmp/s   txcmp/s  rxmcst/s   %ifutil
06:36:01           lo   2000.00   2000.00    435.16    435.16      0.00      0.00      0.00      0.00
06:36:01         ens4    402.00    399.00    302.64     68.10      0.00      0.00      0.00      0.00
06:36:01      docker0   1000.00   1000.00     80.08    368.75      0.00      0.00      0.00      0.00
06:36:01    veth8dad8dc   1000.00   1000.00     93.75    368.75      0.00      0.00      0.00      0.03

06:36:01        CPU     %user     %nice   %system   %iowait    %steal     %idle
06:36:02        all     16.75      0.00     12.57      0.00      0.52     70.16

06:36:01    kbmemfree   kbavail kbmemused  %memused kbbuffers  kbcached  kbcommit   %commit  kbactive   kbinact   kbdirty
06:36:02      5613352   7205056    570724      7.02     80300   1697876   2003308     24.64    718348   1524924       700

06:36:01        IFACE   rxpck/s   txpck/s    rxkB/s    txkB/s   rxcmp/s   txcmp/s  rxmcst/s   %ifutil
06:36:02           lo   2017.00   2017.00    459.06    459.06      0.00      0.00      0.00      0.00
06:36:02         ens4    404.00    404.00    304.40     68.84      0.00      0.00      0.00      0.00
06:36:02      docker0   1000.00   1000.00     80.08    368.75      0.00      0.00      0.00      0.00
06:36:02    veth8dad8dc   1000.00   1000.00     93.75    368.75      0.00      0.00      0.00      0.03

06:36:02        CPU     %user     %nice   %system   %iowait    %steal     %idle
06:36:03        all     10.82      0.00     13.92      0.00      0.52     74.74

06:36:02    kbmemfree   kbavail kbmemused  %memused kbbuffers  kbcached  kbcommit   %commit  kbactive   kbinact   kbdirty
06:36:03      5613352   7205060    570720      7.02     80300   1697880   2003308     24.64    718348   1524928       704

06:36:02        IFACE   rxpck/s   txpck/s    rxkB/s    txkB/s   rxcmp/s   txcmp/s  rxmcst/s   %ifutil
06:36:03           lo   2002.00   2002.00    435.27    435.27      0.00      0.00      0.00      0.00
06:36:03         ens4    404.00    401.00    305.55     68.23      0.00      0.00      0.00      0.00
06:36:03      docker0   1000.00   1000.00     80.08    368.75      0.00      0.00      0.00      0.00
06:36:03    veth8dad8dc   1000.00   1000.00     93.75    368.75      0.00      0.00      0.00      0.03

06:36:03        CPU     %user     %nice   %system   %iowait    %steal     %idle
06:36:04        all     10.36      0.00     12.95      0.00      0.00     76.68

06:36:03    kbmemfree   kbavail kbmemused  %memused kbbuffers  kbcached  kbcommit   %commit  kbactive   kbinact   kbdirty
06:36:04      5613352   7205076    570680      7.02     80300   1697920   2003308     24.64    718356   1524944       740

06:36:03        IFACE   rxpck/s   txpck/s    rxkB/s    txkB/s   rxcmp/s   txcmp/s  rxmcst/s   %ifutil
06:36:04           lo   1999.00   1999.00    435.10    435.10      0.00      0.00      0.00      0.00
06:36:04         ens4    404.00    401.00    304.14     68.21      0.00      0.00      0.00      0.00
06:36:04      docker0   1000.00   1000.00     80.08    368.75      0.00      0.00      0.00      0.00
06:36:04    veth8dad8dc   1000.00   1000.00     93.75    368.75      0.00      0.00      0.00      0.03

06:36:04        CPU     %user     %nice   %system   %iowait    %steal     %idle
06:36:05        all     11.92      0.00     11.40      0.00      1.04     75.65

06:36:04    kbmemfree   kbavail kbmemused  %memused kbbuffers  kbcached  kbcommit   %commit  kbactive   kbinact   kbdirty
06:36:05      5613352   7205076    570672      7.02     80300   1697928   2003308     24.64    718356   1524944        52

06:36:04        IFACE   rxpck/s   txpck/s    rxkB/s    txkB/s   rxcmp/s   txcmp/s  rxmcst/s   %ifutil
06:36:05           lo   1999.00   1999.00    435.10    435.10      0.00      0.00      0.00      0.00
06:36:05         ens4    403.00    399.00    302.71     68.10      0.00      0.00      0.00      0.00
06:36:05      docker0   1000.00   1000.00     80.08    368.75      0.00      0.00      0.00      0.00
06:36:05    veth8dad8dc   1000.00   1000.00     93.75    368.75      0.00      0.00      0.00      0.03

06:36:05        CPU     %user     %nice   %system   %iowait    %steal     %idle
06:36:06        all     10.99      0.00     12.57      0.00      0.00     76.44

06:36:05    kbmemfree   kbavail kbmemused  %memused kbbuffers  kbcached  kbcommit   %commit  kbactive   kbinact   kbdirty
06:36:06      5613352   7205116    570632      7.02     80300   1697968   2003308     24.64    718356   1524984       120

06:36:05        IFACE   rxpck/s   txpck/s    rxkB/s    txkB/s   rxcmp/s   txcmp/s  rxmcst/s   %ifutil
06:36:06           lo   2000.00   2000.00    435.16    435.16      0.00      0.00      0.00      0.00
06:36:06         ens4    403.00    400.00    304.10     68.16      0.00      0.00      0.00      0.00
06:36:06      docker0   1000.00   1000.00     80.08    368.75      0.00      0.00      0.00      0.00
06:36:06    veth8dad8dc   1000.00   1000.00     93.75    368.75      0.00      0.00      0.00      0.03

06:36:06        CPU     %user     %nice   %system   %iowait    %steal     %idle
06:36:07        all     11.40      0.00     12.44      0.00      0.00     76.17

06:36:06    kbmemfree   kbavail kbmemused  %memused kbbuffers  kbcached  kbcommit   %commit  kbactive   kbinact   kbdirty
06:36:07      5613352   7205144    570644      7.02     80300   1697972   2003308     24.64    718036   1525012       124

06:36:06        IFACE   rxpck/s   txpck/s    rxkB/s    txkB/s   rxcmp/s   txcmp/s  rxmcst/s   %ifutil
06:36:07           lo   2000.00   2000.00    435.16    435.16      0.00      0.00      0.00      0.00
06:36:07         ens4    405.00    402.00    304.24     68.27      0.00      0.00      0.00      0.00
06:36:07      docker0   1000.00   1000.00     80.08    368.75      0.00      0.00      0.00      0.00
06:36:07    veth8dad8dc   1000.00   1000.00     93.75    368.75      0.00      0.00      0.00      0.03

06:36:07        CPU     %user     %nice   %system   %iowait    %steal     %idle
06:36:08        all     10.26      0.00     12.82      0.00      1.03     75.90

06:36:07    kbmemfree   kbavail kbmemused  %memused kbbuffers  kbcached  kbcommit   %commit  kbactive   kbinact   kbdirty
06:36:08      5613352   7205188    570604      7.02     80300   1698012   2003308     24.64    718036   1525056       160

06:36:07        IFACE   rxpck/s   txpck/s    rxkB/s    txkB/s   rxcmp/s   txcmp/s  rxmcst/s   %ifutil
06:36:08           lo   2002.00   2002.00    435.27    435.27      0.00      0.00      0.00      0.00
06:36:08         ens4    404.00    401.00    305.55     68.23      0.00      0.00      0.00      0.00
06:36:08      docker0   1000.00   1000.00     80.08    368.75      0.00      0.00      0.00      0.00
06:36:08    veth8dad8dc   1000.00   1000.00     93.75    368.75      0.00      0.00      0.00      0.03

06:36:08        CPU     %user     %nice   %system   %iowait    %steal     %idle
06:36:09        all     13.09      0.00     17.28      0.00      0.00     69.63

06:36:08    kbmemfree   kbavail kbmemused  %memused kbbuffers  kbcached  kbcommit   %commit  kbactive   kbinact   kbdirty
06:36:09      5613352   7205188    570596      7.02     80300   1698020   2003308     24.64    718036   1525056       168

06:36:08        IFACE   rxpck/s   txpck/s    rxkB/s    txkB/s   rxcmp/s   txcmp/s  rxmcst/s   %ifutil
06:36:09           lo   2001.00   2001.00    435.21    435.21      0.00      0.00      0.00      0.00
06:36:09         ens4    400.00    400.00    303.91     68.16      0.00      0.00      0.00      0.00
06:36:09      docker0   1001.00   1002.00     80.14    368.89      0.00      0.00      0.00      0.00
06:36:09    veth8dad8dc   1001.00   1002.00     93.82    368.89      0.00      0.00      0.00      0.03

06:36:09        CPU     %user     %nice   %system   %iowait    %steal     %idle
06:36:10        all     12.04      0.00     14.14      0.00      0.00     73.82

06:36:09    kbmemfree   kbavail kbmemused  %memused kbbuffers  kbcached  kbcommit   %commit  kbactive   kbinact   kbdirty
06:36:10      5613352   7205224    570556      7.02     80300   1698060   2003308     24.64    718036   1525092       172

06:36:09        IFACE   rxpck/s   txpck/s    rxkB/s    txkB/s   rxcmp/s   txcmp/s  rxmcst/s   %ifutil
06:36:10           lo   2000.00   2000.00    435.16    435.16      0.00      0.00      0.00      0.00
06:36:10         ens4    406.00    402.00    304.27     68.27      0.00      0.00      0.00      0.00
06:36:10      docker0    999.00    998.00     80.02    368.61      0.00      0.00      0.00      0.00
06:36:10    veth8dad8dc    999.00    998.00     93.68    368.61      0.00      0.00      0.00      0.03

06:36:10        CPU     %user     %nice   %system   %iowait    %steal     %idle
06:36:11        all      8.21      0.00      8.21      0.00      1.03     82.56

06:36:10    kbmemfree   kbavail kbmemused  %memused kbbuffers  kbcached  kbcommit   %commit  kbactive   kbinact   kbdirty
06:36:11      5621136   7213008    562900      6.92     80300   1698064   2003308     24.64    718036   1525092       192

06:36:10        IFACE   rxpck/s   txpck/s    rxkB/s    txkB/s   rxcmp/s   txcmp/s  rxmcst/s   %ifutil
06:36:11           lo   1347.00   1347.00    293.56    293.56      0.00      0.00      0.00      0.00
06:36:11         ens4    774.00    519.00    236.23     62.06      0.00      0.00      0.00      0.00
06:36:11      docker0    675.00    675.00     54.05    248.91      0.00      0.00      0.00      0.00
06:36:11    veth8dad8dc    675.00    675.00     63.28    248.91      0.00      0.00      0.00      0.02

06:36:11        CPU     %user     %nice   %system   %iowait    %steal     %idle
06:36:12        all      0.50      0.00      0.50      0.00      0.00     99.00

06:36:11    kbmemfree   kbavail kbmemused  %memused kbbuffers  kbcached  kbcommit   %commit  kbactive   kbinact   kbdirty
06:36:12      5621160   7213000    563096      6.93     80300   1698076   2003308     24.64    718036   1525092       220

06:36:11        IFACE   rxpck/s   txpck/s    rxkB/s    txkB/s   rxcmp/s   txcmp/s  rxmcst/s   %ifutil
06:36:12           lo      0.00      0.00      0.00      0.00      0.00      0.00      0.00      0.00
06:36:12         ens4      0.00      0.00      0.00      0.00      0.00      0.00      0.00      0.00
06:36:12      docker0      0.00      0.00      0.00      0.00      0.00      0.00      0.00      0.00
06:36:12    veth8dad8dc      0.00      0.00      0.00      0.00      0.00      0.00      0.00      0.00

06:36:12        CPU     %user     %nice   %system   %iowait    %steal     %idle
06:36:13        all      0.50      0.00      0.50      0.00      0.00     99.00

06:36:12    kbmemfree   kbavail kbmemused  %memused kbbuffers  kbcached  kbcommit   %commit  kbactive   kbinact   kbdirty
06:36:13      5621160   7213000    563096      6.93     80300   1698076   2003308     24.64    718036   1525092       220

06:36:12        IFACE   rxpck/s   txpck/s    rxkB/s    txkB/s   rxcmp/s   txcmp/s  rxmcst/s   %ifutil
06:36:13           lo      0.00      0.00      0.00      0.00      0.00      0.00      0.00      0.00
06:36:13         ens4      0.00      0.00      0.00      0.00      0.00      0.00      0.00      0.00
06:36:13      docker0      0.00      0.00      0.00      0.00      0.00      0.00      0.00      0.00
06:36:13    veth8dad8dc      0.00      0.00      0.00      0.00      0.00      0.00      0.00      0.00

06:36:13        CPU     %user     %nice   %system   %iowait    %steal     %idle
06:36:14        all      0.00      0.00      0.00      0.00      0.00    100.00

06:36:13    kbmemfree   kbavail kbmemused  %memused kbbuffers  kbcached  kbcommit   %commit  kbactive   kbinact   kbdirty
06:36:14      5621160   7213012    563092      6.93     80300   1698080   2003308     24.64    718036   1525104       216

06:36:13        IFACE   rxpck/s   txpck/s    rxkB/s    txkB/s   rxcmp/s   txcmp/s  rxmcst/s   %ifutil
06:36:14           lo      0.00      0.00      0.00      0.00      0.00      0.00      0.00      0.00
06:36:14         ens4      0.00      0.00      0.00      0.00      0.00      0.00      0.00      0.00
06:36:14      docker0      0.00      0.00      0.00      0.00      0.00      0.00      0.00      0.00
06:36:14    veth8dad8dc      0.00      0.00      0.00      0.00      0.00      0.00      0.00      0.00

06:36:14        CPU     %user     %nice   %system   %iowait    %steal     %idle
06:36:15        all      0.50      0.00      0.00      0.00      0.00     99.50

06:36:14    kbmemfree   kbavail kbmemused  %memused kbbuffers  kbcached  kbcommit   %commit  kbactive   kbinact   kbdirty
06:36:15      5621160   7213012    563092      6.93     80300   1698080   2003308     24.64    718036   1525104       216

06:36:14        IFACE   rxpck/s   txpck/s    rxkB/s    txkB/s   rxcmp/s   txcmp/s  rxmcst/s   %ifutil
06:36:15           lo      0.00      0.00      0.00      0.00      0.00      0.00      0.00      0.00
06:36:15         ens4      0.00      0.00      0.00      0.00      0.00      0.00      0.00      0.00
06:36:15      docker0      0.00      0.00      0.00      0.00      0.00      0.00      0.00      0.00
06:36:15    veth8dad8dc      0.00      0.00      0.00      0.00      0.00      0.00      0.00      0.00

06:36:15        CPU     %user     %nice   %system   %iowait    %steal     %idle
06:36:16        all      0.00      0.00      0.00      0.00      0.00    100.00

06:36:15    kbmemfree   kbavail kbmemused  %memused kbbuffers  kbcached  kbcommit   %commit  kbactive   kbinact   kbdirty
06:36:16      5621160   7213012    563092      6.93     80300   1698080   2003308     24.64    718036   1525104       212

06:36:15        IFACE   rxpck/s   txpck/s    rxkB/s    txkB/s   rxcmp/s   txcmp/s  rxmcst/s   %ifutil
06:36:16           lo      4.00      4.00      0.20      0.20      0.00      0.00      0.00      0.00
06:36:16         ens4      1.00      1.00      0.04      0.04      0.00      0.00      0.00      0.00
06:36:16      docker0      0.00      0.00      0.00      0.00      0.00      0.00      0.00      0.00
06:36:16    veth8dad8dc      0.00      0.00      0.00      0.00      0.00      0.00      0.00      0.00

06:36:16        CPU     %user     %nice   %system   %iowait    %steal     %idle
06:36:17        all      0.00      0.00      0.50      0.00      0.00     99.50

06:36:16    kbmemfree   kbavail kbmemused  %memused kbbuffers  kbcached  kbcommit   %commit  kbactive   kbinact   kbdirty
06:36:17      5621160   7213012    563092      6.93     80300   1698080   2003308     24.64    718036   1525104       212

06:36:16        IFACE   rxpck/s   txpck/s    rxkB/s    txkB/s   rxcmp/s   txcmp/s  rxmcst/s   %ifutil
06:36:17           lo      2.00      2.00      0.10      0.10      0.00      0.00      0.00      0.00
06:36:17         ens4      0.00      0.00      0.00      0.00      0.00      0.00      0.00      0.00
06:36:17      docker0      0.00      0.00      0.00      0.00      0.00      0.00      0.00      0.00
06:36:17    veth8dad8dc      0.00      0.00      0.00      0.00      0.00      0.00      0.00      0.00

06:36:17        CPU     %user     %nice   %system   %iowait    %steal     %idle
06:36:18        all      0.50      0.00      0.50      0.00      0.00     99.00

06:36:17    kbmemfree   kbavail kbmemused  %memused kbbuffers  kbcached  kbcommit   %commit  kbactive   kbinact   kbdirty
06:36:18      5621160   7213012    563088      6.93     80300   1698084   2003308     24.64    718036   1525104       216

06:36:17        IFACE   rxpck/s   txpck/s    rxkB/s    txkB/s   rxcmp/s   txcmp/s  rxmcst/s   %ifutil
06:36:18           lo      0.00      0.00      0.00      0.00      0.00      0.00      0.00      0.00
06:36:18         ens4      0.00      0.00      0.00      0.00      0.00      0.00      0.00      0.00
06:36:18      docker0      0.00      0.00      0.00      0.00      0.00      0.00      0.00      0.00
06:36:18    veth8dad8dc      0.00      0.00      0.00      0.00      0.00      0.00      0.00      0.00

Average:        CPU     %user     %nice   %system   %iowait    %steal     %idle
Average:        all     17.31      0.00     17.90      0.02      0.26     64.50

Average:    kbmemfree   kbavail kbmemused  %memused kbbuffers  kbcached  kbcommit   %commit  kbactive   kbinact   kbdirty
Average:      5606280   7194596    585097      7.20     80292   1694527   2001420     24.62    718955   1521589       759

Average:        IFACE   rxpck/s   txpck/s    rxkB/s    txkB/s   rxcmp/s   txcmp/s  rxmcst/s   %ifutil
Average:           lo   3462.56   3462.56    753.79    753.79      0.00      0.00      0.00      0.00
Average:         ens4    722.50    707.34    528.12    122.48      0.00      0.00      0.00      0.00
Average:      docker0   1730.96   1730.96    138.61    638.28      0.00      0.00      0.00      0.00
Average:    veth8dad8dc   1730.96   1730.96    162.28    638.28      0.00      0.00      0.00      0.05