Linux 6.8.0-90-generic (zt-keycloak) 	05/14/2026 	_x86_64_	(4 CPU)

07:46:17 PM     CPU     %user     %nice   %system   %iowait    %steal     %idle
07:46:18 PM     all      0.25      0.00      0.25      0.00      0.00     99.50

07:46:17 PM kbmemfree   kbavail kbmemused  %memused kbbuffers  kbcached  kbcommit   %commit  kbactive   kbinact   kbdirty
07:46:18 PM   3474516   5806800   1747592     22.03     59108   2449972   5402592     68.11   1765876   2385544        20

07:46:17 PM     IFACE   rxpck/s   txpck/s    rxkB/s    txkB/s   rxcmp/s   txcmp/s  rxmcst/s   %ifutil
07:46:18 PM        lo      0.00      0.00      0.00      0.00      0.00      0.00      0.00      0.00
07:46:18 PM      eth0     90.00     46.00      7.42      4.58      0.00      0.00      0.00      0.00
07:46:18 PM   docker0      0.00      0.00      0.00      0.00      0.00      0.00      0.00      0.00
07:46:18 PM vethc7cc37c      0.00      0.00      0.00      0.00      0.00      0.00      0.00      0.00

07:46:18 PM     CPU     %user     %nice   %system   %iowait    %steal     %idle
07:46:19 PM     all      0.00      0.00      0.00      0.00      0.00    100.00

07:46:18 PM kbmemfree   kbavail kbmemused  %memused kbbuffers  kbcached  kbcommit   %commit  kbactive   kbinact   kbdirty
07:46:19 PM   3474516   5806800   1747592     22.03     59108   2449972   5402592     68.11   1765876   2385544        20

07:46:18 PM     IFACE   rxpck/s   txpck/s    rxkB/s    txkB/s   rxcmp/s   txcmp/s  rxmcst/s   %ifutil
07:46:19 PM        lo      0.00      0.00      0.00      0.00      0.00      0.00      0.00      0.00
07:46:19 PM      eth0      7.00      2.00      0.46      0.15      0.00      0.00      0.00      0.00
07:46:19 PM   docker0      0.00      0.00      0.00      0.00      0.00      0.00      0.00      0.00
07:46:19 PM vethc7cc37c      0.00      0.00      0.00      0.00      0.00      0.00      0.00      0.00

07:46:19 PM     CPU     %user     %nice   %system   %iowait    %steal     %idle
07:46:20 PM     all      0.00      0.00      0.00      0.00      0.00    100.00

07:46:19 PM kbmemfree   kbavail kbmemused  %memused kbbuffers  kbcached  kbcommit   %commit  kbactive   kbinact   kbdirty
07:46:20 PM   3474516   5806800   1747592     22.03     59108   2449972   5402592     68.11   1765876   2385544        20

07:46:19 PM     IFACE   rxpck/s   txpck/s    rxkB/s    txkB/s   rxcmp/s   txcmp/s  rxmcst/s   %ifutil
07:46:20 PM        lo      0.00      0.00      0.00      0.00      0.00      0.00      0.00      0.00
07:46:20 PM      eth0      0.00      0.00      0.00      0.00      0.00      0.00      0.00      0.00
07:46:20 PM   docker0      0.00      0.00      0.00      0.00      0.00      0.00      0.00      0.00
07:46:20 PM vethc7cc37c      0.00      0.00      0.00      0.00      0.00      0.00      0.00      0.00

07:46:20 PM     CPU     %user     %nice   %system   %iowait    %steal     %idle
07:46:21 PM     all      0.00      0.00      0.00      0.00      0.00    100.00

07:46:20 PM kbmemfree   kbavail kbmemused  %memused kbbuffers  kbcached  kbcommit   %commit  kbactive   kbinact   kbdirty
07:46:21 PM   3474516   5806800   1747592     22.03     59108   2449972   5402592     68.11   1765876   2385544        20

07:46:20 PM     IFACE   rxpck/s   txpck/s    rxkB/s    txkB/s   rxcmp/s   txcmp/s  rxmcst/s   %ifutil
07:46:21 PM        lo      0.00      0.00      0.00      0.00      0.00      0.00      0.00      0.00
07:46:21 PM      eth0      2.00      1.00      0.11      0.05      0.00      0.00      0.00      0.00
07:46:21 PM   docker0      0.00      0.00      0.00      0.00      0.00      0.00      0.00      0.00
07:46:21 PM vethc7cc37c      0.00      0.00      0.00      0.00      0.00      0.00      0.00      0.00

07:46:21 PM     CPU     %user     %nice   %system   %iowait    %steal     %idle
07:46:22 PM     all      0.25      0.00      0.00      0.00      0.00     99.75

07:46:21 PM kbmemfree   kbavail kbmemused  %memused kbbuffers  kbcached  kbcommit   %commit  kbactive   kbinact   kbdirty
07:46:22 PM   3474516   5806800   1747592     22.03     59108   2449972   5402592     68.11   1765876   2385544        20

07:46:21 PM     IFACE   rxpck/s   txpck/s    rxkB/s    txkB/s   rxcmp/s   txcmp/s  rxmcst/s   %ifutil
07:46:22 PM        lo      0.00      0.00      0.00      0.00      0.00      0.00      0.00      0.00
07:46:22 PM      eth0      0.00      0.00      0.00      0.00      0.00      0.00      0.00      0.00
07:46:22 PM   docker0      0.00      0.00      0.00      0.00      0.00      0.00      0.00      0.00
07:46:22 PM vethc7cc37c      0.00      0.00      0.00      0.00      0.00      0.00      0.00      0.00

07:46:22 PM     CPU     %user     %nice   %system   %iowait    %steal     %idle
07:46:23 PM     all      0.50      0.00      0.50      0.00      0.00     99.01

07:46:22 PM kbmemfree   kbavail kbmemused  %memused kbbuffers  kbcached  kbcommit   %commit  kbactive   kbinact   kbdirty
07:46:23 PM   3474516   5806804   1747580     22.03     59112   2449976   5402592     68.11   1765880   2385548        36

07:46:22 PM     IFACE   rxpck/s   txpck/s    rxkB/s    txkB/s   rxcmp/s   txcmp/s  rxmcst/s   %ifutil
07:46:23 PM        lo      0.00      0.00      0.00      0.00      0.00      0.00      0.00      0.00
07:46:23 PM      eth0      4.00      2.00      0.21      0.11      0.00      0.00      0.00      0.00
07:46:23 PM   docker0      0.00      0.00      0.00      0.00      0.00      0.00      0.00      0.00
07:46:23 PM vethc7cc37c      0.00      0.00      0.00      0.00      0.00      0.00      0.00      0.00

07:46:23 PM     CPU     %user     %nice   %system   %iowait    %steal     %idle
07:46:24 PM     all      0.00      0.00      0.50      0.00      0.00     99.50

07:46:23 PM kbmemfree   kbavail kbmemused  %memused kbbuffers  kbcached  kbcommit   %commit  kbactive   kbinact   kbdirty
07:46:24 PM   3474516   5806804   1747580     22.03     59112   2449976   5402592     68.11   1765880   2385548        40

07:46:23 PM     IFACE   rxpck/s   txpck/s    rxkB/s    txkB/s   rxcmp/s   txcmp/s  rxmcst/s   %ifutil
07:46:24 PM        lo      0.00      0.00      0.00      0.00      0.00      0.00      0.00      0.00
07:46:24 PM      eth0      4.00      2.00      0.21      0.11      0.00      0.00      0.00      0.00
07:46:24 PM   docker0      0.00      0.00      0.00      0.00      0.00      0.00      0.00      0.00
07:46:24 PM vethc7cc37c      0.00      0.00      0.00      0.00      0.00      0.00      0.00      0.00

07:46:24 PM     CPU     %user     %nice   %system   %iowait    %steal     %idle
07:46:25 PM     all      0.25      0.00      0.25      0.00      0.00     99.50

07:46:24 PM kbmemfree   kbavail kbmemused  %memused kbbuffers  kbcached  kbcommit   %commit  kbactive   kbinact   kbdirty
07:46:25 PM   3474516   5806816   1747580     22.03     59112   2449976   5405780     68.15   1767536   2385560       168

07:46:24 PM     IFACE   rxpck/s   txpck/s    rxkB/s    txkB/s   rxcmp/s   txcmp/s  rxmcst/s   %ifutil
07:46:25 PM        lo      0.00      0.00      0.00      0.00      0.00      0.00      0.00      0.00
07:46:25 PM      eth0     10.00     12.00      2.28      2.49      0.00      0.00      0.00      0.00
07:46:25 PM   docker0      0.00      0.00      0.00      0.00      0.00      0.00      0.00      0.00
07:46:25 PM vethc7cc37c      0.00      0.00      0.00      0.00      0.00      0.00      0.00      0.00

07:46:25 PM     CPU     %user     %nice   %system   %iowait    %steal     %idle
07:46:26 PM     all      0.25      0.00      0.00      0.00      0.00     99.75

07:46:25 PM kbmemfree   kbavail kbmemused  %memused kbbuffers  kbcached  kbcommit   %commit  kbactive   kbinact   kbdirty
07:46:26 PM   3474516   5806816   1747580     22.03     59112   2449976   5405780     68.15   1767536   2385560       168

07:46:25 PM     IFACE   rxpck/s   txpck/s    rxkB/s    txkB/s   rxcmp/s   txcmp/s  rxmcst/s   %ifutil
07:46:26 PM        lo      0.00      0.00      0.00      0.00      0.00      0.00      0.00      0.00
07:46:26 PM      eth0      0.00      0.00      0.00      0.00      0.00      0.00      0.00      0.00
07:46:26 PM   docker0      0.00      0.00      0.00      0.00      0.00      0.00      0.00      0.00
07:46:26 PM vethc7cc37c      0.00      0.00      0.00      0.00      0.00      0.00      0.00      0.00

07:46:26 PM     CPU     %user     %nice   %system   %iowait    %steal     %idle
07:46:27 PM     all      0.00      0.00      0.00      0.00      0.00    100.00

07:46:26 PM kbmemfree   kbavail kbmemused  %memused kbbuffers  kbcached  kbcommit   %commit  kbactive   kbinact   kbdirty
07:46:27 PM   3474516   5806820   1747576     22.03     59112   2449980   5405780     68.15   1767548   2385564       184

07:46:26 PM     IFACE   rxpck/s   txpck/s    rxkB/s    txkB/s   rxcmp/s   txcmp/s  rxmcst/s   %ifutil
07:46:27 PM        lo      0.00      0.00      0.00      0.00      0.00      0.00      0.00      0.00
07:46:27 PM      eth0      2.00      1.00      0.11      0.05      0.00      0.00      0.00      0.00
07:46:27 PM   docker0      0.00      0.00      0.00      0.00      0.00      0.00      0.00      0.00
07:46:27 PM vethc7cc37c      0.00      0.00      0.00      0.00      0.00      0.00      0.00      0.00

07:46:27 PM     CPU     %user     %nice   %system   %iowait    %steal     %idle
07:46:28 PM     all      0.25      0.00      0.00      0.00      0.00     99.75

07:46:27 PM kbmemfree   kbavail kbmemused  %memused kbbuffers  kbcached  kbcommit   %commit  kbactive   kbinact   kbdirty
07:46:28 PM   3474516   5806820   1747576     22.03     59112   2449980   5405780     68.15   1767548   2385564       204

07:46:27 PM     IFACE   rxpck/s   txpck/s    rxkB/s    txkB/s   rxcmp/s   txcmp/s  rxmcst/s   %ifutil
07:46:28 PM        lo      0.00      0.00      0.00      0.00      0.00      0.00      0.00      0.00
07:46:28 PM      eth0      1.00      2.00      0.15      0.18      0.00      0.00      0.00      0.00
07:46:28 PM   docker0      0.00      0.00      0.00      0.00      0.00      0.00      0.00      0.00
07:46:28 PM vethc7cc37c      0.00      0.00      0.00      0.00      0.00      0.00      0.00      0.00

07:46:28 PM     CPU     %user     %nice   %system   %iowait    %steal     %idle
07:46:29 PM     all      0.00      0.00      0.00      0.00      0.00    100.00

07:46:28 PM kbmemfree   kbavail kbmemused  %memused kbbuffers  kbcached  kbcommit   %commit  kbactive   kbinact   kbdirty
07:46:29 PM   3474516   5806824   1747576     22.03     59112   2449980   5405780     68.15   1767600   2385568       196

07:46:28 PM     IFACE   rxpck/s   txpck/s    rxkB/s    txkB/s   rxcmp/s   txcmp/s  rxmcst/s   %ifutil
07:46:29 PM        lo      0.00      0.00      0.00      0.00      0.00      0.00      0.00      0.00
07:46:29 PM      eth0      0.00      0.00      0.00      0.00      0.00      0.00      0.00      0.00
07:46:29 PM   docker0      0.00      0.00      0.00      0.00      0.00      0.00      0.00      0.00
07:46:29 PM vethc7cc37c      0.00      0.00      0.00      0.00      0.00      0.00      0.00      0.00

07:46:29 PM     CPU     %user     %nice   %system   %iowait    %steal     %idle
07:46:30 PM     all      0.00      0.00      0.00      0.00      0.00    100.00

07:46:29 PM kbmemfree   kbavail kbmemused  %memused kbbuffers  kbcached  kbcommit   %commit  kbactive   kbinact   kbdirty
07:46:30 PM   3474516   5806824   1747576     22.03     59112   2449980   5405780     68.15   1767600   2385568        56

07:46:29 PM     IFACE   rxpck/s   txpck/s    rxkB/s    txkB/s   rxcmp/s   txcmp/s  rxmcst/s   %ifutil
07:46:30 PM        lo      0.00      0.00      0.00      0.00      0.00      0.00      0.00      0.00
07:46:30 PM      eth0      0.00      0.00      0.00      0.00      0.00      0.00      0.00      0.00
07:46:30 PM   docker0      0.00      0.00      0.00      0.00      0.00      0.00      0.00      0.00
07:46:30 PM vethc7cc37c      0.00      0.00      0.00      0.00      0.00      0.00      0.00      0.00

07:46:30 PM     CPU     %user     %nice   %system   %iowait    %steal     %idle
07:46:31 PM     all      0.00      0.00      0.50      0.00      0.00     99.50

07:46:30 PM kbmemfree   kbavail kbmemused  %memused kbbuffers  kbcached  kbcommit   %commit  kbactive   kbinact   kbdirty
07:46:31 PM   3474516   5806824   1747572     22.03     59112   2449980   5405780     68.15   1767600   2385568        56

07:46:30 PM     IFACE   rxpck/s   txpck/s    rxkB/s    txkB/s   rxcmp/s   txcmp/s  rxmcst/s   %ifutil
07:46:31 PM        lo      0.00      0.00      0.00      0.00      0.00      0.00      0.00      0.00
07:46:31 PM      eth0      1.00      2.00      0.14      0.18      0.00      0.00      0.00      0.00
07:46:31 PM   docker0      0.00      0.00      0.00      0.00      0.00      0.00      0.00      0.00
07:46:31 PM vethc7cc37c      0.00      0.00      0.00      0.00      0.00      0.00      0.00      0.00

07:46:31 PM     CPU     %user     %nice   %system   %iowait    %steal     %idle
07:46:32 PM     all      0.25      0.00      0.00      0.00      0.00     99.75

07:46:31 PM kbmemfree   kbavail kbmemused  %memused kbbuffers  kbcached  kbcommit   %commit  kbactive   kbinact   kbdirty
07:46:32 PM   3474516   5806828   1747568     22.03     59112   2449984   5405780     68.15   1767600   2385572        44

07:46:31 PM     IFACE   rxpck/s   txpck/s    rxkB/s    txkB/s   rxcmp/s   txcmp/s  rxmcst/s   %ifutil
07:46:32 PM        lo      0.00      0.00      0.00      0.00      0.00      0.00      0.00      0.00
07:46:32 PM      eth0      3.00      2.00      0.16      0.11      0.00      0.00      0.00      0.00
07:46:32 PM   docker0      0.00      0.00      0.00      0.00      0.00      0.00      0.00      0.00
07:46:32 PM vethc7cc37c      0.00      0.00      0.00      0.00      0.00      0.00      0.00      0.00

07:46:32 PM     CPU     %user     %nice   %system   %iowait    %steal     %idle
07:46:33 PM     all      0.00      0.00      0.00      0.00      0.00    100.00

07:46:32 PM kbmemfree   kbavail kbmemused  %memused kbbuffers  kbcached  kbcommit   %commit  kbactive   kbinact   kbdirty
07:46:33 PM   3474516   5806828   1747568     22.03     59112   2449984   5405780     68.15   1767600   2385572       168

07:46:32 PM     IFACE   rxpck/s   txpck/s    rxkB/s    txkB/s   rxcmp/s   txcmp/s  rxmcst/s   %ifutil
07:46:33 PM        lo      0.00      0.00      0.00      0.00      0.00      0.00      0.00      0.00
07:46:33 PM      eth0      2.00      1.00      0.11      0.05      0.00      0.00      0.00      0.00
07:46:33 PM   docker0      0.00      0.00      0.00      0.00      0.00      0.00      0.00      0.00
07:46:33 PM vethc7cc37c      0.00      0.00      0.00      0.00      0.00      0.00      0.00      0.00

07:46:33 PM     CPU     %user     %nice   %system   %iowait    %steal     %idle
07:46:34 PM     all      0.00      0.00      0.50      0.00      0.00     99.50

07:46:33 PM kbmemfree   kbavail kbmemused  %memused kbbuffers  kbcached  kbcommit   %commit  kbactive   kbinact   kbdirty
07:46:34 PM   3474516   5806828   1747564     22.03     59116   2449984   5405780     68.15   1767600   2385572       164

07:46:33 PM     IFACE   rxpck/s   txpck/s    rxkB/s    txkB/s   rxcmp/s   txcmp/s  rxmcst/s   %ifutil
07:46:34 PM        lo      0.00      0.00      0.00      0.00      0.00      0.00      0.00      0.00
07:46:34 PM      eth0      1.00      2.00      0.15      0.18      0.00      0.00      0.00      0.00
07:46:34 PM   docker0      0.00      0.00      0.00      0.00      0.00      0.00      0.00      0.00
07:46:34 PM vethc7cc37c      0.00      0.00      0.00      0.00      0.00      0.00      0.00      0.00

07:46:34 PM     CPU     %user     %nice   %system   %iowait    %steal     %idle
07:46:35 PM     all      0.25      0.00      0.00      0.00      0.00     99.75

07:46:34 PM kbmemfree   kbavail kbmemused  %memused kbbuffers  kbcached  kbcommit   %commit  kbactive   kbinact   kbdirty
07:46:35 PM   3474516   5806828   1747564     22.03     59116   2449984   5405780     68.15   1767600   2385572       156

07:46:34 PM     IFACE   rxpck/s   txpck/s    rxkB/s    txkB/s   rxcmp/s   txcmp/s  rxmcst/s   %ifutil
07:46:35 PM        lo      0.00      0.00      0.00      0.00      0.00      0.00      0.00      0.00
07:46:35 PM      eth0      0.00      0.00      0.00      0.00      0.00      0.00      0.00      0.00
07:46:35 PM   docker0      0.00      0.00      0.00      0.00      0.00      0.00      0.00      0.00
07:46:35 PM vethc7cc37c      0.00      0.00      0.00      0.00      0.00      0.00      0.00      0.00

07:46:35 PM     CPU     %user     %nice   %system   %iowait    %steal     %idle
07:46:36 PM     all      0.00      0.00      0.25      0.00      0.00     99.75

07:46:35 PM kbmemfree   kbavail kbmemused  %memused kbbuffers  kbcached  kbcommit   %commit  kbactive   kbinact   kbdirty
07:46:36 PM   3474516   5806828   1747560     22.03     59116   2449988   5405780     68.15   1767600   2385572       172

07:46:35 PM     IFACE   rxpck/s   txpck/s    rxkB/s    txkB/s   rxcmp/s   txcmp/s  rxmcst/s   %ifutil
07:46:36 PM        lo      0.00      0.00      0.00      0.00      0.00      0.00      0.00      0.00
07:46:36 PM      eth0      2.00      1.00      0.11      0.05      0.00      0.00      0.00      0.00
07:46:36 PM   docker0      0.00      0.00      0.00      0.00      0.00      0.00      0.00      0.00
07:46:36 PM vethc7cc37c      0.00      0.00      0.00      0.00      0.00      0.00      0.00      0.00

07:46:36 PM     CPU     %user     %nice   %system   %iowait    %steal     %idle
07:46:37 PM     all      0.00      0.00      0.00      0.00      0.00    100.00

07:46:36 PM kbmemfree   kbavail kbmemused  %memused kbbuffers  kbcached  kbcommit   %commit  kbactive   kbinact   kbdirty
07:46:37 PM   3474516   5806828   1747560     22.03     59116   2449988   5405780     68.15   1767600   2385572       172

07:46:36 PM     IFACE   rxpck/s   txpck/s    rxkB/s    txkB/s   rxcmp/s   txcmp/s  rxmcst/s   %ifutil
07:46:37 PM        lo      0.00      0.00      0.00      0.00      0.00      0.00      0.00      0.00
07:46:37 PM      eth0      3.00      3.00      0.24      0.23      0.00      0.00      0.00      0.00
07:46:37 PM   docker0      0.00      0.00      0.00      0.00      0.00      0.00      0.00      0.00
07:46:37 PM vethc7cc37c      0.00      0.00      0.00      0.00      0.00      0.00      0.00      0.00

07:46:37 PM     CPU     %user     %nice   %system   %iowait    %steal     %idle
07:46:38 PM     all      0.25      0.00      0.00      0.00      0.00     99.75

07:46:37 PM kbmemfree   kbavail kbmemused  %memused kbbuffers  kbcached  kbcommit   %commit  kbactive   kbinact   kbdirty
07:46:38 PM   3474516   5806828   1747564     22.03     59116   2449988   5405780     68.15   1767600   2385572       172

07:46:37 PM     IFACE   rxpck/s   txpck/s    rxkB/s    txkB/s   rxcmp/s   txcmp/s  rxmcst/s   %ifutil
07:46:38 PM        lo      0.00      0.00      0.00      0.00      0.00      0.00      0.00      0.00
07:46:38 PM      eth0      2.00      1.00      0.11      0.05      0.00      0.00      0.00      0.00
07:46:38 PM   docker0      0.00      0.00      0.00      0.00      0.00      0.00      0.00      0.00
07:46:38 PM vethc7cc37c      0.00      0.00      0.00      0.00      0.00      0.00      0.00      0.00

07:46:38 PM     CPU     %user     %nice   %system   %iowait    %steal     %idle
07:46:39 PM     all      0.25      0.00      0.00      0.00      0.00     99.75

07:46:38 PM kbmemfree   kbavail kbmemused  %memused kbbuffers  kbcached  kbcommit   %commit  kbactive   kbinact   kbdirty
07:46:39 PM   3474516   5806828   1747564     22.03     59116   2449988   5405780     68.15   1767600   2385572       168

07:46:38 PM     IFACE   rxpck/s   txpck/s    rxkB/s    txkB/s   rxcmp/s   txcmp/s  rxmcst/s   %ifutil
07:46:39 PM        lo      0.00      0.00      0.00      0.00      0.00      0.00      0.00      0.00
07:46:39 PM      eth0      0.00      0.00      0.00      0.00      0.00      0.00      0.00      0.00
07:46:39 PM   docker0      0.00      0.00      0.00      0.00      0.00      0.00      0.00      0.00
07:46:39 PM vethc7cc37c      0.00      0.00      0.00      0.00      0.00      0.00      0.00      0.00

07:46:39 PM     CPU     %user     %nice   %system   %iowait    %steal     %idle
07:46:40 PM     all      0.00      0.00      0.25      0.00      0.00     99.75

07:46:39 PM kbmemfree   kbavail kbmemused  %memused kbbuffers  kbcached  kbcommit   %commit  kbactive   kbinact   kbdirty
07:46:40 PM   3474516   5806832   1747556     22.03     59120   2449992   5402592     68.11   1766060   2385576       228

07:46:39 PM     IFACE   rxpck/s   txpck/s    rxkB/s    txkB/s   rxcmp/s   txcmp/s  rxmcst/s   %ifutil
07:46:40 PM        lo      0.00      0.00      0.00      0.00      0.00      0.00      0.00      0.00
07:46:40 PM      eth0      1.00      1.00      0.06      0.12      0.00      0.00      0.00      0.00
07:46:40 PM   docker0      0.00      0.00      0.00      0.00      0.00      0.00      0.00      0.00
07:46:40 PM vethc7cc37c      0.00      0.00      0.00      0.00      0.00      0.00      0.00      0.00

07:46:40 PM     CPU     %user     %nice   %system   %iowait    %steal     %idle
07:46:41 PM     all      0.00      0.00      0.00      0.00      0.00    100.00

07:46:40 PM kbmemfree   kbavail kbmemused  %memused kbbuffers  kbcached  kbcommit   %commit  kbactive   kbinact   kbdirty
07:46:41 PM   3476880   5809204   1745184     22.00     59120   2450000   5402592     68.11   1765908   2385584       224

07:46:40 PM     IFACE   rxpck/s   txpck/s    rxkB/s    txkB/s   rxcmp/s   txcmp/s  rxmcst/s   %ifutil
07:46:41 PM        lo      0.00      0.00      0.00      0.00      0.00      0.00      0.00      0.00
07:46:41 PM      eth0      0.00      0.00      0.00      0.00      0.00      0.00      0.00      0.00
07:46:41 PM   docker0      0.00      0.00      0.00      0.00      0.00      0.00      0.00      0.00
07:46:41 PM vethc7cc37c      0.00      0.00      0.00      0.00      0.00      0.00      0.00      0.00

07:46:41 PM     CPU     %user     %nice   %system   %iowait    %steal     %idle
07:46:42 PM     all      0.50      0.00      0.00      0.00      0.00     99.50

07:46:41 PM kbmemfree   kbavail kbmemused  %memused kbbuffers  kbcached  kbcommit   %commit  kbactive   kbinact   kbdirty
07:46:42 PM   3476880   5809204   1745184     22.00     59120   2450000   5402592     68.11   1765908   2385584       228

07:46:41 PM     IFACE   rxpck/s   txpck/s    rxkB/s    txkB/s   rxcmp/s   txcmp/s  rxmcst/s   %ifutil
07:46:42 PM        lo      0.00      0.00      0.00      0.00      0.00      0.00      0.00      0.00
07:46:42 PM      eth0      0.00      0.00      0.00      0.00      0.00      0.00      0.00      0.00
07:46:42 PM   docker0      0.00      0.00      0.00      0.00      0.00      0.00      0.00      0.00
07:46:42 PM vethc7cc37c      0.00      0.00      0.00      0.00      0.00      0.00      0.00      0.00

07:46:42 PM     CPU     %user     %nice   %system   %iowait    %steal     %idle
07:46:43 PM     all      0.00      0.00      0.00      0.00      0.00    100.00

07:46:42 PM kbmemfree   kbavail kbmemused  %memused kbbuffers  kbcached  kbcommit   %commit  kbactive   kbinact   kbdirty
07:46:43 PM   3476376   5808700   1745688     22.01     59120   2450000   5402592     68.11   1765908   2385584       228

07:46:42 PM     IFACE   rxpck/s   txpck/s    rxkB/s    txkB/s   rxcmp/s   txcmp/s  rxmcst/s   %ifutil
07:46:43 PM        lo      0.00      0.00      0.00      0.00      0.00      0.00      0.00      0.00
07:46:43 PM      eth0      2.00      1.00      0.11      0.05      0.00      0.00      0.00      0.00
07:46:43 PM   docker0      0.00      0.00      0.00      0.00      0.00      0.00      0.00      0.00
07:46:43 PM vethc7cc37c      0.00      0.00      0.00      0.00      0.00      0.00      0.00      0.00

07:46:43 PM     CPU     %user     %nice   %system   %iowait    %steal     %idle
07:46:44 PM     all      0.00      0.00      0.00      0.00      0.00    100.00

07:46:43 PM kbmemfree   kbavail kbmemused  %memused kbbuffers  kbcached  kbcommit   %commit  kbactive   kbinact   kbdirty
07:46:44 PM   3476376   5808700   1745688     22.01     59120   2450000   5402592     68.11   1765908   2385584       228

07:46:43 PM     IFACE   rxpck/s   txpck/s    rxkB/s    txkB/s   rxcmp/s   txcmp/s  rxmcst/s   %ifutil
07:46:44 PM        lo      0.00      0.00      0.00      0.00      0.00      0.00      0.00      0.00
07:46:44 PM      eth0      0.00      0.00      0.00      0.00      0.00      0.00      0.00      0.00
07:46:44 PM   docker0      0.00      0.00      0.00      0.00      0.00      0.00      0.00      0.00
07:46:44 PM vethc7cc37c      0.00      0.00      0.00      0.00      0.00      0.00      0.00      0.00

07:46:44 PM     CPU     %user     %nice   %system   %iowait    %steal     %idle
07:46:45 PM     all      0.00      0.00      0.00      0.00      0.00    100.00

07:46:44 PM kbmemfree   kbavail kbmemused  %memused kbbuffers  kbcached  kbcommit   %commit  kbactive   kbinact   kbdirty
07:46:45 PM   3476376   5808708   1745688     22.01     59124   2450000   5402592     68.11   1765924   2385592       224

07:46:44 PM     IFACE   rxpck/s   txpck/s    rxkB/s    txkB/s   rxcmp/s   txcmp/s  rxmcst/s   %ifutil
07:46:45 PM        lo      0.00      0.00      0.00      0.00      0.00      0.00      0.00      0.00
07:46:45 PM      eth0      3.00      2.00      0.16      0.11      0.00      0.00      0.00      0.00
07:46:45 PM   docker0      0.00      0.00      0.00      0.00      0.00      0.00      0.00      0.00
07:46:45 PM vethc7cc37c      0.00      0.00      0.00      0.00      0.00      0.00      0.00      0.00

07:46:45 PM     CPU     %user     %nice   %system   %iowait    %steal     %idle
07:46:46 PM     all      0.00      0.00      0.25      0.00      0.00     99.75

07:46:45 PM kbmemfree   kbavail kbmemused  %memused kbbuffers  kbcached  kbcommit   %commit  kbactive   kbinact   kbdirty
07:46:46 PM   3476376   5808708   1745684     22.01     59124   2450004   5402592     68.11   1765924   2385592       228

07:46:45 PM     IFACE   rxpck/s   txpck/s    rxkB/s    txkB/s   rxcmp/s   txcmp/s  rxmcst/s   %ifutil
07:46:46 PM        lo      0.00      0.00      0.00      0.00      0.00      0.00      0.00      0.00
07:46:46 PM      eth0      2.00      1.00      0.11      0.05      0.00      0.00      0.00      0.00
07:46:46 PM   docker0      0.00      0.00      0.00      0.00      0.00      0.00      0.00      0.00
07:46:46 PM vethc7cc37c      0.00      0.00      0.00      0.00      0.00      0.00      0.00      0.00

07:46:46 PM     CPU     %user     %nice   %system   %iowait    %steal     %idle
07:46:47 PM     all      0.25      0.00      0.25      0.00      0.00     99.50

07:46:46 PM kbmemfree   kbavail kbmemused  %memused kbbuffers  kbcached  kbcommit   %commit  kbactive   kbinact   kbdirty
07:46:47 PM   3476376   5808716   1745684     22.01     59124   2450004   5402592     68.11   1765924   2385600       220

07:46:46 PM     IFACE   rxpck/s   txpck/s    rxkB/s    txkB/s   rxcmp/s   txcmp/s  rxmcst/s   %ifutil
07:46:47 PM        lo      0.00      0.00      0.00      0.00      0.00      0.00      0.00      0.00
07:46:47 PM      eth0      0.00      0.00      0.00      0.00      0.00      0.00      0.00      0.00
07:46:47 PM   docker0      0.00      0.00      0.00      0.00      0.00      0.00      0.00      0.00
07:46:47 PM vethc7cc37c      0.00      0.00      0.00      0.00      0.00      0.00      0.00      0.00

07:46:47 PM     CPU     %user     %nice   %system   %iowait    %steal     %idle
07:46:48 PM     all      0.00      0.00      0.00      0.00      0.00    100.00

07:46:47 PM kbmemfree   kbavail kbmemused  %memused kbbuffers  kbcached  kbcommit   %commit  kbactive   kbinact   kbdirty
07:46:48 PM   3476376   5808716   1745684     22.01     59124   2450004   5402592     68.11   1765924   2385600       224

07:46:47 PM     IFACE   rxpck/s   txpck/s    rxkB/s    txkB/s   rxcmp/s   txcmp/s  rxmcst/s   %ifutil
07:46:48 PM        lo      0.00      0.00      0.00      0.00      0.00      0.00      0.00      0.00
07:46:48 PM      eth0      0.00      0.00      0.00      0.00      0.00      0.00      0.00      0.00
07:46:48 PM   docker0      0.00      0.00      0.00      0.00      0.00      0.00      0.00      0.00
07:46:48 PM vethc7cc37c      0.00      0.00      0.00      0.00      0.00      0.00      0.00      0.00

07:46:48 PM     CPU     %user     %nice   %system   %iowait    %steal     %idle
07:46:49 PM     all      0.00      0.00      0.00      0.00      0.00    100.00

07:46:48 PM kbmemfree   kbavail kbmemused  %memused kbbuffers  kbcached  kbcommit   %commit  kbactive   kbinact   kbdirty
07:46:49 PM   3476376   5808716   1745684     22.01     59124   2450004   5402592     68.11   1765924   2385600       224

07:46:48 PM     IFACE   rxpck/s   txpck/s    rxkB/s    txkB/s   rxcmp/s   txcmp/s  rxmcst/s   %ifutil
07:46:49 PM        lo      0.00      0.00      0.00      0.00      0.00      0.00      0.00      0.00
07:46:49 PM      eth0      0.00      0.00      0.00      0.00      0.00      0.00      0.00      0.00
07:46:49 PM   docker0      0.00      0.00      0.00      0.00      0.00      0.00      0.00      0.00
07:46:49 PM vethc7cc37c      0.00      0.00      0.00      0.00      0.00      0.00      0.00      0.00

07:46:49 PM     CPU     %user     %nice   %system   %iowait    %steal     %idle
07:46:50 PM     all      0.00      0.00      0.00      0.25      0.00     99.75

07:46:49 PM kbmemfree   kbavail kbmemused  %memused kbbuffers  kbcached  kbcommit   %commit  kbactive   kbinact   kbdirty
07:46:50 PM   3475368   5807712   1746684     22.02     59128   2450004   5402592     68.11   1765924   2385600       196

07:46:49 PM     IFACE   rxpck/s   txpck/s    rxkB/s    txkB/s   rxcmp/s   txcmp/s  rxmcst/s   %ifutil
07:46:50 PM        lo      0.00      0.00      0.00      0.00      0.00      0.00      0.00      0.00
07:46:50 PM      eth0      0.00      0.00      0.00      0.00      0.00      0.00      0.00      0.00
07:46:50 PM   docker0      0.00      0.00      0.00      0.00      0.00      0.00      0.00      0.00
07:46:50 PM vethc7cc37c      0.00      0.00      0.00      0.00      0.00      0.00      0.00      0.00

07:46:50 PM     CPU     %user     %nice   %system   %iowait    %steal     %idle
07:46:51 PM     all      0.00      0.00      0.00      0.00      0.00    100.00

07:46:50 PM kbmemfree   kbavail kbmemused  %memused kbbuffers  kbcached  kbcommit   %commit  kbactive   kbinact   kbdirty
07:46:51 PM   3475368   5807712   1746684     22.02     59128   2450004   5402592     68.11   1765924   2385600       196

07:46:50 PM     IFACE   rxpck/s   txpck/s    rxkB/s    txkB/s   rxcmp/s   txcmp/s  rxmcst/s   %ifutil
07:46:51 PM        lo      0.00      0.00      0.00      0.00      0.00      0.00      0.00      0.00
07:46:51 PM      eth0      0.00      0.00      0.00      0.00      0.00      0.00      0.00      0.00
07:46:51 PM   docker0      0.00      0.00      0.00      0.00      0.00      0.00      0.00      0.00
07:46:51 PM vethc7cc37c      0.00      0.00      0.00      0.00      0.00      0.00      0.00      0.00

07:46:51 PM     CPU     %user     %nice   %system   %iowait    %steal     %idle
07:46:52 PM     all      0.25      0.00      0.25      0.00      0.00     99.50

07:46:51 PM kbmemfree   kbavail kbmemused  %memused kbbuffers  kbcached  kbcommit   %commit  kbactive   kbinact   kbdirty
07:46:52 PM   3475368   5807720   1746680     22.02     59128   2450008   5402592     68.11   1765892   2385608       220

07:46:51 PM     IFACE   rxpck/s   txpck/s    rxkB/s    txkB/s   rxcmp/s   txcmp/s  rxmcst/s   %ifutil
07:46:52 PM        lo      0.00      0.00      0.00      0.00      0.00      0.00      0.00      0.00
07:46:52 PM      eth0      0.00      0.00      0.00      0.00      0.00      0.00      0.00      0.00
07:46:52 PM   docker0      0.00      0.00      0.00      0.00      0.00      0.00      0.00      0.00
07:46:52 PM vethc7cc37c      0.00      0.00      0.00      0.00      0.00      0.00      0.00      0.00

07:46:52 PM     CPU     %user     %nice   %system   %iowait    %steal     %idle
07:46:53 PM     all      0.00      0.00      0.00      0.00      0.00    100.00

07:46:52 PM kbmemfree   kbavail kbmemused  %memused kbbuffers  kbcached  kbcommit   %commit  kbactive   kbinact   kbdirty
07:46:53 PM   3475368   5807720   1746680     22.02     59128   2450008   5402592     68.11   1765892   2385608       220

07:46:52 PM     IFACE   rxpck/s   txpck/s    rxkB/s    txkB/s   rxcmp/s   txcmp/s  rxmcst/s   %ifutil
07:46:53 PM        lo      0.00      0.00      0.00      0.00      0.00      0.00      0.00      0.00
07:46:53 PM      eth0      2.00      1.00      0.11      0.05      0.00      0.00      0.00      0.00
07:46:53 PM   docker0      0.00      0.00      0.00      0.00      0.00      0.00      0.00      0.00
07:46:53 PM vethc7cc37c      0.00      0.00      0.00      0.00      0.00      0.00      0.00      0.00

07:46:53 PM     CPU     %user     %nice   %system   %iowait    %steal     %idle
07:46:54 PM     all      0.00      0.00      0.00      0.00      0.00    100.00

07:46:53 PM kbmemfree   kbavail kbmemused  %memused kbbuffers  kbcached  kbcommit   %commit  kbactive   kbinact   kbdirty
07:46:54 PM   3475368   5807720   1746676     22.02     59128   2450012   5402592     68.11   1765892   2385608       220

07:46:53 PM     IFACE   rxpck/s   txpck/s    rxkB/s    txkB/s   rxcmp/s   txcmp/s  rxmcst/s   %ifutil
07:46:54 PM        lo      0.00      0.00      0.00      0.00      0.00      0.00      0.00      0.00
07:46:54 PM      eth0      2.00      1.00      0.11      0.05      0.00      0.00      0.00      0.00
07:46:54 PM   docker0      0.00      0.00      0.00      0.00      0.00      0.00      0.00      0.00
07:46:54 PM vethc7cc37c      0.00      0.00      0.00      0.00      0.00      0.00      0.00      0.00

07:46:54 PM     CPU     %user     %nice   %system   %iowait    %steal     %idle
07:46:55 PM     all      0.00      0.00      0.25      0.00      0.00     99.75

07:46:54 PM kbmemfree   kbavail kbmemused  %memused kbbuffers  kbcached  kbcommit   %commit  kbactive   kbinact   kbdirty
07:46:55 PM   3475368   5807720   1746676     22.02     59128   2450012   5402592     68.11   1765892   2385608       220

07:46:54 PM     IFACE   rxpck/s   txpck/s    rxkB/s    txkB/s   rxcmp/s   txcmp/s  rxmcst/s   %ifutil
07:46:55 PM        lo      0.00      0.00      0.00      0.00      0.00      0.00      0.00      0.00
07:46:55 PM      eth0      0.00      0.00      0.00      0.00      0.00      0.00      0.00      0.00
07:46:55 PM   docker0      0.00      0.00      0.00      0.00      0.00      0.00      0.00      0.00
07:46:55 PM vethc7cc37c      0.00      0.00      0.00      0.00      0.00      0.00      0.00      0.00

07:46:55 PM     CPU     %user     %nice   %system   %iowait    %steal     %idle
07:46:56 PM     all      0.00      0.00      0.00      0.00      0.00    100.00

07:46:55 PM kbmemfree   kbavail kbmemused  %memused kbbuffers  kbcached  kbcommit   %commit  kbactive   kbinact   kbdirty
07:46:56 PM   3475368   5807728   1746672     22.02     59132   2450012   5402592     68.11   1765892   2385616       200

07:46:55 PM     IFACE   rxpck/s   txpck/s    rxkB/s    txkB/s   rxcmp/s   txcmp/s  rxmcst/s   %ifutil
07:46:56 PM        lo      0.00      0.00      0.00      0.00      0.00      0.00      0.00      0.00
07:46:56 PM      eth0      4.00      2.00      0.22      0.11      0.00      0.00      0.00      0.00
07:46:56 PM   docker0      0.00      0.00      0.00      0.00      0.00      0.00      0.00      0.00
07:46:56 PM vethc7cc37c      0.00      0.00      0.00      0.00      0.00      0.00      0.00      0.00

07:46:56 PM     CPU     %user     %nice   %system   %iowait    %steal     %idle
07:46:57 PM     all      0.00      0.00      0.00      0.00      0.00    100.00

07:46:56 PM kbmemfree   kbavail kbmemused  %memused kbbuffers  kbcached  kbcommit   %commit  kbactive   kbinact   kbdirty
07:46:57 PM   3475368   5807728   1746672     22.02     59132   2450012   5402592     68.11   1765892   2385616       200

07:46:56 PM     IFACE   rxpck/s   txpck/s    rxkB/s    txkB/s   rxcmp/s   txcmp/s  rxmcst/s   %ifutil
07:46:57 PM        lo      0.00      0.00      0.00      0.00      0.00      0.00      0.00      0.00
07:46:57 PM      eth0      6.00      3.00      0.32      0.16      0.00      0.00      0.00      0.00
07:46:57 PM   docker0      0.00      0.00      0.00      0.00      0.00      0.00      0.00      0.00
07:46:57 PM vethc7cc37c      0.00      0.00      0.00      0.00      0.00      0.00      0.00      0.00

07:46:57 PM     CPU     %user     %nice   %system   %iowait    %steal     %idle
07:46:58 PM     all      0.00      0.00      0.00      0.00      0.00    100.00

07:46:57 PM kbmemfree   kbavail kbmemused  %memused kbbuffers  kbcached  kbcommit   %commit  kbactive   kbinact   kbdirty
07:46:58 PM   3475368   5807732   1746672     22.02     59132   2450012   5402592     68.11   1765892   2385620       200

07:46:57 PM     IFACE   rxpck/s   txpck/s    rxkB/s    txkB/s   rxcmp/s   txcmp/s  rxmcst/s   %ifutil
07:46:58 PM        lo      0.00      0.00      0.00      0.00      0.00      0.00      0.00      0.00
07:46:58 PM      eth0      5.00      3.00      0.27      0.16      0.00      0.00      0.00      0.00
07:46:58 PM   docker0      0.00      0.00      0.00      0.00      0.00      0.00      0.00      0.00
07:46:58 PM vethc7cc37c      0.00      0.00      0.00      0.00      0.00      0.00      0.00      0.00

07:46:58 PM     CPU     %user     %nice   %system   %iowait    %steal     %idle
07:46:59 PM     all      0.00      0.00      0.75      0.00      0.00     99.25

07:46:58 PM kbmemfree   kbavail kbmemused  %memused kbbuffers  kbcached  kbcommit   %commit  kbactive   kbinact   kbdirty
07:46:59 PM   3475368   5807732   1746672     22.02     59132   2450012   5402592     68.11   1765892   2385620       188

07:46:58 PM     IFACE   rxpck/s   txpck/s    rxkB/s    txkB/s   rxcmp/s   txcmp/s  rxmcst/s   %ifutil
07:46:59 PM        lo      0.00      0.00      0.00      0.00      0.00      0.00      0.00      0.00
07:46:59 PM      eth0      3.00      2.00      0.15      0.09      0.00      0.00      0.00      0.00
07:46:59 PM   docker0      0.00      0.00      0.00      0.00      0.00      0.00      0.00      0.00
07:46:59 PM vethc7cc37c      0.00      0.00      0.00      0.00      0.00      0.00      0.00      0.00

07:46:59 PM     CPU     %user     %nice   %system   %iowait    %steal     %idle
07:47:00 PM     all      0.25      0.00      0.00      0.00      0.00     99.75

07:46:59 PM kbmemfree   kbavail kbmemused  %memused kbbuffers  kbcached  kbcommit   %commit  kbactive   kbinact   kbdirty
07:47:00 PM   3475368   5807732   1746668     22.02     59132   2450016   5402592     68.11   1765892   2385620       196

07:46:59 PM     IFACE   rxpck/s   txpck/s    rxkB/s    txkB/s   rxcmp/s   txcmp/s  rxmcst/s   %ifutil
07:47:00 PM        lo      0.00      0.00      0.00      0.00      0.00      0.00      0.00      0.00
07:47:00 PM      eth0      2.00      1.00      0.11      0.05      0.00      0.00      0.00      0.00
07:47:00 PM   docker0      0.00      0.00      0.00      0.00      0.00      0.00      0.00      0.00
07:47:00 PM vethc7cc37c      0.00      0.00      0.00      0.00      0.00      0.00      0.00      0.00

07:47:00 PM     CPU     %user     %nice   %system   %iowait    %steal     %idle
07:47:01 PM     all      0.00      0.00      0.00      0.00      0.00    100.00

07:47:00 PM kbmemfree   kbavail kbmemused  %memused kbbuffers  kbcached  kbcommit   %commit  kbactive   kbinact   kbdirty
07:47:01 PM   3475368   5807736   1746668     22.02     59136   2450012   5402592     68.11   1765892   2385624       164

07:47:00 PM     IFACE   rxpck/s   txpck/s    rxkB/s    txkB/s   rxcmp/s   txcmp/s  rxmcst/s   %ifutil
07:47:01 PM        lo      0.00      0.00      0.00      0.00      0.00      0.00      0.00      0.00
07:47:01 PM      eth0      2.00      1.00      0.11      0.05      0.00      0.00      0.00      0.00
07:47:01 PM   docker0      0.00      0.00      0.00      0.00      0.00      0.00      0.00      0.00
07:47:01 PM vethc7cc37c      0.00      0.00      0.00      0.00      0.00      0.00      0.00      0.00

07:47:01 PM     CPU     %user     %nice   %system   %iowait    %steal     %idle
07:47:02 PM     all      0.25      0.00      0.00      0.00      0.00     99.75

07:47:01 PM kbmemfree   kbavail kbmemused  %memused kbbuffers  kbcached  kbcommit   %commit  kbactive   kbinact   kbdirty
07:47:02 PM   3475368   5807736   1746664     22.02     59136   2450016   5402592     68.11   1765892   2385624        16

07:47:01 PM     IFACE   rxpck/s   txpck/s    rxkB/s    txkB/s   rxcmp/s   txcmp/s  rxmcst/s   %ifutil
07:47:02 PM        lo      0.00      0.00      0.00      0.00      0.00      0.00      0.00      0.00
07:47:02 PM      eth0      0.00      0.00      0.00      0.00      0.00      0.00      0.00      0.00
07:47:02 PM   docker0      0.00      0.00      0.00      0.00      0.00      0.00      0.00      0.00
07:47:02 PM vethc7cc37c      0.00      0.00      0.00      0.00      0.00      0.00      0.00      0.00

07:47:02 PM     CPU     %user     %nice   %system   %iowait    %steal     %idle
07:47:03 PM     all      0.25      0.00      0.00      0.00      0.00     99.75

07:47:02 PM kbmemfree   kbavail kbmemused  %memused kbbuffers  kbcached  kbcommit   %commit  kbactive   kbinact   kbdirty
07:47:03 PM   3475368   5807736   1746660     22.02     59136   2450020   5402592     68.11   1765892   2385624        20

07:47:02 PM     IFACE   rxpck/s   txpck/s    rxkB/s    txkB/s   rxcmp/s   txcmp/s  rxmcst/s   %ifutil
07:47:03 PM        lo      0.00      0.00      0.00      0.00      0.00      0.00      0.00      0.00
07:47:03 PM      eth0      0.00      0.00      0.00      0.00      0.00      0.00      0.00      0.00
07:47:03 PM   docker0      0.00      0.00      0.00      0.00      0.00      0.00      0.00      0.00
07:47:03 PM vethc7cc37c      0.00      0.00      0.00      0.00      0.00      0.00      0.00      0.00

07:47:03 PM     CPU     %user     %nice   %system   %iowait    %steal     %idle
07:47:04 PM     all      0.00      0.00      0.00      0.00      0.00    100.00

07:47:03 PM kbmemfree   kbavail kbmemused  %memused kbbuffers  kbcached  kbcommit   %commit  kbactive   kbinact   kbdirty
07:47:04 PM   3475368   5807736   1746660     22.02     59136   2450020   5402592     68.11   1765892   2385624        20

07:47:03 PM     IFACE   rxpck/s   txpck/s    rxkB/s    txkB/s   rxcmp/s   txcmp/s  rxmcst/s   %ifutil
07:47:04 PM        lo      0.00      0.00      0.00      0.00      0.00      0.00      0.00      0.00
07:47:04 PM      eth0      0.00      0.00      0.00      0.00      0.00      0.00      0.00      0.00
07:47:04 PM   docker0      0.00      0.00      0.00      0.00      0.00      0.00      0.00      0.00
07:47:04 PM vethc7cc37c      0.00      0.00      0.00      0.00      0.00      0.00      0.00      0.00

07:47:04 PM     CPU     %user     %nice   %system   %iowait    %steal     %idle
07:47:05 PM     all      0.00      0.00      0.00      0.00      0.00    100.00

07:47:04 PM kbmemfree   kbavail kbmemused  %memused kbbuffers  kbcached  kbcommit   %commit  kbactive   kbinact   kbdirty
07:47:05 PM   3475368   5807736   1746660     22.02     59136   2450020   5402592     68.11   1765892   2385624        20

07:47:04 PM     IFACE   rxpck/s   txpck/s    rxkB/s    txkB/s   rxcmp/s   txcmp/s  rxmcst/s   %ifutil
07:47:05 PM        lo      0.00      0.00      0.00      0.00      0.00      0.00      0.00      0.00
07:47:05 PM      eth0      0.00      0.00      0.00      0.00      0.00      0.00      0.00      0.00
07:47:05 PM   docker0      0.00      0.00      0.00      0.00      0.00      0.00      0.00      0.00
07:47:05 PM vethc7cc37c      0.00      0.00      0.00      0.00      0.00      0.00      0.00      0.00

07:47:05 PM     CPU     %user     %nice   %system   %iowait    %steal     %idle
07:47:06 PM     all      0.00      0.00      0.25      0.00      0.00     99.75

07:47:05 PM kbmemfree   kbavail kbmemused  %memused kbbuffers  kbcached  kbcommit   %commit  kbactive   kbinact   kbdirty
07:47:06 PM   3475368   5807736   1746656     22.02     59140   2450020   5402592     68.11   1765892   2385624        44

07:47:05 PM     IFACE   rxpck/s   txpck/s    rxkB/s    txkB/s   rxcmp/s   txcmp/s  rxmcst/s   %ifutil
07:47:06 PM        lo      0.00      0.00      0.00      0.00      0.00      0.00      0.00      0.00
07:47:06 PM      eth0      0.00      0.00      0.00      0.00      0.00      0.00      0.00      0.00
07:47:06 PM   docker0      0.00      0.00      0.00      0.00      0.00      0.00      0.00      0.00
07:47:06 PM vethc7cc37c      0.00      0.00      0.00      0.00      0.00      0.00      0.00      0.00

07:47:06 PM     CPU     %user     %nice   %system   %iowait    %steal     %idle
07:47:07 PM     all      0.00      0.00      0.00      0.00      0.00    100.00

07:47:06 PM kbmemfree   kbavail kbmemused  %memused kbbuffers  kbcached  kbcommit   %commit  kbactive   kbinact   kbdirty
07:47:07 PM   3475368   5807736   1746652     22.02     59140   2450024   5402592     68.11   1765892   2385624        48

07:47:06 PM     IFACE   rxpck/s   txpck/s    rxkB/s    txkB/s   rxcmp/s   txcmp/s  rxmcst/s   %ifutil
07:47:07 PM        lo      0.00      0.00      0.00      0.00      0.00      0.00      0.00      0.00
07:47:07 PM      eth0      4.00      2.00      0.21      0.11      0.00      0.00      0.00      0.00
07:47:07 PM   docker0      0.00      0.00      0.00      0.00      0.00      0.00      0.00      0.00
07:47:07 PM vethc7cc37c      0.00      0.00      0.00      0.00      0.00      0.00      0.00      0.00

07:47:07 PM     CPU     %user     %nice   %system   %iowait    %steal     %idle
07:47:08 PM     all      0.25      0.00      0.25      0.00      0.00     99.50

07:47:07 PM kbmemfree   kbavail kbmemused  %memused kbbuffers  kbcached  kbcommit   %commit  kbactive   kbinact   kbdirty
07:47:08 PM   3475368   5807736   1746652     22.02     59140   2450024   5402592     68.11   1765892   2385624        48

07:47:07 PM     IFACE   rxpck/s   txpck/s    rxkB/s    txkB/s   rxcmp/s   txcmp/s  rxmcst/s   %ifutil
07:47:08 PM        lo      0.00      0.00      0.00      0.00      0.00      0.00      0.00      0.00
07:47:08 PM      eth0      0.00      0.00      0.00      0.00      0.00      0.00      0.00      0.00
07:47:08 PM   docker0      0.00      0.00      0.00      0.00      0.00      0.00      0.00      0.00
07:47:08 PM vethc7cc37c      0.00      0.00      0.00      0.00      0.00      0.00      0.00      0.00

07:47:08 PM     CPU     %user     %nice   %system   %iowait    %steal     %idle
07:47:09 PM     all      0.00      0.00      0.00      0.00      0.00    100.00

07:47:08 PM kbmemfree   kbavail kbmemused  %memused kbbuffers  kbcached  kbcommit   %commit  kbactive   kbinact   kbdirty
07:47:09 PM   3475368   5807736   1746652     22.02     59140   2450024   5402592     68.11   1765892   2385624        48

07:47:08 PM     IFACE   rxpck/s   txpck/s    rxkB/s    txkB/s   rxcmp/s   txcmp/s  rxmcst/s   %ifutil
07:47:09 PM        lo      0.00      0.00      0.00      0.00      0.00      0.00      0.00      0.00
07:47:09 PM      eth0      1.98      0.99      0.10      0.05      0.00      0.00      0.00      0.00
07:47:09 PM   docker0      0.00      0.00      0.00      0.00      0.00      0.00      0.00      0.00
07:47:09 PM vethc7cc37c      0.00      0.00      0.00      0.00      0.00      0.00      0.00      0.00

07:47:09 PM     CPU     %user     %nice   %system   %iowait    %steal     %idle
07:47:10 PM     all      0.00      0.00      0.00      0.00      0.00    100.00

07:47:09 PM kbmemfree   kbavail kbmemused  %memused kbbuffers  kbcached  kbcommit   %commit  kbactive   kbinact   kbdirty
07:47:10 PM   3475368   5807736   1746652     22.02     59140   2450024   5402592     68.11   1765892   2385624        48

07:47:09 PM     IFACE   rxpck/s   txpck/s    rxkB/s    txkB/s   rxcmp/s   txcmp/s  rxmcst/s   %ifutil
07:47:10 PM        lo      0.00      0.00      0.00      0.00      0.00      0.00      0.00      0.00
07:47:10 PM      eth0      0.00      0.00      0.00      0.00      0.00      0.00      0.00      0.00
07:47:10 PM   docker0      0.00      0.00      0.00      0.00      0.00      0.00      0.00      0.00
07:47:10 PM vethc7cc37c      0.00      0.00      0.00      0.00      0.00      0.00      0.00      0.00

07:47:10 PM     CPU     %user     %nice   %system   %iowait    %steal     %idle
07:47:11 PM     all      0.25      0.00      0.25      0.25      0.00     99.25

07:47:10 PM kbmemfree   kbavail kbmemused  %memused kbbuffers  kbcached  kbcommit   %commit  kbactive   kbinact   kbdirty
07:47:11 PM   3475368   5807736   1746652     22.02     59140   2450024   5402592     68.11   1765892   2385624        48

07:47:10 PM     IFACE   rxpck/s   txpck/s    rxkB/s    txkB/s   rxcmp/s   txcmp/s  rxmcst/s   %ifutil
07:47:11 PM        lo      0.00      0.00      0.00      0.00      0.00      0.00      0.00      0.00
07:47:11 PM      eth0      0.00      0.00      0.00      0.00      0.00      0.00      0.00      0.00
07:47:11 PM   docker0      0.00      0.00      0.00      0.00      0.00      0.00      0.00      0.00
07:47:11 PM vethc7cc37c      0.00      0.00      0.00      0.00      0.00      0.00      0.00      0.00

07:47:11 PM     CPU     %user     %nice   %system   %iowait    %steal     %idle
07:47:12 PM     all      0.00      0.00      0.00      0.00      0.00    100.00

07:47:11 PM kbmemfree   kbavail kbmemused  %memused kbbuffers  kbcached  kbcommit   %commit  kbactive   kbinact   kbdirty
07:47:12 PM   3475368   5807744   1746648     22.02     59140   2450028   5402592     68.11   1765892   2385632        20

07:47:11 PM     IFACE   rxpck/s   txpck/s    rxkB/s    txkB/s   rxcmp/s   txcmp/s  rxmcst/s   %ifutil
07:47:12 PM        lo      0.00      0.00      0.00      0.00      0.00      0.00      0.00      0.00
07:47:12 PM      eth0      2.00      1.00      0.11      0.05      0.00      0.00      0.00      0.00
07:47:12 PM   docker0      0.00      0.00      0.00      0.00      0.00      0.00      0.00      0.00
07:47:12 PM vethc7cc37c      0.00      0.00      0.00      0.00      0.00      0.00      0.00      0.00

07:47:12 PM     CPU     %user     %nice   %system   %iowait    %steal     %idle
07:47:13 PM     all      0.25      0.00      0.25      0.00      0.00     99.50

07:47:12 PM kbmemfree   kbavail kbmemused  %memused kbbuffers  kbcached  kbcommit   %commit  kbactive   kbinact   kbdirty
07:47:13 PM   3475368   5807756   1746648     22.02     59140   2450028   5402592     68.11   1765892   2385644        20

07:47:12 PM     IFACE   rxpck/s   txpck/s    rxkB/s    txkB/s   rxcmp/s   txcmp/s  rxmcst/s   %ifutil
07:47:13 PM        lo      0.00      0.00      0.00      0.00      0.00      0.00      0.00      0.00
07:47:13 PM      eth0      4.00      2.00      0.21      0.11      0.00      0.00      0.00      0.00
07:47:13 PM   docker0      0.00      0.00      0.00      0.00      0.00      0.00      0.00      0.00
07:47:13 PM vethc7cc37c      0.00      0.00      0.00      0.00      0.00      0.00      0.00      0.00

07:47:13 PM     CPU     %user     %nice   %system   %iowait    %steal     %idle
07:47:14 PM     all      0.00      0.00      0.00      0.00      0.00    100.00

07:47:13 PM kbmemfree   kbavail kbmemused  %memused kbbuffers  kbcached  kbcommit   %commit  kbactive   kbinact   kbdirty
07:47:14 PM   3475368   5807756   1746648     22.02     59140   2450028   5402592     68.11   1765892   2385644        20

07:47:13 PM     IFACE   rxpck/s   txpck/s    rxkB/s    txkB/s   rxcmp/s   txcmp/s  rxmcst/s   %ifutil
07:47:14 PM        lo      0.00      0.00      0.00      0.00      0.00      0.00      0.00      0.00
07:47:14 PM      eth0      0.00      0.00      0.00      0.00      0.00      0.00      0.00      0.00
07:47:14 PM   docker0      0.00      0.00      0.00      0.00      0.00      0.00      0.00      0.00
07:47:14 PM vethc7cc37c      0.00      0.00      0.00      0.00      0.00      0.00      0.00      0.00

07:47:14 PM     CPU     %user     %nice   %system   %iowait    %steal     %idle
07:47:15 PM     all      0.00      0.00      0.25      0.00      0.00     99.75

07:47:14 PM kbmemfree   kbavail kbmemused  %memused kbbuffers  kbcached  kbcommit   %commit  kbactive   kbinact   kbdirty
07:47:15 PM   3475368   5807756   1746648     22.02     59140   2450028   5402592     68.11   1765892   2385644        20

07:47:14 PM     IFACE   rxpck/s   txpck/s    rxkB/s    txkB/s   rxcmp/s   txcmp/s  rxmcst/s   %ifutil
07:47:15 PM        lo      0.00      0.00      0.00      0.00      0.00      0.00      0.00      0.00
07:47:15 PM      eth0      0.00      0.00      0.00      0.00      0.00      0.00      0.00      0.00
07:47:15 PM   docker0      0.00      0.00      0.00      0.00      0.00      0.00      0.00      0.00
07:47:15 PM vethc7cc37c      0.00      0.00      0.00      0.00      0.00      0.00      0.00      0.00

07:47:15 PM     CPU     %user     %nice   %system   %iowait    %steal     %idle
07:47:16 PM     all      0.00      0.00      0.00      0.00      0.00    100.00

07:47:15 PM kbmemfree   kbavail kbmemused  %memused kbbuffers  kbcached  kbcommit   %commit  kbactive   kbinact   kbdirty
07:47:16 PM   3475368   5807756   1746640     22.02     59144   2450032   5402592     68.11   1765892   2385644        44

07:47:15 PM     IFACE   rxpck/s   txpck/s    rxkB/s    txkB/s   rxcmp/s   txcmp/s  rxmcst/s   %ifutil
07:47:16 PM        lo      0.00      0.00      0.00      0.00      0.00      0.00      0.00      0.00
07:47:16 PM      eth0      1.00      1.00      0.06      0.05      0.00      0.00      0.00      0.00
07:47:16 PM   docker0      0.00      0.00      0.00      0.00      0.00      0.00      0.00      0.00
07:47:16 PM vethc7cc37c      0.00      0.00      0.00      0.00      0.00      0.00      0.00      0.00

07:47:16 PM     CPU     %user     %nice   %system   %iowait    %steal     %idle
07:47:17 PM     all      0.00      0.00      0.00      0.00      0.00    100.00

07:47:16 PM kbmemfree   kbavail kbmemused  %memused kbbuffers  kbcached  kbcommit   %commit  kbactive   kbinact   kbdirty
07:47:17 PM   3475368   5807756   1746640     22.02     59144   2450032   5402592     68.11   1765892   2385644        44

07:47:16 PM     IFACE   rxpck/s   txpck/s    rxkB/s    txkB/s   rxcmp/s   txcmp/s  rxmcst/s   %ifutil
07:47:17 PM        lo      0.00      0.00      0.00      0.00      0.00      0.00      0.00      0.00
07:47:17 PM      eth0      2.00      1.00      0.11      0.05      0.00      0.00      0.00      0.00
07:47:17 PM   docker0      0.00      0.00      0.00      0.00      0.00      0.00      0.00      0.00
07:47:17 PM vethc7cc37c      0.00      0.00      0.00      0.00      0.00      0.00      0.00      0.00

07:47:17 PM     CPU     %user     %nice   %system   %iowait    %steal     %idle
07:47:18 PM     all      0.00      0.00      0.00      0.00      0.00    100.00

07:47:17 PM kbmemfree   kbavail kbmemused  %memused kbbuffers  kbcached  kbcommit   %commit  kbactive   kbinact   kbdirty
07:47:18 PM   3475368   5807756   1746640     22.02     59144   2450032   5402592     68.11   1765892   2385644        24

07:47:17 PM     IFACE   rxpck/s   txpck/s    rxkB/s    txkB/s   rxcmp/s   txcmp/s  rxmcst/s   %ifutil
07:47:18 PM        lo      0.00      0.00      0.00      0.00      0.00      0.00      0.00      0.00
07:47:18 PM      eth0      0.00      0.00      0.00      0.00      0.00      0.00      0.00      0.00
07:47:18 PM   docker0      0.00      0.00      0.00      0.00      0.00      0.00      0.00      0.00
07:47:18 PM vethc7cc37c      0.00      0.00      0.00      0.00      0.00      0.00      0.00      0.00

07:47:18 PM     CPU     %user     %nice   %system   %iowait    %steal     %idle
07:47:19 PM     all      0.25      0.00      0.00      0.00      0.00     99.75

07:47:18 PM kbmemfree   kbavail kbmemused  %memused kbbuffers  kbcached  kbcommit   %commit  kbactive   kbinact   kbdirty
07:47:19 PM   3475368   5807756   1746640     22.02     59144   2450032   5402592     68.11   1765892   2385644        36

07:47:18 PM     IFACE   rxpck/s   txpck/s    rxkB/s    txkB/s   rxcmp/s   txcmp/s  rxmcst/s   %ifutil
07:47:19 PM        lo      0.00      0.00      0.00      0.00      0.00      0.00      0.00      0.00
07:47:19 PM      eth0      4.00      2.00      0.22      0.11      0.00      0.00      0.00      0.00
07:47:19 PM   docker0      0.00      0.00      0.00      0.00      0.00      0.00      0.00      0.00
07:47:19 PM vethc7cc37c      0.00      0.00      0.00      0.00      0.00      0.00      0.00      0.00

07:47:19 PM     CPU     %user     %nice   %system   %iowait    %steal     %idle
07:47:20 PM     all      0.00      0.00      0.25      0.00      0.00     99.75

07:47:19 PM kbmemfree   kbavail kbmemused  %memused kbbuffers  kbcached  kbcommit   %commit  kbactive   kbinact   kbdirty
07:47:20 PM   3475368   5807756   1746640     22.02     59144   2450032   5402592     68.11   1765892   2385644        36

07:47:19 PM     IFACE   rxpck/s   txpck/s    rxkB/s    txkB/s   rxcmp/s   txcmp/s  rxmcst/s   %ifutil
07:47:20 PM        lo      0.00      0.00      0.00      0.00      0.00      0.00      0.00      0.00
07:47:20 PM      eth0      0.00      0.00      0.00      0.00      0.00      0.00      0.00      0.00
07:47:20 PM   docker0      0.00      0.00      0.00      0.00      0.00      0.00      0.00      0.00
07:47:20 PM vethc7cc37c      0.00      0.00      0.00      0.00      0.00      0.00      0.00      0.00

07:47:20 PM     CPU     %user     %nice   %system   %iowait    %steal     %idle
07:47:21 PM     all      0.00      0.00      0.00      0.00      0.00    100.00

07:47:20 PM kbmemfree   kbavail kbmemused  %memused kbbuffers  kbcached  kbcommit   %commit  kbactive   kbinact   kbdirty
07:47:21 PM   3475368   5807756   1746640     22.02     59144   2450032   5402592     68.11   1765892   2385644        36

07:47:20 PM     IFACE   rxpck/s   txpck/s    rxkB/s    txkB/s   rxcmp/s   txcmp/s  rxmcst/s   %ifutil
07:47:21 PM        lo      0.00      0.00      0.00      0.00      0.00      0.00      0.00      0.00
07:47:21 PM      eth0      2.00      1.00      0.11      0.05      0.00      0.00      0.00      0.00
07:47:21 PM   docker0      0.00      0.00      0.00      0.00      0.00      0.00      0.00      0.00
07:47:21 PM vethc7cc37c      0.00      0.00      0.00      0.00      0.00      0.00      0.00      0.00

07:47:21 PM     CPU     %user     %nice   %system   %iowait    %steal     %idle
07:47:22 PM     all      0.00      0.00      0.25      0.00      0.00     99.75

07:47:21 PM kbmemfree   kbavail kbmemused  %memused kbbuffers  kbcached  kbcommit   %commit  kbactive   kbinact   kbdirty
07:47:22 PM   3475368   5807756   1746632     22.02     59148   2450036   5402592     68.11   1765892   2385644        36

07:47:21 PM     IFACE   rxpck/s   txpck/s    rxkB/s    txkB/s   rxcmp/s   txcmp/s  rxmcst/s   %ifutil
07:47:22 PM        lo      0.00      0.00      0.00      0.00      0.00      0.00      0.00      0.00
07:47:22 PM      eth0      3.00      2.00      0.15      0.09      0.00      0.00      0.00      0.00
07:47:22 PM   docker0      0.00      0.00      0.00      0.00      0.00      0.00      0.00      0.00
07:47:22 PM vethc7cc37c      0.00      0.00      0.00      0.00      0.00      0.00      0.00      0.00

07:47:22 PM     CPU     %user     %nice   %system   %iowait    %steal     %idle
07:47:23 PM     all      0.25      0.00      0.00      0.00      0.00     99.75

07:47:22 PM kbmemfree   kbavail kbmemused  %memused kbbuffers  kbcached  kbcommit   %commit  kbactive   kbinact   kbdirty
07:47:23 PM   3475368   5807764   1746632     22.02     59148   2450036   5402592     68.11   1765912   2385652        28

07:47:22 PM     IFACE   rxpck/s   txpck/s    rxkB/s    txkB/s   rxcmp/s   txcmp/s  rxmcst/s   %ifutil
07:47:23 PM        lo      0.00      0.00      0.00      0.00      0.00      0.00      0.00      0.00
07:47:23 PM      eth0      2.00      1.00      0.11      0.05      0.00      0.00      0.00      0.00
07:47:23 PM   docker0      0.00      0.00      0.00      0.00      0.00      0.00      0.00      0.00
07:47:23 PM vethc7cc37c      0.00      0.00      0.00      0.00      0.00      0.00      0.00      0.00

07:47:23 PM     CPU     %user     %nice   %system   %iowait    %steal     %idle
07:47:24 PM     all      0.25      0.00      0.25      0.00      0.00     99.50

07:47:23 PM kbmemfree   kbavail kbmemused  %memused kbbuffers  kbcached  kbcommit   %commit  kbactive   kbinact   kbdirty
07:47:24 PM   3475368   5807764   1746632     22.02     59148   2450036   5402592     68.11   1765912   2385652        32

07:47:23 PM     IFACE   rxpck/s   txpck/s    rxkB/s    txkB/s   rxcmp/s   txcmp/s  rxmcst/s   %ifutil
07:47:24 PM        lo      0.00      0.00      0.00      0.00      0.00      0.00      0.00      0.00
07:47:24 PM      eth0      2.00      1.00      0.11      0.05      0.00      0.00      0.00      0.00
07:47:24 PM   docker0      0.00      0.00      0.00      0.00      0.00      0.00      0.00      0.00
07:47:24 PM vethc7cc37c      0.00      0.00      0.00      0.00      0.00      0.00      0.00      0.00

07:47:24 PM     CPU     %user     %nice   %system   %iowait    %steal     %idle
07:47:25 PM     all      0.00      0.00      0.00      0.00      0.00    100.00

07:47:24 PM kbmemfree   kbavail kbmemused  %memused kbbuffers  kbcached  kbcommit   %commit  kbactive   kbinact   kbdirty
07:47:25 PM   3475368   5807764   1746628     22.02     59148   2450040   5402592     68.11   1765912   2385652        36

07:47:24 PM     IFACE   rxpck/s   txpck/s    rxkB/s    txkB/s   rxcmp/s   txcmp/s  rxmcst/s   %ifutil
07:47:25 PM        lo      0.00      0.00      0.00      0.00      0.00      0.00      0.00      0.00
07:47:25 PM      eth0      2.00      1.00      0.11      0.05      0.00      0.00      0.00      0.00
07:47:25 PM   docker0      0.00      0.00      0.00      0.00      0.00      0.00      0.00      0.00
07:47:25 PM vethc7cc37c      0.00      0.00      0.00      0.00      0.00      0.00      0.00      0.00

07:47:25 PM     CPU     %user     %nice   %system   %iowait    %steal     %idle
07:47:26 PM     all      0.00      0.00      0.00      0.00      0.00    100.00

07:47:25 PM kbmemfree   kbavail kbmemused  %memused kbbuffers  kbcached  kbcommit   %commit  kbactive   kbinact   kbdirty
07:47:26 PM   3475368   5807764   1746628     22.02     59148   2450040   5402592     68.11   1765912   2385652        36

07:47:25 PM     IFACE   rxpck/s   txpck/s    rxkB/s    txkB/s   rxcmp/s   txcmp/s  rxmcst/s   %ifutil
07:47:26 PM        lo      0.00      0.00      0.00      0.00      0.00      0.00      0.00      0.00
07:47:26 PM      eth0      0.00      0.00      0.00      0.00      0.00      0.00      0.00      0.00
07:47:26 PM   docker0      0.00      0.00      0.00      0.00      0.00      0.00      0.00      0.00
07:47:26 PM vethc7cc37c      0.00      0.00      0.00      0.00      0.00      0.00      0.00      0.00

07:47:26 PM     CPU     %user     %nice   %system   %iowait    %steal     %idle
07:47:27 PM     all      0.00      0.00      0.00      0.25      0.00     99.75

07:47:26 PM kbmemfree   kbavail kbmemused  %memused kbbuffers  kbcached  kbcommit   %commit  kbactive   kbinact   kbdirty
07:47:27 PM   3475368   5807776   1746624     22.02     59152   2450040   5402592     68.11   1765912   2385664        20

07:47:26 PM     IFACE   rxpck/s   txpck/s    rxkB/s    txkB/s   rxcmp/s   txcmp/s  rxmcst/s   %ifutil
07:47:27 PM        lo      0.00      0.00      0.00      0.00      0.00      0.00      0.00      0.00
07:47:27 PM      eth0      0.00      0.00      0.00      0.00      0.00      0.00      0.00      0.00
07:47:27 PM   docker0      0.00      0.00      0.00      0.00      0.00      0.00      0.00      0.00
07:47:27 PM vethc7cc37c      0.00      0.00      0.00      0.00      0.00      0.00      0.00      0.00

07:47:27 PM     CPU     %user     %nice   %system   %iowait    %steal     %idle
07:47:28 PM     all      0.00      0.00      0.00      0.00      0.00    100.00

07:47:27 PM kbmemfree   kbavail kbmemused  %memused kbbuffers  kbcached  kbcommit   %commit  kbactive   kbinact   kbdirty
07:47:28 PM   3475368   5807776   1746624     22.02     59152   2450040   5402592     68.11   1765912   2385664        20

07:47:27 PM     IFACE   rxpck/s   txpck/s    rxkB/s    txkB/s   rxcmp/s   txcmp/s  rxmcst/s   %ifutil
07:47:28 PM        lo      0.00      0.00      0.00      0.00      0.00      0.00      0.00      0.00
07:47:28 PM      eth0      0.00      0.00      0.00      0.00      0.00      0.00      0.00      0.00
07:47:28 PM   docker0      0.00      0.00      0.00      0.00      0.00      0.00      0.00      0.00
07:47:28 PM vethc7cc37c      0.00      0.00      0.00      0.00      0.00      0.00      0.00      0.00

07:47:28 PM     CPU     %user     %nice   %system   %iowait    %steal     %idle
07:47:29 PM     all      0.00      0.00      0.00      0.00      0.00    100.00

07:47:28 PM kbmemfree   kbavail kbmemused  %memused kbbuffers  kbcached  kbcommit   %commit  kbactive   kbinact   kbdirty
07:47:29 PM   3475368   5807776   1746624     22.02     59152   2450040   5402592     68.11   1765912   2385664        12

07:47:28 PM     IFACE   rxpck/s   txpck/s    rxkB/s    txkB/s   rxcmp/s   txcmp/s  rxmcst/s   %ifutil
07:47:29 PM        lo      0.00      0.00      0.00      0.00      0.00      0.00      0.00      0.00
07:47:29 PM      eth0      0.00      0.00      0.00      0.00      0.00      0.00      0.00      0.00
07:47:29 PM   docker0      0.00      0.00      0.00      0.00      0.00      0.00      0.00      0.00
07:47:29 PM vethc7cc37c      0.00      0.00      0.00      0.00      0.00      0.00      0.00      0.00

07:47:29 PM     CPU     %user     %nice   %system   %iowait    %steal     %idle
07:47:30 PM     all      0.00      0.00      0.00      0.00      0.00    100.00

07:47:29 PM kbmemfree   kbavail kbmemused  %memused kbbuffers  kbcached  kbcommit   %commit  kbactive   kbinact   kbdirty
07:47:30 PM   3475368   5807776   1746620     22.02     59152   2450044   5402592     68.11   1765912   2385664        20

07:47:29 PM     IFACE   rxpck/s   txpck/s    rxkB/s    txkB/s   rxcmp/s   txcmp/s  rxmcst/s   %ifutil
07:47:30 PM        lo      0.00      0.00      0.00      0.00      0.00      0.00      0.00      0.00
07:47:30 PM      eth0      0.00      0.00      0.00      0.00      0.00      0.00      0.00      0.00
07:47:30 PM   docker0      0.00      0.00      0.00      0.00      0.00      0.00      0.00      0.00
07:47:30 PM vethc7cc37c      0.00      0.00      0.00      0.00      0.00      0.00      0.00      0.00

07:47:30 PM     CPU     %user     %nice   %system   %iowait    %steal     %idle
07:47:31 PM     all      0.00      0.00      0.00      0.00      0.00    100.00

07:47:30 PM kbmemfree   kbavail kbmemused  %memused kbbuffers  kbcached  kbcommit   %commit  kbactive   kbinact   kbdirty
07:47:31 PM   3475368   5807776   1746620     22.02     59152   2450044   5402592     68.11   1765912   2385664        20

07:47:30 PM     IFACE   rxpck/s   txpck/s    rxkB/s    txkB/s   rxcmp/s   txcmp/s  rxmcst/s   %ifutil
07:47:31 PM        lo      0.00      0.00      0.00      0.00      0.00      0.00      0.00      0.00
07:47:31 PM      eth0      0.00      0.00      0.00      0.00      0.00      0.00      0.00      0.00
07:47:31 PM   docker0      0.00      0.00      0.00      0.00      0.00      0.00      0.00      0.00
07:47:31 PM vethc7cc37c      0.00      0.00      0.00      0.00      0.00      0.00      0.00      0.00

07:47:31 PM     CPU     %user     %nice   %system   %iowait    %steal     %idle
07:47:32 PM     all      0.25      0.00      0.25      0.00      0.00     99.50

07:47:31 PM kbmemfree   kbavail kbmemused  %memused kbbuffers  kbcached  kbcommit   %commit  kbactive   kbinact   kbdirty
07:47:32 PM   3475368   5807776   1746620     22.02     59152   2450044   5402592     68.11   1765912   2385664        20

07:47:31 PM     IFACE   rxpck/s   txpck/s    rxkB/s    txkB/s   rxcmp/s   txcmp/s  rxmcst/s   %ifutil
07:47:32 PM        lo      0.00      0.00      0.00      0.00      0.00      0.00      0.00      0.00
07:47:32 PM      eth0      0.00      0.00      0.00      0.00      0.00      0.00      0.00      0.00
07:47:32 PM   docker0      0.00      0.00      0.00      0.00      0.00      0.00      0.00      0.00
07:47:32 PM vethc7cc37c      0.00      0.00      0.00      0.00      0.00      0.00      0.00      0.00

07:47:32 PM     CPU     %user     %nice   %system   %iowait    %steal     %idle
07:47:33 PM     all      0.00      0.00      0.25      0.00      0.00     99.75

07:47:32 PM kbmemfree   kbavail kbmemused  %memused kbbuffers  kbcached  kbcommit   %commit  kbactive   kbinact   kbdirty
07:47:33 PM   3475368   5807776   1746620     22.02     59152   2450044   5402592     68.11   1765912   2385664        40

07:47:32 PM     IFACE   rxpck/s   txpck/s    rxkB/s    txkB/s   rxcmp/s   txcmp/s  rxmcst/s   %ifutil
07:47:33 PM        lo      0.00      0.00      0.00      0.00      0.00      0.00      0.00      0.00
07:47:33 PM      eth0      0.00      0.00      0.00      0.00      0.00      0.00      0.00      0.00
07:47:33 PM   docker0      0.00      0.00      0.00      0.00      0.00      0.00      0.00      0.00
07:47:33 PM vethc7cc37c      0.00      0.00      0.00      0.00      0.00      0.00      0.00      0.00

07:47:33 PM     CPU     %user     %nice   %system   %iowait    %steal     %idle
07:47:34 PM     all      0.25      0.00      0.50      0.00      0.00     99.25

07:47:33 PM kbmemfree   kbavail kbmemused  %memused kbbuffers  kbcached  kbcommit   %commit  kbactive   kbinact   kbdirty
07:47:34 PM   3475368   5807776   1746616     22.02     59152   2450048   5402592     68.11   1765912   2385664        44

07:47:33 PM     IFACE   rxpck/s   txpck/s    rxkB/s    txkB/s   rxcmp/s   txcmp/s  rxmcst/s   %ifutil
07:47:34 PM        lo      0.00      0.00      0.00      0.00      0.00      0.00      0.00      0.00
07:47:34 PM      eth0      2.00      1.00      0.11      0.05      0.00      0.00      0.00      0.00
07:47:34 PM   docker0      0.00      0.00      0.00      0.00      0.00      0.00      0.00      0.00
07:47:34 PM vethc7cc37c      0.00      0.00      0.00      0.00      0.00      0.00      0.00      0.00

07:47:34 PM     CPU     %user     %nice   %system   %iowait    %steal     %idle
07:47:35 PM     all      0.25      0.00      0.00      0.00      0.00     99.75

07:47:34 PM kbmemfree   kbavail kbmemused  %memused kbbuffers  kbcached  kbcommit   %commit  kbactive   kbinact   kbdirty
07:47:35 PM   3475368   5807776   1746616     22.02     59152   2450048   5402592     68.11   1765912   2385664        32

07:47:34 PM     IFACE   rxpck/s   txpck/s    rxkB/s    txkB/s   rxcmp/s   txcmp/s  rxmcst/s   %ifutil
07:47:35 PM        lo      0.00      0.00      0.00      0.00      0.00      0.00      0.00      0.00
07:47:35 PM      eth0      1.00      1.00      0.05      0.05      0.00      0.00      0.00      0.00
07:47:35 PM   docker0      0.00      0.00      0.00      0.00      0.00      0.00      0.00      0.00
07:47:35 PM vethc7cc37c      0.00      0.00      0.00      0.00      0.00      0.00      0.00      0.00

07:47:35 PM     CPU     %user     %nice   %system   %iowait    %steal     %idle
07:47:36 PM     all      0.00      0.00      0.00      0.00      0.00    100.00

07:47:35 PM kbmemfree   kbavail kbmemused  %memused kbbuffers  kbcached  kbcommit   %commit  kbactive   kbinact   kbdirty
07:47:36 PM   3475368   5807776   1746616     22.02     59152   2450048   5402592     68.11   1765912   2385664        32

07:47:35 PM     IFACE   rxpck/s   txpck/s    rxkB/s    txkB/s   rxcmp/s   txcmp/s  rxmcst/s   %ifutil
07:47:36 PM        lo      0.00      0.00      0.00      0.00      0.00      0.00      0.00      0.00
07:47:36 PM      eth0      0.00      0.00      0.00      0.00      0.00      0.00      0.00      0.00
07:47:36 PM   docker0      0.00      0.00      0.00      0.00      0.00      0.00      0.00      0.00
07:47:36 PM vethc7cc37c      0.00      0.00      0.00      0.00      0.00      0.00      0.00      0.00

07:47:36 PM     CPU     %user     %nice   %system   %iowait    %steal     %idle
07:47:37 PM     all      0.00      0.00      0.00      0.00      0.00    100.00

07:47:36 PM kbmemfree   kbavail kbmemused  %memused kbbuffers  kbcached  kbcommit   %commit  kbactive   kbinact   kbdirty
07:47:37 PM   3475368   5807776   1746616     22.02     59152   2450048   5402592     68.11   1765912   2385664        32

07:47:36 PM     IFACE   rxpck/s   txpck/s    rxkB/s    txkB/s   rxcmp/s   txcmp/s  rxmcst/s   %ifutil
07:47:37 PM        lo      0.00      0.00      0.00      0.00      0.00      0.00      0.00      0.00
07:47:37 PM      eth0      2.00      1.00      0.11      0.05      0.00      0.00      0.00      0.00
07:47:37 PM   docker0      0.00      0.00      0.00      0.00      0.00      0.00      0.00      0.00
07:47:37 PM vethc7cc37c      0.00      0.00      0.00      0.00      0.00      0.00      0.00      0.00

07:47:37 PM     CPU     %user     %nice   %system   %iowait    %steal     %idle
07:47:38 PM     all      0.00      0.00      0.00      0.00      0.00    100.00

07:47:37 PM kbmemfree   kbavail kbmemused  %memused kbbuffers  kbcached  kbcommit   %commit  kbactive   kbinact   kbdirty
07:47:38 PM   3475368   5807788   1746616     22.02     59152   2450048   5402592     68.11   1765924   2385676        16

07:47:37 PM     IFACE   rxpck/s   txpck/s    rxkB/s    txkB/s   rxcmp/s   txcmp/s  rxmcst/s   %ifutil
07:47:38 PM        lo      0.00      0.00      0.00      0.00      0.00      0.00      0.00      0.00
07:47:38 PM      eth0      0.00      0.00      0.00      0.00      0.00      0.00      0.00      0.00
07:47:38 PM   docker0      0.00      0.00      0.00      0.00      0.00      0.00      0.00      0.00
07:47:38 PM vethc7cc37c      0.00      0.00      0.00      0.00      0.00      0.00      0.00      0.00

07:47:38 PM     CPU     %user     %nice   %system   %iowait    %steal     %idle
07:47:39 PM     all      0.25      0.00      0.00      0.00      0.00     99.75

07:47:38 PM kbmemfree   kbavail kbmemused  %memused kbbuffers  kbcached  kbcommit   %commit  kbactive   kbinact   kbdirty
07:47:39 PM   3475368   5807792   1746612     22.02     59152   2450052   5402592     68.11   1765924   2385680         8

07:47:38 PM     IFACE   rxpck/s   txpck/s    rxkB/s    txkB/s   rxcmp/s   txcmp/s  rxmcst/s   %ifutil
07:47:39 PM        lo      0.00      0.00      0.00      0.00      0.00      0.00      0.00      0.00
07:47:39 PM      eth0      1.00      1.00      0.06      0.05      0.00      0.00      0.00      0.00
07:47:39 PM   docker0      0.00      0.00      0.00      0.00      0.00      0.00      0.00      0.00
07:47:39 PM vethc7cc37c      0.00      0.00      0.00      0.00      0.00      0.00      0.00      0.00

07:47:39 PM     CPU     %user     %nice   %system   %iowait    %steal     %idle
07:47:40 PM     all      0.00      0.00      0.00      0.00      0.00    100.00

07:47:39 PM kbmemfree   kbavail kbmemused  %memused kbbuffers  kbcached  kbcommit   %commit  kbactive   kbinact   kbdirty
07:47:40 PM   3475368   5807792   1746612     22.02     59152   2450052   5402592     68.11   1765924   2385680        36

07:47:39 PM     IFACE   rxpck/s   txpck/s    rxkB/s    txkB/s   rxcmp/s   txcmp/s  rxmcst/s   %ifutil
07:47:40 PM        lo      0.00      0.00      0.00      0.00      0.00      0.00      0.00      0.00
07:47:40 PM      eth0      0.00      0.00      0.00      0.00      0.00      0.00      0.00      0.00
07:47:40 PM   docker0      0.00      0.00      0.00      0.00      0.00      0.00      0.00      0.00
07:47:40 PM vethc7cc37c      0.00      0.00      0.00      0.00      0.00      0.00      0.00      0.00

07:47:40 PM     CPU     %user     %nice   %system   %iowait    %steal     %idle
07:47:41 PM     all      0.00      0.00      0.00      0.00      0.00    100.00

07:47:40 PM kbmemfree   kbavail kbmemused  %memused kbbuffers  kbcached  kbcommit   %commit  kbactive   kbinact   kbdirty
07:47:41 PM   3475368   5807792   1746612     22.02     59152   2450052   5402592     68.11   1765924   2385680        36

07:47:40 PM     IFACE   rxpck/s   txpck/s    rxkB/s    txkB/s   rxcmp/s   txcmp/s  rxmcst/s   %ifutil
07:47:41 PM        lo      0.00      0.00      0.00      0.00      0.00      0.00      0.00      0.00
07:47:41 PM      eth0      4.00      2.00      0.21      0.11      0.00      0.00      0.00      0.00
07:47:41 PM   docker0      0.00      0.00      0.00      0.00      0.00      0.00      0.00      0.00
07:47:41 PM vethc7cc37c      0.00      0.00      0.00      0.00      0.00      0.00      0.00      0.00

07:47:41 PM     CPU     %user     %nice   %system   %iowait    %steal     %idle
07:47:42 PM     all      0.00      0.00      0.00      0.00      0.00    100.00

07:47:41 PM kbmemfree   kbavail kbmemused  %memused kbbuffers  kbcached  kbcommit   %commit  kbactive   kbinact   kbdirty
07:47:42 PM   3475368   5807792   1746612     22.02     59152   2450052   5402592     68.11   1765924   2385680        32

07:47:41 PM     IFACE   rxpck/s   txpck/s    rxkB/s    txkB/s   rxcmp/s   txcmp/s  rxmcst/s   %ifutil
07:47:42 PM        lo      0.00      0.00      0.00      0.00      0.00      0.00      0.00      0.00
07:47:42 PM      eth0      1.00      1.00      0.07      0.07      0.00      0.00      0.00      0.00
07:47:42 PM   docker0      0.00      0.00      0.00      0.00      0.00      0.00      0.00      0.00
07:47:42 PM vethc7cc37c      0.00      0.00      0.00      0.00      0.00      0.00      0.00      0.00

07:47:42 PM     CPU     %user     %nice   %system   %iowait    %steal     %idle
07:47:43 PM     all      0.50      0.00      0.75      0.00      0.00     98.75

07:47:42 PM kbmemfree   kbavail kbmemused  %memused kbbuffers  kbcached  kbcommit   %commit  kbactive   kbinact   kbdirty
07:47:43 PM   3471112   5803540   1750864     22.07     59152   2450056   5406044     68.16   1767580   2385684       200

07:47:42 PM     IFACE   rxpck/s   txpck/s    rxkB/s    txkB/s   rxcmp/s   txcmp/s  rxmcst/s   %ifutil
07:47:43 PM        lo      0.00      0.00      0.00      0.00      0.00      0.00      0.00      0.00
07:47:43 PM      eth0     11.00     11.00      1.90      2.49      0.00      0.00      0.00      0.00
07:47:43 PM   docker0      0.00      0.00      0.00      0.00      0.00      0.00      0.00      0.00
07:47:43 PM vethc7cc37c      0.00      0.00      0.00      0.00      0.00      0.00      0.00      0.00

07:47:43 PM     CPU     %user     %nice   %system   %iowait    %steal     %idle
07:47:44 PM     all      0.25      0.00      0.25      0.00      0.00     99.50

07:47:43 PM kbmemfree   kbavail kbmemused  %memused kbbuffers  kbcached  kbcommit   %commit  kbactive   kbinact   kbdirty
07:47:44 PM   3471112   5803544   1750860     22.07     59156   2450056   5406044     68.16   1767612   2385688       184

07:47:43 PM     IFACE   rxpck/s   txpck/s    rxkB/s    txkB/s   rxcmp/s   txcmp/s  rxmcst/s   %ifutil
07:47:44 PM        lo      0.00      0.00      0.00      0.00      0.00      0.00      0.00      0.00
07:47:44 PM      eth0      0.00      0.00      0.00      0.00      0.00      0.00      0.00      0.00
07:47:44 PM   docker0      0.00      0.00      0.00      0.00      0.00      0.00      0.00      0.00
07:47:44 PM vethc7cc37c      0.00      0.00      0.00      0.00      0.00      0.00      0.00      0.00

07:47:44 PM     CPU     %user     %nice   %system   %iowait    %steal     %idle
07:47:45 PM     all      0.25      0.00      0.00      0.00      0.00     99.75

07:47:44 PM kbmemfree   kbavail kbmemused  %memused kbbuffers  kbcached  kbcommit   %commit  kbactive   kbinact   kbdirty
07:47:45 PM   3471112   5803544   1750860     22.07     59156   2450056   5406044     68.16   1767612   2385688       184

07:47:44 PM     IFACE   rxpck/s   txpck/s    rxkB/s    txkB/s   rxcmp/s   txcmp/s  rxmcst/s   %ifutil
07:47:45 PM        lo      0.00      0.00      0.00      0.00      0.00      0.00      0.00      0.00
07:47:45 PM      eth0      0.00      0.00      0.00      0.00      0.00      0.00      0.00      0.00
07:47:45 PM   docker0      0.00      0.00      0.00      0.00      0.00      0.00      0.00      0.00
07:47:45 PM vethc7cc37c      0.00      0.00      0.00      0.00      0.00      0.00      0.00      0.00

07:47:45 PM     CPU     %user     %nice   %system   %iowait    %steal     %idle
07:47:46 PM     all      0.00      0.00      0.00      0.00      0.00    100.00

07:47:45 PM kbmemfree   kbavail kbmemused  %memused kbbuffers  kbcached  kbcommit   %commit  kbactive   kbinact   kbdirty
07:47:46 PM   3471112   5803544   1750860     22.07     59156   2450056   5406044     68.16   1767612   2385688       184

07:47:45 PM     IFACE   rxpck/s   txpck/s    rxkB/s    txkB/s   rxcmp/s   txcmp/s  rxmcst/s   %ifutil
07:47:46 PM        lo      0.00      0.00      0.00      0.00      0.00      0.00      0.00      0.00
07:47:46 PM      eth0      0.00      0.00      0.00      0.00      0.00      0.00      0.00      0.00
07:47:46 PM   docker0      0.00      0.00      0.00      0.00      0.00      0.00      0.00      0.00
07:47:46 PM vethc7cc37c      0.00      0.00      0.00      0.00      0.00      0.00      0.00      0.00

07:47:46 PM     CPU     %user     %nice   %system   %iowait    %steal     %idle
07:47:47 PM     all      0.00      0.00      0.00      0.00      0.00    100.00

07:47:46 PM kbmemfree   kbavail kbmemused  %memused kbbuffers  kbcached  kbcommit   %commit  kbactive   kbinact   kbdirty
07:47:47 PM   3471112   5803544   1750860     22.07     59156   2450056   5406044     68.16   1767612   2385688       192

07:47:46 PM     IFACE   rxpck/s   txpck/s    rxkB/s    txkB/s   rxcmp/s   txcmp/s  rxmcst/s   %ifutil
07:47:47 PM        lo      0.00      0.00      0.00      0.00      0.00      0.00      0.00      0.00
07:47:47 PM      eth0      2.00      2.00      0.11      0.17      0.00      0.00      0.00      0.00
07:47:47 PM   docker0      0.00      0.00      0.00      0.00      0.00      0.00      0.00      0.00
07:47:47 PM vethc7cc37c      0.00      0.00      0.00      0.00      0.00      0.00      0.00      0.00

07:47:47 PM     CPU     %user     %nice   %system   %iowait    %steal     %idle
07:47:48 PM     all      0.25      0.00      0.50      0.00      0.00     99.25

07:47:47 PM kbmemfree   kbavail kbmemused  %memused kbbuffers  kbcached  kbcommit   %commit  kbactive   kbinact   kbdirty
07:47:48 PM   3471112   5803548   1750856     22.07     59156   2450060   5402592     68.11   1765924   2385692       216

07:47:47 PM     IFACE   rxpck/s   txpck/s    rxkB/s    txkB/s   rxcmp/s   txcmp/s  rxmcst/s   %ifutil
07:47:48 PM        lo      0.00      0.00      0.00      0.00      0.00      0.00      0.00      0.00
07:47:48 PM      eth0      4.00      2.00      0.23      0.12      0.00      0.00      0.00      0.00
07:47:48 PM   docker0      0.00      0.00      0.00      0.00      0.00      0.00      0.00      0.00
07:47:48 PM vethc7cc37c      0.00      0.00      0.00      0.00      0.00      0.00      0.00      0.00

07:47:48 PM     CPU     %user     %nice   %system   %iowait    %steal     %idle
07:47:49 PM     all      0.00      0.00      0.25      0.25      0.00     99.50

07:47:48 PM kbmemfree   kbavail kbmemused  %memused kbbuffers  kbcached  kbcommit   %commit  kbactive   kbinact   kbdirty
07:47:49 PM   3471112   5803548   1750852     22.07     59160   2450060   5402592     68.11   1765924   2385692        64

07:47:48 PM     IFACE   rxpck/s   txpck/s    rxkB/s    txkB/s   rxcmp/s   txcmp/s  rxmcst/s   %ifutil
07:47:49 PM        lo      0.00      0.00      0.00      0.00      0.00      0.00      0.00      0.00
07:47:49 PM      eth0      0.00      0.00      0.00      0.00      0.00      0.00      0.00      0.00
07:47:49 PM   docker0      0.00      0.00      0.00      0.00      0.00      0.00      0.00      0.00
07:47:49 PM vethc7cc37c      0.00      0.00      0.00      0.00      0.00      0.00      0.00      0.00

07:47:49 PM     CPU     %user     %nice   %system   %iowait    %steal     %idle
07:47:50 PM     all      0.00      0.00      0.00      0.00      0.00    100.00

07:47:49 PM kbmemfree   kbavail kbmemused  %memused kbbuffers  kbcached  kbcommit   %commit  kbactive   kbinact   kbdirty
07:47:50 PM   3471112   5803548   1750852     22.07     59160   2450060   5402592     68.11   1765924   2385692        64

07:47:49 PM     IFACE   rxpck/s   txpck/s    rxkB/s    txkB/s   rxcmp/s   txcmp/s  rxmcst/s   %ifutil
07:47:50 PM        lo      0.00      0.00      0.00      0.00      0.00      0.00      0.00      0.00
07:47:50 PM      eth0      0.00      0.00      0.00      0.00      0.00      0.00      0.00      0.00
07:47:50 PM   docker0      0.00      0.00      0.00      0.00      0.00      0.00      0.00      0.00
07:47:50 PM vethc7cc37c      0.00      0.00      0.00      0.00      0.00      0.00      0.00      0.00

07:47:50 PM     CPU     %user     %nice   %system   %iowait    %steal     %idle
07:47:51 PM     all      0.50      0.00      0.00      0.00      0.00     99.50

07:47:50 PM kbmemfree   kbavail kbmemused  %memused kbbuffers  kbcached  kbcommit   %commit  kbactive   kbinact   kbdirty
07:47:51 PM   3471112   5803548   1750852     22.07     59160   2450060   5402592     68.11   1765924   2385692        64

07:47:50 PM     IFACE   rxpck/s   txpck/s    rxkB/s    txkB/s   rxcmp/s   txcmp/s  rxmcst/s   %ifutil
07:47:51 PM        lo      0.00      0.00      0.00      0.00      0.00      0.00      0.00      0.00
07:47:51 PM      eth0      4.00      2.00      0.21      0.11      0.00      0.00      0.00      0.00
07:47:51 PM   docker0      0.00      0.00      0.00      0.00      0.00      0.00      0.00      0.00
07:47:51 PM vethc7cc37c      0.00      0.00      0.00      0.00      0.00      0.00      0.00      0.00

07:47:51 PM     CPU     %user     %nice   %system   %iowait    %steal     %idle
07:47:52 PM     all      0.00      0.00      0.00      0.00      0.00    100.00

07:47:51 PM kbmemfree   kbavail kbmemused  %memused kbbuffers  kbcached  kbcommit   %commit  kbactive   kbinact   kbdirty
07:47:52 PM   3471112   5803552   1750852     22.07     59160   2450060   5402592     68.11   1765924   2385696        64

07:47:51 PM     IFACE   rxpck/s   txpck/s    rxkB/s    txkB/s   rxcmp/s   txcmp/s  rxmcst/s   %ifutil
07:47:52 PM        lo      0.00      0.00      0.00      0.00      0.00      0.00      0.00      0.00
07:47:52 PM      eth0      2.00      1.00      0.11      0.05      0.00      0.00      0.00      0.00
07:47:52 PM   docker0      0.00      0.00      0.00      0.00      0.00      0.00      0.00      0.00
07:47:52 PM vethc7cc37c      0.00      0.00      0.00      0.00      0.00      0.00      0.00      0.00

07:47:52 PM     CPU     %user     %nice   %system   %iowait    %steal     %idle
07:47:53 PM     all      0.00      0.00      0.00      0.00      0.00    100.00

07:47:52 PM kbmemfree   kbavail kbmemused  %memused kbbuffers  kbcached  kbcommit   %commit  kbactive   kbinact   kbdirty
07:47:53 PM   3471112   5803552   1750848     22.07     59160   2450064   5402592     68.11   1765924   2385696        56

07:47:52 PM     IFACE   rxpck/s   txpck/s    rxkB/s    txkB/s   rxcmp/s   txcmp/s  rxmcst/s   %ifutil
07:47:53 PM        lo      0.00      0.00      0.00      0.00      0.00      0.00      0.00      0.00
07:47:53 PM      eth0      2.00      1.00      0.11      0.05      0.00      0.00      0.00      0.00
07:47:53 PM   docker0      0.00      0.00      0.00      0.00      0.00      0.00      0.00      0.00
07:47:53 PM vethc7cc37c      0.00      0.00      0.00      0.00      0.00      0.00      0.00      0.00

07:47:53 PM     CPU     %user     %nice   %system   %iowait    %steal     %idle
07:47:54 PM     all      0.25      0.00      0.00      0.00      0.00     99.75

07:47:53 PM kbmemfree   kbavail kbmemused  %memused kbbuffers  kbcached  kbcommit   %commit  kbactive   kbinact   kbdirty
07:47:54 PM   3471112   5803552   1750848     22.07     59160   2450064   5402592     68.11   1765924   2385696        60

07:47:53 PM     IFACE   rxpck/s   txpck/s    rxkB/s    txkB/s   rxcmp/s   txcmp/s  rxmcst/s   %ifutil
07:47:54 PM        lo      0.00      0.00      0.00      0.00      0.00      0.00      0.00      0.00
07:47:54 PM      eth0      2.00      1.00      0.11      0.05      0.00      0.00      0.00      0.00
07:47:54 PM   docker0      0.00      0.00      0.00      0.00      0.00      0.00      0.00      0.00
07:47:54 PM vethc7cc37c      0.00      0.00      0.00      0.00      0.00      0.00      0.00      0.00

07:47:54 PM     CPU     %user     %nice   %system   %iowait    %steal     %idle
07:47:55 PM     all      0.00      0.00      0.00      0.00      0.00    100.00

07:47:54 PM kbmemfree   kbavail kbmemused  %memused kbbuffers  kbcached  kbcommit   %commit  kbactive   kbinact   kbdirty
07:47:55 PM   3471112   5803552   1750848     22.07     59160   2450064   5402592     68.11   1765924   2385696        36

07:47:54 PM     IFACE   rxpck/s   txpck/s    rxkB/s    txkB/s   rxcmp/s   txcmp/s  rxmcst/s   %ifutil
07:47:55 PM        lo      0.00      0.00      0.00      0.00      0.00      0.00      0.00      0.00
07:47:55 PM      eth0      0.00      0.00      0.00      0.00      0.00      0.00      0.00      0.00
07:47:55 PM   docker0      0.00      0.00      0.00      0.00      0.00      0.00      0.00      0.00
07:47:55 PM vethc7cc37c      0.00      0.00      0.00      0.00      0.00      0.00      0.00      0.00

07:47:55 PM     CPU     %user     %nice   %system   %iowait    %steal     %idle
07:47:56 PM     all      0.00      0.00      0.00      0.00      0.00    100.00

07:47:55 PM kbmemfree   kbavail kbmemused  %memused kbbuffers  kbcached  kbcommit   %commit  kbactive   kbinact   kbdirty
07:47:56 PM   3471112   5803552   1750844     22.07     59160   2450068   5402592     68.11   1765924   2385696        40

07:47:55 PM     IFACE   rxpck/s   txpck/s    rxkB/s    txkB/s   rxcmp/s   txcmp/s  rxmcst/s   %ifutil
07:47:56 PM        lo      0.00      0.00      0.00      0.00      0.00      0.00      0.00      0.00
07:47:56 PM      eth0      1.00      1.00      0.06      0.05      0.00      0.00      0.00      0.00
07:47:56 PM   docker0      0.00      0.00      0.00      0.00      0.00      0.00      0.00      0.00
07:47:56 PM vethc7cc37c      0.00      0.00      0.00      0.00      0.00      0.00      0.00      0.00

07:47:56 PM     CPU     %user     %nice   %system   %iowait    %steal     %idle
07:47:57 PM     all      0.00      0.00      0.00      0.00      0.00    100.00

07:47:56 PM kbmemfree   kbavail kbmemused  %memused kbbuffers  kbcached  kbcommit   %commit  kbactive   kbinact   kbdirty
07:47:57 PM   3471112   5803552   1750844     22.07     59160   2450068   5402592     68.11   1765924   2385696        40

07:47:56 PM     IFACE   rxpck/s   txpck/s    rxkB/s    txkB/s   rxcmp/s   txcmp/s  rxmcst/s   %ifutil
07:47:57 PM        lo      0.00      0.00      0.00      0.00      0.00      0.00      0.00      0.00
07:47:57 PM      eth0      7.00      4.00      0.40      0.21      0.00      0.00      0.00      0.00
07:47:57 PM   docker0      0.00      0.00      0.00      0.00      0.00      0.00      0.00      0.00
07:47:57 PM vethc7cc37c      0.00      0.00      0.00      0.00      0.00      0.00      0.00      0.00

07:47:57 PM     CPU     %user     %nice   %system   %iowait    %steal     %idle
07:47:58 PM     all      0.25      0.00      0.00      0.00      0.00     99.75

07:47:57 PM kbmemfree   kbavail kbmemused  %memused kbbuffers  kbcached  kbcommit   %commit  kbactive   kbinact   kbdirty
07:47:58 PM   3471112   5803552   1750844     22.07     59160   2450068   5402592     68.11   1765924   2385696        40

07:47:57 PM     IFACE   rxpck/s   txpck/s    rxkB/s    txkB/s   rxcmp/s   txcmp/s  rxmcst/s   %ifutil
07:47:58 PM        lo      0.00      0.00      0.00      0.00      0.00      0.00      0.00      0.00
07:47:58 PM      eth0      0.00      0.00      0.00      0.00      0.00      0.00      0.00      0.00
07:47:58 PM   docker0      0.00      0.00      0.00      0.00      0.00      0.00      0.00      0.00
07:47:58 PM vethc7cc37c      0.00      0.00      0.00      0.00      0.00      0.00      0.00      0.00

07:47:58 PM     CPU     %user     %nice   %system   %iowait    %steal     %idle
07:47:59 PM     all      0.00      0.00      0.25      0.00      0.00     99.75

07:47:58 PM kbmemfree   kbavail kbmemused  %memused kbbuffers  kbcached  kbcommit   %commit  kbactive   kbinact   kbdirty
07:47:59 PM   3471112   5803552   1750844     22.07     59160   2450068   5402592     68.11   1765924   2385696        32

07:47:58 PM     IFACE   rxpck/s   txpck/s    rxkB/s    txkB/s   rxcmp/s   txcmp/s  rxmcst/s   %ifutil
07:47:59 PM        lo      0.00      0.00      0.00      0.00      0.00      0.00      0.00      0.00
07:47:59 PM      eth0      0.00      0.00      0.00      0.00      0.00      0.00      0.00      0.00
07:47:59 PM   docker0      0.00      0.00      0.00      0.00      0.00      0.00      0.00      0.00
07:47:59 PM vethc7cc37c      0.00      0.00      0.00      0.00      0.00      0.00      0.00      0.00

07:47:59 PM     CPU     %user     %nice   %system   %iowait    %steal     %idle
07:48:00 PM     all      0.00      0.00      0.25      0.00      0.00     99.75

07:47:59 PM kbmemfree   kbavail kbmemused  %memused kbbuffers  kbcached  kbcommit   %commit  kbactive   kbinact   kbdirty
07:48:00 PM   3471112   5803560   1750840     22.07     59164   2450068   5402592     68.11   1765924   2385704        20

07:47:59 PM     IFACE   rxpck/s   txpck/s    rxkB/s    txkB/s   rxcmp/s   txcmp/s  rxmcst/s   %ifutil
07:48:00 PM        lo      0.00      0.00      0.00      0.00      0.00      0.00      0.00      0.00
07:48:00 PM      eth0      4.00      2.00      0.21      0.11      0.00      0.00      0.00      0.00
07:48:00 PM   docker0      0.00      0.00      0.00      0.00      0.00      0.00      0.00      0.00
07:48:00 PM vethc7cc37c      0.00      0.00      0.00      0.00      0.00      0.00      0.00      0.00

07:48:00 PM     CPU     %user     %nice   %system   %iowait    %steal     %idle
07:48:01 PM     all      0.00      0.00      0.00      0.00      0.00    100.00

07:48:00 PM kbmemfree   kbavail kbmemused  %memused kbbuffers  kbcached  kbcommit   %commit  kbactive   kbinact   kbdirty
07:48:01 PM   3471112   5803560   1750836     22.07     59164   2450072   5402592     68.11   1765924   2385704        24

07:48:00 PM     IFACE   rxpck/s   txpck/s    rxkB/s    txkB/s   rxcmp/s   txcmp/s  rxmcst/s   %ifutil
07:48:01 PM        lo      0.00      0.00      0.00      0.00      0.00      0.00      0.00      0.00
07:48:01 PM      eth0      2.00      1.00      0.11      0.05      0.00      0.00      0.00      0.00
07:48:01 PM   docker0      0.00      0.00      0.00      0.00      0.00      0.00      0.00      0.00
07:48:01 PM vethc7cc37c      0.00      0.00      0.00      0.00      0.00      0.00      0.00      0.00

07:48:01 PM     CPU     %user     %nice   %system   %iowait    %steal     %idle
07:48:02 PM     all      0.75      0.00      0.75      0.00      0.00     98.49

07:48:01 PM kbmemfree   kbavail kbmemused  %memused kbbuffers  kbcached  kbcommit   %commit  kbactive   kbinact   kbdirty
07:48:02 PM   3469852   5802304   1752096     22.09     59164   2450072   5406044     68.16   1767580   2385708       180

07:48:01 PM     IFACE   rxpck/s   txpck/s    rxkB/s    txkB/s   rxcmp/s   txcmp/s  rxmcst/s   %ifutil
07:48:02 PM        lo      0.00      0.00      0.00      0.00      0.00      0.00      0.00      0.00
07:48:02 PM      eth0     13.00     11.00      2.23      2.54      0.00      0.00      0.00      0.00
07:48:02 PM   docker0      0.00      0.00      0.00      0.00      0.00      0.00      0.00      0.00
07:48:02 PM vethc7cc37c      0.00      0.00      0.00      0.00      0.00      0.00      0.00      0.00

07:48:02 PM     CPU     %user     %nice   %system   %iowait    %steal     %idle
07:48:03 PM     all      0.00      0.00      0.00      0.00      0.00    100.00

07:48:02 PM kbmemfree   kbavail kbmemused  %memused kbbuffers  kbcached  kbcommit   %commit  kbactive   kbinact   kbdirty
07:48:03 PM   3469852   5802304   1752096     22.09     59164   2450072   5406044     68.16   1767580   2385708       180

07:48:02 PM     IFACE   rxpck/s   txpck/s    rxkB/s    txkB/s   rxcmp/s   txcmp/s  rxmcst/s   %ifutil
07:48:03 PM        lo      0.00      0.00      0.00      0.00      0.00      0.00      0.00      0.00
07:48:03 PM      eth0      0.00      0.00      0.00      0.00      0.00      0.00      0.00      0.00
07:48:03 PM   docker0      0.00      0.00      0.00      0.00      0.00      0.00      0.00      0.00
07:48:03 PM vethc7cc37c      0.00      0.00      0.00      0.00      0.00      0.00      0.00      0.00

07:48:03 PM     CPU     %user     %nice   %system   %iowait    %steal     %idle
07:48:04 PM     all      0.25      0.00      0.00      0.00      0.00     99.75

07:48:03 PM kbmemfree   kbavail kbmemused  %memused kbbuffers  kbcached  kbcommit   %commit  kbactive   kbinact   kbdirty
07:48:04 PM   3473824   5806276   1748124     22.04     59164   2450072   5402592     68.11   1765892   2385708       204

07:48:03 PM     IFACE   rxpck/s   txpck/s    rxkB/s    txkB/s   rxcmp/s   txcmp/s  rxmcst/s   %ifutil
07:48:04 PM        lo      0.00      0.00      0.00      0.00      0.00      0.00      0.00      0.00
07:48:04 PM      eth0      2.00      2.00      0.13      0.18      0.00      0.00      0.00      0.00
07:48:04 PM   docker0      0.00      0.00      0.00      0.00      0.00      0.00      0.00      0.00
07:48:04 PM vethc7cc37c      0.00      0.00      0.00      0.00      0.00      0.00      0.00      0.00

07:48:04 PM     CPU     %user     %nice   %system   %iowait    %steal     %idle
07:48:05 PM     all      0.00      0.00      0.00      0.00      0.00    100.00

07:48:04 PM kbmemfree   kbavail kbmemused  %memused kbbuffers  kbcached  kbcommit   %commit  kbactive   kbinact   kbdirty
07:48:05 PM   3473824   5806280   1748116     22.04     59168   2450076   5402592     68.11   1765924   2385712       216

07:48:04 PM     IFACE   rxpck/s   txpck/s    rxkB/s    txkB/s   rxcmp/s   txcmp/s  rxmcst/s   %ifutil
07:48:05 PM        lo      0.00      0.00      0.00      0.00      0.00      0.00      0.00      0.00
07:48:05 PM      eth0      0.00      0.00      0.00      0.00      0.00      0.00      0.00      0.00
07:48:05 PM   docker0      0.00      0.00      0.00      0.00      0.00      0.00      0.00      0.00
07:48:05 PM vethc7cc37c      0.00      0.00      0.00      0.00      0.00      0.00      0.00      0.00

07:48:05 PM     CPU     %user     %nice   %system   %iowait    %steal     %idle
07:48:06 PM     all      0.25      0.00      0.25      0.00      0.00     99.50

07:48:05 PM kbmemfree   kbavail kbmemused  %memused kbbuffers  kbcached  kbcommit   %commit  kbactive   kbinact   kbdirty
07:48:06 PM   3473824   5806280   1748116     22.04     59168   2450076   5402592     68.11   1765924   2385712       220

07:48:05 PM     IFACE   rxpck/s   txpck/s    rxkB/s    txkB/s   rxcmp/s   txcmp/s  rxmcst/s   %ifutil
07:48:06 PM        lo      0.00      0.00      0.00      0.00      0.00      0.00      0.00      0.00
07:48:06 PM      eth0      0.00      0.00      0.00      0.00      0.00      0.00      0.00      0.00
07:48:06 PM   docker0      0.00      0.00      0.00      0.00      0.00      0.00      0.00      0.00
07:48:06 PM vethc7cc37c      0.00      0.00      0.00      0.00      0.00      0.00      0.00      0.00

07:48:06 PM     CPU     %user     %nice   %system   %iowait    %steal     %idle
07:48:07 PM     all      0.00      0.00      0.00      0.00      0.00    100.00

07:48:06 PM kbmemfree   kbavail kbmemused  %memused kbbuffers  kbcached  kbcommit   %commit  kbactive   kbinact   kbdirty
07:48:07 PM   3473824   5806280   1748116     22.04     59168   2450076   5402592     68.11   1765924   2385712        40

07:48:06 PM     IFACE   rxpck/s   txpck/s    rxkB/s    txkB/s   rxcmp/s   txcmp/s  rxmcst/s   %ifutil
07:48:07 PM        lo      0.00      0.00      0.00      0.00      0.00      0.00      0.00      0.00
07:48:07 PM      eth0      2.00      1.00      0.11      0.05      0.00      0.00      0.00      0.00
07:48:07 PM   docker0      0.00      0.00      0.00      0.00      0.00      0.00      0.00      0.00
07:48:07 PM vethc7cc37c      0.00      0.00      0.00      0.00      0.00      0.00      0.00      0.00

07:48:07 PM     CPU     %user     %nice   %system   %iowait    %steal     %idle
07:48:08 PM     all      0.25      0.00      0.00      0.00      0.00     99.75

07:48:07 PM kbmemfree   kbavail kbmemused  %memused kbbuffers  kbcached  kbcommit   %commit  kbactive   kbinact   kbdirty
07:48:08 PM   3473824   5806280   1748116     22.04     59168   2450076   5402592     68.11   1765924   2385712        40

07:48:07 PM     IFACE   rxpck/s   txpck/s    rxkB/s    txkB/s   rxcmp/s   txcmp/s  rxmcst/s   %ifutil
07:48:08 PM        lo      0.00      0.00      0.00      0.00      0.00      0.00      0.00      0.00
07:48:08 PM      eth0      2.00      1.00      0.11      0.05      0.00      0.00      0.00      0.00
07:48:08 PM   docker0      0.00      0.00      0.00      0.00      0.00      0.00      0.00      0.00
07:48:08 PM vethc7cc37c      0.00      0.00      0.00      0.00      0.00      0.00      0.00      0.00

07:48:08 PM     CPU     %user     %nice   %system   %iowait    %steal     %idle
07:48:09 PM     all      0.00      0.00      0.00      0.00      0.00    100.00

07:48:08 PM kbmemfree   kbavail kbmemused  %memused kbbuffers  kbcached  kbcommit   %commit  kbactive   kbinact   kbdirty
07:48:09 PM   3473824   5806280   1748116     22.04     59168   2450076   5402592     68.11   1765924   2385712        40

07:48:08 PM     IFACE   rxpck/s   txpck/s    rxkB/s    txkB/s   rxcmp/s   txcmp/s  rxmcst/s   %ifutil
07:48:09 PM        lo      0.00      0.00      0.00      0.00      0.00      0.00      0.00      0.00
07:48:09 PM      eth0      0.00      0.00      0.00      0.00      0.00      0.00      0.00      0.00
07:48:09 PM   docker0      0.00      0.00      0.00      0.00      0.00      0.00      0.00      0.00
07:48:09 PM vethc7cc37c      0.00      0.00      0.00      0.00      0.00      0.00      0.00      0.00

07:48:09 PM     CPU     %user     %nice   %system   %iowait    %steal     %idle
07:48:10 PM     all      0.00      0.00      0.00      0.25      0.00     99.75

07:48:09 PM kbmemfree   kbavail kbmemused  %memused kbbuffers  kbcached  kbcommit   %commit  kbactive   kbinact   kbdirty
07:48:10 PM   3473824   5806292   1748108     22.04     59172   2450080   5402592     68.11   1765924   2385724        44

07:48:09 PM     IFACE   rxpck/s   txpck/s    rxkB/s    txkB/s   rxcmp/s   txcmp/s  rxmcst/s   %ifutil
07:48:10 PM        lo      0.00      0.00      0.00      0.00      0.00      0.00      0.00      0.00
07:48:10 PM      eth0      0.00      0.00      0.00      0.00      0.00      0.00      0.00      0.00
07:48:10 PM   docker0      0.00      0.00      0.00      0.00      0.00      0.00      0.00      0.00
07:48:10 PM vethc7cc37c      0.00      0.00      0.00      0.00      0.00      0.00      0.00      0.00

07:48:10 PM     CPU     %user     %nice   %system   %iowait    %steal     %idle
07:48:11 PM     all      0.25      0.00      0.00      0.00      0.00     99.75

07:48:10 PM kbmemfree   kbavail kbmemused  %memused kbbuffers  kbcached  kbcommit   %commit  kbactive   kbinact   kbdirty
07:48:11 PM   3473824   5806296   1748108     22.04     59172   2450080   5402592     68.11   1765924   2385728        36

07:48:10 PM     IFACE   rxpck/s   txpck/s    rxkB/s    txkB/s   rxcmp/s   txcmp/s  rxmcst/s   %ifutil
07:48:11 PM        lo      0.00      0.00      0.00      0.00      0.00      0.00      0.00      0.00
07:48:11 PM      eth0      0.00      0.00      0.00      0.00      0.00      0.00      0.00      0.00
07:48:11 PM   docker0      0.00      0.00      0.00      0.00      0.00      0.00      0.00      0.00
07:48:11 PM vethc7cc37c      0.00      0.00      0.00      0.00      0.00      0.00      0.00      0.00

07:48:11 PM     CPU     %user     %nice   %system   %iowait    %steal     %idle
07:48:12 PM     all      0.25      0.00      0.00      0.00      0.00     99.75

07:48:11 PM kbmemfree   kbavail kbmemused  %memused kbbuffers  kbcached  kbcommit   %commit  kbactive   kbinact   kbdirty
07:48:12 PM   3473824   5806296   1748108     22.04     59172   2450080   5402592     68.11   1765924   2385728        40

07:48:11 PM     IFACE   rxpck/s   txpck/s    rxkB/s    txkB/s   rxcmp/s   txcmp/s  rxmcst/s   %ifutil
07:48:12 PM        lo      0.00      0.00      0.00      0.00      0.00      0.00      0.00      0.00
07:48:12 PM      eth0      4.00      2.00      0.22      0.11      0.00      0.00      0.00      0.00
07:48:12 PM   docker0      0.00      0.00      0.00      0.00      0.00      0.00      0.00      0.00
07:48:12 PM vethc7cc37c      0.00      0.00      0.00      0.00      0.00      0.00      0.00      0.00

07:48:12 PM     CPU     %user     %nice   %system   %iowait    %steal     %idle
07:48:13 PM     all      0.00      0.00      0.00      0.00      0.00    100.00

07:48:12 PM kbmemfree   kbavail kbmemused  %memused kbbuffers  kbcached  kbcommit   %commit  kbactive   kbinact   kbdirty
07:48:13 PM   3473824   5806296   1748108     22.04     59172   2450080   5402592     68.11   1765924   2385728        40

07:48:12 PM     IFACE   rxpck/s   txpck/s    rxkB/s    txkB/s   rxcmp/s   txcmp/s  rxmcst/s   %ifutil
07:48:13 PM        lo      0.00      0.00      0.00      0.00      0.00      0.00      0.00      0.00
07:48:13 PM      eth0      0.00      0.00      0.00      0.00      0.00      0.00      0.00      0.00
07:48:13 PM   docker0      0.00      0.00      0.00      0.00      0.00      0.00      0.00      0.00
07:48:13 PM vethc7cc37c      0.00      0.00      0.00      0.00      0.00      0.00      0.00      0.00

07:48:13 PM     CPU     %user     %nice   %system   %iowait    %steal     %idle
07:48:14 PM     all      0.00      0.00      0.25      0.00      0.00     99.75

07:48:13 PM kbmemfree   kbavail kbmemused  %memused kbbuffers  kbcached  kbcommit   %commit  kbactive   kbinact   kbdirty
07:48:14 PM   3473824   5806296   1748104     22.04     59172   2450084   5402592     68.11   1765924   2385728        40

07:48:13 PM     IFACE   rxpck/s   txpck/s    rxkB/s    txkB/s   rxcmp/s   txcmp/s  rxmcst/s   %ifutil
07:48:14 PM        lo      0.00      0.00      0.00      0.00      0.00      0.00      0.00      0.00
07:48:14 PM      eth0      2.00      1.00      0.11      0.05      0.00      0.00      0.00      0.00
07:48:14 PM   docker0      0.00      0.00      0.00      0.00      0.00      0.00      0.00      0.00
07:48:14 PM vethc7cc37c      0.00      0.00      0.00      0.00      0.00      0.00      0.00      0.00

07:48:14 PM     CPU     %user     %nice   %system   %iowait    %steal     %idle
07:48:15 PM     all      0.00      0.00      0.00      0.00      0.00    100.00

07:48:14 PM kbmemfree   kbavail kbmemused  %memused kbbuffers  kbcached  kbcommit   %commit  kbactive   kbinact   kbdirty
07:48:15 PM   3473572   5806048   1748356     22.04     59172   2450084   5402592     68.11   1765924   2385732        20

07:48:14 PM     IFACE   rxpck/s   txpck/s    rxkB/s    txkB/s   rxcmp/s   txcmp/s  rxmcst/s   %ifutil
07:48:15 PM        lo      0.00      0.00      0.00      0.00      0.00      0.00      0.00      0.00
07:48:15 PM      eth0      2.00      1.00      0.11      0.05      0.00      0.00      0.00      0.00
07:48:15 PM   docker0      0.00      0.00      0.00      0.00      0.00      0.00      0.00      0.00
07:48:15 PM vethc7cc37c      0.00      0.00      0.00      0.00      0.00      0.00      0.00      0.00

07:48:15 PM     CPU     %user     %nice   %system   %iowait    %steal     %idle
07:48:16 PM     all      0.00      0.00      0.00      0.00      0.00    100.00

07:48:15 PM kbmemfree   kbavail kbmemused  %memused kbbuffers  kbcached  kbcommit   %commit  kbactive   kbinact   kbdirty
07:48:16 PM   3473572   5806048   1748352     22.04     59176   2450084   5402592     68.11   1765924   2385732        44

07:48:15 PM     IFACE   rxpck/s   txpck/s    rxkB/s    txkB/s   rxcmp/s   txcmp/s  rxmcst/s   %ifutil
07:48:16 PM        lo      0.00      0.00      0.00      0.00      0.00      0.00      0.00      0.00
07:48:16 PM      eth0      0.00      0.00      0.00      0.00      0.00      0.00      0.00      0.00
07:48:16 PM   docker0      0.00      0.00      0.00      0.00      0.00      0.00      0.00      0.00
07:48:16 PM vethc7cc37c      0.00      0.00      0.00      0.00      0.00      0.00      0.00      0.00

07:48:16 PM     CPU     %user     %nice   %system   %iowait    %steal     %idle
07:48:17 PM     all      0.25      0.00      0.50      0.00      0.00     99.26

07:48:16 PM kbmemfree   kbavail kbmemused  %memused kbbuffers  kbcached  kbcommit   %commit  kbactive   kbinact   kbdirty
07:48:17 PM   3473572   5806048   1748352     22.04     59176   2450084   5402592     68.11   1765924   2385732        36

07:48:16 PM     IFACE   rxpck/s   txpck/s    rxkB/s    txkB/s   rxcmp/s   txcmp/s  rxmcst/s   %ifutil
07:48:17 PM        lo      0.00      0.00      0.00      0.00      0.00      0.00      0.00      0.00
07:48:17 PM      eth0      4.00      2.00      0.21      0.11      0.00      0.00      0.00      0.00
07:48:17 PM   docker0      0.00      0.00      0.00      0.00      0.00      0.00      0.00      0.00
07:48:17 PM vethc7cc37c      0.00      0.00      0.00      0.00      0.00      0.00      0.00      0.00

07:48:17 PM     CPU     %user     %nice   %system   %iowait    %steal     %idle
07:48:18 PM     all      0.00      0.00      0.00      0.00      0.00    100.00

07:48:17 PM kbmemfree   kbavail kbmemused  %memused kbbuffers  kbcached  kbcommit   %commit  kbactive   kbinact   kbdirty
07:48:18 PM   3473572   5806048   1748352     22.04     59176   2450084   5402592     68.11   1765924   2385732        40

07:48:17 PM     IFACE   rxpck/s   txpck/s    rxkB/s    txkB/s   rxcmp/s   txcmp/s  rxmcst/s   %ifutil
07:48:18 PM        lo      0.00      0.00      0.00      0.00      0.00      0.00      0.00      0.00
07:48:18 PM      eth0      0.00      0.00      0.00      0.00      0.00      0.00      0.00      0.00
07:48:18 PM   docker0      0.00      0.00      0.00      0.00      0.00      0.00      0.00      0.00
07:48:18 PM vethc7cc37c      0.00      0.00      0.00      0.00      0.00      0.00      0.00      0.00

07:48:18 PM     CPU     %user     %nice   %system   %iowait    %steal     %idle
07:48:19 PM     all      0.00      0.00      0.00      0.00      0.00    100.00

07:48:18 PM kbmemfree   kbavail kbmemused  %memused kbbuffers  kbcached  kbcommit   %commit  kbactive   kbinact   kbdirty
07:48:19 PM   3473572   5806048   1748348     22.04     59176   2450088   5402592     68.11   1765924   2385732        44

07:48:18 PM     IFACE   rxpck/s   txpck/s    rxkB/s    txkB/s   rxcmp/s   txcmp/s  rxmcst/s   %ifutil
07:48:19 PM        lo      0.00      0.00      0.00      0.00      0.00      0.00      0.00      0.00
07:48:19 PM      eth0      0.00      0.00      0.00      0.00      0.00      0.00      0.00      0.00
07:48:19 PM   docker0      0.00      0.00      0.00      0.00      0.00      0.00      0.00      0.00
07:48:19 PM vethc7cc37c      0.00      0.00      0.00      0.00      0.00      0.00      0.00      0.00

07:48:19 PM     CPU     %user     %nice   %system   %iowait    %steal     %idle
07:48:20 PM     all      0.25      0.00      0.00      0.00      0.00     99.75

07:48:19 PM kbmemfree   kbavail kbmemused  %memused kbbuffers  kbcached  kbcommit   %commit  kbactive   kbinact   kbdirty
07:48:20 PM   3473572   5806052   1748348     22.04     59176   2450088   5402592     68.11   1765924   2385736        44

07:48:19 PM     IFACE   rxpck/s   txpck/s    rxkB/s    txkB/s   rxcmp/s   txcmp/s  rxmcst/s   %ifutil
07:48:20 PM        lo      0.00      0.00      0.00      0.00      0.00      0.00      0.00      0.00
07:48:20 PM      eth0      0.00      0.00      0.00      0.00      0.00      0.00      0.00      0.00
07:48:20 PM   docker0      0.00      0.00      0.00      0.00      0.00      0.00      0.00      0.00
07:48:20 PM vethc7cc37c      0.00      0.00      0.00      0.00      0.00      0.00      0.00      0.00

07:48:20 PM     CPU     %user     %nice   %system   %iowait    %steal     %idle
07:48:21 PM     all      0.00      0.00      0.00      0.00      0.00    100.00

07:48:20 PM kbmemfree   kbavail kbmemused  %memused kbbuffers  kbcached  kbcommit   %commit  kbactive   kbinact   kbdirty
07:48:21 PM   3473068   5805552   1748852     22.05     59176   2450088   5402592     68.11   1765924   2385740        20

07:48:20 PM     IFACE   rxpck/s   txpck/s    rxkB/s    txkB/s   rxcmp/s   txcmp/s  rxmcst/s   %ifutil
07:48:21 PM        lo      0.00      0.00      0.00      0.00      0.00      0.00      0.00      0.00
07:48:21 PM      eth0      0.00      0.00      0.00      0.00      0.00      0.00      0.00      0.00
07:48:21 PM   docker0      0.00      0.00      0.00      0.00      0.00      0.00      0.00      0.00
07:48:21 PM vethc7cc37c      0.00      0.00      0.00      0.00      0.00      0.00      0.00      0.00

07:48:21 PM     CPU     %user     %nice   %system   %iowait    %steal     %idle
07:48:22 PM     all      0.25      0.00      0.25      0.00      0.00     99.50

07:48:21 PM kbmemfree   kbavail kbmemused  %memused kbbuffers  kbcached  kbcommit   %commit  kbactive   kbinact   kbdirty
07:48:22 PM   3473068   5805552   1748844     22.05     59184   2450088   5402592     68.11   1765924   2385740        36

07:48:21 PM     IFACE   rxpck/s   txpck/s    rxkB/s    txkB/s   rxcmp/s   txcmp/s  rxmcst/s   %ifutil
07:48:22 PM        lo      0.00      0.00      0.00      0.00      0.00      0.00      0.00      0.00
07:48:22 PM      eth0      0.00      0.00      0.00      0.00      0.00      0.00      0.00      0.00
07:48:22 PM   docker0      0.00      0.00      0.00      0.00      0.00      0.00      0.00      0.00
07:48:22 PM vethc7cc37c      0.00      0.00      0.00      0.00      0.00      0.00      0.00      0.00

07:48:22 PM     CPU     %user     %nice   %system   %iowait    %steal     %idle
07:48:23 PM     all      0.25      0.00      0.00      0.00      0.00     99.75

07:48:22 PM kbmemfree   kbavail kbmemused  %memused kbbuffers  kbcached  kbcommit   %commit  kbactive   kbinact   kbdirty
07:48:23 PM   3473068   5805552   1748840     22.05     59184   2450092   5402592     68.11   1765860   2385740        28

07:48:22 PM     IFACE   rxpck/s   txpck/s    rxkB/s    txkB/s   rxcmp/s   txcmp/s  rxmcst/s   %ifutil
07:48:23 PM        lo      0.00      0.00      0.00      0.00      0.00      0.00      0.00      0.00
07:48:23 PM      eth0      0.00      0.00      0.00      0.00      0.00      0.00      0.00      0.00
07:48:23 PM   docker0      0.00      0.00      0.00      0.00      0.00      0.00      0.00      0.00
07:48:23 PM vethc7cc37c      0.00      0.00      0.00      0.00      0.00      0.00      0.00      0.00

07:48:23 PM     CPU     %user     %nice   %system   %iowait    %steal     %idle
07:48:24 PM     all      0.00      0.00      0.00      0.00      0.00    100.00

07:48:23 PM kbmemfree   kbavail kbmemused  %memused kbbuffers  kbcached  kbcommit   %commit  kbactive   kbinact   kbdirty
07:48:24 PM   3473068   5805552   1748840     22.05     59184   2450092   5402592     68.11   1765860   2385740        32

07:48:23 PM     IFACE   rxpck/s   txpck/s    rxkB/s    txkB/s   rxcmp/s   txcmp/s  rxmcst/s   %ifutil
07:48:24 PM        lo      0.00      0.00      0.00      0.00      0.00      0.00      0.00      0.00
07:48:24 PM      eth0      2.00      1.00      0.11      0.05      0.00      0.00      0.00      0.00
07:48:24 PM   docker0      0.00      0.00      0.00      0.00      0.00      0.00      0.00      0.00
07:48:24 PM vethc7cc37c      0.00      0.00      0.00      0.00      0.00      0.00      0.00      0.00

07:48:24 PM     CPU     %user     %nice   %system   %iowait    %steal     %idle
07:48:25 PM     all      0.00      0.00      0.00      0.00      0.00    100.00

07:48:24 PM kbmemfree   kbavail kbmemused  %memused kbbuffers  kbcached  kbcommit   %commit  kbactive   kbinact   kbdirty
07:48:25 PM   3473068   5805552   1748840     22.05     59184   2450092   5402592     68.11   1765860   2385740        32

07:48:24 PM     IFACE   rxpck/s   txpck/s    rxkB/s    txkB/s   rxcmp/s   txcmp/s  rxmcst/s   %ifutil
07:48:25 PM        lo      0.00      0.00      0.00      0.00      0.00      0.00      0.00      0.00
07:48:25 PM      eth0      0.00      0.00      0.00      0.00      0.00      0.00      0.00      0.00
07:48:25 PM   docker0      0.00      0.00      0.00      0.00      0.00      0.00      0.00      0.00
07:48:25 PM vethc7cc37c      0.00      0.00      0.00      0.00      0.00      0.00      0.00      0.00

07:48:25 PM     CPU     %user     %nice   %system   %iowait    %steal     %idle
07:48:26 PM     all      0.25      0.00      0.00      0.00      0.00     99.75

07:48:25 PM kbmemfree   kbavail kbmemused  %memused kbbuffers  kbcached  kbcommit   %commit  kbactive   kbinact   kbdirty
07:48:26 PM   3473068   5805556   1748840     22.05     59184   2450092   5402592     68.11   1765860   2385744        32

07:48:25 PM     IFACE   rxpck/s   txpck/s    rxkB/s    txkB/s   rxcmp/s   txcmp/s  rxmcst/s   %ifutil
07:48:26 PM        lo      0.00      0.00      0.00      0.00      0.00      0.00      0.00      0.00
07:48:26 PM      eth0      0.00      0.00      0.00      0.00      0.00      0.00      0.00      0.00
07:48:26 PM   docker0      0.00      0.00      0.00      0.00      0.00      0.00      0.00      0.00
07:48:26 PM vethc7cc37c      0.00      0.00      0.00      0.00      0.00      0.00      0.00      0.00

07:48:26 PM     CPU     %user     %nice   %system   %iowait    %steal     %idle
07:48:27 PM     all      0.25      0.00      0.25      0.00      0.00     99.50

07:48:26 PM kbmemfree   kbavail kbmemused  %memused kbbuffers  kbcached  kbcommit   %commit  kbactive   kbinact   kbdirty
07:48:27 PM   3473068   5805556   1748840     22.05     59184   2450092   5402592     68.11   1765860   2385744        16

07:48:26 PM     IFACE   rxpck/s   txpck/s    rxkB/s    txkB/s   rxcmp/s   txcmp/s  rxmcst/s   %ifutil
07:48:27 PM        lo      0.00      0.00      0.00      0.00      0.00      0.00      0.00      0.00
07:48:27 PM      eth0      0.00      0.00      0.00      0.00      0.00      0.00      0.00      0.00
07:48:27 PM   docker0      0.00      0.00      0.00      0.00      0.00      0.00      0.00      0.00
07:48:27 PM vethc7cc37c      0.00      0.00      0.00      0.00      0.00      0.00      0.00      0.00

Average:        CPU     %user     %nice   %system   %iowait    %steal     %idle
Average:        all      0.10      0.00      0.09      0.01      0.00     99.80

Average:    kbmemfree   kbavail kbmemused  %memused kbbuffers  kbcached  kbcommit   %commit  kbactive   kbinact   kbdirty
Average:      3474251   5806642   1747755     22.04     59144   2450034   5403146     68.12   1766192   2385648        91

Average:        IFACE   rxpck/s   txpck/s    rxkB/s    txkB/s   rxcmp/s   txcmp/s  rxmcst/s   %ifutil
Average:           lo      0.00      0.00      0.00      0.00      0.00      0.00      0.00      0.00
Average:         eth0      2.18      1.32      0.18      0.13      0.00      0.00      0.00      0.00
Average:      docker0      0.00      0.00      0.00      0.00      0.00      0.00      0.00      0.00
Average:    vethc7cc37c      0.00      0.00      0.00      0.00      0.00      0.00      0.00      0.00