Linux 6.8.0-1054-gcp (zt-service-b)     05/14/26        _x86_64_        (2 CPU)

19:46:13        CPU     %user     %nice   %system   %iowait    %steal     %idle
19:46:14        all     14.87      0.00     12.82      0.00      0.51     71.79

19:46:13    kbmemfree   kbavail kbmemused  %memused kbbuffers  kbcached  kbcommit   %commit  kbactive   kbinact   kbdirty
19:46:14      5494544   7244028    550416      6.77     65724   1875016   1905056     23.43    974244   1381732       868

19:46:13        IFACE   rxpck/s   txpck/s    rxkB/s    txkB/s   rxcmp/s   txcmp/s  rxmcst/s   %ifutil
19:46:14           lo   2005.00   2005.00    261.65    261.65      0.00      0.00      0.00      0.00
19:46:14         ens4    402.00    200.00    130.34     55.08      0.00      0.00      0.00      0.00
19:46:14      docker0   1002.00   1003.00     79.99    195.38      0.00      0.00      0.00      0.00
19:46:14    veth1f0dbb4   1002.00   1003.00     93.69    195.38      0.00      0.00      0.00      0.02

19:46:14        CPU     %user     %nice   %system   %iowait    %steal     %idle
19:46:15        all     29.02      0.00     12.44      0.52      0.00     58.03

19:46:14    kbmemfree   kbavail kbmemused  %memused kbbuffers  kbcached  kbcommit   %commit  kbactive   kbinact   kbdirty
19:46:15      5492276   7241784    552376      6.79     65724   1875044   1908956     23.48    977260   1381756       844

19:46:14        IFACE   rxpck/s   txpck/s    rxkB/s    txkB/s   rxcmp/s   txcmp/s  rxmcst/s   %ifutil
19:46:15           lo   2004.00   2004.00    260.95    260.95      0.00      0.00      0.00      0.00
19:46:15         ens4    400.00    201.00    129.66     55.12      0.00      0.00      0.00      0.00
19:46:15      docker0   1000.00   1000.00     79.88    194.53      0.00      0.00      0.00      0.00
19:46:15    veth1f0dbb4   1000.00   1000.00     93.55    194.53      0.00      0.00      0.00      0.02

19:46:15        CPU     %user     %nice   %system   %iowait    %steal     %idle
19:46:16        all     44.39      0.00     13.27      0.00      0.00     42.35

19:46:15    kbmemfree   kbavail kbmemused  %memused kbbuffers  kbcached  kbcommit   %commit  kbactive   kbinact   kbdirty
19:46:16      5492724   7242260    551664      6.79     65724   1875068   1904976     23.43    974132   1381784       864

19:46:15        IFACE   rxpck/s   txpck/s    rxkB/s    txkB/s   rxcmp/s   txcmp/s  rxmcst/s   %ifutil
19:46:16           lo   2000.00   2000.00    260.74    260.74      0.00      0.00      0.00      0.00
19:46:16         ens4    401.00    200.00    129.75     55.08      0.00      0.00      0.00      0.00
19:46:16      docker0   1000.00   1000.00     79.88    194.53      0.00      0.00      0.00      0.00
19:46:16    veth1f0dbb4   1000.00   1000.00     93.55    194.53      0.00      0.00      0.00      0.02

19:46:16        CPU     %user     %nice   %system   %iowait    %steal     %idle
19:46:17        all     34.36      0.00     13.85      0.00      0.51     51.28

19:46:16    kbmemfree   kbavail kbmemused  %memused kbbuffers  kbcached  kbcommit   %commit  kbactive   kbinact   kbdirty
19:46:17      5492752   7242304    551440      6.78     65724   1875088   1906000     23.44    974448   1381800       776

19:46:16        IFACE   rxpck/s   txpck/s    rxkB/s    txkB/s   rxcmp/s   txcmp/s  rxmcst/s   %ifutil
19:46:17           lo   2002.00   2002.00    260.84    260.84      0.00      0.00      0.00      0.00
19:46:17         ens4    399.00    200.00    129.62     55.08      0.00      0.00      0.00      0.00
19:46:17      docker0   1000.00   1000.00     79.88    194.53      0.00      0.00      0.00      0.00
19:46:17    veth1f0dbb4   1000.00   1000.00     93.55    194.53      0.00      0.00      0.00      0.02

19:46:17        CPU     %user     %nice   %system   %iowait    %steal     %idle
19:46:18        all     26.94      0.00     12.95      0.00      0.00     60.10

19:46:17    kbmemfree   kbavail kbmemused  %memused kbbuffers  kbcached  kbcommit   %commit  kbactive   kbinact   kbdirty
19:46:18      5493200   7242776    550740      6.77     65724   1875112   1906000     23.44    974652   1381824       800

19:46:17        IFACE   rxpck/s   txpck/s    rxkB/s    txkB/s   rxcmp/s   txcmp/s  rxmcst/s   %ifutil
19:46:18           lo   2000.00   2000.00    260.74    260.74      0.00      0.00      0.00      0.00
19:46:18         ens4    401.00    200.00    129.75     55.08      0.00      0.00      0.00      0.00
19:46:18      docker0   1000.00   1000.00     79.88    194.53      0.00      0.00      0.00      0.00
19:46:18    veth1f0dbb4   1000.00   1000.00     93.55    194.53      0.00      0.00      0.00      0.02

19:46:18        CPU     %user     %nice   %system   %iowait    %steal     %idle
19:46:19        all     14.29      0.00     12.76      0.00      0.51     72.45

19:46:18    kbmemfree   kbavail kbmemused  %memused kbbuffers  kbcached  kbcommit   %commit  kbactive   kbinact   kbdirty
19:46:19      5493400   7243000    550312      6.77     65724   1875136   1904976     23.43    974732   1381848       824

19:46:18        IFACE   rxpck/s   txpck/s    rxkB/s    txkB/s   rxcmp/s   txcmp/s  rxmcst/s   %ifutil
19:46:19           lo   2000.00   2000.00    260.74    260.74      0.00      0.00      0.00      0.00
19:46:19         ens4    400.00    200.00    129.69     55.08      0.00      0.00      0.00      0.00
19:46:19      docker0   1000.00   1000.00     79.88    194.53      0.00      0.00      0.00      0.00
19:46:19    veth1f0dbb4   1000.00   1000.00     93.55    194.53      0.00      0.00      0.00      0.02

19:46:19        CPU     %user     %nice   %system   %iowait    %steal     %idle
19:46:20        all     13.99      0.00     11.92      0.00      0.00     74.09

19:46:19    kbmemfree   kbavail kbmemused  %memused kbbuffers  kbcached  kbcommit   %commit  kbactive   kbinact   kbdirty
19:46:20      5493448   7243064    550052      6.77     65724   1875160   1904976     23.43    974892   1381864       860

19:46:19        IFACE   rxpck/s   txpck/s    rxkB/s    txkB/s   rxcmp/s   txcmp/s  rxmcst/s   %ifutil
19:46:20           lo   2000.00   2000.00    260.74    260.74      0.00      0.00      0.00      0.00
19:46:20         ens4    400.00    200.00    129.69     55.08      0.00      0.00      0.00      0.00
19:46:20      docker0   1000.00   1000.00     79.88    194.53      0.00      0.00      0.00      0.00
19:46:20    veth1f0dbb4   1000.00   1000.00     93.55    194.53      0.00      0.00      0.00      0.02

19:46:20        CPU     %user     %nice   %system   %iowait    %steal     %idle
19:46:21        all     14.21      0.00     11.58      0.00      0.00     74.21

19:46:20    kbmemfree   kbavail kbmemused  %memused kbbuffers  kbcached  kbcommit   %commit  kbactive   kbinact   kbdirty
19:46:21      5493196   7242812    550304      6.77     65724   1875160   1904976     23.43    975008   1381864       860

19:46:20        IFACE   rxpck/s   txpck/s    rxkB/s    txkB/s   rxcmp/s   txcmp/s  rxmcst/s   %ifutil
19:46:21           lo   2003.00   2003.00    260.89    260.89      0.00      0.00      0.00      0.00
19:46:21         ens4    401.00    201.00    129.73     55.12      0.00      0.00      0.00      0.00
19:46:21      docker0   1000.00   1000.00     79.88    194.53      0.00      0.00      0.00      0.00
19:46:21    veth1f0dbb4   1000.00   1000.00     93.55    194.53      0.00      0.00      0.00      0.02

19:46:21        CPU     %user     %nice   %system   %iowait    %steal     %idle
19:46:22        all     23.59      0.00     13.33      0.00      0.51     62.56

19:46:21    kbmemfree   kbavail kbmemused  %memused kbbuffers  kbcached  kbcommit   %commit  kbactive   kbinact   kbdirty
19:46:22      5492944   7242612    550132      6.77     65724   1875208   1904976     23.43    974796   1381916       916

19:46:21        IFACE   rxpck/s   txpck/s    rxkB/s    txkB/s   rxcmp/s   txcmp/s  rxmcst/s   %ifutil
19:46:22           lo   2005.00   2005.00    261.13    261.13      0.00      0.00      0.00      0.00
19:46:22         ens4    412.00    215.00    132.66     63.93      0.00      0.00      0.00      0.00
19:46:22      docker0   1003.00   1002.00     80.17    194.66      0.00      0.00      0.00      0.00
19:46:22    veth1f0dbb4   1003.00   1002.00     93.89    194.66      0.00      0.00      0.00      0.02

19:46:22        CPU     %user     %nice   %system   %iowait    %steal     %idle
19:46:23        all     17.62      0.00     15.54      0.00      0.52     66.32

19:46:22    kbmemfree   kbavail kbmemused  %memused kbbuffers  kbcached  kbcommit   %commit  kbactive   kbinact   kbdirty
19:46:23      5491684   7241428    551152      6.78     65724   1875224   1904976     23.43    975228   1381932       936

19:46:22        IFACE   rxpck/s   txpck/s    rxkB/s    txkB/s   rxcmp/s   txcmp/s  rxmcst/s   %ifutil
19:46:23           lo   1995.00   1995.00    260.35    260.35      0.00      0.00      0.00      0.00
19:46:23         ens4    434.00    229.00    133.10    333.57      0.00      0.00      0.00      0.00
19:46:23      docker0    997.00    998.00     79.59    194.40      0.00      0.00      0.00      0.00
19:46:23    veth1f0dbb4    997.00    998.00     93.22    194.40      0.00      0.00      0.00      0.02

19:46:23        CPU     %user     %nice   %system   %iowait    %steal     %idle
19:46:24        all     13.02      0.00     11.98      0.52      0.00     74.48

19:46:23    kbmemfree   kbavail kbmemused  %memused kbbuffers  kbcached  kbcommit   %commit  kbactive   kbinact   kbdirty
19:46:24      5491432   7241168    551208      6.78     65724   1875252   1904976     23.43    975152   1381964       424

19:46:23        IFACE   rxpck/s   txpck/s    rxkB/s    txkB/s   rxcmp/s   txcmp/s  rxmcst/s   %ifutil
19:46:24           lo   2005.00   2005.00    261.13    261.13      0.00      0.00      0.00      0.00
19:46:24         ens4    403.00    203.00    129.86     55.47      0.00      0.00      0.00      0.00
19:46:24      docker0   1003.00   1002.00     80.17    194.66      0.00      0.00      0.00      0.00
19:46:24    veth1f0dbb4   1003.00   1002.00     93.89    194.66      0.00      0.00      0.00      0.02

19:46:24        CPU     %user     %nice   %system   %iowait    %steal     %idle
19:46:25        all     16.23      0.00     12.04      0.00      0.00     71.73

19:46:24    kbmemfree   kbavail kbmemused  %memused kbbuffers  kbcached  kbcommit   %commit  kbactive   kbinact   kbdirty
19:46:25      5491180   7240944    551284      6.78     65728   1875272   1904976     23.43    975284   1381992       464

19:46:24        IFACE   rxpck/s   txpck/s    rxkB/s    txkB/s   rxcmp/s   txcmp/s  rxmcst/s   %ifutil
19:46:25           lo   2000.00   2000.00    260.74    260.74      0.00      0.00      0.00      0.00
19:46:25         ens4    400.00    200.00    129.69     55.08      0.00      0.00      0.00      0.00
19:46:25      docker0   1000.00   1000.00     79.88    194.53      0.00      0.00      0.00      0.00
19:46:25    veth1f0dbb4   1000.00   1000.00     93.55    194.53      0.00      0.00      0.00      0.02

19:46:25        CPU     %user     %nice   %system   %iowait    %steal     %idle
19:46:26        all     12.89      0.00     11.86      0.00      0.52     74.74

19:46:25    kbmemfree   kbavail kbmemused  %memused kbbuffers  kbcached  kbcommit   %commit  kbactive   kbinact   kbdirty
19:46:26      5491180   7240944    551268      6.78     65728   1875276   1904976     23.43    975400   1381992       468

19:46:25        IFACE   rxpck/s   txpck/s    rxkB/s    txkB/s   rxcmp/s   txcmp/s  rxmcst/s   %ifutil
19:46:26           lo   2000.00   2000.00    260.74    260.74      0.00      0.00      0.00      0.00
19:46:26         ens4    400.00    200.00    129.69     55.08      0.00      0.00      0.00      0.00
19:46:26      docker0   1000.00   1000.00     79.88    194.53      0.00      0.00      0.00      0.00
19:46:26    veth1f0dbb4   1000.00   1000.00     93.55    194.53      0.00      0.00      0.00      0.02

19:46:26        CPU     %user     %nice   %system   %iowait    %steal     %idle
19:46:27        all     12.50      0.00     11.98      0.00      0.00     75.52

19:46:26    kbmemfree   kbavail kbmemused  %memused kbbuffers  kbcached  kbcommit   %commit  kbactive   kbinact   kbdirty
19:46:27      5490928   7240732    551160      6.78     65728   1875320   1904976     23.43    975704   1382032       512

19:46:26        IFACE   rxpck/s   txpck/s    rxkB/s    txkB/s   rxcmp/s   txcmp/s  rxmcst/s   %ifutil
19:46:27           lo   2000.00   2000.00    260.74    260.74      0.00      0.00      0.00      0.00
19:46:27         ens4    401.00    201.00    129.73     55.12      0.00      0.00      0.00      0.00
19:46:27      docker0   1000.00   1000.00     79.88    194.53      0.00      0.00      0.00      0.00
19:46:27    veth1f0dbb4   1000.00   1000.00     93.55    194.53      0.00      0.00      0.00      0.02

19:46:27        CPU     %user     %nice   %system   %iowait    %steal     %idle
19:46:28        all     13.33      0.00     12.82      0.00      0.51     73.33

19:46:27    kbmemfree   kbavail kbmemused  %memused kbbuffers  kbcached  kbcommit   %commit  kbactive   kbinact   kbdirty
19:46:28      5490676   7240496    551316      6.78     65728   1875336   1904976     23.43    975828   1382048       516

19:46:27        IFACE   rxpck/s   txpck/s    rxkB/s    txkB/s   rxcmp/s   txcmp/s  rxmcst/s   %ifutil
19:46:28           lo   2000.00   2000.00    260.74    260.74      0.00      0.00      0.00      0.00
19:46:28         ens4    401.00    201.00    129.75     55.14      0.00      0.00      0.00      0.00
19:46:28      docker0   1000.00   1000.00     79.88    194.53      0.00      0.00      0.00      0.00
19:46:28    veth1f0dbb4   1000.00   1000.00     93.55    194.53      0.00      0.00      0.00      0.02

19:46:28        CPU     %user     %nice   %system   %iowait    %steal     %idle
19:46:29        all     13.09      0.00     10.99      0.00      0.00     75.92

19:46:28    kbmemfree   kbavail kbmemused  %memused kbbuffers  kbcached  kbcommit   %commit  kbactive   kbinact   kbdirty
19:46:29      5501820   7251652    543120      6.68     65728   1875364   1904976     23.43    976076   1382084       548

19:46:28        IFACE   rxpck/s   txpck/s    rxkB/s    txkB/s   rxcmp/s   txcmp/s  rxmcst/s   %ifutil
19:46:29           lo   2000.00   2000.00    260.74    260.74      0.00      0.00      0.00      0.00
19:46:29         ens4    400.00    199.00    129.69     54.80      0.00      0.00      0.00      0.00
19:46:29      docker0    999.00    999.00     79.83    194.47      0.00      0.00      0.00      0.00
19:46:29    veth1f0dbb4    999.00    999.00     93.49    194.47      0.00      0.00      0.00      0.02

19:46:29        CPU     %user     %nice   %system   %iowait    %steal     %idle
19:46:30        all     39.47      0.00     12.11      0.00      0.00     48.42

19:46:29    kbmemfree   kbavail kbmemused  %memused kbbuffers  kbcached  kbcommit   %commit  kbactive   kbinact   kbdirty
19:46:30      5499376   7249240    544324      6.70     65732   1875384   1910116     23.50    976792   1382100       564

19:46:29        IFACE   rxpck/s   txpck/s    rxkB/s    txkB/s   rxcmp/s   txcmp/s  rxmcst/s   %ifutil
19:46:30           lo   2000.00   2000.00    260.74    260.74      0.00      0.00      0.00      0.00
19:46:30         ens4    400.00    245.00    129.69     58.19      0.00      0.00      0.00      0.00
19:46:30      docker0   1001.00   1001.00     79.93    194.60      0.00      0.00      0.00      0.00
19:46:30    veth1f0dbb4   1001.00   1001.00     93.62    194.60      0.00      0.00      0.00      0.02

19:46:30        CPU     %user     %nice   %system   %iowait    %steal     %idle
19:46:31        all     12.50      0.00     11.46      0.00      0.52     75.52

19:46:30    kbmemfree   kbavail kbmemused  %memused kbbuffers  kbcached  kbcommit   %commit  kbactive   kbinact   kbdirty
19:46:31      5499124   7249004    544444      6.70     65732   1875400   1910116     23.50    976792   1382116       584

19:46:30        IFACE   rxpck/s   txpck/s    rxkB/s    txkB/s   rxcmp/s   txcmp/s  rxmcst/s   %ifutil
19:46:31           lo   2001.00   2001.00    260.79    260.79      0.00      0.00      0.00      0.00
19:46:31         ens4    400.00    216.00    129.70     56.11      0.00      0.00      0.00      0.00
19:46:31      docker0    999.00    999.00     79.83    194.47      0.00      0.00      0.00      0.00
19:46:31    veth1f0dbb4    999.00    999.00     93.49    194.47      0.00      0.00      0.00      0.02

19:46:31        CPU     %user     %nice   %system   %iowait    %steal     %idle
19:46:32        all     14.06      0.00     11.46      0.00      0.00     74.48

19:46:31    kbmemfree   kbavail kbmemused  %memused kbbuffers  kbcached  kbcommit   %commit  kbactive   kbinact   kbdirty
19:46:32      5499124   7249044    544284      6.70     65732   1875436   1910116     23.50    976832   1382156       620

19:46:31        IFACE   rxpck/s   txpck/s    rxkB/s    txkB/s   rxcmp/s   txcmp/s  rxmcst/s   %ifutil
19:46:32           lo   2003.00   2003.00    260.89    260.89      0.00      0.00      0.00      0.00
19:46:32         ens4    400.00    201.00    129.69     55.35      0.00      0.00      0.00      0.00
19:46:32      docker0   1001.00   1001.00     79.93    194.60      0.00      0.00      0.00      0.00
19:46:32    veth1f0dbb4   1001.00   1001.00     93.62    194.60      0.00      0.00      0.00      0.02

19:46:32        CPU     %user     %nice   %system   %iowait    %steal     %idle
19:46:33        all     30.93      0.00     13.40      0.00      0.00     55.67

19:46:32    kbmemfree   kbavail kbmemused  %memused kbbuffers  kbcached  kbcommit   %commit  kbactive   kbinact   kbdirty
19:46:33      5498872   7248804    544472      6.70     65732   1875448   1912164     23.52    978192   1382168       632

19:46:32        IFACE   rxpck/s   txpck/s    rxkB/s    txkB/s   rxcmp/s   txcmp/s  rxmcst/s   %ifutil
19:46:33           lo   2000.00   2000.00    260.74    260.74      0.00      0.00      0.00      0.00
19:46:33         ens4    401.00    201.00    129.73     55.12      0.00      0.00      0.00      0.00
19:46:33      docker0   1000.00   1000.00     79.88    194.53      0.00      0.00      0.00      0.00
19:46:33    veth1f0dbb4   1000.00   1000.00     93.55    194.53      0.00      0.00      0.00      0.02

19:46:33        CPU     %user     %nice   %system   %iowait    %steal     %idle
19:46:34        all     21.94      0.00     13.27      0.00      0.51     64.29

19:46:33    kbmemfree   kbavail kbmemused  %memused kbbuffers  kbcached  kbcommit   %commit  kbactive   kbinact   kbdirty
19:46:34      5498836   7248800    544344      6.70     65732   1875480   1911532     23.51    977548   1382200       412

19:46:33        IFACE   rxpck/s   txpck/s    rxkB/s    txkB/s   rxcmp/s   txcmp/s  rxmcst/s   %ifutil
19:46:34           lo   2000.00   2000.00    260.74    260.74      0.00      0.00      0.00      0.00
19:46:34         ens4    400.00    200.00    129.69     55.08      0.00      0.00      0.00      0.00
19:46:34      docker0   1000.00   1000.00     79.88    194.53      0.00      0.00      0.00      0.00
19:46:34    veth1f0dbb4   1000.00   1000.00     93.55    194.53      0.00      0.00      0.00      0.02

19:46:34        CPU     %user     %nice   %system   %iowait    %steal     %idle
19:46:35        all     37.63      0.00     13.40      0.00      0.00     48.97

19:46:34    kbmemfree   kbavail kbmemused  %memused kbbuffers  kbcached  kbcommit   %commit  kbactive   kbinact   kbdirty
19:46:35      5496316   7246304    546756      6.73     65732   1875500   1924968     23.68    989904   1382224       440

19:46:34        IFACE   rxpck/s   txpck/s    rxkB/s    txkB/s   rxcmp/s   txcmp/s  rxmcst/s   %ifutil
19:46:35           lo   1995.00   1995.00    260.35    260.35      0.00      0.00      0.00      0.00
19:46:35         ens4    400.00    199.00    129.69     54.80      0.00      0.00      0.00      0.00
19:46:35      docker0    997.00    998.00     79.59    194.40      0.00      0.00      0.00      0.00
19:46:35    veth1f0dbb4    998.00    998.00     93.43    194.40      0.00      0.00      0.00      0.02

19:46:35        CPU     %user     %nice   %system   %iowait    %steal     %idle
19:46:36        all     56.25      0.00     13.54      0.00      0.00     30.21

19:46:35    kbmemfree   kbavail kbmemused  %memused kbbuffers  kbcached  kbcommit   %commit  kbactive   kbinact   kbdirty
19:46:36      5496064   7246068    546880      6.73     65732   1875516   1919412     23.61    985636   1382240       456

19:46:35        IFACE   rxpck/s   txpck/s    rxkB/s    txkB/s   rxcmp/s   txcmp/s  rxmcst/s   %ifutil
19:46:36           lo   2005.00   2005.00    261.13    261.13      0.00      0.00      0.00      0.00
19:46:36         ens4    400.00    201.00    129.69     55.35      0.00      0.00      0.00      0.00
19:46:36      docker0   1003.00   1002.00     80.17    194.66      0.00      0.00      0.00      0.00
19:46:36    veth1f0dbb4   1002.00   1002.00     93.68    194.66      0.00      0.00      0.00      0.02

19:46:36        CPU     %user     %nice   %system   %iowait    %steal     %idle
19:46:37        all     29.90      0.00     12.89      0.00      0.00     57.22

19:46:36    kbmemfree   kbavail kbmemused  %memused kbbuffers  kbcached  kbcommit   %commit  kbactive   kbinact   kbdirty
19:46:37      5495812   7245828    546988      6.73     65732   1875536   1919344     23.61    984392   1382252       476

19:46:36        IFACE   rxpck/s   txpck/s    rxkB/s    txkB/s   rxcmp/s   txcmp/s  rxmcst/s   %ifutil
19:46:37           lo   2000.00   2000.00    260.74    260.74      0.00      0.00      0.00      0.00
19:46:37         ens4    533.00    384.00    138.59     67.02      0.00      0.00      0.00      0.00
19:46:37      docker0   1000.00   1000.00     79.88    194.53      0.00      0.00      0.00      0.00
19:46:37    veth1f0dbb4   1000.00   1000.00     93.55    194.53      0.00      0.00      0.00      0.02

19:46:37        CPU     %user     %nice   %system   %iowait    %steal     %idle
19:46:38        all     12.44      0.00     11.40      0.00      0.52     75.65

19:46:37    kbmemfree   kbavail kbmemused  %memused kbbuffers  kbcached  kbcommit   %commit  kbactive   kbinact   kbdirty
19:46:38      5495560   7245616    546992      6.73     65732   1875568   1919344     23.61    984324   1382292       508

19:46:37        IFACE   rxpck/s   txpck/s    rxkB/s    txkB/s   rxcmp/s   txcmp/s  rxmcst/s   %ifutil
19:46:38           lo   2000.00   2000.00    260.74    260.74      0.00      0.00      0.00      0.00
19:46:38         ens4    419.00    218.00    130.95     56.28      0.00      0.00      0.00      0.00
19:46:38      docker0   1000.00   1000.00     79.88    194.53      0.00      0.00      0.00      0.00
19:46:38    veth1f0dbb4   1000.00   1000.00     93.55    194.53      0.00      0.00      0.00      0.02

19:46:38        CPU     %user     %nice   %system   %iowait    %steal     %idle
19:46:39        all     12.63      0.00     11.58      0.00      0.00     75.79

19:46:38    kbmemfree   kbavail kbmemused  %memused kbbuffers  kbcached  kbcommit   %commit  kbactive   kbinact   kbdirty
19:46:39      5495560   7245616    546992      6.73     65732   1875568   1910128     23.50    975624   1382292       508

19:46:38        IFACE   rxpck/s   txpck/s    rxkB/s    txkB/s   rxcmp/s   txcmp/s  rxmcst/s   %ifutil
19:46:39           lo   2000.00   2000.00    260.74    260.74      0.00      0.00      0.00      0.00
19:46:39         ens4    401.00    201.00    129.73     55.12      0.00      0.00      0.00      0.00
19:46:39      docker0   1000.00   1000.00     79.88    194.53      0.00      0.00      0.00      0.00
19:46:39    veth1f0dbb4   1000.00   1000.00     93.55    194.53      0.00      0.00      0.00      0.02

19:46:39        CPU     %user     %nice   %system   %iowait    %steal     %idle
19:46:40        all     12.57      0.00     11.52      0.52      0.00     75.39

19:46:39    kbmemfree   kbavail kbmemused  %memused kbbuffers  kbcached  kbcommit   %commit  kbactive   kbinact   kbdirty
19:46:40      5495308   7245400    546944      6.73     65736   1875612   1910128     23.50    975624   1382328       544

19:46:39        IFACE   rxpck/s   txpck/s    rxkB/s    txkB/s   rxcmp/s   txcmp/s  rxmcst/s   %ifutil
19:46:40           lo   2000.00   2000.00    260.74    260.74      0.00      0.00      0.00      0.00
19:46:40         ens4    401.00    201.00    129.75     55.14      0.00      0.00      0.00      0.00
19:46:40      docker0   1000.00   1000.00     79.88    194.53      0.00      0.00      0.00      0.00
19:46:40    veth1f0dbb4   1000.00   1000.00     93.55    194.53      0.00      0.00      0.00      0.02

19:46:40        CPU     %user     %nice   %system   %iowait    %steal     %idle
19:46:41        all     13.09      0.00     12.04      0.00      0.52     74.35

19:46:40    kbmemfree   kbavail kbmemused  %memused kbbuffers  kbcached  kbcommit   %commit  kbactive   kbinact   kbdirty
19:46:41      5495308   7245400    546944      6.73     65736   1875612   1910128     23.50    975624   1382328       544

19:46:40        IFACE   rxpck/s   txpck/s    rxkB/s    txkB/s   rxcmp/s   txcmp/s  rxmcst/s   %ifutil
19:46:41           lo   2000.00   2000.00    260.74    260.74      0.00      0.00      0.00      0.00
19:46:41         ens4    400.00    200.00    129.69     55.08      0.00      0.00      0.00      0.00
19:46:41      docker0   1000.00   1000.00     79.88    194.53      0.00      0.00      0.00      0.00
19:46:41    veth1f0dbb4   1000.00   1000.00     93.55    194.53      0.00      0.00      0.00      0.02

19:46:41        CPU     %user     %nice   %system   %iowait    %steal     %idle
19:46:42        all      9.23      0.00      9.74      0.00      0.00     81.03

19:46:41    kbmemfree   kbavail kbmemused  %memused kbbuffers  kbcached  kbcommit   %commit  kbactive   kbinact   kbdirty
19:46:42      5495056   7245176    546920      6.73     65736   1875656   1910128     23.50    975624   1382356       592

19:46:41        IFACE   rxpck/s   txpck/s    rxkB/s    txkB/s   rxcmp/s   txcmp/s  rxmcst/s   %ifutil
19:46:42           lo   1540.00   1540.00    200.77    200.77      0.00      0.00      0.00      0.00
19:46:42         ens4    309.00    154.00     99.92     42.41      0.00      0.00      0.00      0.00
19:46:42      docker0    770.00    770.00     61.51    149.79      0.00      0.00      0.00      0.00
19:46:42    veth1f0dbb4    770.00    770.00     72.04    149.79      0.00      0.00      0.00      0.01

19:46:42        CPU     %user     %nice   %system   %iowait    %steal     %idle
19:46:43        all      1.01      0.00      0.00      0.00      0.00     98.99

19:46:42    kbmemfree   kbavail kbmemused  %memused kbbuffers  kbcached  kbcommit   %commit  kbactive   kbinact   kbdirty
19:46:43      5495056   7245176    546920      6.73     65736   1875656   1910128     23.50    975624   1382356       592

19:46:42        IFACE   rxpck/s   txpck/s    rxkB/s    txkB/s   rxcmp/s   txcmp/s  rxmcst/s   %ifutil
19:46:43           lo      0.00      0.00      0.00      0.00      0.00      0.00      0.00      0.00
19:46:43         ens4      0.00      0.00      0.00      0.00      0.00      0.00      0.00      0.00
19:46:43      docker0      0.00      0.00      0.00      0.00      0.00      0.00      0.00      0.00
19:46:43    veth1f0dbb4      0.00      0.00      0.00      0.00      0.00      0.00      0.00      0.00

19:46:43        CPU     %user     %nice   %system   %iowait    %steal     %idle
19:46:44        all      0.00      0.00      1.00      0.00      0.00     99.00

19:46:43    kbmemfree   kbavail kbmemused  %memused kbbuffers  kbcached  kbcommit   %commit  kbactive   kbinact   kbdirty
19:46:44      5495056   7245176    546920      6.73     65736   1875656   1910128     23.50    975624   1382356       592

19:46:43        IFACE   rxpck/s   txpck/s    rxkB/s    txkB/s   rxcmp/s   txcmp/s  rxmcst/s   %ifutil
19:46:44           lo      0.00      0.00      0.00      0.00      0.00      0.00      0.00      0.00
19:46:44         ens4      1.00      1.00      0.06      0.06      0.00      0.00      0.00      0.00
19:46:44      docker0      0.00      0.00      0.00      0.00      0.00      0.00      0.00      0.00
19:46:44    veth1f0dbb4      0.00      0.00      0.00      0.00      0.00      0.00      0.00      0.00

19:46:44        CPU     %user     %nice   %system   %iowait    %steal     %idle
19:46:45        all      0.00      0.00      0.00      0.00      0.00    100.00

19:46:44    kbmemfree   kbavail kbmemused  %memused kbbuffers  kbcached  kbcommit   %commit  kbactive   kbinact   kbdirty
19:46:45      5495056   7245176    546920      6.73     65736   1875656   1910128     23.50    975624   1382356       592

19:46:44        IFACE   rxpck/s   txpck/s    rxkB/s    txkB/s   rxcmp/s   txcmp/s  rxmcst/s   %ifutil
19:46:45           lo      0.00      0.00      0.00      0.00      0.00      0.00      0.00      0.00
19:46:45         ens4      1.00      1.00      0.04      0.04      0.00      0.00      0.00      0.00
19:46:45      docker0      0.00      0.00      0.00      0.00      0.00      0.00      0.00      0.00
19:46:45    veth1f0dbb4      0.00      0.00      0.00      0.00      0.00      0.00      0.00      0.00

19:46:45        CPU     %user     %nice   %system   %iowait    %steal     %idle
19:46:46        all      0.50      0.00      0.50      0.00      0.00     99.00

19:46:45    kbmemfree   kbavail kbmemused  %memused kbbuffers  kbcached  kbcommit   %commit  kbactive   kbinact   kbdirty
19:46:46      5495056   7245192    546916      6.73     65736   1875660   1910128     23.50    975632   1382372       584

19:46:45        IFACE   rxpck/s   txpck/s    rxkB/s    txkB/s   rxcmp/s   txcmp/s  rxmcst/s   %ifutil
19:46:46           lo      4.00      4.00      0.20      0.20      0.00      0.00      0.00      0.00
19:46:46         ens4      0.00      0.00      0.00      0.00      0.00      0.00      0.00      0.00
19:46:46      docker0      0.00      0.00      0.00      0.00      0.00      0.00      0.00      0.00
19:46:46    veth1f0dbb4      0.00      0.00      0.00      0.00      0.00      0.00      0.00      0.00

19:46:46        CPU     %user     %nice   %system   %iowait    %steal     %idle
19:46:47        all      3.52      0.00      3.52      0.00      0.00     92.96

19:46:46    kbmemfree   kbavail kbmemused  %memused kbbuffers  kbcached  kbcommit   %commit  kbactive   kbinact   kbdirty
19:46:47      5495056   7245200    546876      6.73     65736   1875664   1910128     23.50    975632   1382388       520

19:46:46        IFACE   rxpck/s   txpck/s    rxkB/s    txkB/s   rxcmp/s   txcmp/s  rxmcst/s   %ifutil
19:46:47           lo    445.00    445.00     58.28     58.28      0.00      0.00      0.00      0.00
19:46:47         ens4    180.00    135.00     35.34     18.34      0.00      0.00      0.00      0.00
19:46:47      docker0    222.00    223.00     17.68     43.64      0.00      0.00      0.00      0.00
19:46:47    veth1f0dbb4    222.00    223.00     20.72     43.64      0.00      0.00      0.00      0.00

19:46:47        CPU     %user     %nice   %system   %iowait    %steal     %idle
19:46:48        all     15.10      0.00     12.50      0.00      0.52     71.88

19:46:47    kbmemfree   kbavail kbmemused  %memused kbbuffers  kbcached  kbcommit   %commit  kbactive   kbinact   kbdirty
19:46:48      5494340   7244548    547000      6.73     65736   1875688   1910144     23.50    975636   1382408       544

19:46:47        IFACE   rxpck/s   txpck/s    rxkB/s    txkB/s   rxcmp/s   txcmp/s  rxmcst/s   %ifutil
19:46:48           lo   2085.00   2085.00    271.56    271.56      0.00      0.00      0.00      0.00
19:46:48         ens4    725.00    518.00    155.99     78.68      0.00      0.00      0.00      0.00
19:46:48      docker0   1043.00   1042.00     83.37    202.44      0.00      0.00      0.00      0.00
19:46:48    veth1f0dbb4   1043.00   1042.00     97.63    202.44      0.00      0.00      0.00      0.02

19:46:48        CPU     %user     %nice   %system   %iowait    %steal     %idle
19:46:49        all     12.44      0.00     13.47      0.00      0.52     73.58

19:46:48    kbmemfree   kbavail kbmemused  %memused kbbuffers  kbcached  kbcommit   %commit  kbactive   kbinact   kbdirty
19:46:49      5494340   7244560    546832      6.73     65736   1875708   1910144     23.50    975636   1382420       564

19:46:48        IFACE   rxpck/s   txpck/s    rxkB/s    txkB/s   rxcmp/s   txcmp/s  rxmcst/s   %ifutil
19:46:49           lo   2170.00   2170.00    282.91    282.91      0.00      0.00      0.00      0.00
19:46:49         ens4    434.00    217.00    140.71     59.76      0.00      0.00      0.00      0.00
19:46:49      docker0   1085.00   1085.00     86.67    211.07      0.00      0.00      0.00      0.00
19:46:49    veth1f0dbb4   1085.00   1085.00    101.51    211.07      0.00      0.00      0.00      0.02

19:46:49        CPU     %user     %nice   %system   %iowait    %steal     %idle
19:46:50        all     15.03      0.00     13.47      0.00      0.00     71.50

19:46:49    kbmemfree   kbavail kbmemused  %memused kbbuffers  kbcached  kbcommit   %commit  kbactive   kbinact   kbdirty
19:46:50      5494088   7244352    546904      6.73     65736   1875740   1910144     23.50    975692   1382460       596

19:46:49        IFACE   rxpck/s   txpck/s    rxkB/s    txkB/s   rxcmp/s   txcmp/s  rxmcst/s   %ifutil
19:46:50           lo   2277.00   2277.00    297.09    297.09      0.00      0.00      0.00      0.00
19:46:50         ens4    455.00    227.00    147.78     62.51      0.00      0.00      0.00      0.00
19:46:50      docker0   1138.00   1139.00     90.96    221.70      0.00      0.00      0.00      0.00
19:46:50    veth1f0dbb4   1139.00   1139.00    106.59    221.70      0.00      0.00      0.00      0.02

19:46:50        CPU     %user     %nice   %system   %iowait    %steal     %idle
19:46:51        all     13.16      0.00     14.74      0.00      0.00     72.11

19:46:50    kbmemfree   kbavail kbmemused  %memused kbbuffers  kbcached  kbcommit   %commit  kbactive   kbinact   kbdirty
19:46:51      5494088   7244368    546736      6.73     65736   1875764   1910144     23.50    975752   1382476       636

19:46:50        IFACE   rxpck/s   txpck/s    rxkB/s    txkB/s   rxcmp/s   txcmp/s  rxmcst/s   %ifutil
19:46:51           lo   2373.00   2373.00    309.13    309.13      0.00      0.00      0.00      0.00
19:46:51         ens4    476.00    239.00    153.79     65.58      0.00      0.00      0.00      0.00
19:46:51      docker0   1187.00   1186.00     94.76    230.58      0.00      0.00      0.00      0.00
19:46:51    veth1f0dbb4   1186.00   1186.00    110.93    230.58      0.00      0.00      0.00      0.02

19:46:51        CPU     %user     %nice   %system   %iowait    %steal     %idle
19:46:52        all     13.61      0.00     13.61      0.00      0.52     72.25

19:46:51    kbmemfree   kbavail kbmemused  %memused kbbuffers  kbcached  kbcommit   %commit  kbactive   kbinact   kbdirty
19:46:52      5493836   7244152    546828      6.73     65736   1875788   1910144     23.50    975876   1382512       652

19:46:51        IFACE   rxpck/s   txpck/s    rxkB/s    txkB/s   rxcmp/s   txcmp/s  rxmcst/s   %ifutil
19:46:52           lo   2470.00   2470.00    322.02    322.02      0.00      0.00      0.00      0.00
19:46:52         ens4    494.00    247.00    160.16     68.02      0.00      0.00      0.00      0.00
19:46:52      docker0   1235.00   1235.00     98.66    240.25      0.00      0.00      0.00      0.00
19:46:52    veth1f0dbb4   1235.00   1235.00    115.54    240.25      0.00      0.00      0.00      0.02

19:46:52        CPU     %user     %nice   %system   %iowait    %steal     %idle
19:46:53        all     14.51      0.00     15.03      0.00      0.52     69.95

19:46:52    kbmemfree   kbavail kbmemused  %memused kbbuffers  kbcached  kbcommit   %commit  kbactive   kbinact   kbdirty
19:46:53      5493584   7243916    546884      6.73     65736   1875820   1910144     23.50    976032   1382528       108

19:46:52        IFACE   rxpck/s   txpck/s    rxkB/s    txkB/s   rxcmp/s   txcmp/s  rxmcst/s   %ifutil
19:46:53           lo   2570.00   2570.00    335.05    335.05      0.00      0.00      0.00      0.00
19:46:53         ens4    514.00    257.00    166.65     70.78      0.00      0.00      0.00      0.00
19:46:53      docker0   1285.00   1285.00    102.65    249.97      0.00      0.00      0.00      0.00
19:46:53    veth1f0dbb4   1285.00   1285.00    120.22    249.97      0.00      0.00      0.00      0.02

19:46:53        CPU     %user     %nice   %system   %iowait    %steal     %idle
19:46:54        all     13.68      0.00     15.26      0.00      0.00     71.05

19:46:53    kbmemfree   kbavail kbmemused  %memused kbbuffers  kbcached  kbcommit   %commit  kbactive   kbinact   kbdirty
19:46:54      5493584   7243944    546716      6.72     65736   1875848   1910144     23.50    976124   1382556       136

19:46:53        IFACE   rxpck/s   txpck/s    rxkB/s    txkB/s   rxcmp/s   txcmp/s  rxmcst/s   %ifutil
19:46:54           lo   2675.00   2675.00    349.00    349.00      0.00      0.00      0.00      0.00
19:46:54         ens4    536.00    267.00    173.78     73.53      0.00      0.00      0.00      0.00
19:46:54      docker0   1337.00   1338.00    106.75    260.54      0.00      0.00      0.00      0.00
19:46:54    veth1f0dbb4   1337.00   1338.00    125.03    260.54      0.00      0.00      0.00      0.02

19:46:54        CPU     %user     %nice   %system   %iowait    %steal     %idle
19:46:55        all     20.31      0.00     14.58      0.00      0.52     64.58

19:46:54    kbmemfree   kbavail kbmemused  %memused kbbuffers  kbcached  kbcommit   %commit  kbactive   kbinact   kbdirty
19:46:55      5493332   7243716    546896      6.73     65736   1875868   1910056     23.49    976088   1382580       156

19:46:54        IFACE   rxpck/s   txpck/s    rxkB/s    txkB/s   rxcmp/s   txcmp/s  rxmcst/s   %ifutil
19:46:55           lo   2775.00   2775.00    361.52    361.52      0.00      0.00      0.00      0.00
19:46:55         ens4    556.00    281.00    179.78     76.79      0.00      0.00      0.00      0.00
19:46:55      docker0   1388.00   1387.00    110.93    269.55      0.00      0.00      0.00      0.00
19:46:55    veth1f0dbb4   1388.00   1387.00    129.90    269.55      0.00      0.00      0.00      0.02

19:46:55        CPU     %user     %nice   %system   %iowait    %steal     %idle
19:46:56        all     14.44      0.00     13.37      0.53      0.53     71.12

19:46:55    kbmemfree   kbavail kbmemused  %memused kbbuffers  kbcached  kbcommit   %commit  kbactive   kbinact   kbdirty
19:46:56      5493332   7243760    546560      6.72     65740   1875912   1910056     23.49    976120   1382624       160

19:46:55        IFACE   rxpck/s   txpck/s    rxkB/s    txkB/s   rxcmp/s   txcmp/s  rxmcst/s   %ifutil
19:46:56           lo   2875.00   2875.00    375.08    375.08      0.00      0.00      0.00      0.00
19:46:56         ens4    575.00    287.00    186.69     79.04      0.00      0.00      0.00      0.00
19:46:56      docker0   1436.00   1438.00    114.69    280.00      0.00      0.00      0.00      0.00
19:46:56    veth1f0dbb4   1436.00   1438.00    134.32    280.00      0.00      0.00      0.00      0.02

19:46:56        CPU     %user     %nice   %system   %iowait    %steal     %idle
19:46:57        all     13.99      0.00     17.10      0.00      0.00     68.91

19:46:56    kbmemfree   kbavail kbmemused  %memused kbbuffers  kbcached  kbcommit   %commit  kbactive   kbinact   kbdirty
19:46:57      5492856   7243284    546796      6.73     65740   1875932   1910056     23.49    976120   1382624       180

19:46:56        IFACE   rxpck/s   txpck/s    rxkB/s    txkB/s   rxcmp/s   txcmp/s  rxmcst/s   %ifutil
19:46:57           lo   2975.00   2975.00    387.59    387.59      0.00      0.00      0.00      0.00
19:46:57         ens4    595.00    299.00    192.63     82.11      0.00      0.00      0.00      0.00
19:46:57      docker0   1489.00   1487.00    118.97    289.01      0.00      0.00      0.00      0.00
19:46:57    veth1f0dbb4   1489.00   1487.00    139.32    289.01      0.00      0.00      0.00      0.02

19:46:57        CPU     %user     %nice   %system   %iowait    %steal     %idle
19:46:58        all     16.49      0.00     14.36      0.00      0.53     68.62

19:46:57    kbmemfree   kbavail kbmemused  %memused kbbuffers  kbcached  kbcommit   %commit  kbactive   kbinact   kbdirty
19:46:58      5492604   7243056    546792      6.73     65744   1875952   1910056     23.49    976120   1382648       192

19:46:57        IFACE   rxpck/s   txpck/s    rxkB/s    txkB/s   rxcmp/s   txcmp/s  rxmcst/s   %ifutil
19:46:58           lo   3070.00   3070.00    400.24    400.24      0.00      0.00      0.00      0.00
19:46:58         ens4    615.00    307.00    199.13     84.54      0.00      0.00      0.00      0.00
19:46:58      docker0   1535.00   1535.00    122.62    298.61      0.00      0.00      0.00      0.00
19:46:58    veth1f0dbb4   1535.00   1535.00    143.61    298.61      0.00      0.00      0.00      0.02

19:46:58        CPU     %user     %nice   %system   %iowait    %steal     %idle
19:46:59        all     16.93      0.00     15.87      0.00      0.00     67.20

19:46:58    kbmemfree   kbavail kbmemused  %memused kbbuffers  kbcached  kbcommit   %commit  kbactive   kbinact   kbdirty
19:46:59      5492352   7242860    546688      6.72     65744   1876016   1910056     23.49    976120   1382700       260

19:46:58        IFACE   rxpck/s   txpck/s    rxkB/s    txkB/s   rxcmp/s   txcmp/s  rxmcst/s   %ifutil
19:46:59           lo   3175.00   3175.00    414.19    414.19      0.00      0.00      0.00      0.00
19:46:59         ens4    636.00    318.00    206.20     87.36      0.00      0.00      0.00      0.00
19:46:59      docker0   1585.00   1585.00    126.61    308.33      0.00      0.00      0.00      0.00
19:46:59    veth1f0dbb4   1585.00   1585.00    148.28    308.33      0.00      0.00      0.00      0.03

19:46:59        CPU     %user     %nice   %system   %iowait    %steal     %idle
19:47:00        all     16.67      0.00     18.23      0.00      0.52     64.58

19:46:59    kbmemfree   kbavail kbmemused  %memused kbbuffers  kbcached  kbcommit   %commit  kbactive   kbinact   kbdirty
19:47:00      5492100   7242636    546768      6.73     65744   1876040   1910056     23.49    976752   1382728       284

19:46:59        IFACE   rxpck/s   txpck/s    rxkB/s    txkB/s   rxcmp/s   txcmp/s  rxmcst/s   %ifutil
19:47:00           lo   3280.00   3280.00    434.58    434.58      0.00      0.00      0.00      0.00
19:47:00         ens4    657.00    332.00    212.47     92.16      0.00      0.00      0.00      0.00
19:47:00      docker0   1640.00   1640.00    131.01    319.03      0.00      0.00      0.00      0.00
19:47:00    veth1f0dbb4   1640.00   1640.00    153.43    319.03      0.00      0.00      0.00      0.03

19:47:00        CPU     %user     %nice   %system   %iowait    %steal     %idle
19:47:01        all     16.85      0.00     15.76      0.00      0.00     67.39

19:47:00    kbmemfree   kbavail kbmemused  %memused kbbuffers  kbcached  kbcommit   %commit  kbactive   kbinact   kbdirty
19:47:01      5491848   7242384    546740      6.73     65744   1876084   1910056     23.49    976752   1382728       352

19:47:00        IFACE   rxpck/s   txpck/s    rxkB/s    txkB/s   rxcmp/s   txcmp/s  rxmcst/s   %ifutil
19:47:01           lo   3370.00   3370.00    439.35    439.35      0.00      0.00      0.00      0.00
19:47:01         ens4    675.00    337.00    218.59     92.81      0.00      0.00      0.00      0.00
19:47:01      docker0   1685.00   1685.00    134.60    327.79      0.00      0.00      0.00      0.00
19:47:01    veth1f0dbb4   1685.00   1685.00    157.64    327.79      0.00      0.00      0.00      0.03

19:47:01        CPU     %user     %nice   %system   %iowait    %steal     %idle
19:47:02        all     17.80      0.00     18.32      0.00      0.52     63.35

19:47:01    kbmemfree   kbavail kbmemused  %memused kbbuffers  kbcached  kbcommit   %commit  kbactive   kbinact   kbdirty
19:47:02      5502092   7252728    537200      6.61     65744   1876096   1910056     23.49    976540   1382828       364

19:47:01        IFACE   rxpck/s   txpck/s    rxkB/s    txkB/s   rxcmp/s   txcmp/s  rxmcst/s   %ifutil
19:47:02           lo   3487.00   3487.00    476.25    476.25      0.00      0.00      0.00      0.00
19:47:02         ens4    698.00    351.00    226.02     96.24      0.00      0.00      0.00      0.00
19:47:02      docker0   1735.00   1735.00    138.60    337.51      0.00      0.00      0.00      0.00
19:47:02    veth1f0dbb4   1735.00   1735.00    162.32    337.51      0.00      0.00      0.00      0.03

19:47:02        CPU     %user     %nice   %system   %iowait    %steal     %idle
19:47:03        all     21.69      0.00     16.93      0.00      0.00     61.38

19:47:02    kbmemfree   kbavail kbmemused  %memused kbbuffers  kbcached  kbcommit   %commit  kbactive   kbinact   kbdirty
19:47:03      5501852   7252544    537212      6.61     65744   1876164   1910032     23.49    976676   1382884       420

19:47:02        IFACE   rxpck/s   txpck/s    rxkB/s    txkB/s   rxcmp/s   txcmp/s  rxmcst/s   %ifutil
19:47:03           lo   3580.00   3580.00    466.73    466.73      0.00      0.00      0.00      0.00
19:47:03         ens4    715.00    358.00    231.53     98.36      0.00      0.00      0.00      0.00
19:47:03      docker0   1789.00   1789.00    142.94    348.15      0.00      0.00      0.00      0.00
19:47:03    veth1f0dbb4   1789.00   1789.00    167.40    348.15      0.00      0.00      0.00      0.03

19:47:03        CPU     %user     %nice   %system   %iowait    %steal     %idle
19:47:04        all     17.55      0.00     17.55      0.00      0.53     64.36

19:47:03    kbmemfree   kbavail kbmemused  %memused kbbuffers  kbcached  kbcommit   %commit  kbactive   kbinact   kbdirty
19:47:04      5501600   7252344    537224      6.61     65744   1876208   1910032     23.49    976920   1382928       468

19:47:03        IFACE   rxpck/s   txpck/s    rxkB/s    txkB/s   rxcmp/s   txcmp/s  rxmcst/s   %ifutil
19:47:04           lo   3670.00   3670.00    478.46    478.46      0.00      0.00      0.00      0.00
19:47:04         ens4    734.00    368.00    237.98    101.34      0.00      0.00      0.00      0.00
19:47:04      docker0   1836.00   1836.00    146.64    357.03      0.00      0.00      0.00      0.00
19:47:04    veth1f0dbb4   1836.00   1836.00    171.74    357.03      0.00      0.00      0.00      0.03

19:47:04        CPU     %user     %nice   %system   %iowait    %steal     %idle
19:47:05        all     17.46      0.00     19.05      0.00      0.00     63.49

19:47:04    kbmemfree   kbavail kbmemused  %memused kbbuffers  kbcached  kbcommit   %commit  kbactive   kbinact   kbdirty
19:47:05      5501096   7251880    537528      6.61     65744   1876236   1910032     23.49    977120   1382968       496

19:47:04        IFACE   rxpck/s   txpck/s    rxkB/s    txkB/s   rxcmp/s   txcmp/s  rxmcst/s   %ifutil
19:47:05           lo   3775.00   3775.00    492.41    492.41      0.00      0.00      0.00      0.00
19:47:05         ens4    756.00    377.00    245.11    103.82      0.00      0.00      0.00      0.00
19:47:05      docker0   1886.00   1887.00    150.64    366.83      0.00      0.00      0.00      0.00
19:47:05    veth1f0dbb4   1886.00   1887.00    176.42    366.83      0.00      0.00      0.00      0.03

19:47:05        CPU     %user     %nice   %system   %iowait    %steal     %idle
19:47:06        all     17.37      0.00     19.47      0.00      0.53     62.63

19:47:05    kbmemfree   kbavail kbmemused  %memused kbbuffers  kbcached  kbcommit   %commit  kbactive   kbinact   kbdirty
19:47:06      5500844   7251652    537528      6.61     65748   1876272   1910032     23.49    977280   1382988       536

19:47:05        IFACE   rxpck/s   txpck/s    rxkB/s    txkB/s   rxcmp/s   txcmp/s  rxmcst/s   %ifutil
19:47:06           lo   3875.00   3875.00    504.93    504.93      0.00      0.00      0.00      0.00
19:47:06         ens4    774.00    388.00    250.95    106.85      0.00      0.00      0.00      0.00
19:47:06      docker0   1939.00   1938.00    154.91    377.25      0.00      0.00      0.00      0.00
19:47:06    veth1f0dbb4   1939.00   1938.00    181.42    377.25      0.00      0.00      0.00      0.03

19:47:06        CPU     %user     %nice   %system   %iowait    %steal     %idle
19:47:07        all     17.74      0.00     18.82      0.00      0.00     63.44

19:47:06    kbmemfree   kbavail kbmemused  %memused kbbuffers  kbcached  kbcommit   %commit  kbactive   kbinact   kbdirty
19:47:07      5500592   7251432    537384      6.61     65748   1876336   1910032     23.49    977308   1383020       600

19:47:06        IFACE   rxpck/s   txpck/s    rxkB/s    txkB/s   rxcmp/s   txcmp/s  rxmcst/s   %ifutil
19:47:07           lo   3970.00   3970.00    517.57    517.57      0.00      0.00      0.00      0.00
19:47:07         ens4    794.00    397.00    257.43    109.33      0.00      0.00      0.00      0.00
19:47:07      docker0   1985.00   1985.00    158.57    386.14      0.00      0.00      0.00      0.00
19:47:07    veth1f0dbb4   1985.00   1985.00    185.71    386.14      0.00      0.00      0.00      0.03

19:47:07        CPU     %user     %nice   %system   %iowait    %steal     %idle
19:47:08        all     18.72      0.00     20.32      0.00      0.00     60.96

19:47:07    kbmemfree   kbavail kbmemused  %memused kbbuffers  kbcached  kbcommit   %commit  kbactive   kbinact   kbdirty
19:47:08      5500116   7250956    537860      6.62     65748   1876336   1910032     23.49    977424   1383020       600

19:47:07        IFACE   rxpck/s   txpck/s    rxkB/s    txkB/s   rxcmp/s   txcmp/s  rxmcst/s   %ifutil
19:47:08           lo   4110.00   4110.00    535.83    535.83      0.00      0.00      0.00      0.00
19:47:08         ens4    828.00    415.00    270.52    113.84      0.00      0.00      0.00      0.00
19:47:08      docker0   2055.00   2055.00    164.16    399.76      0.00      0.00      0.00      0.00
19:47:08    veth1f0dbb4   2055.00   2055.00    192.25    399.76      0.00      0.00      0.00      0.03

19:47:08        CPU     %user     %nice   %system   %iowait    %steal     %idle
19:47:09        all     19.90      0.00     20.42      0.00      0.52     59.16

19:47:08    kbmemfree   kbavail kbmemused  %memused kbbuffers  kbcached  kbcommit   %commit  kbactive   kbinact   kbdirty
19:47:09      5499612   7250560    537996      6.62     65748   1876416   1910032     23.49    977512   1383128       672

19:47:08        IFACE   rxpck/s   txpck/s    rxkB/s    txkB/s   rxcmp/s   txcmp/s  rxmcst/s   %ifutil
19:47:09           lo   4263.00   4263.00    555.55    555.55      0.00      0.00      0.00      0.00
19:47:09         ens4    855.00    427.00    276.92    117.36      0.00      0.00      0.00      0.00
19:47:09      docker0   2130.00   2130.00    170.15    414.35      0.00      0.00      0.00      0.00
19:47:09    veth1f0dbb4   2130.00   2130.00    199.27    414.35      0.00      0.00      0.00      0.03

19:47:09        CPU     %user     %nice   %system   %iowait    %steal     %idle
19:47:10        all     22.28      0.00     21.20      0.00      0.00     56.52

19:47:09    kbmemfree   kbavail kbmemused  %memused kbbuffers  kbcached  kbcommit   %commit  kbactive   kbinact   kbdirty
19:47:10      5499360   7250340    538008      6.62     65748   1876472   1910032     23.49    977540   1383160       732

19:47:09        IFACE   rxpck/s   txpck/s    rxkB/s    txkB/s   rxcmp/s   txcmp/s  rxmcst/s   %ifutil
19:47:10           lo   4407.00   4407.00    574.77    574.77      0.00      0.00      0.00      0.00
19:47:10         ens4    879.00    441.00    285.25    121.45      0.00      0.00      0.00      0.00
19:47:10      docker0   2205.00   2205.00    176.14    428.94      0.00      0.00      0.00      0.00
19:47:10    veth1f0dbb4   2205.00   2205.00    206.29    428.94      0.00      0.00      0.00      0.04

19:47:10        CPU     %user     %nice   %system   %iowait    %steal     %idle
19:47:11        all     18.85      0.00     22.51      0.00      0.52     58.12

19:47:10    kbmemfree   kbavail kbmemused  %memused kbbuffers  kbcached  kbcommit   %commit  kbactive   kbinact   kbdirty
19:47:11      5499360   7250340    537988      6.62     65748   1876480   1910032     23.49    977540   1383160       740

19:47:10        IFACE   rxpck/s   txpck/s    rxkB/s    txkB/s   rxcmp/s   txcmp/s  rxmcst/s   %ifutil
19:47:11           lo   4565.00   4565.00    595.40    595.40      0.00      0.00      0.00      0.00
19:47:11         ens4    915.00    457.00    296.40    125.64      0.00      0.00      0.00      0.00
19:47:11      docker0   2279.00   2279.00    182.08    443.47      0.00      0.00      0.00      0.00
19:47:11    veth1f0dbb4   2279.00   2279.00    213.24    443.47      0.00      0.00      0.00      0.04

19:47:11        CPU     %user     %nice   %system   %iowait    %steal     %idle
19:47:12        all     19.67      0.00     21.31      0.00      0.00     59.02

19:47:11    kbmemfree   kbavail kbmemused  %memused kbbuffers  kbcached  kbcommit   %commit  kbactive   kbinact   kbdirty
19:47:12      5498604   7249732    538276      6.62     65748   1876580   1910032     23.49    977880   1383308       836

19:47:11        IFACE   rxpck/s   txpck/s    rxkB/s    txkB/s   rxcmp/s   txcmp/s  rxmcst/s   %ifutil
19:47:12           lo   4705.00   4705.00    613.14    613.14      0.00      0.00      0.00      0.00
19:47:12         ens4    991.00    521.00    308.05    132.93      0.00      0.00      0.00      0.00
19:47:12      docker0   2356.00   2356.00    188.17    458.19      0.00      0.00      0.00      0.00
19:47:12    veth1f0dbb4   2356.00   2356.00    220.39    458.19      0.00      0.00      0.00      0.04

19:47:12        CPU     %user     %nice   %system   %iowait    %steal     %idle
19:47:13        all     20.00      0.00     23.68      0.00      0.00     56.32

19:47:12    kbmemfree   kbavail kbmemused  %memused kbbuffers  kbcached  kbcommit   %commit  kbactive   kbinact   kbdirty
19:47:13      5498604   7249732    538044      6.62     65748   1876580   1910032     23.49    977880   1383308       836

19:47:12        IFACE   rxpck/s   txpck/s    rxkB/s    txkB/s   rxcmp/s   txcmp/s  rxmcst/s   %ifutil
19:47:13           lo   4865.00   4865.00    634.52    634.52      0.00      0.00      0.00      0.00
19:47:13         ens4    973.00    486.00    315.72    133.84      0.00      0.00      0.00      0.00
19:47:13      docker0   2432.00   2433.00    194.22    473.55      0.00      0.00      0.00      0.00
19:47:13    veth1f0dbb4   2432.00   2433.00    227.47    473.55      0.00      0.00      0.00      0.04

19:47:13        CPU     %user     %nice   %system   %iowait    %steal     %idle
19:47:14        all     22.11      0.00     23.16      0.00      0.53     54.21

19:47:13    kbmemfree   kbavail kbmemused  %memused kbbuffers  kbcached  kbcommit   %commit  kbactive   kbinact   kbdirty
19:47:14      5498604   7249840    537792      6.62     65748   1876684   1910032     23.49    977896   1383412       940

19:47:13        IFACE   rxpck/s   txpck/s    rxkB/s    txkB/s   rxcmp/s   txcmp/s  rxmcst/s   %ifutil
19:47:14           lo   5005.00   5005.00    652.25    652.25      0.00      0.00      0.00      0.00
19:47:14         ens4   1001.00    501.00    324.28    137.97      0.00      0.00      0.00      0.00
19:47:14      docker0   2503.00   2502.00    200.00    486.46      0.00      0.00      0.00      0.00
19:47:14    veth1f0dbb4   2503.00   2502.00    234.22    486.46      0.00      0.00      0.00      0.04

19:47:14        CPU     %user     %nice   %system   %iowait    %steal     %idle
19:47:15        all     21.88      0.00     23.96      0.00      0.00     54.17

19:47:14    kbmemfree   kbavail kbmemused  %memused kbbuffers  kbcached  kbcommit   %commit  kbactive   kbinact   kbdirty
19:47:15      5498100   7249344    538056      6.62     65748   1876744   1910032     23.49    977896   1383420       992

19:47:14        IFACE   rxpck/s   txpck/s    rxkB/s    txkB/s   rxcmp/s   txcmp/s  rxmcst/s   %ifutil
19:47:15           lo   5169.00   5169.00    673.83    673.83      0.00      0.00      0.00      0.00
19:47:15         ens4   1035.00    518.00    335.28    142.21      0.00      0.00      0.00      0.00
19:47:15      docker0   2581.00   2582.00    206.16    502.03      0.00      0.00      0.00      0.00
19:47:15    veth1f0dbb4   2581.00   2582.00    241.44    502.03      0.00      0.00      0.00      0.04

19:47:15        CPU     %user     %nice   %system   %iowait    %steal     %idle
19:47:16        all     27.03      0.00     23.78      0.00      0.00     49.19

19:47:15    kbmemfree   kbavail kbmemused  %memused kbbuffers  kbcached  kbcommit   %commit  kbactive   kbinact   kbdirty
19:47:16      5498100   7249344    537888      6.62     65752   1876752   1910032     23.49    977896   1383420      1008

19:47:15        IFACE   rxpck/s   txpck/s    rxkB/s    txkB/s   rxcmp/s   txcmp/s  rxmcst/s   %ifutil
19:47:16           lo   5310.00   5310.00    692.27    692.27      0.00      0.00      0.00      0.00
19:47:16         ens4   1061.00    531.00    344.26    146.23      0.00      0.00      0.00      0.00
19:47:16      docker0   2655.00   2655.00    212.09    516.48      0.00      0.00      0.00      0.00
19:47:16    veth1f0dbb4   2655.00   2655.00    248.39    516.48      0.00      0.00      0.00      0.04

19:47:16        CPU     %user     %nice   %system   %iowait    %steal     %idle
19:47:17        all     22.34      0.00     26.06      0.00      0.53     51.06

19:47:16    kbmemfree   kbavail kbmemused  %memused kbbuffers  kbcached  kbcommit   %commit  kbactive   kbinact   kbdirty
19:47:17      5497848   7249212    537796      6.62     65752   1876840   1910032     23.49    977548   1383540      1096

19:47:16        IFACE   rxpck/s   txpck/s    rxkB/s    txkB/s   rxcmp/s   txcmp/s  rxmcst/s   %ifutil
19:47:17           lo   5460.00   5460.00    711.83    711.83      0.00      0.00      0.00      0.00
19:47:17         ens4   1093.00    545.00    354.11    150.09      0.00      0.00      0.00      0.00
19:47:17      docker0   2728.00   2727.00    217.97    530.87      0.00      0.00      0.00      0.00
19:47:17    veth1f0dbb4   2728.00   2727.00    255.27    530.87      0.00      0.00      0.00      0.04

19:47:17        CPU     %user     %nice   %system   %iowait    %steal     %idle
19:47:18        all     24.32      0.00     24.86      0.00      0.00     50.81

19:47:17    kbmemfree   kbavail kbmemused  %memused kbbuffers  kbcached  kbcommit   %commit  kbactive   kbinact   kbdirty
19:47:18      5497344   7248736    537996      6.62     65752   1876928   1910032     23.49    977448   1383568      1184

19:47:17        IFACE   rxpck/s   txpck/s    rxkB/s    txkB/s   rxcmp/s   txcmp/s  rxmcst/s   %ifutil
19:47:18           lo   5612.00   5612.00    731.48    731.48      0.00      0.00      0.00      0.00
19:47:18         ens4   1122.00    562.00    363.77    154.77      0.00      0.00      0.00      0.00
19:47:18      docker0   2808.00   2809.00    224.23    546.57      0.00      0.00      0.00      0.00
19:47:18    veth1f0dbb4   2808.00   2809.00    262.62    546.57      0.00      0.00      0.00      0.04

19:47:18        CPU     %user     %nice   %system   %iowait    %steal     %idle
19:47:19        all     23.04      0.00     28.80      0.00      0.52     47.64

19:47:18    kbmemfree   kbavail kbmemused  %memused kbbuffers  kbcached  kbcommit   %commit  kbactive   kbinact   kbdirty
19:47:19      5497344   7248856    537924      6.62     65752   1876964   1910032     23.49    977448   1383688      1220

19:47:18        IFACE   rxpck/s   txpck/s    rxkB/s    txkB/s   rxcmp/s   txcmp/s  rxmcst/s   %ifutil
19:47:19           lo   5760.00   5760.00    750.94    750.94      0.00      0.00      0.00      0.00
19:47:19         ens4   1151.00    576.00    373.44    158.62      0.00      0.00      0.00      0.00
19:47:19      docker0   2879.00   2879.00    230.01    559.54      0.00      0.00      0.00      0.00
19:47:19    veth1f0dbb4   2879.00   2879.00    269.37    559.54      0.00      0.00      0.00      0.05

19:47:19        CPU     %user     %nice   %system   %iowait    %steal     %idle
19:47:20        all     24.06      0.00     28.34      0.00      0.00     47.59

19:47:19    kbmemfree   kbavail kbmemused  %memused kbbuffers  kbcached  kbcommit   %commit  kbactive   kbinact   kbdirty
19:47:20      5497344   7248920    537592      6.61     65752   1877052   1910032     23.49    977448   1383748      1308

19:47:19        IFACE   rxpck/s   txpck/s    rxkB/s    txkB/s   rxcmp/s   txcmp/s  rxmcst/s   %ifutil
19:47:20           lo   5910.00   5910.00    770.49    770.49      0.00      0.00      0.00      0.00
19:47:20         ens4   1182.00    591.00    383.23    162.76      0.00      0.00      0.00      0.00
19:47:20      docker0   2956.00   2956.00    236.10    575.55      0.00      0.00      0.00      0.00
19:47:20    veth1f0dbb4   2956.00   2956.00    276.52    575.55      0.00      0.00      0.00      0.05

19:47:20        CPU     %user     %nice   %system   %iowait    %steal     %idle
19:47:21        all     24.21      0.00     28.95      0.00      0.53     46.32

19:47:20    kbmemfree   kbavail kbmemused  %memused kbbuffers  kbcached  kbcommit   %commit  kbactive   kbinact   kbdirty
19:47:21      5497092   7248740    537612      6.61     65752   1877112   1910032     23.49    977448   1383820      1356

19:47:20        IFACE   rxpck/s   txpck/s    rxkB/s    txkB/s   rxcmp/s   txcmp/s  rxmcst/s   %ifutil
19:47:21           lo   6063.00   6063.00    790.20    790.20      0.00      0.00      0.00      0.00
19:47:21         ens4   1214.00    607.00    393.06    166.93      0.00      0.00      0.00      0.00
19:47:21      docker0   3030.00   3030.00    242.04    589.43      0.00      0.00      0.00      0.00
19:47:21    veth1f0dbb4   3030.00   3030.00    283.47    589.43      0.00      0.00      0.00      0.05

19:47:21        CPU     %user     %nice   %system   %iowait    %steal     %idle
19:47:22        all     28.65      0.00     28.65      0.00      0.00     42.70

19:47:21    kbmemfree   kbavail kbmemused  %memused kbbuffers  kbcached  kbcommit   %commit  kbactive   kbinact   kbdirty
19:47:22      5496616   7248264    538036      6.62     65752   1877124   1910032     23.49    977448   1383820      1604

19:47:21        IFACE   rxpck/s   txpck/s    rxkB/s    txkB/s   rxcmp/s   txcmp/s  rxmcst/s   %ifutil
19:47:22           lo   6215.00   6215.00    810.00    810.00      0.00      0.00      0.00      0.00
19:47:22         ens4   1257.00    639.00    405.90    180.07      0.00      0.00      0.00      0.00
19:47:22      docker0   3108.00   3107.00    248.33    604.15      0.00      0.00      0.00      0.00
19:47:22    veth1f0dbb4   3108.00   3107.00    290.82    604.15      0.00      0.00      0.00      0.05

19:47:22        CPU     %user     %nice   %system   %iowait    %steal     %idle
19:47:23        all     40.10      0.00     35.94      0.00      0.52     23.44

19:47:22    kbmemfree   kbavail kbmemused  %memused kbbuffers  kbcached  kbcommit   %commit  kbactive   kbinact   kbdirty
19:47:23      5488804   7240652    545424      6.71     65752   1877264   1910032     23.49    980272   1384004      1724

19:47:22        IFACE   rxpck/s   txpck/s    rxkB/s    txkB/s   rxcmp/s   txcmp/s  rxmcst/s   %ifutil
19:47:23           lo   6355.00   6355.00    828.77    828.77      0.00      0.00      0.00      0.00
19:47:23         ens4   1306.00    664.00    415.63    449.35      0.00      0.00      0.00      0.00
19:47:23      docker0   3177.00   3178.00    253.74    618.48      0.00      0.00      0.00      0.00
19:47:23    veth1f0dbb4   3177.00   3178.00    297.17    618.48      0.00      0.00      0.00      0.05

19:47:23        CPU     %user     %nice   %system   %iowait    %steal     %idle
19:47:24        all     27.81      0.00     29.95      0.00      0.00     42.25

19:47:23    kbmemfree   kbavail kbmemused  %memused kbbuffers  kbcached  kbcommit   %commit  kbactive   kbinact   kbdirty
19:47:24      5488300   7240148    545928      6.72     65752   1877264   1910032     23.49    980272   1384004       332

19:47:23        IFACE   rxpck/s   txpck/s    rxkB/s    txkB/s   rxcmp/s   txcmp/s  rxmcst/s   %ifutil
19:47:24           lo   6510.00   6510.00    848.72    848.72      0.00      0.00      0.00      0.00
19:47:24         ens4   1305.00    653.00    423.08    179.48      0.00      0.00      0.00      0.00
19:47:24      docker0   3255.00   3255.00    260.02    633.20      0.00      0.00      0.00      0.00
19:47:24    veth1f0dbb4   3255.00   3255.00    304.52    633.20      0.00      0.00      0.00      0.05

19:47:24        CPU     %user     %nice   %system   %iowait    %steal     %idle
19:47:25        all     27.96      0.00     30.65      0.00      0.00     41.40

19:47:24    kbmemfree   kbavail kbmemused  %memused kbbuffers  kbcached  kbcommit   %commit  kbactive   kbinact   kbdirty
19:47:25      5488300   7240192    545612      6.71     65752   1877368   1910032     23.49    980444   1384044       380

19:47:24        IFACE   rxpck/s   txpck/s    rxkB/s    txkB/s   rxcmp/s   txcmp/s  rxmcst/s   %ifutil
19:47:25           lo   6660.00   6660.00    868.27    868.27      0.00      0.00      0.00      0.00
19:47:25         ens4   1331.00    666.00    431.28    183.41      0.00      0.00      0.00      0.00
19:47:25      docker0   3330.00   3330.00    266.01    647.79      0.00      0.00      0.00      0.00
19:47:25    veth1f0dbb4   3331.00   3330.00    311.74    647.79      0.00      0.00      0.00      0.05

19:47:25        CPU     %user     %nice   %system   %iowait    %steal     %idle
19:47:26        all     27.27      0.00     30.48      0.00      0.53     41.71

19:47:25    kbmemfree   kbavail kbmemused  %memused kbbuffers  kbcached  kbcommit   %commit  kbactive   kbinact   kbdirty
19:47:26      5488048   7240052    545528      6.71     65752   1877484   1910032     23.49    980452   1384156       516

19:47:25        IFACE   rxpck/s   txpck/s    rxkB/s    txkB/s   rxcmp/s   txcmp/s  rxmcst/s   %ifutil
19:47:26           lo   6810.00   6810.00    887.83    887.83      0.00      0.00      0.00      0.00
19:47:26         ens4   1362.00    682.00    441.59    187.61      0.00      0.00      0.00      0.00
19:47:26      docker0   3405.00   3405.00    272.00    662.38      0.00      0.00      0.00      0.00
19:47:26    veth1f0dbb4   3404.00   3405.00    318.35    662.38      0.00      0.00      0.00      0.05

19:47:26        CPU     %user     %nice   %system   %iowait    %steal     %idle
19:47:27        all     27.81      0.00     31.02      0.00      0.53     40.64

19:47:26    kbmemfree   kbavail kbmemused  %memused kbbuffers  kbcached  kbcommit   %commit  kbactive   kbinact   kbdirty
19:47:27      5488048   7240156    545420      6.71     65752   1877544   1910032     23.49    980452   1384260       388

19:47:26        IFACE   rxpck/s   txpck/s    rxkB/s    txkB/s   rxcmp/s   txcmp/s  rxmcst/s   %ifutil
19:47:27           lo   6965.00   6965.00    907.77    907.77      0.00      0.00      0.00      0.00
19:47:27         ens4   1393.00    698.00    451.35    191.99      0.00      0.00      0.00      0.00
19:47:27      docker0   3482.00   3481.00    278.23    677.03      0.00      0.00      0.00      0.00
19:47:27    veth1f0dbb4   3482.00   3481.00    325.84    677.03      0.00      0.00      0.00      0.06

19:47:27        CPU     %user     %nice   %system   %iowait    %steal     %idle
19:47:28        all     28.95      0.00     32.63      0.00      0.00     38.42

19:47:27    kbmemfree   kbavail kbmemused  %memused kbbuffers  kbcached  kbcommit   %commit  kbactive   kbinact   kbdirty
19:47:28      5487796   7239996    545452      6.71     65752   1877636   1910032     23.49    980068   1384352       484

19:47:27        IFACE   rxpck/s   txpck/s    rxkB/s    txkB/s   rxcmp/s   txcmp/s  rxmcst/s   %ifutil
19:47:28           lo   7110.00   7110.00    926.94    926.94      0.00      0.00      0.00      0.00
19:47:28         ens4   1422.00    711.00    461.04    195.80      0.00      0.00      0.00      0.00
19:47:28      docker0   3556.00   3556.00    284.03    691.62      0.00      0.00      0.00      0.00
19:47:28    veth1f0dbb4   3556.00   3556.00    332.65    691.62      0.00      0.00      0.00      0.06

19:47:28        CPU     %user     %nice   %system   %iowait    %steal     %idle
19:47:29        all     28.49      0.00     34.41      0.00      0.00     37.10

19:47:28    kbmemfree   kbavail kbmemused  %memused kbbuffers  kbcached  kbcommit   %commit  kbactive   kbinact   kbdirty
19:47:29      5487544   7239748    545552      6.71     65752   1877688   1910032     23.49    980068   1384352       536

19:47:28        IFACE   rxpck/s   txpck/s    rxkB/s    txkB/s   rxcmp/s   txcmp/s  rxmcst/s   %ifutil
19:47:29           lo   7255.00   7255.00    946.10    946.10      0.00      0.00      0.00      0.00
19:47:29         ens4   1453.00    725.00    470.83    199.66      0.00      0.00      0.00      0.00
19:47:29      docker0   3628.00   3629.00    289.87    706.08      0.00      0.00      0.00      0.00
19:47:29    veth1f0dbb4   3628.00   3629.00    339.47    706.08      0.00      0.00      0.00      0.06

19:47:29        CPU     %user     %nice   %system   %iowait    %steal     %idle
19:47:30        all     29.47      0.00     33.68      0.00      0.53     36.32

19:47:29    kbmemfree   kbavail kbmemused  %memused kbbuffers  kbcached  kbcommit   %commit  kbactive   kbinact   kbdirty
19:47:30      5487292   7239616    545536      6.71     65752   1877788   1910032     23.49    980068   1384472       636

19:47:29        IFACE   rxpck/s   txpck/s    rxkB/s    txkB/s   rxcmp/s   txcmp/s  rxmcst/s   %ifutil
19:47:30           lo   7420.00   7420.00    967.35    967.35      0.00      0.00      0.00      0.00
19:47:30         ens4   1484.00    743.00    481.14    204.40      0.00      0.00      0.00      0.00
19:47:30      docker0   3707.00   3706.00    296.07    720.80      0.00      0.00      0.00      0.00
19:47:30    veth1f0dbb4   3707.00   3706.00    346.75    720.80      0.00      0.00      0.00      0.06

19:47:30        CPU     %user     %nice   %system   %iowait    %steal     %idle
19:47:31        all     29.79      0.00     34.04      0.00      0.00     36.17

19:47:30    kbmemfree   kbavail kbmemused  %memused kbbuffers  kbcached  kbcommit   %commit  kbactive   kbinact   kbdirty
19:47:31      5487292   7239612    545716      6.71     65752   1877880   1910032     23.49    980068   1384532       736

19:47:30        IFACE   rxpck/s   txpck/s    rxkB/s    txkB/s   rxcmp/s   txcmp/s  rxmcst/s   %ifutil
19:47:31           lo   7529.00   7529.00    981.51    981.51      0.00      0.00      0.00      0.00
19:47:31         ens4   1903.00   1344.00    514.63    245.03      0.00      0.00      0.00      0.00
19:47:31      docker0   3764.00   3766.00    300.58    733.12      0.00      0.00      0.00      0.00
19:47:31    veth1f0dbb4   3764.00   3766.00    352.04    733.12      0.00      0.00      0.00      0.06

19:47:31        CPU     %user     %nice   %system   %iowait    %steal     %idle
19:47:32        all     30.69      0.00     35.45      0.00      0.53     33.33

19:47:31    kbmemfree   kbavail kbmemused  %memused kbbuffers  kbcached  kbcommit   %commit  kbactive   kbinact   kbdirty
19:47:32      5486788   7239108    545988      6.72     65752   1877880   1910032     23.49    980184   1384532       736

19:47:31        IFACE   rxpck/s   txpck/s    rxkB/s    txkB/s   rxcmp/s   txcmp/s  rxmcst/s   %ifutil
19:47:32           lo   7745.00   7745.00   1009.46   1009.46      0.00      0.00      0.00      0.00
19:47:32         ens4   1756.00    983.00    516.09    227.64      0.00      0.00      0.00      0.00
19:47:32      docker0   3871.00   3869.00    309.33    752.12      0.00      0.00      0.00      0.00
19:47:32    veth1f0dbb4   3871.00   3869.00    362.25    752.12      0.00      0.00      0.00      0.06

19:47:32        CPU     %user     %nice   %system   %iowait    %steal     %idle
19:47:33        all     33.16      0.00     32.62      0.00      0.00     34.22

19:47:32    kbmemfree   kbavail kbmemused  %memused kbbuffers  kbcached  kbcommit   %commit  kbactive   kbinact   kbdirty
19:47:33      5486788   7239384    545524      6.71     65752   1878028   1910032     23.49    980264   1384740       816

19:47:32        IFACE   rxpck/s   txpck/s    rxkB/s    txkB/s   rxcmp/s   txcmp/s  rxmcst/s   %ifutil
19:47:33           lo   7860.00   7860.00   1024.72   1024.72      0.00      0.00      0.00      0.00
19:47:33         ens4   1573.00    786.00    509.71    216.22      0.00      0.00      0.00      0.00
19:47:33      docker0   3931.00   3933.00    314.00    765.35      0.00      0.00      0.00      0.00
19:47:33    veth1f0dbb4   3931.00   3933.00    367.74    765.35      0.00      0.00      0.00      0.06

19:47:33        CPU     %user     %nice   %system   %iowait    %steal     %idle
19:47:34        all     30.89      0.00     36.13      0.00      0.52     32.46

19:47:33    kbmemfree   kbavail kbmemused  %memused kbbuffers  kbcached  kbcommit   %commit  kbactive   kbinact   kbdirty
19:47:34      5486536   7239232    545524      6.71     65752   1878136   1910032     23.49    980336   1384848       928

19:47:33        IFACE   rxpck/s   txpck/s    rxkB/s    txkB/s   rxcmp/s   txcmp/s  rxmcst/s   %ifutil
19:47:34           lo   8010.00   8010.00   1044.27   1044.27      0.00      0.00      0.00      0.00
19:47:34         ens4   1601.00    802.00    519.33    220.86      0.00      0.00      0.00      0.00
19:47:34      docker0   4006.00   4005.00    319.98    779.10      0.00      0.00      0.00      0.00
19:47:34    veth1f0dbb4   4006.00   4005.00    374.75    779.10      0.00      0.00      0.00      0.06

19:47:34        CPU     %user     %nice   %system   %iowait    %steal     %idle
19:47:35        all     32.80      0.00     35.98      0.00      0.00     31.22

19:47:34    kbmemfree   kbavail kbmemused  %memused kbbuffers  kbcached  kbcommit   %commit  kbactive   kbinact   kbdirty
19:47:35      5486032   7238728    545956      6.72     65752   1878180   1910032     23.49    980336   1384848       972

19:47:34        IFACE   rxpck/s   txpck/s    rxkB/s    txkB/s   rxcmp/s   txcmp/s  rxmcst/s   %ifutil
19:47:35           lo   8150.00   8150.00   1062.52   1062.52      0.00      0.00      0.00      0.00
19:47:35         ens4   1633.00    815.00    529.19    224.44      0.00      0.00      0.00      0.00
19:47:35      docker0   4075.00   4075.00    325.52    792.71      0.00      0.00      0.00      0.00
19:47:35    veth1f0dbb4   4075.00   4075.00    381.24    792.71      0.00      0.00      0.00      0.06

19:47:35        CPU     %user     %nice   %system   %iowait    %steal     %idle
19:47:36        all     35.33      0.00     32.07      0.00      0.54     32.07

19:47:35    kbmemfree   kbavail kbmemused  %memused kbbuffers  kbcached  kbcommit   %commit  kbactive   kbinact   kbdirty
19:47:36      5486032   7238920    545580      6.71     65752   1878316   1910032     23.49    980336   1385028      1132

19:47:35        IFACE   rxpck/s   txpck/s    rxkB/s    txkB/s   rxcmp/s   txcmp/s  rxmcst/s   %ifutil
19:47:36           lo   8237.62   8237.62   1073.95   1073.95      0.00      0.00      0.00      0.00
19:47:36         ens4   1644.55    823.76    533.45    226.86      0.00      0.00      0.00      0.00
19:47:36      docker0   4118.81   4118.81    329.02    801.24      0.00      0.00      0.00      0.00
19:47:36    veth1f0dbb4   4118.81   4118.81    385.33    801.24      0.00      0.00      0.00      0.07

19:47:36        CPU     %user     %nice   %system   %iowait    %steal     %idle
19:47:37        all     32.98      0.00     36.70      0.00      0.00     30.32

19:47:36    kbmemfree   kbavail kbmemused  %memused kbbuffers  kbcached  kbcommit   %commit  kbactive   kbinact   kbdirty
19:47:37      5486032   7238952    545516      6.71     65752   1878348   1910032     23.49    980080   1385060      1168

19:47:36        IFACE   rxpck/s   txpck/s    rxkB/s    txkB/s   rxcmp/s   txcmp/s  rxmcst/s   %ifutil
19:47:37           lo   8450.00   8450.00   1101.64   1101.64      0.00      0.00      0.00      0.00
19:47:37         ens4   1691.00    844.00    547.99    232.43      0.00      0.00      0.00      0.00
19:47:37      docker0   4227.00   4226.00    337.74    821.96      0.00      0.00      0.00      0.00
19:47:37    veth1f0dbb4   4227.00   4226.00    395.54    821.96      0.00      0.00      0.00      0.07

19:47:37        CPU     %user     %nice   %system   %iowait    %steal     %idle
19:47:38        all     33.16      0.00     36.32      0.00      0.00     30.53

19:47:37    kbmemfree   kbavail kbmemused  %memused kbbuffers  kbcached  kbcommit   %commit  kbactive   kbinact   kbdirty
19:47:38      5486032   7239052    545280      6.71     65752   1878452   1910032     23.49    980100   1385160      1268

19:47:37        IFACE   rxpck/s   txpck/s    rxkB/s    txkB/s   rxcmp/s   txcmp/s  rxmcst/s   %ifutil
19:47:38           lo   8625.00   8625.00   1124.71   1124.71      0.00      0.00      0.00      0.00
19:47:38         ens4   1725.00    863.00    559.54    237.66      0.00      0.00      0.00      0.00
19:47:38      docker0   4308.00   4309.00    344.06    838.37      0.00      0.00      0.00      0.00
19:47:38    veth1f0dbb4   4308.00   4309.00    402.95    838.37      0.00      0.00      0.00      0.07

19:47:38        CPU     %user     %nice   %system   %iowait    %steal     %idle
19:47:39        all     32.12      0.00     39.38      0.00      0.00     28.50

19:47:38    kbmemfree   kbavail kbmemused  %memused kbbuffers  kbcached  kbcommit   %commit  kbactive   kbinact   kbdirty
19:47:39      5486032   7239188    545008      6.70     65752   1878604   1910032     23.49    980104   1385284      1408

19:47:38        IFACE   rxpck/s   txpck/s    rxkB/s    txkB/s   rxcmp/s   txcmp/s  rxmcst/s   %ifutil
19:47:39           lo   8755.00   8755.00   1141.14   1141.14      0.00      0.00      0.00      0.00
19:47:39         ens4   1755.00    879.00    568.18    241.39      0.00      0.00      0.00      0.00
19:47:39      docker0   4380.00   4380.00    349.89    852.05      0.00      0.00      0.00      0.00
19:47:39    veth1f0dbb4   4380.00   4380.00    409.77    852.05      0.00      0.00      0.00      0.07

19:47:39        CPU     %user     %nice   %system   %iowait    %steal     %idle
19:47:40        all     33.68      0.00     36.84      0.00      0.53     28.95

19:47:39    kbmemfree   kbavail kbmemused  %memused kbbuffers  kbcached  kbcommit   %commit  kbactive   kbinact   kbdirty
19:47:40      5485780   7238936    545228      6.71     65752   1878612   1910032     23.49    980104   1385284      1416

19:47:39        IFACE   rxpck/s   txpck/s    rxkB/s    txkB/s   rxcmp/s   txcmp/s  rxmcst/s   %ifutil
19:47:40           lo   8910.00   8910.00   1161.61   1161.61      0.00      0.00      0.00      0.00
19:47:40         ens4   1780.00    891.00    577.11    245.37      0.00      0.00      0.00      0.00
19:47:40      docker0   4454.00   4454.00    355.83    865.93      0.00      0.00      0.00      0.00
19:47:40    veth1f0dbb4   4454.00   4454.00    416.72    865.93      0.00      0.00      0.00      0.07

19:47:40        CPU     %user     %nice   %system   %iowait    %steal     %idle
19:47:41        all     38.42      0.00     37.37      0.00      0.00     24.21

19:47:40    kbmemfree   kbavail kbmemused  %memused kbbuffers  kbcached  kbcommit   %commit  kbactive   kbinact   kbdirty
19:47:41      5484792   7238116    545836      6.71     65752   1878756   1915868     23.57    984164   1385464      1704

19:47:40        IFACE   rxpck/s   txpck/s    rxkB/s    txkB/s   rxcmp/s   txcmp/s  rxmcst/s   %ifutil
19:47:41           lo   8999.00   8999.00   1176.65   1176.65      0.00      0.00      0.00      0.00
19:47:41         ens4   1819.00    918.00    595.14    251.88      0.00      0.00      0.00      0.00
19:47:41      docker0   4492.00   4505.00    358.29    879.62      0.00      0.00      0.00      0.00
19:47:41    veth1f0dbb4   4492.00   4505.00    419.70    879.62      0.00      0.00      0.00      0.07

19:47:41        CPU     %user     %nice   %system   %iowait    %steal     %idle
19:47:42        all     65.33      0.00     34.67      0.00      0.00      0.00

19:47:41    kbmemfree   kbavail kbmemused  %memused kbbuffers  kbcached  kbcommit   %commit  kbactive   kbinact   kbdirty
19:47:42      5467720   7221260    561492      6.91     65752   1878904   1959540     24.10   1007108   1385648      1888

19:47:41        IFACE   rxpck/s   txpck/s    rxkB/s    txkB/s   rxcmp/s   txcmp/s  rxmcst/s   %ifutil
19:47:42           lo   9273.00   9273.00   1206.67   1206.67      0.00      0.00      0.00      0.00
19:47:42         ens4   1887.00   1106.00    613.09    275.39      0.00      0.00      0.00      0.00
19:47:42      docker0   4637.00   4628.00    370.87    898.59      0.00      0.00      0.00      0.00
19:47:42    veth1f0dbb4   4637.00   4628.00    434.27    898.59      0.00      0.00      0.00      0.07

19:47:42        CPU     %user     %nice   %system   %iowait    %steal     %idle
19:47:43        all     46.67      0.00     37.95      0.00      0.51     14.87

19:47:42    kbmemfree   kbavail kbmemused  %memused kbbuffers  kbcached  kbcommit   %commit  kbactive   kbinact   kbdirty
19:47:43      5481332   7235008    547732      6.74     65752   1879044   1931588     23.76    982892   1385656      2032

19:47:42        IFACE   rxpck/s   txpck/s    rxkB/s    txkB/s   rxcmp/s   txcmp/s  rxmcst/s   %ifutil
19:47:43           lo   9384.00   9384.00   1222.40   1222.40      0.00      0.00      0.00      0.00
19:47:43         ens4   1947.00   1019.00    618.69    271.09      0.00      0.00      0.00      0.00
19:47:43      docker0   4692.00   4688.00    374.87    910.92      0.00      0.00      0.00      0.00
19:47:43    veth1f0dbb4   4692.00   4688.00    439.02    910.92      0.00      0.00      0.00      0.07

19:47:43        CPU     %user     %nice   %system   %iowait    %steal     %idle
19:47:44        all     37.31      0.00     37.82      0.00      0.00     24.87

19:47:43    kbmemfree   kbavail kbmemused  %memused kbbuffers  kbcached  kbcommit   %commit  kbactive   kbinact   kbdirty
19:47:44      5481332   7235148    547388      6.73     65752   1879232   1931588     23.76    982824   1385800      2276

19:47:43        IFACE   rxpck/s   txpck/s    rxkB/s    txkB/s   rxcmp/s   txcmp/s  rxmcst/s   %ifutil
19:47:44           lo   9514.00   9514.00   1240.83   1240.83      0.00      0.00      0.00      0.00
19:47:44         ens4   1910.00    954.00    617.89    267.87      0.00      0.00      0.00      0.00
19:47:44      docker0   4756.00   4757.00    380.04    925.13      0.00      0.00      0.00      0.00
19:47:44    veth1f0dbb4   4756.00   4757.00    445.06    925.13      0.00      0.00      0.00      0.08

19:47:44        CPU     %user     %nice   %system   %iowait    %steal     %idle
19:47:45        all     39.58      0.00     38.54      0.00      0.00     21.88

19:47:44    kbmemfree   kbavail kbmemused  %memused kbbuffers  kbcached  kbcommit   %commit  kbactive   kbinact   kbdirty
19:47:45      5481080   7235004    547472      6.73     65752   1879328   1931588     23.76    982824   1385904      2364

19:47:44        IFACE   rxpck/s   txpck/s    rxkB/s    txkB/s   rxcmp/s   txcmp/s  rxmcst/s   %ifutil
19:47:45           lo   9627.00   9627.00   1255.70   1255.70      0.00      0.00      0.00      0.00
19:47:45         ens4   1931.00    963.00    626.30    264.76      0.00      0.00      0.00      0.00
19:47:45      docker0   4813.00   4815.00    384.27    937.96      0.00      0.00      0.00      0.00
19:47:45    veth1f0dbb4   4813.00   4815.00    450.07    937.96      0.00      0.00      0.00      0.08

19:47:45        CPU     %user     %nice   %system   %iowait    %steal     %idle
19:47:46        all     42.49      0.00     38.34      0.52      0.00     18.65

19:47:45    kbmemfree   kbavail kbmemused  %memused kbbuffers  kbcached  kbcommit   %commit  kbactive   kbinact   kbdirty
19:47:46      5481080   7235036    547428      6.73     65752   1879348   1931588     23.76    982824   1385928      2316

19:47:45        IFACE   rxpck/s   txpck/s    rxkB/s    txkB/s   rxcmp/s   txcmp/s  rxmcst/s   %ifutil
19:47:46           lo   9846.00   9846.00   1281.99   1281.99      0.00      0.00      0.00      0.00
19:47:46         ens4   1960.00    986.00    635.99    271.54      0.00      0.00      0.00      0.00
19:47:46      docker0   4919.00   4916.00    393.09    954.89      0.00      0.00      0.00      0.00
19:47:46    veth1f0dbb4   4919.00   4916.00    460.35    954.89      0.00      0.00      0.00      0.08

19:47:46        CPU     %user     %nice   %system   %iowait    %steal     %idle
19:47:47        all     29.74      0.00     30.77      0.00      0.00     39.49

19:47:46    kbmemfree   kbavail kbmemused  %memused kbbuffers  kbcached  kbcommit   %commit  kbactive   kbinact   kbdirty
19:47:47      5481080   7235244    547104      6.73     65752   1879528   1931588     23.76    982852   1386144      2324

19:47:46        IFACE   rxpck/s   txpck/s    rxkB/s    txkB/s   rxcmp/s   txcmp/s  rxmcst/s   %ifutil
19:47:47           lo   7572.00   7572.00    987.13    987.13      0.00      0.00      0.00      0.00
19:47:47         ens4   1523.00    759.00    490.93    209.02      0.00      0.00      0.00      0.00
19:47:47      docker0   3790.00   3789.00    302.75    737.20      0.00      0.00      0.00      0.00
19:47:47    veth1f0dbb4   3790.00   3789.00    354.56    737.20      0.00      0.00      0.00      0.06

19:47:47        CPU     %user     %nice   %system   %iowait    %steal     %idle
19:47:48        all      0.00      0.00      0.00      0.00      0.00    100.00

19:47:47    kbmemfree   kbavail kbmemused  %memused kbbuffers  kbcached  kbcommit   %commit  kbactive   kbinact   kbdirty
19:47:48      5481080   7235244    547100      6.73     65752   1879532   1931588     23.76    982852   1386144      2328

19:47:47        IFACE   rxpck/s   txpck/s    rxkB/s    txkB/s   rxcmp/s   txcmp/s  rxmcst/s   %ifutil
19:47:48           lo      0.00      0.00      0.00      0.00      0.00      0.00      0.00      0.00
19:47:48         ens4      0.00      0.00      0.00      0.00      0.00      0.00      0.00      0.00
19:47:48      docker0      0.00      0.00      0.00      0.00      0.00      0.00      0.00      0.00
19:47:48    veth1f0dbb4      0.00      0.00      0.00      0.00      0.00      0.00      0.00      0.00

19:47:48        CPU     %user     %nice   %system   %iowait    %steal     %idle
19:47:49        all      0.51      0.00      0.00      0.00      0.00     99.49

19:47:48    kbmemfree   kbavail kbmemused  %memused kbbuffers  kbcached  kbcommit   %commit  kbactive   kbinact   kbdirty
19:47:49      5481080   7235244    547100      6.73     65752   1879532   1931588     23.76    982852   1386144      2328

19:47:48        IFACE   rxpck/s   txpck/s    rxkB/s    txkB/s   rxcmp/s   txcmp/s  rxmcst/s   %ifutil
19:47:49           lo      0.00      0.00      0.00      0.00      0.00      0.00      0.00      0.00
19:47:49         ens4      0.00      0.00      0.00      0.00      0.00      0.00      0.00      0.00
19:47:49      docker0      0.00      0.00      0.00      0.00      0.00      0.00      0.00      0.00
19:47:49    veth1f0dbb4      0.00      0.00      0.00      0.00      0.00      0.00      0.00      0.00

19:47:49        CPU     %user     %nice   %system   %iowait    %steal     %idle
19:47:50        all      0.00      0.00      1.00      0.00      0.00     99.00

19:47:49    kbmemfree   kbavail kbmemused  %memused kbbuffers  kbcached  kbcommit   %commit  kbactive   kbinact   kbdirty
19:47:50      5481080   7235244    547100      6.73     65752   1879532   1931588     23.76    982852   1386144      2328

19:47:49        IFACE   rxpck/s   txpck/s    rxkB/s    txkB/s   rxcmp/s   txcmp/s  rxmcst/s   %ifutil
19:47:50           lo      0.00      0.00      0.00      0.00      0.00      0.00      0.00      0.00
19:47:50         ens4      0.00      0.00      0.00      0.00      0.00      0.00      0.00      0.00
19:47:50      docker0      0.00      0.00      0.00      0.00      0.00      0.00      0.00      0.00
19:47:50    veth1f0dbb4      0.00      0.00      0.00      0.00      0.00      0.00      0.00      0.00

19:47:50        CPU     %user     %nice   %system   %iowait    %steal     %idle
19:47:51        all      1.52      0.00      0.00      0.00      0.00     98.48

19:47:50    kbmemfree   kbavail kbmemused  %memused kbbuffers  kbcached  kbcommit   %commit  kbactive   kbinact   kbdirty
19:47:51      5481080   7235244    547100      6.73     65752   1879532   1931588     23.76    980416   1386144      2328

19:47:50        IFACE   rxpck/s   txpck/s    rxkB/s    txkB/s   rxcmp/s   txcmp/s  rxmcst/s   %ifutil
19:47:51           lo      0.00      0.00      0.00      0.00      0.00      0.00      0.00      0.00
19:47:51         ens4      1.00      1.00      0.04      0.04      0.00      0.00      0.00      0.00
19:47:51      docker0      0.00      0.00      0.00      0.00      0.00      0.00      0.00      0.00
19:47:51    veth1f0dbb4      0.00      0.00      0.00      0.00      0.00      0.00      0.00      0.00

19:47:51        CPU     %user     %nice   %system   %iowait    %steal     %idle
19:47:52        all      4.00      0.00      3.00      0.00      0.00     93.00

19:47:51    kbmemfree   kbavail kbmemused  %memused kbbuffers  kbcached  kbcommit   %commit  kbactive   kbinact   kbdirty
19:47:52      5481080   7235248    547092      6.73     65752   1879540   1931588     23.76    980216   1386148      2336

19:47:51        IFACE   rxpck/s   txpck/s    rxkB/s    txkB/s   rxcmp/s   txcmp/s  rxmcst/s   %ifutil
19:47:52           lo    480.00    480.00     62.58     62.58      0.00      0.00      0.00      0.00
19:47:52         ens4     95.00     48.00     31.06     13.22      0.00      0.00      0.00      0.00
19:47:52      docker0    240.00    240.00     19.17     46.69      0.00      0.00      0.00      0.00
19:47:52    veth1f0dbb4    240.00    240.00     22.45     46.69      0.00      0.00      0.00      0.00

19:47:52        CPU     %user     %nice   %system   %iowait    %steal     %idle
19:47:53        all     11.34      0.00     12.89      0.00      0.52     75.26

19:47:52    kbmemfree   kbavail kbmemused  %memused kbbuffers  kbcached  kbcommit   %commit  kbactive   kbinact   kbdirty
19:47:53      5502856   7257024    526068      6.47     65752   1879540   1931588     23.76    980216   1386148      2336

19:47:52        IFACE   rxpck/s   txpck/s    rxkB/s    txkB/s   rxcmp/s   txcmp/s  rxmcst/s   %ifutil
19:47:53           lo   2000.00   2000.00    260.74    260.74      0.00      0.00      0.00      0.00
19:47:53         ens4    400.00    200.00    129.69     55.08      0.00      0.00      0.00      0.00
19:47:53      docker0   1000.00   1000.00     79.88    194.53      0.00      0.00      0.00      0.00
19:47:53    veth1f0dbb4   1000.00   1000.00     93.55    194.53      0.00      0.00      0.00      0.02

19:47:53        CPU     %user     %nice   %system   %iowait    %steal     %idle
19:47:54        all     10.99      0.00     11.52      0.00      0.52     76.96

19:47:53    kbmemfree   kbavail kbmemused  %memused kbbuffers  kbcached  kbcommit   %commit  kbactive   kbinact   kbdirty
19:47:54      5502716   7256892    526156      6.47     65752   1879584   1931588     23.76    980216   1386156      2268

19:47:53        IFACE   rxpck/s   txpck/s    rxkB/s    txkB/s   rxcmp/s   txcmp/s  rxmcst/s   %ifutil
19:47:54           lo   2000.00   2000.00    260.74    260.74      0.00      0.00      0.00      0.00
19:47:54         ens4    400.00    200.00    129.69     55.08      0.00      0.00      0.00      0.00
19:47:54      docker0   1000.00   1000.00     79.88    194.53      0.00      0.00      0.00      0.00
19:47:54    veth1f0dbb4   1000.00   1000.00     93.55    194.53      0.00      0.00      0.00      0.02

19:47:54        CPU     %user     %nice   %system   %iowait    %steal     %idle
19:47:55        all     12.44      0.00     11.40      0.00      0.00     76.17

19:47:54    kbmemfree   kbavail kbmemused  %memused kbbuffers  kbcached  kbcommit   %commit  kbactive   kbinact   kbdirty
19:47:55      5502716   7256956    526120      6.47     65752   1879608   1931588     23.76    980264   1386216       148

19:47:54        IFACE   rxpck/s   txpck/s    rxkB/s    txkB/s   rxcmp/s   txcmp/s  rxmcst/s   %ifutil
19:47:55           lo   2000.00   2000.00    260.74    260.74      0.00      0.00      0.00      0.00
19:47:55         ens4    400.00    200.00    129.69     55.08      0.00      0.00      0.00      0.00
19:47:55      docker0   1000.00   1000.00     79.88    194.53      0.00      0.00      0.00      0.00
19:47:55    veth1f0dbb4   1000.00   1000.00     93.55    194.53      0.00      0.00      0.00      0.02

19:47:55        CPU     %user     %nice   %system   %iowait    %steal     %idle
19:47:56        all     10.99      0.00     11.52      0.00      0.00     77.49

19:47:55    kbmemfree   kbavail kbmemused  %memused kbbuffers  kbcached  kbcommit   %commit  kbactive   kbinact   kbdirty
19:47:56      5502212   7256460    526616      6.48     65752   1879612   1931588     23.76    980316   1386224       152

19:47:55        IFACE   rxpck/s   txpck/s    rxkB/s    txkB/s   rxcmp/s   txcmp/s  rxmcst/s   %ifutil
19:47:56           lo   2000.00   2000.00    260.74    260.74      0.00      0.00      0.00      0.00
19:47:56         ens4    400.00    200.00    129.69     55.08      0.00      0.00      0.00      0.00
19:47:56      docker0   1000.00   1000.00     79.88    194.53      0.00      0.00      0.00      0.00
19:47:56    veth1f0dbb4   1000.00   1000.00     93.55    194.53      0.00      0.00      0.00      0.02

19:47:56        CPU     %user     %nice   %system   %iowait    %steal     %idle
19:47:57        all     11.46      0.00     11.46      0.00      0.52     76.56

19:47:56    kbmemfree   kbavail kbmemused  %memused kbbuffers  kbcached  kbcommit   %commit  kbactive   kbinact   kbdirty
19:47:57      5502212   7256480    526580      6.48     65752   1879644   1931588     23.76    980404   1386244       184

19:47:56        IFACE   rxpck/s   txpck/s    rxkB/s    txkB/s   rxcmp/s   txcmp/s  rxmcst/s   %ifutil
19:47:57           lo   2000.00   2000.00    260.74    260.74      0.00      0.00      0.00      0.00
19:47:57         ens4    403.00    202.00    130.38     55.18      0.00      0.00      0.00      0.00
19:47:57      docker0   1000.00   1000.00     79.88    194.53      0.00      0.00      0.00      0.00
19:47:57    veth1f0dbb4   1000.00   1000.00     93.55    194.53      0.00      0.00      0.00      0.02

19:47:57        CPU     %user     %nice   %system   %iowait    %steal     %idle
19:47:58        all     11.40      0.00     12.44      0.00      0.52     75.65

19:47:57    kbmemfree   kbavail kbmemused  %memused kbbuffers  kbcached  kbcommit   %commit  kbactive   kbinact   kbdirty
19:47:58      5502212   7256516    526544      6.48     65752   1879676   1931588     23.76    980548   1386280       220

19:47:57        IFACE   rxpck/s   txpck/s    rxkB/s    txkB/s   rxcmp/s   txcmp/s  rxmcst/s   %ifutil
19:47:58           lo   2000.00   2000.00    260.74    260.74      0.00      0.00      0.00      0.00
19:47:58         ens4    399.00    200.00    129.10     55.08      0.00      0.00      0.00      0.00
19:47:58      docker0   1000.00   1000.00     79.88    194.53      0.00      0.00      0.00      0.00
19:47:58    veth1f0dbb4   1000.00   1000.00     93.55    194.53      0.00      0.00      0.00      0.02

19:47:58        CPU     %user     %nice   %system   %iowait    %steal     %idle
19:47:59        all     10.42      0.00     11.98      0.00      0.00     77.60

19:47:58    kbmemfree   kbavail kbmemused  %memused kbbuffers  kbcached  kbcommit   %commit  kbactive   kbinact   kbdirty
19:47:59      5501960   7256264    526780      6.48     65752   1879684   1931588     23.76    980548   1386280       228

19:47:58        IFACE   rxpck/s   txpck/s    rxkB/s    txkB/s   rxcmp/s   txcmp/s  rxmcst/s   %ifutil
19:47:59           lo   2000.00   2000.00    260.74    260.74      0.00      0.00      0.00      0.00
19:47:59         ens4    400.00    200.00    129.69     55.08      0.00      0.00      0.00      0.00
19:47:59      docker0   1000.00   1000.00     79.88    194.53      0.00      0.00      0.00      0.00
19:47:59    veth1f0dbb4   1000.00   1000.00     93.55    194.53      0.00      0.00      0.00      0.02

19:47:59        CPU     %user     %nice   %system   %iowait    %steal     %idle
19:48:00        all     12.95      0.00     12.44      0.00      0.52     74.09

19:47:59    kbmemfree   kbavail kbmemused  %memused kbbuffers  kbcached  kbcommit   %commit  kbactive   kbinact   kbdirty
19:48:00      5501960   7256284    526744      6.48     65752   1879720   1931588     23.76    981248   1386300       264

19:47:59        IFACE   rxpck/s   txpck/s    rxkB/s    txkB/s   rxcmp/s   txcmp/s  rxmcst/s   %ifutil
19:48:00           lo   2005.00   2005.00    268.62    268.62      0.00      0.00      0.00      0.00
19:48:00         ens4    403.00    204.00    130.12     56.90      0.00      0.00      0.00      0.00
19:48:00      docker0   1000.00   1000.00     79.88    194.53      0.00      0.00      0.00      0.00
19:48:00    veth1f0dbb4   1000.00   1000.00     93.55    194.53      0.00      0.00      0.00      0.02

19:48:00        CPU     %user     %nice   %system   %iowait    %steal     %idle
19:48:01        all     13.02      0.00     12.50      0.00      0.00     74.48

19:48:00    kbmemfree   kbavail kbmemused  %memused kbbuffers  kbcached  kbcommit   %commit  kbactive   kbinact   kbdirty
19:48:01      5501708   7256080    526976      6.48     65752   1879736   1931588     23.76    981260   1386348       280

19:48:00        IFACE   rxpck/s   txpck/s    rxkB/s    txkB/s   rxcmp/s   txcmp/s  rxmcst/s   %ifutil
19:48:01           lo   2000.00   2000.00    260.74    260.74      0.00      0.00      0.00      0.00
19:48:01         ens4    401.00    201.00    129.75     55.14      0.00      0.00      0.00      0.00
19:48:01      docker0   1000.00   1000.00     79.88    194.53      0.00      0.00      0.00      0.00
19:48:01    veth1f0dbb4   1000.00   1000.00     93.55    194.53      0.00      0.00      0.00      0.02

19:48:01        CPU     %user     %nice   %system   %iowait    %steal     %idle
19:48:02        all     12.50      0.00     11.46      0.00      0.52     75.52

19:48:01    kbmemfree   kbavail kbmemused  %memused kbbuffers  kbcached  kbcommit   %commit  kbactive   kbinact   kbdirty
19:48:02      5501708   7256096    526964      6.48     65752   1879748   1931588     23.76    981188   1386364       292

19:48:01        IFACE   rxpck/s   txpck/s    rxkB/s    txkB/s   rxcmp/s   txcmp/s  rxmcst/s   %ifutil
19:48:02           lo   2017.00   2017.00    284.60    284.60      0.00      0.00      0.00      0.00
19:48:02         ens4    405.00    204.00    130.76     55.76      0.00      0.00      0.00      0.00
19:48:02      docker0   1000.00   1000.00     79.88    194.53      0.00      0.00      0.00      0.00
19:48:02    veth1f0dbb4   1000.00   1000.00     93.55    194.53      0.00      0.00      0.00      0.02

19:48:02        CPU     %user     %nice   %system   %iowait    %steal     %idle
19:48:03        all     11.46      0.00     11.46      0.00      0.00     77.08

19:48:02    kbmemfree   kbavail kbmemused  %memused kbbuffers  kbcached  kbcommit   %commit  kbactive   kbinact   kbdirty
19:48:03      5501708   7256116    526916      6.48     65752   1879788   1931588     23.76    981136   1386384       324

19:48:02        IFACE   rxpck/s   txpck/s    rxkB/s    txkB/s   rxcmp/s   txcmp/s  rxmcst/s   %ifutil
19:48:03           lo   2005.00   2005.00    261.65    261.65      0.00      0.00      0.00      0.00
19:48:03         ens4    402.00    201.00    129.79     55.12      0.00      0.00      0.00      0.00
19:48:03      docker0   1002.00   1003.00     79.99    195.38      0.00      0.00      0.00      0.00
19:48:03    veth1f0dbb4   1002.00   1003.00     93.69    195.38      0.00      0.00      0.00      0.02

19:48:03        CPU     %user     %nice   %system   %iowait    %steal     %idle
19:48:04        all     10.31      0.00     12.37      0.00      0.00     77.32

19:48:03    kbmemfree   kbavail kbmemused  %memused kbbuffers  kbcached  kbcommit   %commit  kbactive   kbinact   kbdirty
19:48:04      5501708   7256116    526908      6.48     65752   1879796   1931588     23.76    981136   1386384       336

19:48:03        IFACE   rxpck/s   txpck/s    rxkB/s    txkB/s   rxcmp/s   txcmp/s  rxmcst/s   %ifutil
19:48:04           lo   1995.00   1995.00    259.83    259.83      0.00      0.00      0.00      0.00
19:48:04         ens4    398.00    200.00    129.04     55.08      0.00      0.00      0.00      0.00
19:48:04      docker0    998.00    997.00     79.77    193.69      0.00      0.00      0.00      0.00
19:48:04    veth1f0dbb4    998.00    997.00     93.42    193.69      0.00      0.00      0.00      0.02

19:48:04        CPU     %user     %nice   %system   %iowait    %steal     %idle
19:48:05        all     10.82      0.00     11.86      0.00      0.52     76.80

19:48:04    kbmemfree   kbavail kbmemused  %memused kbbuffers  kbcached  kbcommit   %commit  kbactive   kbinact   kbdirty
19:48:05      5501708   7256116    526880      6.48     65752   1879824   1931588     23.76    981136   1386384       364

19:48:04        IFACE   rxpck/s   txpck/s    rxkB/s    txkB/s   rxcmp/s   txcmp/s  rxmcst/s   %ifutil
19:48:05           lo   2005.00   2005.00    261.65    261.65      0.00      0.00      0.00      0.00
19:48:05         ens4    402.00    200.00    130.34     55.08      0.00      0.00      0.00      0.00
19:48:05      docker0   1000.00   1000.00     79.88    194.53      0.00      0.00      0.00      0.00
19:48:05    veth1f0dbb4   1000.00   1000.00     93.55    194.53      0.00      0.00      0.00      0.02

19:48:05        CPU     %user     %nice   %system   %iowait    %steal     %idle
19:48:06        all     11.52      0.00     10.99      0.00      0.52     76.96

19:48:05    kbmemfree   kbavail kbmemused  %memused kbbuffers  kbcached  kbcommit   %commit  kbactive   kbinact   kbdirty
19:48:06      5501708   7256156    526832      6.48     65752   1879856   1931588     23.76    981136   1386424       312

19:48:05        IFACE   rxpck/s   txpck/s    rxkB/s    txkB/s   rxcmp/s   txcmp/s  rxmcst/s   %ifutil
19:48:06           lo   2000.00   2000.00    260.74    260.74      0.00      0.00      0.00      0.00
19:48:06         ens4    399.00    200.00    129.62     55.08      0.00      0.00      0.00      0.00
19:48:06      docker0   1002.00   1003.00     79.99    195.38      0.00      0.00      0.00      0.00
19:48:06    veth1f0dbb4   1002.00   1003.00     93.69    195.38      0.00      0.00      0.00      0.02

19:48:06        CPU     %user     %nice   %system   %iowait    %steal     %idle
19:48:07        all     12.95      0.00     12.44      0.00      0.00     74.61

19:48:06    kbmemfree   kbavail kbmemused  %memused kbbuffers  kbcached  kbcommit   %commit  kbactive   kbinact   kbdirty
19:48:07      5501708   7256160    526808      6.48     65752   1879876   1931588     23.76    981136   1386424       332

19:48:06        IFACE   rxpck/s   txpck/s    rxkB/s    txkB/s   rxcmp/s   txcmp/s  rxmcst/s   %ifutil
19:48:07           lo   2000.00   2000.00    260.74    260.74      0.00      0.00      0.00      0.00
19:48:07         ens4    401.00    200.00    129.75     55.08      0.00      0.00      0.00      0.00
19:48:07      docker0   1000.00   1000.00     79.88    194.53      0.00      0.00      0.00      0.00
19:48:07    veth1f0dbb4   1000.00   1000.00     93.55    194.53      0.00      0.00      0.00      0.02

19:48:07        CPU     %user     %nice   %system   %iowait    %steal     %idle
19:48:08        all     11.98      0.00     10.94      0.00      0.00     77.08

19:48:07    kbmemfree   kbavail kbmemused  %memused kbbuffers  kbcached  kbcommit   %commit  kbactive   kbinact   kbdirty
19:48:08      5501708   7256216    526776      6.48     65752   1879900   1931588     23.76    981136   1386480       356

19:48:07        IFACE   rxpck/s   txpck/s    rxkB/s    txkB/s   rxcmp/s   txcmp/s  rxmcst/s   %ifutil
19:48:08           lo   1999.00   1999.00    260.69    260.69      0.00      0.00      0.00      0.00
19:48:08         ens4    406.00    204.00    133.70     55.73      0.00      0.00      0.00      0.00
19:48:08      docker0    998.00    997.00     79.77    193.69      0.00      0.00      0.00      0.00
19:48:08    veth1f0dbb4    998.00    997.00     93.42    193.69      0.00      0.00      0.00      0.02

19:48:08        CPU     %user     %nice   %system   %iowait    %steal     %idle
19:48:09        all     10.36      0.00     12.44      0.00      0.52     76.68

19:48:08    kbmemfree   kbavail kbmemused  %memused kbbuffers  kbcached  kbcommit   %commit  kbactive   kbinact   kbdirty
19:48:09      5501708   7256216    526756      6.48     65752   1879912   1931588     23.76    981136   1386480       368

19:48:08        IFACE   rxpck/s   txpck/s    rxkB/s    txkB/s   rxcmp/s   txcmp/s  rxmcst/s   %ifutil
19:48:09           lo   2001.00   2001.00    260.79    260.79      0.00      0.00      0.00      0.00
19:48:09         ens4    400.00    201.00    129.66     55.12      0.00      0.00      0.00      0.00
19:48:09      docker0   1003.00   1003.00     80.18    195.38      0.00      0.00      0.00      0.00
19:48:09    veth1f0dbb4   1003.00   1003.00     93.89    195.38      0.00      0.00      0.00      0.02

19:48:09        CPU     %user     %nice   %system   %iowait    %steal     %idle
19:48:10        all      9.95      0.00     11.52      0.00      0.52     78.01

19:48:09    kbmemfree   kbavail kbmemused  %memused kbbuffers  kbcached  kbcommit   %commit  kbactive   kbinact   kbdirty
19:48:10      5502720   7257300    526232      6.47     65752   1879948   1931588     23.76    980816   1386556       400

19:48:09        IFACE   rxpck/s   txpck/s    rxkB/s    txkB/s   rxcmp/s   txcmp/s  rxmcst/s   %ifutil
19:48:10           lo   2000.00   2000.00    260.74    260.74      0.00      0.00      0.00      0.00
19:48:10         ens4    401.00    200.00    129.75     55.08      0.00      0.00      0.00      0.00
19:48:10      docker0    999.00   1000.00     79.69    194.53      0.00      0.00      0.00      0.00
19:48:10    veth1f0dbb4    999.00   1000.00     93.35    194.53      0.00      0.00      0.00      0.02

19:48:10        CPU     %user     %nice   %system   %iowait    %steal     %idle
19:48:11        all     11.11      0.00     10.58      0.00      0.00     78.31

19:48:10    kbmemfree   kbavail kbmemused  %memused kbbuffers  kbcached  kbcommit   %commit  kbactive   kbinact   kbdirty
19:48:11      5502468   7257048    526456      6.48     65756   1879968   1931588     23.76    980816   1386556       444

19:48:10        IFACE   rxpck/s   txpck/s    rxkB/s    txkB/s   rxcmp/s   txcmp/s  rxmcst/s   %ifutil
19:48:11           lo   2000.00   2000.00    260.74    260.74      0.00      0.00      0.00      0.00
19:48:11         ens4    400.00    200.00    129.69     55.08      0.00      0.00      0.00      0.00
19:48:11      docker0   1000.00   1000.00     79.88    194.53      0.00      0.00      0.00      0.00
19:48:11    veth1f0dbb4   1000.00   1000.00     93.55    194.53      0.00      0.00      0.00      0.02

19:48:11        CPU     %user     %nice   %system   %iowait    %steal     %idle
19:48:12        all     10.88      0.00     11.40      0.00      0.00     77.72

19:48:11    kbmemfree   kbavail kbmemused  %memused kbbuffers  kbcached  kbcommit   %commit  kbactive   kbinact   kbdirty
19:48:12      5502216   7256808    526700      6.48     65756   1879992   1931588     23.76    980816   1386568       464

19:48:11        IFACE   rxpck/s   txpck/s    rxkB/s    txkB/s   rxcmp/s   txcmp/s  rxmcst/s   %ifutil
19:48:12           lo   1995.00   1995.00    259.83    259.83      0.00      0.00      0.00      0.00
19:48:12         ens4    542.00    391.00    138.66     67.50      0.00      0.00      0.00      0.00
19:48:12      docker0    998.00    997.00     79.77    193.69      0.00      0.00      0.00      0.00
19:48:12    veth1f0dbb4    998.00    997.00     93.42    193.69      0.00      0.00      0.00      0.02

19:48:12        CPU     %user     %nice   %system   %iowait    %steal     %idle
19:48:13        all     10.88      0.00     10.88      0.00      0.52     77.72

19:48:12    kbmemfree   kbavail kbmemused  %memused kbbuffers  kbcached  kbcommit   %commit  kbactive   kbinact   kbdirty
19:48:13      5502216   7256808    526700      6.48     65756   1879992   1931588     23.76    980816   1386568       464

19:48:12        IFACE   rxpck/s   txpck/s    rxkB/s    txkB/s   rxcmp/s   txcmp/s  rxmcst/s   %ifutil
19:48:13           lo   2005.00   2005.00    261.65    261.65      0.00      0.00      0.00      0.00
19:48:13         ens4    412.00    212.00    131.01     55.88      0.00      0.00      0.00      0.00
19:48:13      docker0   1002.00   1003.00     79.99    195.38      0.00      0.00      0.00      0.00
19:48:13    veth1f0dbb4   1002.00   1003.00     93.69    195.38      0.00      0.00      0.00      0.02

19:48:13        CPU     %user     %nice   %system   %iowait    %steal     %idle
19:48:14        all     10.36      0.00     11.40      0.00      0.52     77.72

19:48:13    kbmemfree   kbavail kbmemused  %memused kbbuffers  kbcached  kbcommit   %commit  kbactive   kbinact   kbdirty
19:48:14      5502216   7256876    526648      6.48     65756   1880036   1931588     23.76    980828   1386636       512

19:48:13        IFACE   rxpck/s   txpck/s    rxkB/s    txkB/s   rxcmp/s   txcmp/s  rxmcst/s   %ifutil
19:48:14           lo   2002.00   2002.00    260.98    260.98      0.00      0.00      0.00      0.00
19:48:14         ens4    403.00    202.00    129.96     55.34      0.00      0.00      0.00      0.00
19:48:14      docker0   1001.00   1001.00     80.07    194.60      0.00      0.00      0.00      0.00
19:48:14    veth1f0dbb4   1001.00   1001.00     93.76    194.60      0.00      0.00      0.00      0.02

19:48:14        CPU     %user     %nice   %system   %iowait    %steal     %idle
19:48:15        all     11.52      0.00     10.99      0.00      0.00     77.49

19:48:14    kbmemfree   kbavail kbmemused  %memused kbbuffers  kbcached  kbcommit   %commit  kbactive   kbinact   kbdirty
19:48:15      5502216   7256876    526648      6.48     65756   1880036   1931588     23.76    980828   1386636       512

19:48:14        IFACE   rxpck/s   txpck/s    rxkB/s    txkB/s   rxcmp/s   txcmp/s  rxmcst/s   %ifutil
19:48:15           lo   2002.00   2002.00    260.71    260.71      0.00      0.00      0.00      0.00
19:48:15         ens4    401.00    201.00    129.73     55.12      0.00      0.00      0.00      0.00
19:48:15      docker0   1000.00   1000.00     79.88    194.53      0.00      0.00      0.00      0.00
19:48:15    veth1f0dbb4   1000.00   1000.00     93.55    194.53      0.00      0.00      0.00      0.02

19:48:15        CPU     %user     %nice   %system   %iowait    %steal     %idle
19:48:16        all     10.47      0.00      9.95      0.00      0.00     79.58

19:48:15    kbmemfree   kbavail kbmemused  %memused kbbuffers  kbcached  kbcommit   %commit  kbactive   kbinact   kbdirty
19:48:16      5502216   7256888    526620      6.48     65756   1880080   1931588     23.76    980828   1386648       524

19:48:15        IFACE   rxpck/s   txpck/s    rxkB/s    txkB/s   rxcmp/s   txcmp/s  rxmcst/s   %ifutil
19:48:16           lo   2000.00   2000.00    260.74    260.74      0.00      0.00      0.00      0.00
19:48:16         ens4    400.00    200.00    129.69     55.08      0.00      0.00      0.00      0.00
19:48:16      docker0    999.00    999.00     79.69    194.47      0.00      0.00      0.00      0.00
19:48:16    veth1f0dbb4    999.00    999.00     93.35    194.47      0.00      0.00      0.00      0.02

19:48:16        CPU     %user     %nice   %system   %iowait    %steal     %idle
19:48:17        all     10.94      0.00     11.46      0.00      0.00     77.60

19:48:16    kbmemfree   kbavail kbmemused  %memused kbbuffers  kbcached  kbcommit   %commit  kbactive   kbinact   kbdirty
19:48:17      5502216   7256888    526620      6.48     65756   1880080   1931588     23.76    980828   1386648       524

19:48:16        IFACE   rxpck/s   txpck/s    rxkB/s    txkB/s   rxcmp/s   txcmp/s  rxmcst/s   %ifutil
19:48:17           lo   2002.00   2002.00    260.84    260.84      0.00      0.00      0.00      0.00
19:48:17         ens4    600.00    400.00    142.58     67.97      0.00      0.00      0.00      0.00
19:48:17      docker0   1001.00   1001.00     80.07    194.60      0.00      0.00      0.00      0.00
19:48:17    veth1f0dbb4   1001.00   1001.00     93.76    194.60      0.00      0.00      0.00      0.02

19:48:17        CPU     %user     %nice   %system   %iowait    %steal     %idle
19:48:18        all     10.77      0.00     11.28      0.00      1.03     76.92

19:48:17    kbmemfree   kbavail kbmemused  %memused kbbuffers  kbcached  kbcommit   %commit  kbactive   kbinact   kbdirty
19:48:18      5502216   7256888    526576      6.48     65756   1880124   1931588     23.76    980828   1386648       568

19:48:17        IFACE   rxpck/s   txpck/s    rxkB/s    txkB/s   rxcmp/s   txcmp/s  rxmcst/s   %ifutil
19:48:18           lo   2005.00   2005.00    261.13    261.13      0.00      0.00      0.00      0.00
19:48:18         ens4    400.00    201.00    129.69     55.35      0.00      0.00      0.00      0.00
19:48:18      docker0   1002.00   1001.00     79.98    194.60      0.00      0.00      0.00      0.00
19:48:18    veth1f0dbb4   1002.00   1001.00     93.68    194.60      0.00      0.00      0.00      0.02

19:48:18        CPU     %user     %nice   %system   %iowait    %steal     %idle
19:48:19        all     10.99      0.00      9.95      0.00      0.00     79.06

19:48:18    kbmemfree   kbavail kbmemused  %memused kbbuffers  kbcached  kbcommit   %commit  kbactive   kbinact   kbdirty
19:48:19      5502216   7256952    526540      6.48     65756   1880152   1931588     23.76    980828   1386708       596

19:48:18        IFACE   rxpck/s   txpck/s    rxkB/s    txkB/s   rxcmp/s   txcmp/s  rxmcst/s   %ifutil
19:48:19           lo   2000.00   2000.00    260.74    260.74      0.00      0.00      0.00      0.00
19:48:19         ens4    400.00    200.00    129.69     55.08      0.00      0.00      0.00      0.00
19:48:19      docker0   1000.00   1000.00     79.88    194.53      0.00      0.00      0.00      0.00
19:48:19    veth1f0dbb4   1000.00   1000.00     93.55    194.53      0.00      0.00      0.00      0.02

19:48:19        CPU     %user     %nice   %system   %iowait    %steal     %idle
19:48:20        all     13.02      0.00     11.46      0.00      0.00     75.52

19:48:19    kbmemfree   kbavail kbmemused  %memused kbbuffers  kbcached  kbcommit   %commit  kbactive   kbinact   kbdirty
19:48:20      5501208   7255956    527540      6.49     65756   1880160   1931588     23.76    980788   1386720       604

19:48:19        IFACE   rxpck/s   txpck/s    rxkB/s    txkB/s   rxcmp/s   txcmp/s  rxmcst/s   %ifutil
19:48:20           lo   2000.00   2000.00    260.74    260.74      0.00      0.00      0.00      0.00
19:48:20         ens4    400.00    200.00    129.69     55.08      0.00      0.00      0.00      0.00
19:48:20      docker0   1000.00   1000.00     79.88    194.53      0.00      0.00      0.00      0.00
19:48:20    veth1f0dbb4   1000.00   1000.00     93.55    194.53      0.00      0.00      0.00      0.02

19:48:20        CPU     %user     %nice   %system   %iowait    %steal     %idle
19:48:21        all     11.34      0.00     11.34      0.00      0.00     77.32

19:48:20    kbmemfree   kbavail kbmemused  %memused kbbuffers  kbcached  kbcommit   %commit  kbactive   kbinact   kbdirty
19:48:21      5501208   7256028    527520      6.49     65756   1880176   1931588     23.76    980828   1386792       636

19:48:20        IFACE   rxpck/s   txpck/s    rxkB/s    txkB/s   rxcmp/s   txcmp/s  rxmcst/s   %ifutil
19:48:21           lo   2003.00   2003.00    260.89    260.89      0.00      0.00      0.00      0.00
19:48:21         ens4    401.00    201.00    129.73     55.12      0.00      0.00      0.00      0.00
19:48:21      docker0   1000.00   1000.00     79.88    194.53      0.00      0.00      0.00      0.00
19:48:21    veth1f0dbb4   1000.00   1000.00     93.55    194.53      0.00      0.00      0.00      0.02

19:48:21        CPU     %user     %nice   %system   %iowait    %steal     %idle
19:48:22        all      8.95      0.00      8.95      0.00      0.53     81.58

19:48:21    kbmemfree   kbavail kbmemused  %memused kbbuffers  kbcached  kbcommit   %commit  kbactive   kbinact   kbdirty
19:48:22      5500960   7255764    528324      6.50     65756   1880216   1931588     23.76    981092   1386832       928

19:48:21        IFACE   rxpck/s   txpck/s    rxkB/s    txkB/s   rxcmp/s   txcmp/s  rxmcst/s   %ifutil
19:48:22           lo   1520.00   1520.00    198.16    198.16      0.00      0.00      0.00      0.00
19:48:22         ens4    817.00    415.00    133.76     66.43      0.00      0.00      0.00      0.00
19:48:22      docker0    760.00    760.00     60.71    147.84      0.00      0.00      0.00      0.00
19:48:22    veth1f0dbb4    760.00    760.00     71.10    147.84      0.00      0.00      0.00      0.01

19:48:22        CPU     %user     %nice   %system   %iowait    %steal     %idle
19:48:23        all     12.12      0.00      7.07      0.00      0.51     80.30

19:48:22    kbmemfree   kbavail kbmemused  %memused kbbuffers  kbcached  kbcommit   %commit  kbactive   kbinact   kbdirty
19:48:23      5491384   7246244    537796      6.62     65756   1880216   1931588     23.76    983172   1386836       928

19:48:22        IFACE   rxpck/s   txpck/s    rxkB/s    txkB/s   rxcmp/s   txcmp/s  rxmcst/s   %ifutil
19:48:23           lo      0.00      0.00      0.00      0.00      0.00      0.00      0.00      0.00
19:48:23         ens4     33.00     29.00      3.39    275.23      0.00      0.00      0.00      0.00
19:48:23      docker0      0.00      0.00      0.00      0.00      0.00      0.00      0.00      0.00
19:48:23    veth1f0dbb4      0.00      0.00      0.00      0.00      0.00      0.00      0.00      0.00

Average:        CPU     %user     %nice   %system   %iowait    %steal     %idle
Average:        all     19.17      0.00     17.38      0.02      0.21     63.22

Average:    kbmemfree   kbavail kbmemused  %memused kbbuffers  kbcached  kbcommit   %commit  kbactive   kbinact   kbdirty
Average:      5494574   7246534    540984      6.65     65745   1877420   1917055     23.58    979013   1384089       793

Average:        IFACE   rxpck/s   txpck/s    rxkB/s    txkB/s   rxcmp/s   txcmp/s  rxmcst/s   %ifutil
Average:           lo   3519.91   3519.91    459.31    459.31      0.00      0.00      0.00      0.00
Average:         ens4    722.31    372.29    229.76    104.98      0.00      0.00      0.00      0.00
Average:      docker0   1759.56   1759.56    140.56    342.29      0.00      0.00      0.00      0.00
Average:    veth1f0dbb4   1759.56   1759.56    164.61    342.29      0.00      0.00      0.00      0.03