Linux 6.8.0-1054-gcp (zt-service-b)     05/18/26        _x86_64_        (4 CPU)

19:28:57        CPU     %user     %nice   %system   %iowait    %steal     %idle
19:28:58        all      8.27      0.00      7.24      0.00      0.26     84.24

19:28:57    kbmemfree   kbavail kbmemused  %memused kbbuffers  kbcached  kbcommit   %commit  kbactive   kbinact   kbdirty
19:28:58     14145568  15344764    676052      4.13     62084   1383652   2139184     13.06   1328480    663684       148

19:28:57        IFACE   rxpck/s   txpck/s    rxkB/s    txkB/s   rxcmp/s   txcmp/s  rxmcst/s   %ifutil
19:28:58           lo   2000.00   2000.00    260.55    260.55      0.00      0.00      0.00      0.00
19:28:58         ens4    401.00    201.00    129.53     55.12      0.00      0.00      0.00      0.00
19:28:58      docker0   1000.00   1000.00     79.88    194.34      0.00      0.00      0.00      0.00
19:28:58    veth58e3b24   1000.00   1000.00     93.55    194.34      0.00      0.00      0.00      0.02

19:28:58        CPU     %user     %nice   %system   %iowait    %steal     %idle
19:28:59        all      8.74      0.00      7.46      0.00      0.00     83.80

19:28:58    kbmemfree   kbavail kbmemused  %memused kbbuffers  kbcached  kbcommit   %commit  kbactive   kbinact   kbdirty
19:28:59     14145320  15344540    676192      4.13     62084   1383672   2129968     13.01   1320508    663708       168

19:28:58        IFACE   rxpck/s   txpck/s    rxkB/s    txkB/s   rxcmp/s   txcmp/s  rxmcst/s   %ifutil
19:28:59           lo   1985.15   1985.15    265.77    265.77      0.00      0.00      0.00      0.00
19:28:59         ens4    399.01    200.99    128.63     56.28      0.00      0.00      0.00      0.00
19:28:59      docker0    990.10    990.10     79.09    192.41      0.00      0.00      0.00      0.00
19:28:59    veth58e3b24    990.10    990.10     92.63    192.41      0.00      0.00      0.00      0.02

19:28:59        CPU     %user     %nice   %system   %iowait    %steal     %idle
19:29:00        all     15.21      0.00      8.25      0.26      0.00     76.29

19:28:59    kbmemfree   kbavail kbmemused  %memused kbbuffers  kbcached  kbcommit   %commit  kbactive   kbinact   kbdirty
19:29:00     14145320  15344556    676052      4.13     62088   1383696   2130456     13.01   1320952    663724       212

19:28:59        IFACE   rxpck/s   txpck/s    rxkB/s    txkB/s   rxcmp/s   txcmp/s  rxmcst/s   %ifutil
19:29:00           lo   2000.00   2000.00    260.55    260.55      0.00      0.00      0.00      0.00
19:29:00         ens4    400.00    201.00    129.49     55.14      0.00      0.00      0.00      0.00
19:29:00      docker0   1000.00   1000.00     79.88    194.34      0.00      0.00      0.00      0.00
19:29:00    veth58e3b24   1000.00   1000.00     93.55    194.34      0.00      0.00      0.00      0.02

19:29:00        CPU     %user     %nice   %system   %iowait    %steal     %idle
19:29:01        all      7.89      0.00      7.89      0.00      0.51     83.72

19:29:00    kbmemfree   kbavail kbmemused  %memused kbbuffers  kbcached  kbcommit   %commit  kbactive   kbinact   kbdirty
19:29:01     14145320  15344684    675808      4.13     62088   1383844   2129968     13.01   1320688    663724       232

19:29:00        IFACE   rxpck/s   txpck/s    rxkB/s    txkB/s   rxcmp/s   txcmp/s  rxmcst/s   %ifutil
19:29:01           lo   2017.00   2017.00    284.42    284.42      0.00      0.00      0.00      0.00
19:29:01         ens4    403.00    204.00    129.91     55.76      0.00      0.00      0.00      0.00
19:29:01      docker0   1000.00   1000.00     79.88    194.34      0.00      0.00      0.00      0.00
19:29:01    veth58e3b24   1000.00   1000.00     93.55    194.34      0.00      0.00      0.00      0.02

19:29:01        CPU     %user     %nice   %system   %iowait    %steal     %idle
19:29:02        all      7.18      0.00      7.18      0.00      0.51     85.13

19:29:01    kbmemfree   kbavail kbmemused  %memused kbbuffers  kbcached  kbcommit   %commit  kbactive   kbinact   kbdirty
19:29:02     14144820  15344224    676212      4.13     62088   1383868   2129968     13.01   1320304    663760       256

19:29:01        IFACE   rxpck/s   txpck/s    rxkB/s    txkB/s   rxcmp/s   txcmp/s  rxmcst/s   %ifutil
19:29:02           lo   2000.00   2000.00    260.55    260.55      0.00      0.00      0.00      0.00
19:29:02         ens4    400.00    200.00    129.49     55.08      0.00      0.00      0.00      0.00
19:29:02      docker0   1000.00   1000.00     79.88    194.34      0.00      0.00      0.00      0.00
19:29:02    veth58e3b24   1000.00   1000.00     93.55    194.34      0.00      0.00      0.00      0.02

19:29:02        CPU     %user     %nice   %system   %iowait    %steal     %idle
19:29:03        all     39.19      0.00     10.18      0.00      0.00     50.64

19:29:02    kbmemfree   kbavail kbmemused  %memused kbbuffers  kbcached  kbcommit   %commit  kbactive   kbinact   kbdirty
19:29:03     14125416  15324860    695496      4.25     62088   1383892   2159740     13.19   1346880    663800       272

19:29:02        IFACE   rxpck/s   txpck/s    rxkB/s    txkB/s   rxcmp/s   txcmp/s  rxmcst/s   %ifutil
19:29:03           lo   2000.00   2000.00    260.55    260.55      0.00      0.00      0.00      0.00
19:29:03         ens4    400.00    200.00    129.49     55.08      0.00      0.00      0.00      0.00
19:29:03      docker0   1000.00   1000.00     79.88    194.34      0.00      0.00      0.00      0.00
19:29:03    veth58e3b24   1000.00   1000.00     93.55    194.34      0.00      0.00      0.00      0.02

19:29:03        CPU     %user     %nice   %system   %iowait    %steal     %idle
19:29:04        all     52.54      0.00     10.41      0.00      0.00     37.06

19:29:03    kbmemfree   kbavail kbmemused  %memused kbbuffers  kbcached  kbcommit   %commit  kbactive   kbinact   kbdirty
19:29:04     14123400  15322872    697372      4.26     62088   1383912   2160208     13.19   1345868    663828       292

19:29:03        IFACE   rxpck/s   txpck/s    rxkB/s    txkB/s   rxcmp/s   txcmp/s  rxmcst/s   %ifutil
19:29:04           lo   2000.00   2000.00    260.55    260.55      0.00      0.00      0.00      0.00
19:29:04         ens4    406.00    206.00    130.84     56.58      0.00      0.00      0.00      0.00
19:29:04      docker0   1000.00   1000.00     79.88    194.34      0.00      0.00      0.00      0.00
19:29:04    veth58e3b24   1000.00   1000.00     93.55    194.34      0.00      0.00      0.00      0.02

19:29:04        CPU     %user     %nice   %system   %iowait    %steal     %idle
19:29:05        all     37.95      0.00      9.49      0.00      0.00     52.56

19:29:04    kbmemfree   kbavail kbmemused  %memused kbbuffers  kbcached  kbcommit   %commit  kbactive   kbinact   kbdirty
19:29:05     14123152  15322644    697500      4.26     62088   1383936   2147508     13.12   1335128    663848       320

19:29:04        IFACE   rxpck/s   txpck/s    rxkB/s    txkB/s   rxcmp/s   txcmp/s  rxmcst/s   %ifutil
19:29:05           lo   2000.00   2000.00    260.55    260.55      0.00      0.00      0.00      0.00
19:29:05         ens4    406.00    206.00    130.07     56.09      0.00      0.00      0.00      0.00
19:29:05      docker0   1000.00   1000.00     79.88    194.34      0.00      0.00      0.00      0.00
19:29:05    veth58e3b24   1000.00   1000.00     93.55    194.34      0.00      0.00      0.00      0.02

19:29:05        CPU     %user     %nice   %system   %iowait    %steal     %idle
19:29:06        all      9.95      0.00      7.91      0.00      0.51     81.63

19:29:05    kbmemfree   kbavail kbmemused  %memused kbbuffers  kbcached  kbcommit   %commit  kbactive   kbinact   kbdirty
19:29:06     14130496  15329992    690048      4.21     62088   1383956   2143280     13.09   1332816    663852       492

19:29:05        IFACE   rxpck/s   txpck/s    rxkB/s    txkB/s   rxcmp/s   txcmp/s  rxmcst/s   %ifutil
19:29:06           lo   2000.00   2000.00    260.55    260.55      0.00      0.00      0.00      0.00
19:29:06         ens4    403.00    201.00    129.74     55.14      0.00      0.00      0.00      0.00
19:29:06      docker0   1000.00   1000.00     79.88    194.34      0.00      0.00      0.00      0.00
19:29:06    veth58e3b24   1000.00   1000.00     93.55    194.34      0.00      0.00      0.00      0.02

19:29:06        CPU     %user     %nice   %system   %iowait    %steal     %idle
19:29:07        all      6.92      0.00      7.44      0.00      0.26     85.38

19:29:06    kbmemfree   kbavail kbmemused  %memused kbbuffers  kbcached  kbcommit   %commit  kbactive   kbinact   kbdirty
19:29:07     14130496  15330012    689916      4.21     62088   1383984   2143280     13.09   1332816    663872       520

19:29:06        IFACE   rxpck/s   txpck/s    rxkB/s    txkB/s   rxcmp/s   txcmp/s  rxmcst/s   %ifutil
19:29:07           lo   2000.00   2000.00    260.55    260.55      0.00      0.00      0.00      0.00
19:29:07         ens4    400.00    200.00    129.49     55.08      0.00      0.00      0.00      0.00
19:29:07      docker0   1000.00   1000.00     79.88    194.34      0.00      0.00      0.00      0.00
19:29:07    veth58e3b24   1000.00   1000.00     93.55    194.34      0.00      0.00      0.00      0.02

19:29:07        CPU     %user     %nice   %system   %iowait    %steal     %idle
19:29:08        all      5.96      0.00      6.74      0.00      0.26     87.05

19:29:07    kbmemfree   kbavail kbmemused  %memused kbbuffers  kbcached  kbcommit   %commit  kbactive   kbinact   kbdirty
19:29:08     14130496  15330052    689832      4.21     62088   1384004   2143280     13.09   1333136    663912       540

19:29:07        IFACE   rxpck/s   txpck/s    rxkB/s    txkB/s   rxcmp/s   txcmp/s  rxmcst/s   %ifutil
19:29:08           lo   2000.00   2000.00    260.55    260.55      0.00      0.00      0.00      0.00
19:29:08         ens4    400.00    200.00    129.49     55.08      0.00      0.00      0.00      0.00
19:29:08      docker0   1000.00   1000.00     79.88    194.34      0.00      0.00      0.00      0.00
19:29:08    veth58e3b24   1000.00   1000.00     93.55    194.34      0.00      0.00      0.00      0.02

19:29:08        CPU     %user     %nice   %system   %iowait    %steal     %idle
19:29:09        all      7.75      0.00      6.98      0.00      0.00     85.27

19:29:08    kbmemfree   kbavail kbmemused  %memused kbbuffers  kbcached  kbcommit   %commit  kbactive   kbinact   kbdirty
19:29:09     14132264  15331844    687956      4.20     62088   1384024   2129968     13.01   1318780    663936       552

19:29:08        IFACE   rxpck/s   txpck/s    rxkB/s    txkB/s   rxcmp/s   txcmp/s  rxmcst/s   %ifutil
19:29:09           lo   2000.00   2000.00    260.55    260.55      0.00      0.00      0.00      0.00
19:29:09         ens4    401.00    201.00    129.56     55.14      0.00      0.00      0.00      0.00
19:29:09      docker0   1000.00   1000.00     79.88    194.34      0.00      0.00      0.00      0.00
19:29:09    veth58e3b24   1000.00   1000.00     93.55    194.34      0.00      0.00      0.00      0.02

19:29:09        CPU     %user     %nice   %system   %iowait    %steal     %idle
19:29:10        all      6.60      0.00      7.11      0.25      0.76     85.28

19:29:09    kbmemfree   kbavail kbmemused  %memused kbbuffers  kbcached  kbcommit   %commit  kbactive   kbinact   kbdirty
19:29:10     14132264  15331860    687848      4.20     62092   1384048   2129968     13.01   1318884    663952       596

19:29:09        IFACE   rxpck/s   txpck/s    rxkB/s    txkB/s   rxcmp/s   txcmp/s  rxmcst/s   %ifutil
19:29:10           lo   2000.00   2000.00    260.55    260.55      0.00      0.00      0.00      0.00
19:29:10         ens4    401.00    201.00    129.53     55.12      0.00      0.00      0.00      0.00
19:29:10      docker0   1000.00   1000.00     79.88    194.34      0.00      0.00      0.00      0.00
19:29:10    veth58e3b24   1000.00   1000.00     93.55    194.34      0.00      0.00      0.00      0.02

19:29:10        CPU     %user     %nice   %system   %iowait    %steal     %idle
19:29:11        all      6.25      0.00      6.51      0.00      0.00     87.24

19:29:10    kbmemfree   kbavail kbmemused  %memused kbbuffers  kbcached  kbcommit   %commit  kbactive   kbinact   kbdirty
19:29:11     14132012  15331628    687980      4.20     62092   1384068   2129968     13.01   1318960    663972       468

19:29:10        IFACE   rxpck/s   txpck/s    rxkB/s    txkB/s   rxcmp/s   txcmp/s  rxmcst/s   %ifutil
19:29:11           lo   2000.00   2000.00    260.55    260.55      0.00      0.00      0.00      0.00
19:29:11         ens4    400.00    200.00    129.49     55.08      0.00      0.00      0.00      0.00
19:29:11      docker0   1000.00   1000.00     79.88    194.34      0.00      0.00      0.00      0.00
19:29:11    veth58e3b24   1000.00   1000.00     93.55    194.34      0.00      0.00      0.00      0.02

19:29:11        CPU     %user     %nice   %system   %iowait    %steal     %idle
19:29:12        all      5.88      0.00      8.44      0.00      0.26     85.42

19:29:11    kbmemfree   kbavail kbmemused  %memused kbbuffers  kbcached  kbcommit   %commit  kbactive   kbinact   kbdirty
19:29:12     14132012  15331648    687824      4.20     62092   1384096   2129968     13.01   1318976    663992       492

19:29:11        IFACE   rxpck/s   txpck/s    rxkB/s    txkB/s   rxcmp/s   txcmp/s  rxmcst/s   %ifutil
19:29:12           lo   2000.00   2000.00    260.55    260.55      0.00      0.00      0.00      0.00
19:29:12         ens4    400.00    200.00    129.49     55.08      0.00      0.00      0.00      0.00
19:29:12      docker0   1000.00   1000.00     79.88    194.34      0.00      0.00      0.00      0.00
19:29:12    veth58e3b24   1000.00   1000.00     93.55    194.34      0.00      0.00      0.00      0.02

19:29:12        CPU     %user     %nice   %system   %iowait    %steal     %idle
19:29:13        all      6.70      0.00      6.70      0.00      0.00     86.60

19:29:12    kbmemfree   kbavail kbmemused  %memused kbbuffers  kbcached  kbcommit   %commit  kbactive   kbinact   kbdirty
19:29:13     14132012  15331648    687708      4.20     62092   1384116   2129968     13.01   1318976    663992       516

19:29:12        IFACE   rxpck/s   txpck/s    rxkB/s    txkB/s   rxcmp/s   txcmp/s  rxmcst/s   %ifutil
19:29:13           lo   2000.00   2000.00    260.55    260.55      0.00      0.00      0.00      0.00
19:29:13         ens4    401.00    201.00    129.56     55.14      0.00      0.00      0.00      0.00
19:29:13      docker0   1000.00   1000.00     79.88    194.34      0.00      0.00      0.00      0.00
19:29:13    veth58e3b24   1000.00   1000.00     93.55    194.34      0.00      0.00      0.00      0.02

19:29:13        CPU     %user     %nice   %system   %iowait    %steal     %idle
19:29:14        all      7.18      0.00      7.69      0.00      0.77     84.36

19:29:13    kbmemfree   kbavail kbmemused  %memused kbbuffers  kbcached  kbcommit   %commit  kbactive   kbinact   kbdirty
19:29:14     14131764  15331400    687816      4.20     62092   1384140   2129968     13.01   1319016    663992       540

19:29:13        IFACE   rxpck/s   txpck/s    rxkB/s    txkB/s   rxcmp/s   txcmp/s  rxmcst/s   %ifutil
19:29:14           lo   2000.00   2000.00    260.55    260.55      0.00      0.00      0.00      0.00
19:29:14         ens4    400.00    200.00    129.49     55.08      0.00      0.00      0.00      0.00
19:29:14      docker0   1000.00   1000.00     79.88    194.34      0.00      0.00      0.00      0.00
19:29:14    veth58e3b24   1000.00   1000.00     93.55    194.34      0.00      0.00      0.00      0.02

19:29:14        CPU     %user     %nice   %system   %iowait    %steal     %idle
19:29:15        all      6.15      0.00      7.69      0.00      0.26     85.90

19:29:14    kbmemfree   kbavail kbmemused  %memused kbbuffers  kbcached  kbcommit   %commit  kbactive   kbinact   kbdirty
19:29:15     14131516  15331176    688056      4.20     62096   1384160   2129968     13.01   1319076    664016       552

19:29:14        IFACE   rxpck/s   txpck/s    rxkB/s    txkB/s   rxcmp/s   txcmp/s  rxmcst/s   %ifutil
19:29:15           lo   2004.00   2004.00    260.75    260.75      0.00      0.00      0.00      0.00
19:29:15         ens4    400.00    200.00    129.49     55.08      0.00      0.00      0.00      0.00
19:29:15      docker0   1000.00   1000.00     79.88    194.34      0.00      0.00      0.00      0.00
19:29:15    veth58e3b24   1000.00   1000.00     93.55    194.34      0.00      0.00      0.00      0.02

19:29:15        CPU     %user     %nice   %system   %iowait    %steal     %idle
19:29:16        all      6.23      0.00      7.01      0.00      0.00     86.75

19:29:15    kbmemfree   kbavail kbmemused  %memused kbbuffers  kbcached  kbcommit   %commit  kbactive   kbinact   kbdirty
19:29:16     14131516  15331224    687968      4.20     62096   1384184   2129968     13.01   1319088    664064       580

19:29:15        IFACE   rxpck/s   txpck/s    rxkB/s    txkB/s   rxcmp/s   txcmp/s  rxmcst/s   %ifutil
19:29:16           lo   2002.00   2002.00    260.65    260.65      0.00      0.00      0.00      0.00
19:29:16         ens4    402.00    201.00    130.12     55.12      0.00      0.00      0.00      0.00
19:29:16      docker0   1000.00   1000.00     79.88    194.34      0.00      0.00      0.00      0.00
19:29:16    veth58e3b24   1000.00   1000.00     93.55    194.34      0.00      0.00      0.00      0.02

19:29:16        CPU     %user     %nice   %system   %iowait    %steal     %idle
19:29:17        all      6.15      0.00      7.44      0.00      0.26     86.15

19:29:16    kbmemfree   kbavail kbmemused  %memused kbbuffers  kbcached  kbcommit   %commit  kbactive   kbinact   kbdirty
19:29:17     14131020  15330764    688352      4.20     62096   1384208   2129968     13.01   1319172    664100       604

19:29:16        IFACE   rxpck/s   txpck/s    rxkB/s    txkB/s   rxcmp/s   txcmp/s  rxmcst/s   %ifutil
19:29:17           lo   2008.00   2008.00    261.61    261.61      0.00      0.00      0.00      0.00
19:29:17         ens4    402.00    202.00    129.60     55.18      0.00      0.00      0.00      0.00
19:29:17      docker0   1000.00   1000.00     79.88    194.34      0.00      0.00      0.00      0.00
19:29:17    veth58e3b24   1000.00   1000.00     93.55    194.34      0.00      0.00      0.00      0.02

19:29:17        CPU     %user     %nice   %system   %iowait    %steal     %idle
19:29:18        all      6.96      0.00      7.22      0.00      0.52     85.31

19:29:17    kbmemfree   kbavail kbmemused  %memused kbbuffers  kbcached  kbcommit   %commit  kbactive   kbinact   kbdirty
19:29:18     14131020  15330788    688248      4.20     62096   1384232   2129968     13.01   1319208    664124       828

19:29:17        IFACE   rxpck/s   txpck/s    rxkB/s    txkB/s   rxcmp/s   txcmp/s  rxmcst/s   %ifutil
19:29:18           lo   2000.00   2000.00    260.55    260.55      0.00      0.00      0.00      0.00
19:29:18         ens4    413.00    215.00    132.58     63.73      0.00      0.00      0.00      0.00
19:29:18      docker0   1000.00   1000.00     79.88    194.34      0.00      0.00      0.00      0.00
19:29:18    veth58e3b24   1000.00   1000.00     93.55    194.34      0.00      0.00      0.00      0.02

19:29:18        CPU     %user     %nice   %system   %iowait    %steal     %idle
19:29:19        all      9.77      0.00     10.03      0.00      0.26     79.95

19:29:18    kbmemfree   kbavail kbmemused  %memused kbbuffers  kbcached  kbcommit   %commit  kbactive   kbinact   kbdirty
19:29:19     14131020  15330844    688160      4.20     62096   1384256   2133872     13.03   1322612    664180       852

19:29:18        IFACE   rxpck/s   txpck/s    rxkB/s    txkB/s   rxcmp/s   txcmp/s  rxmcst/s   %ifutil
19:29:19           lo   2000.00   2000.00    260.55    260.55      0.00      0.00      0.00      0.00
19:29:19         ens4    442.00    238.00    133.62    386.20      0.00      0.00      0.00      0.00
19:29:19      docker0   1000.00   1001.00     79.88    194.41      0.00      0.00      0.00      0.00
19:29:19    veth58e3b24   1000.00   1000.00     93.55    194.34      0.00      0.00      0.00      0.02

19:29:19        CPU     %user     %nice   %system   %iowait    %steal     %idle
19:29:20        all      8.59      0.00      7.03      0.26      0.00     84.11

19:29:19    kbmemfree   kbavail kbmemused  %memused kbbuffers  kbcached  kbcommit   %commit  kbactive   kbinact   kbdirty
19:29:20     14131020  15330820    688168      4.20     62100   1384276   2133872     13.03   1322688    664180       876

19:29:19        IFACE   rxpck/s   txpck/s    rxkB/s    txkB/s   rxcmp/s   txcmp/s  rxmcst/s   %ifutil
19:29:20           lo   2000.00   2000.00    260.55    260.55      0.00      0.00      0.00      0.00
19:29:20         ens4    558.00    407.00    141.13     70.22      0.00      0.00      0.00      0.00
19:29:20      docker0   1000.00    999.00     79.88    194.26      0.00      0.00      0.00      0.00
19:29:20    veth58e3b24   1000.00   1000.00     93.55    194.34      0.00      0.00      0.00      0.02

19:29:20        CPU     %user     %nice   %system   %iowait    %steal     %idle
19:29:21        all      6.94      0.00      6.43      0.00      0.51     86.12

19:29:20    kbmemfree   kbavail kbmemused  %memused kbbuffers  kbcached  kbcommit   %commit  kbactive   kbinact   kbdirty
19:29:21     14145768  15345604    673312      4.11     62100   1384308   2129968     13.01   1320948    664216       928

19:29:20        IFACE   rxpck/s   txpck/s    rxkB/s    txkB/s   rxcmp/s   txcmp/s  rxmcst/s   %ifutil
19:29:21           lo   1995.00   1995.00    259.64    259.64      0.00      0.00      0.00      0.00
19:29:21         ens4    403.00    202.00    129.30     55.26      0.00      0.00      0.00      0.00
19:29:21      docker0   1000.00   1000.00     79.88    194.34      0.00      0.00      0.00      0.00
19:29:21    veth58e3b24   1000.00   1000.00     93.55    194.34      0.00      0.00      0.00      0.02

19:29:21        CPU     %user     %nice   %system   %iowait    %steal     %idle
19:29:22        all      5.68      0.00      7.49      0.00      0.26     86.56

19:29:21    kbmemfree   kbavail kbmemused  %memused kbbuffers  kbcached  kbcommit   %commit  kbactive   kbinact   kbdirty
19:29:22     14145768  15345616    673232      4.11     62100   1384328   2129968     13.01   1320996    664228       952

19:29:21        IFACE   rxpck/s   txpck/s    rxkB/s    txkB/s   rxcmp/s   txcmp/s  rxmcst/s   %ifutil
19:29:22           lo   2005.00   2005.00    261.46    261.46      0.00      0.00      0.00      0.00
19:29:22         ens4    402.00    201.00    130.12     55.12      0.00      0.00      0.00      0.00
19:29:22      docker0   1000.00   1000.00     79.88    194.34      0.00      0.00      0.00      0.00
19:29:22    veth58e3b24   1000.00   1000.00     93.55    194.34      0.00      0.00      0.00      0.02

19:29:22        CPU     %user     %nice   %system   %iowait    %steal     %idle
19:29:23        all      5.53      0.00      6.58      0.00      0.26     87.63

19:29:22    kbmemfree   kbavail kbmemused  %memused kbbuffers  kbcached  kbcommit   %commit  kbactive   kbinact   kbdirty
19:29:23     14145768  15345628    673136      4.11     62100   1384348   2129968     13.01   1321004    664236       716

19:29:22        IFACE   rxpck/s   txpck/s    rxkB/s    txkB/s   rxcmp/s   txcmp/s  rxmcst/s   %ifutil
19:29:23           lo   1995.00   1995.00    259.64    259.64      0.00      0.00      0.00      0.00
19:29:23         ens4    399.00    200.00    128.91     55.08      0.00      0.00      0.00      0.00
19:29:23      docker0   1000.00   1000.00     79.88    194.34      0.00      0.00      0.00      0.00
19:29:23    veth58e3b24   1000.00   1000.00     93.55    194.34      0.00      0.00      0.00      0.02

19:29:23        CPU     %user     %nice   %system   %iowait    %steal     %idle
19:29:24        all      6.15      0.00      7.69      0.00      0.00     86.15

19:29:23    kbmemfree   kbavail kbmemused  %memused kbbuffers  kbcached  kbcommit   %commit  kbactive   kbinact   kbdirty
19:29:24     14145768  15345628    673040      4.11     62100   1384372   2129968     13.01   1321004    664236       740

19:29:23        IFACE   rxpck/s   txpck/s    rxkB/s    txkB/s   rxcmp/s   txcmp/s  rxmcst/s   %ifutil
19:29:24           lo   2000.00   2000.00    260.55    260.55      0.00      0.00      0.00      0.00
19:29:24         ens4    401.00    200.00    130.08     55.08      0.00      0.00      0.00      0.00
19:29:24      docker0   1000.00   1000.00     79.88    194.34      0.00      0.00      0.00      0.00
19:29:24    veth58e3b24   1000.00   1000.00     93.55    194.34      0.00      0.00      0.00      0.02

19:29:24        CPU     %user     %nice   %system   %iowait    %steal     %idle
19:29:25        all      6.11      0.00      8.40      0.00      0.76     84.73

19:29:24    kbmemfree   kbavail kbmemused  %memused kbbuffers  kbcached  kbcommit   %commit  kbactive   kbinact   kbdirty
19:29:25     14145768  15345656    672972      4.11     62104   1384396   2129968     13.01   1321036    664264       800

19:29:24        IFACE   rxpck/s   txpck/s    rxkB/s    txkB/s   rxcmp/s   txcmp/s  rxmcst/s   %ifutil
19:29:25           lo   2005.00   2005.00    261.46    261.46      0.00      0.00      0.00      0.00
19:29:25         ens4    402.00    201.00    129.62     55.14      0.00      0.00      0.00      0.00
19:29:25      docker0   1000.00   1000.00     79.88    194.34      0.00      0.00      0.00      0.00
19:29:25    veth58e3b24   1000.00   1000.00     93.55    194.34      0.00      0.00      0.00      0.02

19:29:25        CPU     %user     %nice   %system   %iowait    %steal     %idle
19:29:26        all      5.94      0.00      6.98      0.00      0.26     86.82

19:29:25    kbmemfree   kbavail kbmemused  %memused kbbuffers  kbcached  kbcommit   %commit  kbactive   kbinact   kbdirty
19:29:26     14145520  15345420    673092      4.11     62104   1384420   2129968     13.01   1321036    664276       152

19:29:25        IFACE   rxpck/s   txpck/s    rxkB/s    txkB/s   rxcmp/s   txcmp/s  rxmcst/s   %ifutil
19:29:26           lo   1995.00   1995.00    259.64    259.64      0.00      0.00      0.00      0.00
19:29:26         ens4    400.00    200.00    129.49     55.08      0.00      0.00      0.00      0.00
19:29:26      docker0   1000.00   1000.00     79.88    194.34      0.00      0.00      0.00      0.00
19:29:26    veth58e3b24   1000.00   1000.00     93.55    194.34      0.00      0.00      0.00      0.02

19:29:26        CPU     %user     %nice   %system   %iowait    %steal     %idle
19:29:27        all      5.91      0.00      8.23      0.00      0.00     85.86

19:29:26    kbmemfree   kbavail kbmemused  %memused kbbuffers  kbcached  kbcommit   %commit  kbactive   kbinact   kbdirty
19:29:27     14145268  15345240    673284      4.11     62104   1384440   2129968     13.01   1320684    664348       164

19:29:26        IFACE   rxpck/s   txpck/s    rxkB/s    txkB/s   rxcmp/s   txcmp/s  rxmcst/s   %ifutil
19:29:27           lo   2005.00   2005.00    261.46    261.46      0.00      0.00      0.00      0.00
19:29:27         ens4    401.00    202.00    129.59     55.25      0.00      0.00      0.00      0.00
19:29:27      docker0   1002.00   1003.00     79.99    195.18      0.00      0.00      0.00      0.00
19:29:27    veth58e3b24   1002.00   1003.00     93.69    195.18      0.00      0.00      0.00      0.02

19:29:27        CPU     %user     %nice   %system   %iowait    %steal     %idle
19:29:28        all      6.44      0.00      7.47      0.00      0.26     85.82

19:29:27    kbmemfree   kbavail kbmemused  %memused kbbuffers  kbcached  kbcommit   %commit  kbactive   kbinact   kbdirty
19:29:28     14144764  15344780    673720      4.11     62104   1384464   2133872     13.03   1322464    664392       192

19:29:27        IFACE   rxpck/s   txpck/s    rxkB/s    txkB/s   rxcmp/s   txcmp/s  rxmcst/s   %ifutil
19:29:28           lo   2000.00   2000.00    260.55    260.55      0.00      0.00      0.00      0.00
19:29:28         ens4    406.00    206.00    129.88     56.58      0.00      0.00      0.00      0.00
19:29:28      docker0   1000.00   1000.00     79.88    194.34      0.00      0.00      0.00      0.00
19:29:28    veth58e3b24   1000.00   1000.00     93.55    194.34      0.00      0.00      0.00      0.02

19:29:28        CPU     %user     %nice   %system   %iowait    %steal     %idle
19:29:29        all      6.44      0.00      7.22      0.00      0.52     85.82

19:29:28    kbmemfree   kbavail kbmemused  %memused kbbuffers  kbcached  kbcommit   %commit  kbactive   kbinact   kbdirty
19:29:29     14144764  15344784    673652      4.11     62104   1384484   2133872     13.03   1322520    664396       212

19:29:28        IFACE   rxpck/s   txpck/s    rxkB/s    txkB/s   rxcmp/s   txcmp/s  rxmcst/s   %ifutil
19:29:29           lo   2000.00   2000.00    260.55    260.55      0.00      0.00      0.00      0.00
19:29:29         ens4    405.00    204.00    130.83     55.86      0.00      0.00      0.00      0.00
19:29:29      docker0    998.00    997.00     79.77    193.49      0.00      0.00      0.00      0.00
19:29:29    veth58e3b24    998.00    997.00     93.42    193.49      0.00      0.00      0.00      0.02

19:29:29        CPU     %user     %nice   %system   %iowait    %steal     %idle
19:29:30        all      8.25      0.00      7.47      0.00      0.00     84.28

19:29:29    kbmemfree   kbavail kbmemused  %memused kbbuffers  kbcached  kbcommit   %commit  kbactive   kbinact   kbdirty
19:29:30     14152580  15352636    665752      4.07     62108   1384508   2129968     13.01   1320684    664428       352

19:29:29        IFACE   rxpck/s   txpck/s    rxkB/s    txkB/s   rxcmp/s   txcmp/s  rxmcst/s   %ifutil
19:29:30           lo   2004.00   2004.00    260.75    260.75      0.00      0.00      0.00      0.00
19:29:30         ens4    404.00    204.00    129.93     55.44      0.00      0.00      0.00      0.00
19:29:30      docker0   1001.00   1002.00     79.94    194.47      0.00      0.00      0.00      0.00
19:29:30    veth58e3b24   1001.00   1002.00     93.63    194.47      0.00      0.00      0.00      0.02

19:29:30        CPU     %user     %nice   %system   %iowait    %steal     %idle
19:29:31        all      6.15      0.00      7.69      0.00      0.26     85.90

19:29:30    kbmemfree   kbavail kbmemused  %memused kbbuffers  kbcached  kbcommit   %commit  kbactive   kbinact   kbdirty
19:29:31     14152084  15352140    666168      4.07     62108   1384532   2129968     13.01   1320684    664428       376

19:29:30        IFACE   rxpck/s   txpck/s    rxkB/s    txkB/s   rxcmp/s   txcmp/s  rxmcst/s   %ifutil
19:29:31           lo   2000.00   2000.00    260.55    260.55      0.00      0.00      0.00      0.00
19:29:31         ens4    402.00    200.00    129.62     55.08      0.00      0.00      0.00      0.00
19:29:31      docker0   1000.00   1000.00     79.88    194.34      0.00      0.00      0.00      0.00
19:29:31    veth58e3b24   1000.00   1000.00     93.55    194.34      0.00      0.00      0.00      0.02

19:29:31        CPU     %user     %nice   %system   %iowait    %steal     %idle
19:29:32        all      6.43      0.00      6.94      0.00      0.26     86.38

19:29:31    kbmemfree   kbavail kbmemused  %memused kbbuffers  kbcached  kbcommit   %commit  kbactive   kbinact   kbdirty
19:29:32     14151860  15351916    666316      4.07     62108   1384552   2129968     13.01   1320684    664428       396

19:29:31        IFACE   rxpck/s   txpck/s    rxkB/s    txkB/s   rxcmp/s   txcmp/s  rxmcst/s   %ifutil
19:29:32           lo   2000.00   2000.00    260.55    260.55      0.00      0.00      0.00      0.00
19:29:32         ens4    399.00    200.00    129.43     55.08      0.00      0.00      0.00      0.00
19:29:32      docker0   1000.00   1000.00     79.88    194.34      0.00      0.00      0.00      0.00
19:29:32    veth58e3b24   1000.00   1000.00     93.55    194.34      0.00      0.00      0.00      0.02

19:29:32        CPU     %user     %nice   %system   %iowait    %steal     %idle
19:29:33        all      6.17      0.00      7.20      0.00      0.51     86.12

19:29:32    kbmemfree   kbavail kbmemused  %memused kbbuffers  kbcached  kbcommit   %commit  kbactive   kbinact   kbdirty
19:29:33     14151860  15351936    666212      4.07     62108   1384576   2129968     13.01   1320684    664448       412

19:29:32        IFACE   rxpck/s   txpck/s    rxkB/s    txkB/s   rxcmp/s   txcmp/s  rxmcst/s   %ifutil
19:29:33           lo   2000.00   2000.00    260.55    260.55      0.00      0.00      0.00      0.00
19:29:33         ens4    401.00    200.00    129.56     55.08      0.00      0.00      0.00      0.00
19:29:33      docker0   1001.00   1001.00     79.93    195.04      0.00      0.00      0.00      0.00
19:29:33    veth58e3b24   1001.00   1001.00     93.62    195.04      0.00      0.00      0.00      0.02

19:29:33        CPU     %user     %nice   %system   %iowait    %steal     %idle
19:29:34        all      5.66      0.00      7.71      0.00      0.26     86.38

19:29:33    kbmemfree   kbavail kbmemused  %memused kbbuffers  kbcached  kbcommit   %commit  kbactive   kbinact   kbdirty
19:29:34     14151860  15351984    666108      4.07     62108   1384600   2129968     13.01   1320684    664496       440

19:29:33        IFACE   rxpck/s   txpck/s    rxkB/s    txkB/s   rxcmp/s   txcmp/s  rxmcst/s   %ifutil
19:29:34           lo   2000.00   2000.00    260.55    260.55      0.00      0.00      0.00      0.00
19:29:34         ens4    401.00    201.00    129.53     55.12      0.00      0.00      0.00      0.00
19:29:34      docker0    999.00    999.00     79.83    193.63      0.00      0.00      0.00      0.00
19:29:34    veth58e3b24    999.00    999.00     93.49    193.63      0.00      0.00      0.00      0.02

19:29:34        CPU     %user     %nice   %system   %iowait    %steal     %idle
19:29:35        all      2.04      0.00      2.29      0.00      0.00     95.67

19:29:34    kbmemfree   kbavail kbmemused  %memused kbbuffers  kbcached  kbcommit   %commit  kbactive   kbinact   kbdirty
19:29:35     14163832  15363976    654112      3.99     62112   1384604   2129968     13.01   1320584    664516       496

19:29:34        IFACE   rxpck/s   txpck/s    rxkB/s    txkB/s   rxcmp/s   txcmp/s  rxmcst/s   %ifutil
19:29:35           lo    535.00    535.00     69.44     69.44      0.00      0.00      0.00      0.00
19:29:35         ens4    121.00     66.00     36.51     17.40      0.00      0.00      0.00      0.00
19:29:35      docker0    269.00    268.00     21.51     52.33      0.00      0.00      0.00      0.00
19:29:35    veth58e3b24    269.00    268.00     25.19     52.33      0.00      0.00      0.00      0.00

19:29:35        CPU     %user     %nice   %system   %iowait    %steal     %idle
19:29:36        all      0.00      0.00      0.00      0.25      0.00     99.75

19:29:35    kbmemfree   kbavail kbmemused  %memused kbbuffers  kbcached  kbcommit   %commit  kbactive   kbinact   kbdirty
19:29:36     14163832  15364008    654100      3.99     62112   1384608   2129968     13.01   1320684    664548       332

19:29:35        IFACE   rxpck/s   txpck/s    rxkB/s    txkB/s   rxcmp/s   txcmp/s  rxmcst/s   %ifutil
19:29:36           lo      0.00      0.00      0.00      0.00      0.00      0.00      0.00      0.00
19:29:36         ens4      0.00      0.00      0.00      0.00      0.00      0.00      0.00      0.00
19:29:36      docker0      0.00      0.00      0.00      0.00      0.00      0.00      0.00      0.00
19:29:36    veth58e3b24      0.00      0.00      0.00      0.00      0.00      0.00      0.00      0.00

19:29:36        CPU     %user     %nice   %system   %iowait    %steal     %idle
19:29:37        all      0.50      0.00      0.25      0.00      0.00     99.25

19:29:36    kbmemfree   kbavail kbmemused  %memused kbbuffers  kbcached  kbcommit   %commit  kbactive   kbinact   kbdirty
19:29:37     14163832  15364008    654100      3.99     62112   1384608   2129968     13.01   1320684    664548       332

19:29:36        IFACE   rxpck/s   txpck/s    rxkB/s    txkB/s   rxcmp/s   txcmp/s  rxmcst/s   %ifutil
19:29:37           lo      0.00      0.00      0.00      0.00      0.00      0.00      0.00      0.00
19:29:37         ens4      0.00      0.00      0.00      0.00      0.00      0.00      0.00      0.00
19:29:37      docker0      0.00      0.00      0.00      0.00      0.00      0.00      0.00      0.00
19:29:37    veth58e3b24      0.00      0.00      0.00      0.00      0.00      0.00      0.00      0.00

19:29:37        CPU     %user     %nice   %system   %iowait    %steal     %idle
19:29:38        all      0.00      0.00      0.25      0.00      0.00     99.75

19:29:37    kbmemfree   kbavail kbmemused  %memused kbbuffers  kbcached  kbcommit   %commit  kbactive   kbinact   kbdirty
19:29:38     14163832  15364008    654100      3.99     62112   1384608   2129968     13.01   1320684    664548       324

19:29:37        IFACE   rxpck/s   txpck/s    rxkB/s    txkB/s   rxcmp/s   txcmp/s  rxmcst/s   %ifutil
19:29:38           lo      0.00      0.00      0.00      0.00      0.00      0.00      0.00      0.00
19:29:38         ens4      0.00      0.00      0.00      0.00      0.00      0.00      0.00      0.00
19:29:38      docker0      0.00      0.00      0.00      0.00      0.00      0.00      0.00      0.00
19:29:38    veth58e3b24      0.00      0.00      0.00      0.00      0.00      0.00      0.00      0.00

19:29:38        CPU     %user     %nice   %system   %iowait    %steal     %idle
19:29:39        all      0.00      0.00      0.00      0.00      0.00    100.00

19:29:38    kbmemfree   kbavail kbmemused  %memused kbbuffers  kbcached  kbcommit   %commit  kbactive   kbinact   kbdirty
19:29:39     14163832  15364008    654096      3.99     62112   1384612   2129968     13.01   1320684    664548       328

19:29:38        IFACE   rxpck/s   txpck/s    rxkB/s    txkB/s   rxcmp/s   txcmp/s  rxmcst/s   %ifutil
19:29:39           lo      0.00      0.00      0.00      0.00      0.00      0.00      0.00      0.00
19:29:39         ens4      0.00      0.00      0.00      0.00      0.00      0.00      0.00      0.00
19:29:39      docker0      0.00      0.00      0.00      0.00      0.00      0.00      0.00      0.00
19:29:39    veth58e3b24      0.00      0.00      0.00      0.00      0.00      0.00      0.00      0.00

19:29:39        CPU     %user     %nice   %system   %iowait    %steal     %idle
19:29:40        all      4.60      0.00      5.37      0.00      0.00     90.03

19:29:39    kbmemfree   kbavail kbmemused  %memused kbbuffers  kbcached  kbcommit   %commit  kbactive   kbinact   kbdirty
19:29:40     14162868  15363052    654952      4.00     62112   1384628   2129968     13.01   1320696    664548       352

19:29:39        IFACE   rxpck/s   txpck/s    rxkB/s    txkB/s   rxcmp/s   txcmp/s  rxmcst/s   %ifutil
19:29:40           lo   1470.00   1470.00    191.50    191.50      0.00      0.00      0.00      0.00
19:29:40         ens4    590.00    444.00    115.39     60.76      0.00      0.00      0.00      0.00
19:29:40      docker0    735.00    735.00     58.71    142.84      0.00      0.00      0.00      0.00
19:29:40    veth58e3b24    735.00    735.00     68.76    142.84      0.00      0.00      0.00      0.01

19:29:40        CPU     %user     %nice   %system   %iowait    %steal     %idle
19:29:41        all      6.44      0.00      7.47      0.00      0.26     85.82

19:29:40    kbmemfree   kbavail kbmemused  %memused kbbuffers  kbcached  kbcommit   %commit  kbactive   kbinact   kbdirty
19:29:41     14161140  15361388    656300      4.01     62112   1384648   2133872     13.03   1322444    664572       320

19:29:40        IFACE   rxpck/s   txpck/s    rxkB/s    txkB/s   rxcmp/s   txcmp/s  rxmcst/s   %ifutil
19:29:41           lo   2100.00   2100.00    273.57    273.57      0.00      0.00      0.00      0.00
19:29:41         ens4    528.00    318.00    143.36     65.25      0.00      0.00      0.00      0.00
19:29:41      docker0   1050.00   1050.00     83.88    204.05      0.00      0.00      0.00      0.00
19:29:41    veth58e3b24   1050.00   1050.00     98.23    204.05      0.00      0.00      0.00      0.02

19:29:41        CPU     %user     %nice   %system   %iowait    %steal     %idle
19:29:42        all      6.92      0.00      8.21      0.00      0.51     84.36

19:29:41    kbmemfree   kbavail kbmemused  %memused kbbuffers  kbcached  kbcommit   %commit  kbactive   kbinact   kbdirty
19:29:42     14161604  15361876    655708      4.00     62112   1384672   2133872     13.03   1322564    664596       500

19:29:41        IFACE   rxpck/s   txpck/s    rxkB/s    txkB/s   rxcmp/s   txcmp/s  rxmcst/s   %ifutil
19:29:42           lo   2165.00   2165.00    282.30    282.30      0.00      0.00      0.00      0.00
19:29:42         ens4    452.00    235.00    143.95     64.12      0.00      0.00      0.00      0.00
19:29:42      docker0   1082.00   1083.00     86.38    210.73      0.00      0.00      0.00      0.00
19:29:42    veth58e3b24   1082.00   1083.00    101.18    210.73      0.00      0.00      0.00      0.02

19:29:42        CPU     %user     %nice   %system   %iowait    %steal     %idle
19:29:43        all      7.22      0.00      7.47      0.00      0.26     85.05

19:29:42    kbmemfree   kbavail kbmemused  %memused kbbuffers  kbcached  kbcommit   %commit  kbactive   kbinact   kbdirty
19:29:43     14164988  15365284    652240      3.98     62112   1384700   2129968     13.01   1320696    664616       552

19:29:42        IFACE   rxpck/s   txpck/s    rxkB/s    txkB/s   rxcmp/s   txcmp/s  rxmcst/s   %ifutil
19:29:43           lo   2240.00   2240.00    291.81    291.81      0.00      0.00      0.00      0.00
19:29:43         ens4    452.00    226.00    145.42     61.87      0.00      0.00      0.00      0.00
19:29:43      docker0   1120.00   1120.00     89.47    217.66      0.00      0.00      0.00      0.00
19:29:43    veth58e3b24   1120.00   1120.00    104.78    217.66      0.00      0.00      0.00      0.02

19:29:43        CPU     %user     %nice   %system   %iowait    %steal     %idle
19:29:44        all      6.44      0.00      7.99      0.00      0.00     85.57

19:29:43    kbmemfree   kbavail kbmemused  %memused kbbuffers  kbcached  kbcommit   %commit  kbactive   kbinact   kbdirty
19:29:44     14164736  15365032    652412      3.98     62112   1384724   2129968     13.01   1320696    664616       576

19:29:43        IFACE   rxpck/s   txpck/s    rxkB/s    txkB/s   rxcmp/s   txcmp/s  rxmcst/s   %ifutil
19:29:44           lo   2315.00   2315.00    301.32    301.32      0.00      0.00      0.00      0.00
19:29:44         ens4    464.00    233.00    149.69     63.96      0.00      0.00      0.00      0.00
19:29:44      docker0   1158.00   1157.00     92.55    224.59      0.00      0.00      0.00      0.00
19:29:44    veth58e3b24   1158.00   1157.00    108.39    224.59      0.00      0.00      0.00      0.02

19:29:44        CPU     %user     %nice   %system   %iowait    %steal     %idle
19:29:45        all      6.23      0.00      8.31      0.00      0.26     85.19

19:29:44    kbmemfree   kbavail kbmemused  %memused kbbuffers  kbcached  kbcommit   %commit  kbactive   kbinact   kbdirty
19:29:45     14164736  15365040    652316      3.98     62116   1384752   2129968     13.01   1320696    664624       636

19:29:44        IFACE   rxpck/s   txpck/s    rxkB/s    txkB/s   rxcmp/s   txcmp/s  rxmcst/s   %ifutil
19:29:45           lo   2394.00   2394.00    311.56    311.56      0.00      0.00      0.00      0.00
19:29:45         ens4    477.00    239.00    154.68     65.82      0.00      0.00      0.00      0.00
19:29:45      docker0   1195.00   1195.00     95.46    232.23      0.00      0.00      0.00      0.00
19:29:45    veth58e3b24   1195.00   1195.00    111.80    232.23      0.00      0.00      0.00      0.02

19:29:45        CPU     %user     %nice   %system   %iowait    %steal     %idle
19:29:46        all      7.71      0.00      7.97      0.00      0.51     83.80

19:29:45    kbmemfree   kbavail kbmemused  %memused kbbuffers  kbcached  kbcommit   %commit  kbactive   kbinact   kbdirty
19:29:46     14164736  15365040    652216      3.98     62116   1384780   2129968     13.01   1320696    664624       668

19:29:45        IFACE   rxpck/s   txpck/s    rxkB/s    txkB/s   rxcmp/s   txcmp/s  rxmcst/s   %ifutil
19:29:46           lo   2460.00   2460.00    320.47    320.47      0.00      0.00      0.00      0.00
19:29:46         ens4    494.00    246.00    159.38     67.51      0.00      0.00      0.00      0.00
19:29:46      docker0   1230.00   1230.00     98.26    239.03      0.00      0.00      0.00      0.00
19:29:46    veth58e3b24   1230.00   1230.00    115.07    239.03      0.00      0.00      0.00      0.02

19:29:46        CPU     %user     %nice   %system   %iowait    %steal     %idle
19:29:47        all      7.22      0.00      8.25      0.26      0.26     84.02

19:29:46    kbmemfree   kbavail kbmemused  %memused kbbuffers  kbcached  kbcommit   %commit  kbactive   kbinact   kbdirty
19:29:47     14164736  15365068    652132      3.98     62116   1384808   2129968     13.01   1320696    664652       516

19:29:46        IFACE   rxpck/s   txpck/s    rxkB/s    txkB/s   rxcmp/s   txcmp/s  rxmcst/s   %ifutil
19:29:47           lo   2531.00   2531.00    329.65    329.65      0.00      0.00      0.00      0.00
19:29:47         ens4    513.00    258.00    168.44     70.60      0.00      0.00      0.00      0.00
19:29:47      docker0   1265.00   1265.00    101.05    245.83      0.00      0.00      0.00      0.00
19:29:47    veth58e3b24   1265.00   1265.00    118.35    245.83      0.00      0.00      0.00      0.02

19:29:47        CPU     %user     %nice   %system   %iowait    %steal     %idle
19:29:48        all      8.25      0.00      8.51      0.00      0.26     82.99

19:29:47    kbmemfree   kbavail kbmemused  %memused kbbuffers  kbcached  kbcommit   %commit  kbactive   kbinact   kbdirty
19:29:48     14164736  15365100    652032      3.98     62116   1384836   2129968     13.01   1320664    664684       544

19:29:47        IFACE   rxpck/s   txpck/s    rxkB/s    txkB/s   rxcmp/s   txcmp/s  rxmcst/s   %ifutil
19:29:48           lo   2609.00   2609.00    339.96    339.96      0.00      0.00      0.00      0.00
19:29:48         ens4    521.00    261.00    168.40     71.88      0.00      0.00      0.00      0.00
19:29:48      docker0   1305.00   1305.00    104.25    253.61      0.00      0.00      0.00      0.00
19:29:48    veth58e3b24   1305.00   1305.00    122.09    253.61      0.00      0.00      0.00      0.02

19:29:48        CPU     %user     %nice   %system   %iowait    %steal     %idle
19:29:49        all      7.99      0.00      9.02      0.00      0.52     82.47

19:29:48    kbmemfree   kbavail kbmemused  %memused kbbuffers  kbcached  kbcommit   %commit  kbactive   kbinact   kbdirty
19:29:49     14164736  15365128    651960      3.98     62116   1384868   2129968     13.01   1320664    664712       576

19:29:48        IFACE   rxpck/s   txpck/s    rxkB/s    txkB/s   rxcmp/s   txcmp/s  rxmcst/s   %ifutil
19:29:49           lo   2688.00   2688.00    350.33    350.33      0.00      0.00      0.00      0.00
19:29:49         ens4    537.00    268.00    174.10     73.80      0.00      0.00      0.00      0.00
19:29:49      docker0   1344.00   1344.00    107.39    261.32      0.00      0.00      0.00      0.00
19:29:49    veth58e3b24   1344.00   1344.00    125.77    261.32      0.00      0.00      0.00      0.02

19:29:49        CPU     %user     %nice   %system   %iowait    %steal     %idle
19:29:50        all      7.27      0.00      9.09      0.00      0.26     83.38

19:29:49    kbmemfree   kbavail kbmemused  %memused kbbuffers  kbcached  kbcommit   %commit  kbactive   kbinact   kbdirty
19:29:50     14164236  15364728    652364      3.98     62116   1384896   2129968     13.01   1320676    664812       540

19:29:49        IFACE   rxpck/s   txpck/s    rxkB/s    txkB/s   rxcmp/s   txcmp/s  rxmcst/s   %ifutil
19:29:50           lo   2757.00   2757.00    359.26    359.26      0.00      0.00      0.00      0.00
19:29:50         ens4    552.00    276.00    178.70     76.01      0.00      0.00      0.00      0.00
19:29:50      docker0   1378.00   1379.00    110.00    268.12      0.00      0.00      0.00      0.00
19:29:50    veth58e3b24   1378.00   1379.00    128.84    268.12      0.00      0.00      0.00      0.02

19:29:50        CPU     %user     %nice   %system   %iowait    %steal     %idle
19:29:51        all      7.53      0.00      9.09      0.00      0.00     83.38

19:29:50    kbmemfree   kbavail kbmemused  %memused kbbuffers  kbcached  kbcommit   %commit  kbactive   kbinact   kbdirty
19:29:51     14163984  15364524    652536      3.99     62116   1384928   2129968     13.01   1320752    664856       564

19:29:50        IFACE   rxpck/s   txpck/s    rxkB/s    txkB/s   rxcmp/s   txcmp/s  rxmcst/s   %ifutil
19:29:51           lo   2835.00   2835.00    369.07    369.07      0.00      0.00      0.00      0.00
19:29:51         ens4    567.00    284.00    183.30     78.21      0.00      0.00      0.00      0.00
19:29:51      docker0   1418.00   1417.00    113.32    275.11      0.00      0.00      0.00      0.00
19:29:51    veth58e3b24   1418.00   1417.00    132.71    275.11      0.00      0.00      0.00      0.02

19:29:51        CPU     %user     %nice   %system   %iowait    %steal     %idle
19:29:52        all      8.01      0.00      8.79      0.00      0.26     82.95

19:29:51    kbmemfree   kbavail kbmemused  %memused kbbuffers  kbcached  kbcommit   %commit  kbactive   kbinact   kbdirty
19:29:52     14163984  15364548    652444      3.98     62116   1384964   2129968     13.01   1320808    664880       596

19:29:51        IFACE   rxpck/s   txpck/s    rxkB/s    txkB/s   rxcmp/s   txcmp/s  rxmcst/s   %ifutil
19:29:52           lo   2905.00   2905.00    378.70    378.70      0.00      0.00      0.00      0.00
19:29:52         ens4    582.00    291.00    188.39     79.90      0.00      0.00      0.00      0.00
19:29:52      docker0   1452.00   1453.00    115.94    282.63      0.00      0.00      0.00      0.00
19:29:52    veth58e3b24   1452.00   1453.00    135.79    282.63      0.00      0.00      0.00      0.02

19:29:52        CPU     %user     %nice   %system   %iowait    %steal     %idle
19:29:53        all      7.81      0.00      8.33      0.00      0.52     83.33

19:29:52    kbmemfree   kbavail kbmemused  %memused kbbuffers  kbcached  kbcommit   %commit  kbactive   kbinact   kbdirty
19:29:53     14163984  15364584    652308      3.98     62116   1384996   2129968     13.01   1320952    664916       628

19:29:52        IFACE   rxpck/s   txpck/s    rxkB/s    txkB/s   rxcmp/s   txcmp/s  rxmcst/s   %ifutil
19:29:53           lo   2985.00   2985.00    388.61    388.61      0.00      0.00      0.00      0.00
19:29:53         ens4    596.00    298.00    192.94     82.07      0.00      0.00      0.00      0.00
19:29:53      docker0   1493.00   1492.00    119.32    289.69      0.00      0.00      0.00      0.00
19:29:53    veth58e3b24   1493.00   1492.00    139.73    289.69      0.00      0.00      0.00      0.02

19:29:53        CPU     %user     %nice   %system   %iowait    %steal     %idle
19:29:54        all      8.36      0.00      8.88      0.00      0.26     82.51

19:29:53    kbmemfree   kbavail kbmemused  %memused kbbuffers  kbcached  kbcommit   %commit  kbactive   kbinact   kbdirty
19:29:54     14163508  15364148    652696      3.99     62116   1385028   2129968     13.01   1321152    664956       660

19:29:53        IFACE   rxpck/s   txpck/s    rxkB/s    txkB/s   rxcmp/s   txcmp/s  rxmcst/s   %ifutil
19:29:54           lo   3050.00   3050.00    397.33    397.33      0.00      0.00      0.00      0.00
19:29:54         ens4    610.00    306.00    197.48     84.27      0.00      0.00      0.00      0.00
19:29:54      docker0   1525.00   1525.00    121.82    296.36      0.00      0.00      0.00      0.00
19:29:54    veth58e3b24   1525.00   1525.00    142.67    296.36      0.00      0.00      0.00      0.02

19:29:54        CPU     %user     %nice   %system   %iowait    %steal     %idle
19:29:55        all      8.88      0.00      8.36      0.26      0.26     82.25

19:29:54    kbmemfree   kbavail kbmemused  %memused kbbuffers  kbcached  kbcommit   %commit  kbactive   kbinact   kbdirty
19:29:55     14163508  15364176    652576      3.99     62124   1385064   2129968     13.01   1320672    664984       736

19:29:54        IFACE   rxpck/s   txpck/s    rxkB/s    txkB/s   rxcmp/s   txcmp/s  rxmcst/s   %ifutil
19:29:55           lo   3130.00   3130.00    407.76    407.76      0.00      0.00      0.00      0.00
19:29:55         ens4    627.00    314.00    202.72     86.26      0.00      0.00      0.00      0.00
19:29:55      docker0   1565.00   1565.00    125.02    304.14      0.00      0.00      0.00      0.00
19:29:55    veth58e3b24   1565.00   1565.00    146.41    304.14      0.00      0.00      0.00      0.02

19:29:55        CPU     %user     %nice   %system   %iowait    %steal     %idle
19:29:56        all      8.38      0.00      8.64      0.00      0.00     82.98

19:29:55    kbmemfree   kbavail kbmemused  %memused kbbuffers  kbcached  kbcommit   %commit  kbactive   kbinact   kbdirty
19:29:56     14163256  15363956    652708      3.99     62124   1385100   2129968     13.01   1320760    665016       772

19:29:55        IFACE   rxpck/s   txpck/s    rxkB/s    txkB/s   rxcmp/s   txcmp/s  rxmcst/s   %ifutil
19:29:56           lo   3205.00   3205.00    417.79    417.79      0.00      0.00      0.00      0.00
19:29:56         ens4    642.00    320.00    207.83     88.12      0.00      0.00      0.00      0.00
19:29:56      docker0   1600.00   1600.00    127.81    310.94      0.00      0.00      0.00      0.00
19:29:56    veth58e3b24   1600.00   1600.00    149.69    310.94      0.00      0.00      0.00      0.03

19:29:56        CPU     %user     %nice   %system   %iowait    %steal     %idle
19:29:57        all      8.59      0.00      8.59      0.00      0.78     82.03

19:29:56    kbmemfree   kbavail kbmemused  %memused kbbuffers  kbcached  kbcommit   %commit  kbactive   kbinact   kbdirty
19:29:57     14163008  15363764    652872      3.99     62124   1385136   2129968     13.01   1320960    665072       124

19:29:56        IFACE   rxpck/s   txpck/s    rxkB/s    txkB/s   rxcmp/s   txcmp/s  rxmcst/s   %ifutil
19:29:57           lo   3275.00   3275.00    426.39    426.39      0.00      0.00      0.00      0.00
19:29:57         ens4    654.00    328.00    211.72     90.33      0.00      0.00      0.00      0.00
19:29:57      docker0   1640.00   1640.00    131.01    318.71      0.00      0.00      0.00      0.00
19:29:57    veth58e3b24   1640.00   1640.00    153.43    318.71      0.00      0.00      0.00      0.03

19:29:57        CPU     %user     %nice   %system   %iowait    %steal     %idle
19:29:58        all      8.16      0.00      8.42      0.00      0.26     83.16

19:29:57    kbmemfree   kbavail kbmemused  %memused kbbuffers  kbcached  kbcommit   %commit  kbactive   kbinact   kbdirty
19:29:58     14162756  15363520    653032      3.99     62124   1385172   2129968     13.01   1321012    665080       164

19:29:57        IFACE   rxpck/s   txpck/s    rxkB/s    txkB/s   rxcmp/s   txcmp/s  rxmcst/s   %ifutil
19:29:58           lo   3350.00   3350.00    436.42    436.42      0.00      0.00      0.00      0.00
19:29:58         ens4    672.00    335.00    217.00     92.02      0.00      0.00      0.00      0.00
19:29:58      docker0   1675.00   1675.00    133.80    325.51      0.00      0.00      0.00      0.00
19:29:58    veth58e3b24   1675.00   1675.00    156.70    325.51      0.00      0.00      0.00      0.03

19:29:58        CPU     %user     %nice   %system   %iowait    %steal     %idle
19:29:59        all      8.95      0.00      9.47      0.00      0.00     81.58

19:29:58    kbmemfree   kbavail kbmemused  %memused kbbuffers  kbcached  kbcommit   %commit  kbactive   kbinact   kbdirty
19:29:59     14162256  15363052    653460      3.99     62124   1385208   2129968     13.01   1321044    665108       200

19:29:58        IFACE   rxpck/s   txpck/s    rxkB/s    txkB/s   rxcmp/s   txcmp/s  rxmcst/s   %ifutil
19:29:59           lo   3430.00   3430.00    454.36    454.36      0.00      0.00      0.00      0.00
19:29:59         ens4    689.00    348.00    222.53     96.35      0.00      0.00      0.00      0.00
19:29:59      docker0   1710.00   1710.00    136.60    332.31      0.00      0.00      0.00      0.00
19:29:59    veth58e3b24   1710.00   1710.00    159.98    332.31      0.00      0.00      0.00      0.03

19:29:59        CPU     %user     %nice   %system   %iowait    %steal     %idle
19:30:00        all      8.88      0.00      9.66      0.00      0.26     81.20

19:29:59    kbmemfree   kbavail kbmemused  %memused kbbuffers  kbcached  kbcommit   %commit  kbactive   kbinact   kbdirty
19:30:00     14162032  15362892    653644      3.99     62128   1385248   2129968     13.01   1321100    665172       252

19:29:59        IFACE   rxpck/s   txpck/s    rxkB/s    txkB/s   rxcmp/s   txcmp/s  rxmcst/s   %ifutil
19:30:00           lo   3495.00   3495.00    455.05    455.05      0.00      0.00      0.00      0.00
19:30:00         ens4    700.00    351.00    226.09     96.45      0.00      0.00      0.00      0.00
19:30:00      docker0   1750.00   1750.00    139.79    340.09      0.00      0.00      0.00      0.00
19:30:00    veth58e3b24   1750.00   1750.00    163.72    340.09      0.00      0.00      0.00      0.03

19:30:00        CPU     %user     %nice   %system   %iowait    %steal     %idle
19:30:01        all      9.04      0.00      8.78      0.00      0.27     81.91

19:30:00    kbmemfree   kbavail kbmemused  %memused kbbuffers  kbcached  kbcommit   %commit  kbactive   kbinact   kbdirty
19:30:01     14162032  15362916    653612      3.99     62128   1385292   2129968     13.01   1320740    665196       296

19:30:00        IFACE   rxpck/s   txpck/s    rxkB/s    txkB/s   rxcmp/s   txcmp/s  rxmcst/s   %ifutil
19:30:01           lo   3597.00   3597.00    490.25    490.25      0.00      0.00      0.00      0.00
19:30:01         ens4    718.00    361.00    232.15     98.99      0.00      0.00      0.00      0.00
19:30:01      docker0   1790.00   1790.00    142.99    347.86      0.00      0.00      0.00      0.00
19:30:01    veth58e3b24   1790.00   1790.00    167.46    347.86      0.00      0.00      0.00      0.03

19:30:01        CPU     %user     %nice   %system   %iowait    %steal     %idle
19:30:02        all      9.35      0.00     10.39      0.00      0.52     79.74

19:30:01    kbmemfree   kbavail kbmemused  %memused kbbuffers  kbcached  kbcommit   %commit  kbactive   kbinact   kbdirty
19:30:02     14161792  15362676    653744      3.99     62132   1385328   2129968     13.01   1320740    665196       336

19:30:01        IFACE   rxpck/s   txpck/s    rxkB/s    txkB/s   rxcmp/s   txcmp/s  rxmcst/s   %ifutil
19:30:02           lo   3640.00   3640.00    474.20    474.20      0.00      0.00      0.00      0.00
19:30:02         ens4    729.00    365.00    235.74    100.52      0.00      0.00      0.00      0.00
19:30:02      docker0   1820.00   1820.00    145.39    353.69      0.00      0.00      0.00      0.00
19:30:02    veth58e3b24   1820.00   1820.00    170.27    353.69      0.00      0.00      0.00      0.03

19:30:02        CPU     %user     %nice   %system   %iowait    %steal     %idle
19:30:03        all      8.88      0.00     10.97      0.00      0.52     79.63

19:30:02    kbmemfree   kbavail kbmemused  %memused kbbuffers  kbcached  kbcommit   %commit  kbactive   kbinact   kbdirty
19:30:03     14161304  15362256    654044      3.99     62132   1385372   2129968     13.01   1320748    665264       372

19:30:02        IFACE   rxpck/s   txpck/s    rxkB/s    txkB/s   rxcmp/s   txcmp/s  rxmcst/s   %ifutil
19:30:03           lo   3725.00   3725.00    485.53    485.53      0.00      0.00      0.00      0.00
19:30:03         ens4    744.00    372.00    241.37    102.45      0.00      0.00      0.00      0.00
19:30:03      docker0   1862.00   1863.00    148.69    362.31      0.00      0.00      0.00      0.00
19:30:03    veth58e3b24   1862.00   1863.00    174.15    362.31      0.00      0.00      0.00      0.03

19:30:03        CPU     %user     %nice   %system   %iowait    %steal     %idle
19:30:04        all      9.95      0.00     11.78      0.00      0.26     78.01

19:30:03    kbmemfree   kbavail kbmemused  %memused kbbuffers  kbcached  kbcommit   %commit  kbactive   kbinact   kbdirty
19:30:04     14161304  15362316    654008      3.99     62132   1385408   2129968     13.01   1320748    665324       412

19:30:03        IFACE   rxpck/s   txpck/s    rxkB/s    txkB/s   rxcmp/s   txcmp/s  rxmcst/s   %ifutil
19:30:04           lo   3795.00   3795.00    494.13    494.13      0.00      0.00      0.00      0.00
19:30:04         ens4    760.00    381.00    245.49    104.69      0.00      0.00      0.00      0.00
19:30:04      docker0   1898.00   1897.00    151.67    368.40      0.00      0.00      0.00      0.00
19:30:04    veth58e3b24   1898.00   1897.00    177.62    368.40      0.00      0.00      0.00      0.03

19:30:04        CPU     %user     %nice   %system   %iowait    %steal     %idle
19:30:05        all     10.42      0.00     11.46      0.00      0.78     77.34

19:30:04    kbmemfree   kbavail kbmemused  %memused kbbuffers  kbcached  kbcommit   %commit  kbactive   kbinact   kbdirty
19:30:05     14160828  15361848    654376      4.00     62132   1385460   2129968     13.01   1320748    665332       464

19:30:04        IFACE   rxpck/s   txpck/s    rxkB/s    txkB/s   rxcmp/s   txcmp/s  rxmcst/s   %ifutil
19:30:05           lo   3870.00   3870.00    504.16    504.16      0.00      0.00      0.00      0.00
19:30:05         ens4    824.00    437.00    253.79    109.80      0.00      0.00      0.00      0.00
19:30:05      docker0   1935.00   1935.00    154.57    376.04      0.00      0.00      0.00      0.00
19:30:05    veth58e3b24   1935.00   1935.00    181.03    376.04      0.00      0.00      0.00      0.03

19:30:05        CPU     %user     %nice   %system   %iowait    %steal     %idle
19:30:06        all     10.29      0.00     10.82      0.00      0.00     78.89

19:30:05    kbmemfree   kbavail kbmemused  %memused kbbuffers  kbcached  kbcommit   %commit  kbactive   kbinact   kbdirty
19:30:06     14160828  15361900    654304      4.00     62132   1385500   2129968     13.01   1320756    665384       504

19:30:05        IFACE   rxpck/s   txpck/s    rxkB/s    txkB/s   rxcmp/s   txcmp/s  rxmcst/s   %ifutil
19:30:06           lo   3945.00   3945.00    514.19    514.19      0.00      0.00      0.00      0.00
19:30:06         ens4    790.00    394.00    255.75    108.50      0.00      0.00      0.00      0.00
19:30:06      docker0   1970.00   1970.00    157.37    382.84      0.00      0.00      0.00      0.00
19:30:06    veth58e3b24   1970.00   1970.00    184.30    382.84      0.00      0.00      0.00      0.03

19:30:06        CPU     %user     %nice   %system   %iowait    %steal     %idle
19:30:07        all     10.18      0.00     12.27      0.00      0.26     77.28

19:30:06    kbmemfree   kbavail kbmemused  %memused kbbuffers  kbcached  kbcommit   %commit  kbactive   kbinact   kbdirty
19:30:07     14160828  15361904    654220      4.00     62132   1385544   2129968     13.01   1320756    665384       548

19:30:06        IFACE   rxpck/s   txpck/s    rxkB/s    txkB/s   rxcmp/s   txcmp/s  rxmcst/s   %ifutil
19:30:07           lo   4025.00   4025.00    524.09    524.09      0.00      0.00      0.00      0.00
19:30:07         ens4    804.00    403.00    260.28    110.98      0.00      0.00      0.00      0.00
19:30:07      docker0   2015.00   2015.00    160.96    391.59      0.00      0.00      0.00      0.00
19:30:07    veth58e3b24   2015.00   2015.00    188.51    391.59      0.00      0.00      0.00      0.03

19:30:07        CPU     %user     %nice   %system   %iowait    %steal     %idle
19:30:08        all     13.12      0.00     11.81      0.00      0.79     74.28

19:30:07    kbmemfree   kbavail kbmemused  %memused kbbuffers  kbcached  kbcommit   %commit  kbactive   kbinact   kbdirty
19:30:08     14160828  15362048    654192      4.00     62132   1385588   2129968     13.01   1320852    665528       592

19:30:07        IFACE   rxpck/s   txpck/s    rxkB/s    txkB/s   rxcmp/s   txcmp/s  rxmcst/s   %ifutil
19:30:08           lo   4140.00   4140.00    539.33    539.33      0.00      0.00      0.00      0.00
19:30:08         ens4    828.00    414.00    268.05    114.01      0.00      0.00      0.00      0.00
19:30:08      docker0   2070.00   2070.00    165.36    402.28      0.00      0.00      0.00      0.00
19:30:08    veth58e3b24   2070.00   2070.00    193.66    402.28      0.00      0.00      0.00      0.03

19:30:08        CPU     %user     %nice   %system   %iowait    %steal     %idle
19:30:09        all      9.95      0.00     11.29      0.00      0.00     78.76

19:30:08    kbmemfree   kbavail kbmemused  %memused kbbuffers  kbcached  kbcommit   %commit  kbactive   kbinact   kbdirty
19:30:09     14160588  15361864    654288      4.00     62132   1385636   2129968     13.01   1321016    665584       632

19:30:08        IFACE   rxpck/s   txpck/s    rxkB/s    txkB/s   rxcmp/s   txcmp/s  rxmcst/s   %ifutil
19:30:09           lo   4245.00   4245.00    553.27    553.27      0.00      0.00      0.00      0.00
19:30:09         ens4    850.00    424.00    275.17    116.77      0.00      0.00      0.00      0.00
19:30:09      docker0   2122.00   2123.00    169.46    412.83      0.00      0.00      0.00      0.00
19:30:09    veth58e3b24   2122.00   2123.00    198.47    412.83      0.00      0.00      0.00      0.03

19:30:09        CPU     %user     %nice   %system   %iowait    %steal     %idle
19:30:10        all     10.88      0.00     12.69      0.00      0.78     75.65

19:30:09    kbmemfree   kbavail kbmemused  %memused kbbuffers  kbcached  kbcommit   %commit  kbactive   kbinact   kbdirty
19:30:10     14160340  15361652    654408      4.00     62132   1385684   2129968     13.01   1321040    665620       684

19:30:09        IFACE   rxpck/s   txpck/s    rxkB/s    txkB/s   rxcmp/s   txcmp/s  rxmcst/s   %ifutil
19:30:10           lo   4360.00   4360.00    567.99    567.99      0.00      0.00      0.00      0.00
19:30:10         ens4    873.00    437.00    282.33    120.11      0.00      0.00      0.00      0.00
19:30:10      docker0   2180.00   2180.00    174.14    423.65      0.00      0.00      0.00      0.00
19:30:10    veth58e3b24   2180.00   2180.00    203.95    423.65      0.00      0.00      0.00      0.03

19:30:10        CPU     %user     %nice   %system   %iowait    %steal     %idle
19:30:11        all     11.70      0.00     11.17      0.00      0.27     76.86

19:30:10    kbmemfree   kbavail kbmemused  %memused kbbuffers  kbcached  kbcommit   %commit  kbactive   kbinact   kbdirty
19:30:11     14160340  15361664    654260      4.00     62132   1385736   2129968     13.01   1320848    665632       736

19:30:10        IFACE   rxpck/s   txpck/s    rxkB/s    txkB/s   rxcmp/s   txcmp/s  rxmcst/s   %ifutil
19:30:11           lo   4472.00   4472.00    582.56    582.56      0.00      0.00      0.00      0.00
19:30:11         ens4    895.00    448.00    289.48    123.16      0.00      0.00      0.00      0.00
19:30:11      docker0   2237.00   2236.00    178.78    434.41      0.00      0.00      0.00      0.00
19:30:11    veth58e3b24   2237.00   2236.00    209.36    434.41      0.00      0.00      0.00      0.04

19:30:11        CPU     %user     %nice   %system   %iowait    %steal     %idle
19:30:12        all     10.11      0.00     12.77      0.00      0.53     76.60

19:30:11    kbmemfree   kbavail kbmemused  %memused kbbuffers  kbcached  kbcommit   %commit  kbactive   kbinact   kbdirty
19:30:12     14160340  15361692    654180      4.00     62140   1385780   2129968     13.01   1320880    665660       784

19:30:11        IFACE   rxpck/s   txpck/s    rxkB/s    txkB/s   rxcmp/s   txcmp/s  rxmcst/s   %ifutil
19:30:12           lo   4583.00   4583.00    596.80    596.80      0.00      0.00      0.00      0.00
19:30:12         ens4    917.00    459.00    297.12    126.40      0.00      0.00      0.00      0.00
19:30:12      docker0   2291.00   2291.00    182.98    445.09      0.00      0.00      0.00      0.00
19:30:12    veth58e3b24   2291.00   2291.00    214.30    445.09      0.00      0.00      0.00      0.04

19:30:12        CPU     %user     %nice   %system   %iowait    %steal     %idle
19:30:13        all     11.47      0.00     12.53      0.00      0.00     76.00

19:30:12    kbmemfree   kbavail kbmemused  %memused kbbuffers  kbcached  kbcommit   %commit  kbactive   kbinact   kbdirty
19:30:13     14160340  15361816    654104      3.99     62140   1385832   2129968     13.01   1320548    665780       820

19:30:12        IFACE   rxpck/s   txpck/s    rxkB/s    txkB/s   rxcmp/s   txcmp/s  rxmcst/s   %ifutil
19:30:13           lo   4690.00   4690.00    610.98    610.98      0.00      0.00      0.00      0.00
19:30:13         ens4    938.00    469.00    303.66    129.16      0.00      0.00      0.00      0.00
19:30:13      docker0   2345.00   2345.00    187.33    455.72      0.00      0.00      0.00      0.00
19:30:13    veth58e3b24   2345.00   2345.00    219.39    455.72      0.00      0.00      0.00      0.04

19:30:13        CPU     %user     %nice   %system   %iowait    %steal     %idle
19:30:14        all     11.97      0.00     11.70      0.00      0.53     75.80

19:30:13    kbmemfree   kbavail kbmemused  %memused kbbuffers  kbcached  kbcommit   %commit  kbactive   kbinact   kbdirty
19:30:14     14160340  15361816    653980      3.99     62140   1385892   2129968     13.01   1320548    665780       888

19:30:13        IFACE   rxpck/s   txpck/s    rxkB/s    txkB/s   rxcmp/s   txcmp/s  rxmcst/s   %ifutil
19:30:14           lo   4809.00   4809.00    626.43    626.43      0.00      0.00      0.00      0.00
19:30:14         ens4    961.00    481.00    310.85    132.25      0.00      0.00      0.00      0.00
19:30:14      docker0   2400.00   2400.00    191.72    466.41      0.00      0.00      0.00      0.00
19:30:14    veth58e3b24   2400.00   2400.00    224.53    466.41      0.00      0.00      0.00      0.04

19:30:14        CPU     %user     %nice   %system   %iowait    %steal     %idle
19:30:15        all     11.73      0.00     12.80      0.00      0.53     74.93

19:30:14    kbmemfree   kbavail kbmemused  %memused kbbuffers  kbcached  kbcommit   %commit  kbactive   kbinact   kbdirty
19:30:15     14160340  15361828    653856      3.99     62140   1385940   2129968     13.01   1320548    665792       928

19:30:14        IFACE   rxpck/s   txpck/s    rxkB/s    txkB/s   rxcmp/s   txcmp/s  rxmcst/s   %ifutil
19:30:15           lo   4920.00   4920.00    640.95    640.95      0.00      0.00      0.00      0.00
19:30:15         ens4    983.00    492.00    318.49    135.49      0.00      0.00      0.00      0.00
19:30:15      docker0   2461.00   2462.00    196.57    478.20      0.00      0.00      0.00      0.00
19:30:15    veth58e3b24   2461.00   2462.00    230.22    478.20      0.00      0.00      0.00      0.04

19:30:15        CPU     %user     %nice   %system   %iowait    %steal     %idle
19:30:16        all     11.14      0.00     14.32      0.00      0.00     74.54

19:30:15    kbmemfree   kbavail kbmemused  %memused kbbuffers  kbcached  kbcommit   %commit  kbactive   kbinact   kbdirty
19:30:16     14160340  15361888    653848      3.99     62140   1385996   2129968     13.01   1320548    665852       988

19:30:15        IFACE   rxpck/s   txpck/s    rxkB/s    txkB/s   rxcmp/s   txcmp/s  rxmcst/s   %ifutil
19:30:16           lo   5027.00   5027.00    654.47    654.47      0.00      0.00      0.00      0.00
19:30:16         ens4   1006.00    504.00    325.13    138.56      0.00      0.00      0.00      0.00
19:30:16      docker0   2514.00   2513.00    200.85    488.62      0.00      0.00      0.00      0.00
19:30:16    veth58e3b24   2514.00   2513.00    235.22    488.62      0.00      0.00      0.00      0.04

19:30:16        CPU     %user     %nice   %system   %iowait    %steal     %idle
19:30:17        all     12.80      0.00     12.00      0.00      1.07     74.13

19:30:16    kbmemfree   kbavail kbmemused  %memused kbbuffers  kbcached  kbcommit   %commit  kbactive   kbinact   kbdirty
19:30:17     14160340  15362008    653744      3.99     62148   1386052   2129968     13.01   1320548    665972      1048

19:30:16        IFACE   rxpck/s   txpck/s    rxkB/s    txkB/s   rxcmp/s   txcmp/s  rxmcst/s   %ifutil
19:30:17           lo   5143.00   5143.00    669.76    669.76      0.00      0.00      0.00      0.00
19:30:17         ens4   1030.00    516.00    332.90    141.66      0.00      0.00      0.00      0.00
19:30:17      docker0   2570.00   2570.00    205.30    499.44      0.00      0.00      0.00      0.00
19:30:17    veth58e3b24   2570.00   2570.00    240.44    499.44      0.00      0.00      0.00      0.04

19:30:17        CPU     %user     %nice   %system   %iowait    %steal     %idle
19:30:18        all     12.23      0.00     15.69      0.00      0.00     72.07

19:30:17    kbmemfree   kbavail kbmemused  %memused kbbuffers  kbcached  kbcommit   %commit  kbactive   kbinact   kbdirty
19:30:18     14160092  15361944    653740      3.99     62152   1386240   2129968     13.01   1320688    666036      1304

19:30:17        IFACE   rxpck/s   txpck/s    rxkB/s    txkB/s   rxcmp/s   txcmp/s  rxmcst/s   %ifutil
19:30:18           lo   5245.00   5245.00    683.54    683.54      0.00      0.00      0.00      0.00
19:30:18         ens4   1063.00    538.00    343.02    152.88      0.00      0.00      0.00      0.00
19:30:18      docker0   2622.00   2623.00    209.40    510.00      0.00      0.00      0.00      0.00
19:30:18    veth58e3b24   2622.00   2623.00    245.25    510.00      0.00      0.00      0.00      0.04

19:30:18        CPU     %user     %nice   %system   %iowait    %steal     %idle
19:30:19        all     18.47      0.00     19.26      0.00      0.53     61.74

19:30:18    kbmemfree   kbavail kbmemused  %memused kbbuffers  kbcached  kbcommit   %commit  kbactive   kbinact   kbdirty
19:30:19     14149532  15351508    664120      4.06     62152   1386300   2129968     13.01   1327452    666136      1364

19:30:18        IFACE   rxpck/s   txpck/s    rxkB/s    txkB/s   rxcmp/s   txcmp/s  rxmcst/s   %ifutil
19:30:19           lo   5360.00   5360.00    698.27    698.27      0.00      0.00      0.00      0.00
19:30:19         ens4   1106.00    570.00    350.63    479.47      0.00      0.00      0.00      0.00
19:30:19      docker0   2680.00   2680.00    214.09    520.82      0.00      0.00      0.00      0.00
19:30:19    veth58e3b24   2680.00   2680.00    250.73    520.82      0.00      0.00      0.00      0.04

19:30:19        CPU     %user     %nice   %system   %iowait    %steal     %idle
19:30:20        all     13.30      0.00     14.36      0.00      0.53     71.81

19:30:19    kbmemfree   kbavail kbmemused  %memused kbbuffers  kbcached  kbcommit   %commit  kbactive   kbinact   kbdirty
19:30:20     14149532  15351540    664052      4.06     62152   1386356   2129968     13.01   1327544    666164      1420

19:30:19        IFACE   rxpck/s   txpck/s    rxkB/s    txkB/s   rxcmp/s   txcmp/s  rxmcst/s   %ifutil
19:30:20           lo   5470.00   5470.00    712.60    712.60      0.00      0.00      0.00      0.00
19:30:20         ens4   1093.00    548.00    354.10    150.70      0.00      0.00      0.00      0.00
19:30:20      docker0   2735.00   2735.00    218.48    531.51      0.00      0.00      0.00      0.00
19:30:20    veth58e3b24   2735.00   2735.00    255.87    531.51      0.00      0.00      0.00      0.04

19:30:20        CPU     %user     %nice   %system   %iowait    %steal     %idle
19:30:21        all     13.98      0.00     16.09      0.00      0.53     69.39

19:30:20    kbmemfree   kbavail kbmemused  %memused kbbuffers  kbcached  kbcommit   %commit  kbactive   kbinact   kbdirty
19:30:21     14149308  15351356    664188      4.06     62152   1386420   2129968     13.01   1327612    666204      1476

19:30:20        IFACE   rxpck/s   txpck/s    rxkB/s    txkB/s   rxcmp/s   txcmp/s  rxmcst/s   %ifutil
19:30:21           lo   5585.00   5585.00    727.32    727.32      0.00      0.00      0.00      0.00
19:30:21         ens4   1117.00    559.00    361.35    153.94      0.00      0.00      0.00      0.00
19:30:21      docker0   2793.00   2792.00    223.16    542.33      0.00      0.00      0.00      0.00
19:30:21    veth58e3b24   2793.00   2792.00    261.35    542.33      0.00      0.00      0.00      0.04

19:30:21        CPU     %user     %nice   %system   %iowait    %steal     %idle
19:30:22        all     14.32      0.00     15.12      0.00      0.80     69.76

19:30:21    kbmemfree   kbavail kbmemused  %memused kbbuffers  kbcached  kbcommit   %commit  kbactive   kbinact   kbdirty
19:30:22     14149308  15351424    664056      4.06     62152   1386484   2129968     13.01   1327644    666272      1380

19:30:21        IFACE   rxpck/s   txpck/s    rxkB/s    txkB/s   rxcmp/s   txcmp/s  rxmcst/s   %ifutil
19:30:22           lo   5695.00   5695.00    742.17    742.17      0.00      0.00      0.00      0.00
19:30:22         ens4   1140.00    569.00    369.03    156.46      0.00      0.00      0.00      0.00
19:30:22      docker0   2847.00   2848.00    227.38    553.73      0.00      0.00      0.00      0.00
19:30:22    veth58e3b24   2847.00   2848.00    266.30    553.73      0.00      0.00      0.00      0.05

19:30:22        CPU     %user     %nice   %system   %iowait    %steal     %idle
19:30:23        all     14.36      0.00     15.69      0.00      0.27     69.68

19:30:22    kbmemfree   kbavail kbmemused  %memused kbbuffers  kbcached  kbcommit   %commit  kbactive   kbinact   kbdirty
19:30:23     14149060  15351248    664168      4.06     62152   1386548   2129968     13.01   1327340    666344      1452

19:30:22        IFACE   rxpck/s   txpck/s    rxkB/s    txkB/s   rxcmp/s   txcmp/s  rxmcst/s   %ifutil
19:30:23           lo   5800.00   5800.00    755.59    755.59      0.00      0.00      0.00      0.00
19:30:23         ens4   1162.00    582.00    375.66    160.15      0.00      0.00      0.00      0.00
19:30:23      docker0   2900.00   2900.00    231.66    563.57      0.00      0.00      0.00      0.00
19:30:23    veth58e3b24   2900.00   2900.00    271.31    563.57      0.00      0.00      0.00      0.05

19:30:23        CPU     %user     %nice   %system   %iowait    %steal     %idle
19:30:24        all     14.96      0.00     15.75      0.00      1.05     68.24

19:30:23    kbmemfree   kbavail kbmemused  %memused kbbuffers  kbcached  kbcommit   %commit  kbactive   kbinact   kbdirty
19:30:24     14149060  15351252    664084      4.06     62152   1386612   2129968     13.01   1327340    666344      1516

19:30:23        IFACE   rxpck/s   txpck/s    rxkB/s    txkB/s   rxcmp/s   txcmp/s  rxmcst/s   %ifutil
19:30:24           lo   5915.00   5915.00    770.31    770.31      0.00      0.00      0.00      0.00
19:30:24         ens4   1185.00    593.00    383.44    163.15      0.00      0.00      0.00      0.00
19:30:24      docker0   2958.00   2957.00    236.34    574.39      0.00      0.00      0.00      0.00
19:30:24    veth58e3b24   2958.00   2957.00    276.79    574.39      0.00      0.00      0.00      0.05

19:30:24        CPU     %user     %nice   %system   %iowait    %steal     %idle
19:30:25        all     14.75      0.00     15.03      0.00      0.00     70.22

19:30:24    kbmemfree   kbavail kbmemused  %memused kbbuffers  kbcached  kbcommit   %commit  kbactive   kbinact   kbdirty
19:30:25     14149060  15351372    663956      4.05     62152   1386676   2129968     13.01   1327340    666464      1580

19:30:24        IFACE   rxpck/s   txpck/s    rxkB/s    txkB/s   rxcmp/s   txcmp/s  rxmcst/s   %ifutil
19:30:25           lo   6030.00   6030.00    785.55    785.55      0.00      0.00      0.00      0.00
19:30:25         ens4   1205.00    603.00    389.84    166.06      0.00      0.00      0.00      0.00
19:30:25      docker0   3015.00   3015.00    240.85    585.92      0.00      0.00      0.00      0.00
19:30:25    veth58e3b24   3015.00   3015.00    282.07    585.92      0.00      0.00      0.00      0.05

19:30:25        CPU     %user     %nice   %system   %iowait    %steal     %idle
19:30:26        all     16.76      0.00     16.49      0.00      1.06     65.69

19:30:25    kbmemfree   kbavail kbmemused  %memused kbbuffers  kbcached  kbcommit   %commit  kbactive   kbinact   kbdirty
19:30:26     14148812  15351232    664080      4.06     62152   1386744   2129968     13.01   1319340    666572      1576

19:30:25        IFACE   rxpck/s   txpck/s    rxkB/s    txkB/s   rxcmp/s   txcmp/s  rxmcst/s   %ifutil
19:30:26           lo   6140.00   6140.00    799.88    799.88      0.00      0.00      0.00      0.00
19:30:26         ens4   1225.00    613.00    397.35    168.81      0.00      0.00      0.00      0.00
19:30:26      docker0   3070.00   3070.00    245.24    596.61      0.00      0.00      0.00      0.00
19:30:26    veth58e3b24   3070.00   3070.00    287.21    596.61      0.00      0.00      0.00      0.05

19:30:26        CPU     %user     %nice   %system   %iowait    %steal     %idle
19:30:27        all     15.99      0.00     13.82      0.00      0.00     70.19

19:30:26    kbmemfree   kbavail kbmemused  %memused kbbuffers  kbcached  kbcommit   %commit  kbactive   kbinact   kbdirty
19:30:27     14148564  15351020    664196      4.06     62152   1386812   2129968     13.01   1319348    666608        92

19:30:26        IFACE   rxpck/s   txpck/s    rxkB/s    txkB/s   rxcmp/s   txcmp/s  rxmcst/s   %ifutil
19:30:27           lo   6248.00   6248.00    814.11    814.11      0.00      0.00      0.00      0.00
19:30:27         ens4   1253.00    625.00    404.86    172.12      0.00      0.00      0.00      0.00
19:30:27      docker0   3124.00   3124.00    249.58    607.24      0.00      0.00      0.00      0.00
19:30:27    veth58e3b24   3124.00   3124.00    292.29    607.24      0.00      0.00      0.00      0.05

19:30:27        CPU     %user     %nice   %system   %iowait    %steal     %idle
19:30:28        all     14.84      0.00     14.29      0.00      0.55     70.33

19:30:27    kbmemfree   kbavail kbmemused  %memused kbbuffers  kbcached  kbcommit   %commit  kbactive   kbinact   kbdirty
19:30:28     14148564  15351024    664104      4.06     62152   1386884   2129968     13.01   1319348    666608       192

19:30:27        IFACE   rxpck/s   txpck/s    rxkB/s    txkB/s   rxcmp/s   txcmp/s  rxmcst/s   %ifutil
19:30:28           lo   6362.00   6362.00    829.16    829.16      0.00      0.00      0.00      0.00
19:30:28         ens4   1274.00    637.00    412.41    175.19      0.00      0.00      0.00      0.00
19:30:28      docker0   3178.00   3179.00    253.79    617.92      0.00      0.00      0.00      0.00
19:30:28    veth58e3b24   3178.00   3179.00    297.24    617.92      0.00      0.00      0.00      0.05

19:30:28        CPU     %user     %nice   %system   %iowait    %steal     %idle
19:30:29        all     14.89      0.00     17.82      0.00      0.80     66.49

19:30:28    kbmemfree   kbavail kbmemused  %memused kbbuffers  kbcached  kbcommit   %commit  kbactive   kbinact   kbdirty
19:30:29     14148324  15350824    664236      4.06     62152   1386956   2129968     13.01   1319348    666668       264

19:30:28        IFACE   rxpck/s   txpck/s    rxkB/s    txkB/s   rxcmp/s   txcmp/s  rxmcst/s   %ifutil
19:30:29           lo   6440.00   6440.00    838.44    838.44      0.00      0.00      0.00      0.00
19:30:29         ens4   1619.00   1174.00    438.30    211.26      0.00      0.00      0.00      0.00
19:30:29      docker0   3223.00   3222.00    257.51    625.89      0.00      0.00      0.00      0.00
19:30:29    veth58e3b24   3223.00   3222.00    301.58    625.89      0.00      0.00      0.00      0.05

19:30:29        CPU     %user     %nice   %system   %iowait    %steal     %idle
19:30:30        all     15.28      0.00     17.43      0.00      0.27     67.02

19:30:29    kbmemfree   kbavail kbmemused  %memused kbbuffers  kbcached  kbcommit   %commit  kbactive   kbinact   kbdirty
19:30:30     14148324  15350996    664084      4.06     62152   1387028   2129968     13.01   1319348    666848       336

19:30:29        IFACE   rxpck/s   txpck/s    rxkB/s    txkB/s   rxcmp/s   txcmp/s  rxmcst/s   %ifutil
19:30:30           lo   6609.00   6609.00    860.92    860.92      0.00      0.00      0.00      0.00
19:30:30         ens4   1595.00    932.00    446.61    200.34      0.00      0.00      0.00      0.00
19:30:30      docker0   3303.00   3304.00    263.91    642.22      0.00      0.00      0.00      0.00
19:30:30    veth58e3b24   3303.00   3304.00    309.07    642.22      0.00      0.00      0.00      0.05

19:30:30        CPU     %user     %nice   %system   %iowait    %steal     %idle
19:30:31        all     15.24      0.00     18.18      0.00      0.27     66.31

19:30:30    kbmemfree   kbavail kbmemused  %memused kbbuffers  kbcached  kbcommit   %commit  kbactive   kbinact   kbdirty
19:30:31     14148324  15351004    663936      4.05     62152   1387100   2129968     13.01   1319348    666848       408

19:30:30        IFACE   rxpck/s   txpck/s    rxkB/s    txkB/s   rxcmp/s   txcmp/s  rxmcst/s   %ifutil
19:30:31           lo   6700.00   6700.00    872.83    872.83      0.00      0.00      0.00      0.00
19:30:31         ens4   1339.00    670.00    433.73    184.51      0.00      0.00      0.00      0.00
19:30:31      docker0   3349.00   3349.00    267.42    650.96      0.00      0.00      0.00      0.00
19:30:31    veth58e3b24   3349.00   3349.00    313.21    650.96      0.00      0.00      0.00      0.05

19:30:31        CPU     %user     %nice   %system   %iowait    %steal     %idle
19:30:32        all     15.55      0.00     17.43      0.00      0.80     66.22

19:30:31    kbmemfree   kbavail kbmemused  %memused kbbuffers  kbcached  kbcommit   %commit  kbactive   kbinact   kbdirty
19:30:32     14148100  15350896    664008      4.06     62152   1387176   2129968     13.01   1319564    666964       484

19:30:31        IFACE   rxpck/s   txpck/s    rxkB/s    txkB/s   rxcmp/s   txcmp/s  rxmcst/s   %ifutil
19:30:32           lo   6805.00   6805.00    886.25    886.25      0.00      0.00      0.00      0.00
19:30:32         ens4   1361.00    681.00    440.34    187.54      0.00      0.00      0.00      0.00
19:30:32      docker0   3403.00   3402.00    271.89    660.87      0.00      0.00      0.00      0.00
19:30:32    veth58e3b24   3403.00   3402.00    318.42    660.87      0.00      0.00      0.00      0.05

19:30:32        CPU     %user     %nice   %system   %iowait    %steal     %idle
19:30:33        all     15.01      0.00     18.23      0.27      0.54     65.95

19:30:32    kbmemfree   kbavail kbmemused  %memused kbbuffers  kbcached  kbcommit   %commit  kbactive   kbinact   kbdirty
19:30:33     14148100  15350960    663908      4.05     62152   1387248   2129968     13.01   1319600    667024       544

19:30:32        IFACE   rxpck/s   txpck/s    rxkB/s    txkB/s   rxcmp/s   txcmp/s  rxmcst/s   %ifutil
19:30:33           lo   6915.00   6915.00    901.10    901.10      0.00      0.00      0.00      0.00
19:30:33         ens4   1382.00    690.00    447.91    190.02      0.00      0.00      0.00      0.00
19:30:33      docker0   3457.00   3458.00    276.24    672.27      0.00      0.00      0.00      0.00
19:30:33    veth58e3b24   3457.00   3458.00    323.51    672.27      0.00      0.00      0.00      0.06

19:30:33        CPU     %user     %nice   %system   %iowait    %steal     %idle
19:30:35        all     17.69      0.00     16.62      0.00      0.54     65.15

19:30:33    kbmemfree   kbavail kbmemused  %memused kbbuffers  kbcached  kbcommit   %commit  kbactive   kbinact   kbdirty
19:30:35     14148100  15350988    663768      4.05     62152   1387332   2129968     13.01   1319632    667052       632

19:30:33        IFACE   rxpck/s   txpck/s    rxkB/s    txkB/s   rxcmp/s   txcmp/s  rxmcst/s   %ifutil
19:30:35           lo   7025.00   7025.00    914.91    914.91      0.00      0.00      0.00      0.00
19:30:35         ens4   1406.00    704.00    454.62    193.64      0.00      0.00      0.00      0.00
19:30:35      docker0   3513.00   3512.00    280.54    682.25      0.00      0.00      0.00      0.00
19:30:35    veth58e3b24   3513.00   3512.00    328.57    682.25      0.00      0.00      0.00      0.06

19:30:35        CPU     %user     %nice   %system   %iowait    %steal     %idle
19:30:36        all     17.11      0.00     17.38      0.00      0.53     64.97

19:30:35    kbmemfree   kbavail kbmemused  %memused kbbuffers  kbcached  kbcommit   %commit  kbactive   kbinact   kbdirty
19:30:36     14147852  15350884    663852      4.05     62152   1387404   2129968     13.01   1319260    667196       704

19:30:35        IFACE   rxpck/s   txpck/s    rxkB/s    txkB/s   rxcmp/s   txcmp/s  rxmcst/s   %ifutil
19:30:36           lo   7145.00   7145.00    931.06    931.06      0.00      0.00      0.00      0.00
19:30:36         ens4   1480.00    765.00    466.16    200.13      0.00      0.00      0.00      0.00
19:30:36      docker0   3570.00   3570.00    285.18    693.78      0.00      0.00      0.00      0.00
19:30:36    veth58e3b24   3570.00   3570.00    333.99    693.78      0.00      0.00      0.00      0.06

19:30:36        CPU     %user     %nice   %system   %iowait    %steal     %idle
19:30:37        all     16.22      0.00     18.38      0.00      0.00     65.41

19:30:36    kbmemfree   kbavail kbmemused  %memused kbbuffers  kbcached  kbcommit   %commit  kbactive   kbinact   kbdirty
19:30:37     14147612  15350708    663972      4.05     62152   1387484   2129968     13.01   1319264    667252       784

19:30:36        IFACE   rxpck/s   txpck/s    rxkB/s    txkB/s   rxcmp/s   txcmp/s  rxmcst/s   %ifutil
19:30:37           lo   7255.00   7255.00    944.87    944.87      0.00      0.00      0.00      0.00
19:30:37         ens4   1451.00    726.00    469.47    199.93      0.00      0.00      0.00      0.00
19:30:37      docker0   3630.00   3630.00    289.97    705.44      0.00      0.00      0.00      0.00
19:30:37    veth58e3b24   3630.00   3630.00    339.60    705.44      0.00      0.00      0.00      0.06

19:30:37        CPU     %user     %nice   %system   %iowait    %steal     %idle
19:30:38        all     16.22      0.00     17.84      0.00      1.08     64.86

19:30:37    kbmemfree   kbavail kbmemused  %memused kbbuffers  kbcached  kbcommit   %commit  kbactive   kbinact   kbdirty
19:30:38     14147108  15350324    664328      4.06     62152   1387572   2133872     13.03   1321056    667368       872

19:30:37        IFACE   rxpck/s   txpck/s    rxkB/s    txkB/s   rxcmp/s   txcmp/s  rxmcst/s   %ifutil
19:30:38           lo   7375.00   7375.00    961.03    961.03      0.00      0.00      0.00      0.00
19:30:38         ens4   1480.00    742.00    479.07    204.42      0.00      0.00      0.00      0.00
19:30:38      docker0   3686.00   3686.00    294.43    716.20      0.00      0.00      0.00      0.00
19:30:38    veth58e3b24   3686.00   3686.00    344.82    716.20      0.00      0.00      0.00      0.06

19:30:38        CPU     %user     %nice   %system   %iowait    %steal     %idle
19:30:39        all     17.49      0.00     17.49      0.00      0.00     65.03

19:30:38    kbmemfree   kbavail kbmemused  %memused kbbuffers  kbcached  kbcommit   %commit  kbactive   kbinact   kbdirty
19:30:39     14147108  15350352    664276      4.06     62160   1387652   2133872     13.03   1321144    667400       952

19:30:38        IFACE   rxpck/s   txpck/s    rxkB/s    txkB/s   rxcmp/s   txcmp/s  rxmcst/s   %ifutil
19:30:39           lo   7490.00   7490.00    975.75    975.75      0.00      0.00      0.00      0.00
19:30:39         ens4   1503.00    754.00    485.38    207.16      0.00      0.00      0.00      0.00
19:30:39      docker0   3746.00   3747.00    299.21    728.56      0.00      0.00      0.00      0.00
19:30:39    veth58e3b24   3746.00   3747.00    350.43    728.56      0.00      0.00      0.00      0.06

19:30:39        CPU     %user     %nice   %system   %iowait    %steal     %idle
19:30:39        all     17.74      0.00     18.01      0.00      1.08     63.17

19:30:39    kbmemfree   kbavail kbmemused  %memused kbbuffers  kbcached  kbcommit   %commit  kbactive   kbinact   kbdirty
19:30:39     14158224  15361568    653028      3.99     62160   1387728   2129968     13.01   1319272    667496      1184

19:30:39        IFACE   rxpck/s   txpck/s    rxkB/s    txkB/s   rxcmp/s   txcmp/s  rxmcst/s   %ifutil
19:30:39           lo   7605.00   7605.00    990.47    990.47      0.00      0.00      0.00      0.00
19:30:39         ens4   1526.00    766.00    492.59    209.96      0.00      0.00      0.00      0.00
19:30:39      docker0   3803.00   3802.00    303.84    738.61      0.00      0.00      0.00      0.00
19:30:39    veth58e3b24   3803.00   3802.00    355.84    738.61      0.00      0.00      0.00      0.06

19:30:39        CPU     %user     %nice   %system   %iowait    %steal     %idle
19:30:40        all     21.08      0.00     18.92      0.00      0.00     60.00

19:30:39    kbmemfree   kbavail kbmemused  %memused kbbuffers  kbcached  kbcommit   %commit  kbactive   kbinact   kbdirty
19:30:40     14157288  15360728    653784      3.99     62160   1387816   2129968     13.01   1319272    667600      1308

19:30:39        IFACE   rxpck/s   txpck/s    rxkB/s    txkB/s   rxcmp/s   txcmp/s  rxmcst/s   %ifutil
19:30:40           lo   7725.00   7725.00   1006.62   1006.62      0.00      0.00      0.00      0.00
19:30:40         ens4   1558.00    785.00    502.47    215.17      0.00      0.00      0.00      0.00
19:30:40      docker0   3861.00   3861.00    308.41    750.21      0.00      0.00      0.00      0.00
19:30:40    veth58e3b24   3861.00   3861.00    361.19    750.21      0.00      0.00      0.00      0.06

19:30:40        CPU     %user     %nice   %system   %iowait    %steal     %idle
19:30:41        all     18.60      0.00     18.87      0.00      0.54     61.99

19:30:40    kbmemfree   kbavail kbmemused  %memused kbbuffers  kbcached  kbcommit   %commit  kbactive   kbinact   kbdirty
19:30:41     14157288  15360728    653660      3.99     62160   1387900   2129968     13.01   1319272    667600      1392

19:30:40        IFACE   rxpck/s   txpck/s    rxkB/s    txkB/s   rxcmp/s   txcmp/s  rxmcst/s   %ifutil
19:30:41           lo   7830.00   7830.00   1020.04   1020.04      0.00      0.00      0.00      0.00
19:30:41         ens4   1567.00    783.00    507.54    215.63      0.00      0.00      0.00      0.00
19:30:41      docker0   3915.00   3916.00    312.74    760.89      0.00      0.00      0.00      0.00
19:30:41    veth58e3b24   3915.00   3916.00    366.27    760.89      0.00      0.00      0.00      0.06

19:30:41        CPU     %user     %nice   %system   %iowait    %steal     %idle
19:30:42        all     17.79      0.00     19.68      0.00      0.54     61.99

19:30:41    kbmemfree   kbavail kbmemused  %memused kbbuffers  kbcached  kbcommit   %commit  kbactive   kbinact   kbdirty
19:30:42     14156784  15360432    653932      3.99     62160   1387988   2129968     13.01   1319364    667808      1480

19:30:41        IFACE   rxpck/s   txpck/s    rxkB/s    txkB/s   rxcmp/s   txcmp/s  rxmcst/s   %ifutil
19:30:42           lo   7952.00   7952.00   1036.43   1036.43      0.00      0.00      0.00      0.00
19:30:42         ens4   1590.00    794.00    514.73    218.66      0.00      0.00      0.00      0.00
19:30:42      docker0   3975.00   3975.00    317.53    773.13      0.00      0.00      0.00      0.00
19:30:42    veth58e3b24   3975.00   3975.00    371.88    773.13      0.00      0.00      0.00      0.06

19:30:42        CPU     %user     %nice   %system   %iowait    %steal     %idle
19:30:43        all     17.74      0.00     19.89      0.00      0.54     61.83

19:30:42    kbmemfree   kbavail kbmemused  %memused kbbuffers  kbcached  kbcommit   %commit  kbactive   kbinact   kbdirty
19:30:43     14156784  15360540    653780      3.99     62160   1388076   2129968     13.01   1319620    667912      1584

19:30:42        IFACE   rxpck/s   txpck/s    rxkB/s    txkB/s   rxcmp/s   txcmp/s  rxmcst/s   %ifutil
19:30:43           lo   8068.00   8068.00   1050.55   1050.55      0.00      0.00      0.00      0.00
19:30:43         ens4   1613.00    808.00    521.92    222.52      0.00      0.00      0.00      0.00
19:30:43      docker0   4036.00   4036.00    322.38    784.21      0.00      0.00      0.00      0.00
19:30:43    veth58e3b24   4036.00   4036.00    377.56    784.21      0.00      0.00      0.00      0.06

19:30:43        CPU     %user     %nice   %system   %iowait    %steal     %idle
19:30:45        all     18.78      0.00     20.11      0.00      0.26     60.85

19:30:43    kbmemfree   kbavail kbmemused  %memused kbbuffers  kbcached  kbcommit   %commit  kbactive   kbinact   kbdirty
19:30:45     14156784  15360600    653652      3.99     62160   1388164   2129968     13.01   1319272    667972      1480

19:30:43        IFACE   rxpck/s   txpck/s    rxkB/s    txkB/s   rxcmp/s   txcmp/s  rxmcst/s   %ifutil
19:30:45           lo   8180.00   8180.00   1065.64   1065.64      0.00      0.00      0.00      0.00
19:30:45         ens4   1636.00    818.00    529.62    225.27      0.00      0.00      0.00      0.00
19:30:45      docker0   4089.00   4089.00    326.67    794.77      0.00      0.00      0.00      0.00
19:30:45    veth58e3b24   4089.00   4089.00    382.57    794.77      0.00      0.00      0.00      0.07

19:30:45        CPU     %user     %nice   %system   %iowait    %steal     %idle
19:30:46        all     18.16      0.00     20.05      0.00      0.81     60.98

19:30:45    kbmemfree   kbavail kbmemused  %memused kbbuffers  kbcached  kbcommit   %commit  kbactive   kbinact   kbdirty
19:30:46     14156308  15360200    654040      3.99     62160   1388260   2129968     13.01   1319272    668056      1564

19:30:45        IFACE   rxpck/s   txpck/s    rxkB/s    txkB/s   rxcmp/s   txcmp/s  rxmcst/s   %ifutil
19:30:46           lo   8304.00   8304.00   1081.47   1081.47      0.00      0.00      0.00      0.00
19:30:46         ens4   1660.00    831.00    537.39    228.64      0.00      0.00      0.00      0.00
19:30:46      docker0   4151.00   4151.00    331.56    806.56      0.00      0.00      0.00      0.00
19:30:46    veth58e3b24   4151.00   4151.00    388.32    806.56      0.00      0.00      0.00      0.07

19:30:46        CPU     %user     %nice   %system   %iowait    %steal     %idle
19:30:47        all     18.87      0.00     21.02      0.00      0.00     60.11

19:30:46    kbmemfree   kbavail kbmemused  %memused kbbuffers  kbcached  kbcommit   %commit  kbactive   kbinact   kbdirty
19:30:47     14156068  15359972    654128      3.99     62160   1388352   2129968     13.01   1319272    668056      1660

19:30:46        IFACE   rxpck/s   txpck/s    rxkB/s    txkB/s   rxcmp/s   txcmp/s  rxmcst/s   %ifutil
19:30:47           lo   8405.00   8405.00   1094.69   1094.69      0.00      0.00      0.00      0.00
19:30:47         ens4   1683.00    842.00    544.56    231.64      0.00      0.00      0.00      0.00
19:30:47      docker0   4203.00   4202.00    335.80    816.34      0.00      0.00      0.00      0.00
19:30:47    veth58e3b24   4203.00   4202.00    393.26    816.34      0.00      0.00      0.00      0.07

19:30:47        CPU     %user     %nice   %system   %iowait    %steal     %idle
19:30:48        all     19.30      0.00     20.38      0.00      0.80     59.52

19:30:47    kbmemfree   kbavail kbmemused  %memused kbbuffers  kbcached  kbcommit   %commit  kbactive   kbinact   kbdirty
19:30:48     14155820  15359936    654256      4.00     62160   1388440   2129968     13.01   1319212    668268      1748

19:30:47        IFACE   rxpck/s   txpck/s    rxkB/s    txkB/s   rxcmp/s   txcmp/s  rxmcst/s   %ifutil
19:30:48           lo   8530.00   8530.00   1111.23   1111.23      0.00      0.00      0.00      0.00
19:30:48         ens4   1713.00    857.00    556.40    235.56      0.00      0.00      0.00      0.00
19:30:48      docker0   4265.00   4265.00    340.70    828.84      0.00      0.00      0.00      0.00
19:30:48    veth58e3b24   4265.00   4265.00    399.01    828.84      0.00      0.00      0.00      0.07

19:30:48        CPU     %user     %nice   %system   %iowait    %steal     %idle
19:30:49        all     19.25      0.00     21.39      0.00      0.27     59.09

19:30:48    kbmemfree   kbavail kbmemused  %memused kbbuffers  kbcached  kbcommit   %commit  kbactive   kbinact   kbdirty
19:30:49     14155596  15359748    654396      4.00     62168   1388536   2129968     13.01   1319236    668296      1852

19:30:48        IFACE   rxpck/s   txpck/s    rxkB/s    txkB/s   rxcmp/s   txcmp/s  rxmcst/s   %ifutil
19:30:49           lo   8650.00   8650.00   1126.87   1126.87      0.00      0.00      0.00      0.00
19:30:49         ens4   1729.00    864.00    559.99    237.94      0.00      0.00      0.00      0.00
19:30:49      docker0   4324.00   4324.00    345.44    840.44      0.00      0.00      0.00      0.00
19:30:49    veth58e3b24   4324.00   4324.00    404.56    840.44      0.00      0.00      0.00      0.07

19:30:49        CPU     %user     %nice   %system   %iowait    %steal     %idle
19:30:50        all     19.36      0.00     21.49      0.00      0.53     58.62

19:30:49    kbmemfree   kbavail kbmemused  %memused kbbuffers  kbcached  kbcommit   %commit  kbactive   kbinact   kbdirty
19:30:50     14155596  15359844    654284      4.00     62168   1388628   2129968     13.01   1319236    668388      1940

19:30:49        IFACE   rxpck/s   txpck/s    rxkB/s    txkB/s   rxcmp/s   txcmp/s  rxmcst/s   %ifutil
19:30:50           lo   8755.00   8755.00   1140.80   1140.80      0.00      0.00      0.00      0.00
19:30:50         ens4   1749.00    876.00    566.46    241.24      0.00      0.00      0.00      0.00
19:30:50      docker0   4378.00   4379.00    349.65    851.13      0.00      0.00      0.00      0.00
19:30:50    veth58e3b24   4378.00   4379.00    409.50    851.13      0.00      0.00      0.00      0.07

19:30:50        CPU     %user     %nice   %system   %iowait    %steal     %idle
19:30:50        all     19.68      0.00     20.75      0.00      1.08     58.49

19:30:50    kbmemfree   kbavail kbmemused  %memused kbbuffers  kbcached  kbcommit   %commit  kbactive   kbinact   kbdirty
19:30:50     14155596  15359956    654164      4.00     62168   1388732   2129968     13.01   1319240    668500      2044

19:30:50        IFACE   rxpck/s   txpck/s    rxkB/s    txkB/s   rxcmp/s   txcmp/s  rxmcst/s   %ifutil
19:30:50           lo   8870.00   8870.00   1155.53   1155.53      0.00      0.00      0.00      0.00
19:30:50         ens4   1825.00    987.00    577.58    250.72      0.00      0.00      0.00      0.00
19:30:50      docker0   4435.00   4435.00    354.28    861.88      0.00      0.00      0.00      0.00
19:30:50    veth58e3b24   4435.00   4435.00    414.92    861.88      0.00      0.00      0.00      0.07

19:30:50        CPU     %user     %nice   %system   %iowait    %steal     %idle
19:30:52        all     22.49      0.00     21.68      0.00      0.00     55.83

19:30:50    kbmemfree   kbavail kbmemused  %memused kbbuffers  kbcached  kbcommit   %commit  kbactive   kbinact   kbdirty
19:30:52     14155596  15360064    653912      3.99     62168   1388832   2129968     13.01   1319240    668604      2136

19:30:50        IFACE   rxpck/s   txpck/s    rxkB/s    txkB/s   rxcmp/s   txcmp/s  rxmcst/s   %ifutil
19:30:52           lo   8990.00   8990.00   1171.16   1171.16      0.00      0.00      0.00      0.00
19:30:52         ens4   1799.00    899.00    582.13    247.58      0.00      0.00      0.00      0.00
19:30:52      docker0   4496.00   4496.00    359.26    873.60      0.00      0.00      0.00      0.00
19:30:52    veth58e3b24   4496.00   4496.00    420.73    873.60      0.00      0.00      0.00      0.07

19:30:52        CPU     %user     %nice   %system   %iowait    %steal     %idle
19:30:53        all     20.80      0.00     21.33      0.00      0.80     57.07

19:30:52    kbmemfree   kbavail kbmemused  %memused kbbuffers  kbcached  kbcommit   %commit  kbactive   kbinact   kbdirty
19:30:53     14155596  15360160    653796      3.99     62168   1388924   2129968     13.01   1319240    668700      2204

19:30:52        IFACE   rxpck/s   txpck/s    rxkB/s    txkB/s   rxcmp/s   txcmp/s  rxmcst/s   %ifutil
19:30:53           lo   9108.00   9108.00   1186.69   1186.69      0.00      0.00      0.00      0.00
19:30:53         ens4   1822.00    911.00    589.81    250.65      0.00      0.00      0.00      0.00
19:30:53      docker0   4553.00   4553.00    363.63    885.07      0.00      0.00      0.00      0.00
19:30:53    veth58e3b24   4553.00   4553.00    425.88    885.07      0.00      0.00      0.00      0.07

19:30:53        CPU     %user     %nice   %system   %iowait    %steal     %idle
19:30:54        all     21.02      0.00     22.91      0.27      0.27     55.53

19:30:53    kbmemfree   kbavail kbmemused  %memused kbbuffers  kbcached  kbcommit   %commit  kbactive   kbinact   kbdirty
19:30:54     14155596  15360292    653736      3.99     62172   1389028   2129968     13.01   1319340    668840      2308

19:30:53        IFACE   rxpck/s   txpck/s    rxkB/s    txkB/s   rxcmp/s   txcmp/s  rxmcst/s   %ifutil
19:30:54           lo   9217.00   9217.00   1200.31   1200.31      0.00      0.00      0.00      0.00
19:30:54         ens4   1844.00    923.00    596.96    254.19      0.00      0.00      0.00      0.00
19:30:54      docker0   4609.00   4608.00    368.20    895.11      0.00      0.00      0.00      0.00
19:30:54    veth58e3b24   4609.00   4608.00    431.21    895.11      0.00      0.00      0.00      0.07

19:30:54        CPU     %user     %nice   %system   %iowait    %steal     %idle
19:30:55        all     21.35      0.00     21.62      0.00      1.08     55.95

19:30:54    kbmemfree   kbavail kbmemused  %memused kbbuffers  kbcached  kbcommit   %commit  kbactive   kbinact   kbdirty
19:30:55     14155596  15360420    653560      3.99     62172   1389132   2129968     13.01   1319572    668968      2412

19:30:54        IFACE   rxpck/s   txpck/s    rxkB/s    txkB/s   rxcmp/s   txcmp/s  rxmcst/s   %ifutil
19:30:55           lo   9340.00   9340.00   1216.75   1216.75      0.00      0.00      0.00      0.00
19:30:55         ens4   2012.00   1222.00    613.49    274.85      0.00      0.00      0.00      0.00
19:30:55      docker0   4670.00   4670.00    373.05    907.55      0.00      0.00      0.00      0.00
19:30:55    veth58e3b24   4670.00   4670.00    436.90    907.55      0.00      0.00      0.00      0.07

19:30:55        CPU     %user     %nice   %system   %iowait    %steal     %idle
19:30:56        all     22.67      0.00     23.47      0.00      0.53     53.33

19:30:55    kbmemfree   kbavail kbmemused  %memused kbbuffers  kbcached  kbcommit   %commit  kbactive   kbinact   kbdirty
19:30:56     14155596  15360424    653496      3.99     62172   1389232   2129968     13.01   1319612    668988      2512

19:30:55        IFACE   rxpck/s   txpck/s    rxkB/s    txkB/s   rxcmp/s   txcmp/s  rxmcst/s   %ifutil
19:30:56           lo   9450.00   9450.00   1231.08   1231.08      0.00      0.00      0.00      0.00
19:30:56         ens4   2351.00   1459.00    643.65    294.89      0.00      0.00      0.00      0.00
19:30:56      docker0   4725.00   4725.00    377.45    918.24      0.00      0.00      0.00      0.00
19:30:56    veth58e3b24   4725.00   4725.00    442.05    918.24      0.00      0.00      0.00      0.08

19:30:56        CPU     %user     %nice   %system   %iowait    %steal     %idle
19:30:57        all     20.81      0.00     23.51      0.00      0.27     55.41

19:30:56    kbmemfree   kbavail kbmemused  %memused kbbuffers  kbcached  kbcommit   %commit  kbactive   kbinact   kbdirty
19:30:57     14155344  15360368    653628      3.99     62172   1389340   2133872     13.03   1321168    669184      2620

19:30:56        IFACE   rxpck/s   txpck/s    rxkB/s    txkB/s   rxcmp/s   txcmp/s  rxmcst/s   %ifutil
19:30:57           lo   9571.00   9571.00   1247.42   1247.42      0.00      0.00      0.00      0.00
19:30:57         ens4   1921.00    964.00    621.16    265.28      0.00      0.00      0.00      0.00
19:30:57      docker0   4785.00   4786.00    382.25    930.61      0.00      0.00      0.00      0.00
19:30:57    veth58e3b24   4785.00   4786.00    447.67    930.61      0.00      0.00      0.00      0.08

19:30:57        CPU     %user     %nice   %system   %iowait    %steal     %idle
19:30:58        all     21.98      0.00     23.32      0.00      0.80     53.89

19:30:57    kbmemfree   kbavail kbmemused  %memused kbbuffers  kbcached  kbcommit   %commit  kbactive   kbinact   kbdirty
19:30:58     14160516  15365644    648292      3.96     62172   1389440   2129968     13.01   1319304    669276      2896

19:30:57        IFACE   rxpck/s   txpck/s    rxkB/s    txkB/s   rxcmp/s   txcmp/s  rxmcst/s   %ifutil
19:30:58           lo   9679.00   9679.00   1260.86   1260.86      0.00      0.00      0.00      0.00
19:30:58         ens4   1954.00    983.00    629.26    269.56      0.00      0.00      0.00      0.00
19:30:58      docker0   4839.00   4840.00    386.44    940.59      0.00      0.00      0.00      0.00
19:30:58    veth58e3b24   4839.00   4840.00    452.60    940.59      0.00      0.00      0.00      0.08

19:30:58        CPU     %user     %nice   %system   %iowait    %steal     %idle
19:30:59        all     22.19      0.00     22.99      0.27      0.27     54.28

19:30:58    kbmemfree   kbavail kbmemused  %memused kbbuffers  kbcached  kbcommit   %commit  kbactive   kbinact   kbdirty
19:30:59     14160268  15365532    648424      3.96     62180   1389548   2129968     13.01   1319388    669412       336

19:30:58        IFACE   rxpck/s   txpck/s    rxkB/s    txkB/s   rxcmp/s   txcmp/s  rxmcst/s   %ifutil
19:30:59           lo   9800.00   9800.00   1276.68   1276.68      0.00      0.00      0.00      0.00
19:30:59         ens4   1964.00    983.00    634.83    270.19      0.00      0.00      0.00      0.00
19:30:59      docker0   4899.00   4899.00    391.38    951.54      0.00      0.00      0.00      0.00
19:30:59    veth58e3b24   4899.00   4899.00    458.35    951.54      0.00      0.00      0.00      0.08

19:30:59        CPU     %user     %nice   %system   %iowait    %steal     %idle
19:31:00        all     21.93      0.00     23.53      0.00      0.80     53.74

19:30:59    kbmemfree   kbavail kbmemused  %memused kbbuffers  kbcached  kbcommit   %commit  kbactive   kbinact   kbdirty
19:31:00     14159528  15364888    648968      3.96     62180   1389664   2129968     13.01   1320084    669516       404

19:30:59        IFACE   rxpck/s   txpck/s    rxkB/s    txkB/s   rxcmp/s   txcmp/s  rxmcst/s   %ifutil
19:31:00           lo   9915.00   9915.00   1298.37   1298.37      0.00      0.00      0.00      0.00
19:31:00         ens4   1983.00    994.00    641.41    274.67      0.00      0.00      0.00      0.00
19:31:00      docker0   4957.00   4955.00    396.05    962.93      0.00      0.00      0.00      0.00
19:31:00    veth58e3b24   4957.00   4955.00    463.82    962.93      0.00      0.00      0.00      0.08

19:31:00        CPU     %user     %nice   %system   %iowait    %steal     %idle
19:31:01        all      5.33      0.00      6.60      0.00      0.00     88.07

19:31:00    kbmemfree   kbavail kbmemused  %memused kbbuffers  kbcached  kbcommit   %commit  kbactive   kbinact   kbdirty
19:31:01     14159052  15364436    649384      3.97     62180   1389692   2129968     13.01   1320188    669532       432

19:31:00        IFACE   rxpck/s   txpck/s    rxkB/s    txkB/s   rxcmp/s   txcmp/s  rxmcst/s   %ifutil
19:31:01           lo   2544.55   2544.55    331.49    331.49      0.00      0.00      0.00      0.00
19:31:01         ens4    514.85    256.44    165.13     70.41      0.00      0.00      0.00      0.00
19:31:01      docker0   1272.28   1272.28    101.63    247.25      0.00      0.00      0.00      0.00
19:31:01    veth58e3b24   1272.28   1272.28    119.03    247.25      0.00      0.00      0.00      0.02

19:31:01        CPU     %user     %nice   %system   %iowait    %steal     %idle
19:31:02        all      0.75      0.00      0.50      0.00      0.00     98.75

19:31:01    kbmemfree   kbavail kbmemused  %memused kbbuffers  kbcached  kbcommit   %commit  kbactive   kbinact   kbdirty
19:31:02     14159052  15364468    649384      3.97     62180   1389692   2129968     13.01   1320080    669564       432

19:31:01        IFACE   rxpck/s   txpck/s    rxkB/s    txkB/s   rxcmp/s   txcmp/s  rxmcst/s   %ifutil
19:31:02           lo     17.00     17.00     23.87     23.87      0.00      0.00      0.00      0.00
19:31:02         ens4      3.00      4.00      0.43      0.68      0.00      0.00      0.00      0.00
19:31:02      docker0      0.00      0.00      0.00      0.00      0.00      0.00      0.00      0.00
19:31:02    veth58e3b24      0.00      0.00      0.00      0.00      0.00      0.00      0.00      0.00

19:31:02        CPU     %user     %nice   %system   %iowait    %steal     %idle
19:31:03        all      0.25      0.00      0.00      0.00      0.00     99.75

19:31:02    kbmemfree   kbavail kbmemused  %memused kbbuffers  kbcached  kbcommit   %commit  kbactive   kbinact   kbdirty
19:31:03     14159052  15364468    649384      3.97     62180   1389692   2129968     13.01   1320212    669564       248

19:31:02        IFACE   rxpck/s   txpck/s    rxkB/s    txkB/s   rxcmp/s   txcmp/s  rxmcst/s   %ifutil
19:31:03           lo      0.00      0.00      0.00      0.00      0.00      0.00      0.00      0.00
19:31:03         ens4      0.00      0.00      0.00      0.00      0.00      0.00      0.00      0.00
19:31:03      docker0      0.00      0.00      0.00      0.00      0.00      0.00      0.00      0.00
19:31:03    veth58e3b24      0.00      0.00      0.00      0.00      0.00      0.00      0.00      0.00

19:31:03        CPU     %user     %nice   %system   %iowait    %steal     %idle
19:31:04        all      0.00      0.00      0.25      0.00      0.00     99.75

19:31:03    kbmemfree   kbavail kbmemused  %memused kbbuffers  kbcached  kbcommit   %commit  kbactive   kbinact   kbdirty
19:31:04     14158800  15364224    649624      3.97     62184   1389696   2129968     13.01   1320320    669568        96

19:31:03        IFACE   rxpck/s   txpck/s    rxkB/s    txkB/s   rxcmp/s   txcmp/s  rxmcst/s   %ifutil
19:31:04           lo      0.00      0.00      0.00      0.00      0.00      0.00      0.00      0.00
19:31:04         ens4      0.00      0.00      0.00      0.00      0.00      0.00      0.00      0.00
19:31:04      docker0      0.00      0.00      0.00      0.00      0.00      0.00      0.00      0.00
19:31:04    veth58e3b24      0.00      0.00      0.00      0.00      0.00      0.00      0.00      0.00

19:31:04        CPU     %user     %nice   %system   %iowait    %steal     %idle
19:31:05        all      0.00      0.00      0.00      0.00      0.00    100.00

19:31:04    kbmemfree   kbavail kbmemused  %memused kbbuffers  kbcached  kbcommit   %commit  kbactive   kbinact   kbdirty
19:31:05     14158800  15364224    649624      3.97     62184   1389696   2129968     13.01   1320408    669568        88

19:31:04        IFACE   rxpck/s   txpck/s    rxkB/s    txkB/s   rxcmp/s   txcmp/s  rxmcst/s   %ifutil
19:31:05           lo      0.00      0.00      0.00      0.00      0.00      0.00      0.00      0.00
19:31:05         ens4      1.00      1.00      0.04      0.04      0.00      0.00      0.00      0.00
19:31:05      docker0      0.00      0.00      0.00      0.00      0.00      0.00      0.00      0.00
19:31:05    veth58e3b24      0.00      0.00      0.00      0.00      0.00      0.00      0.00      0.00

19:31:05        CPU     %user     %nice   %system   %iowait    %steal     %idle
19:31:06        all      4.36      0.00      5.38      0.00      0.00     90.26

19:31:05    kbmemfree   kbavail kbmemused  %memused kbbuffers  kbcached  kbcommit   %commit  kbactive   kbinact   kbdirty
19:31:06     14158800  15364224    649596      3.97     62184   1389712   2129968     13.01   1320408    669568       108

19:31:05        IFACE   rxpck/s   txpck/s    rxkB/s    txkB/s   rxcmp/s   txcmp/s  rxmcst/s   %ifutil
19:31:06           lo   1490.00   1490.00    194.11    194.11      0.00      0.00      0.00      0.00
19:31:06         ens4    397.00    249.00    103.24     47.87      0.00      0.00      0.00      0.00
19:31:06      docker0    745.00    745.00     59.51    144.78      0.00      0.00      0.00      0.00
19:31:06    veth58e3b24    745.00    745.00     69.70    144.78      0.00      0.00      0.00      0.01

19:31:06        CPU     %user     %nice   %system   %iowait    %steal     %idle
19:31:07        all      6.17      0.00      7.20      0.00      0.00     86.63

19:31:06    kbmemfree   kbavail kbmemused  %memused kbbuffers  kbcached  kbcommit   %commit  kbactive   kbinact   kbdirty
19:31:07     14158800  15364224    649572      3.97     62184   1389732   2129968     13.01   1320408    669568       128

19:31:06        IFACE   rxpck/s   txpck/s    rxkB/s    txkB/s   rxcmp/s   txcmp/s  rxmcst/s   %ifutil
19:31:07           lo   2000.00   2000.00    260.55    260.55      0.00      0.00      0.00      0.00
19:31:07         ens4    400.00    200.00    129.49     55.08      0.00      0.00      0.00      0.00
19:31:07      docker0   1000.00   1000.00     79.88    194.34      0.00      0.00      0.00      0.00
19:31:07    veth58e3b24   1000.00   1000.00     93.55    194.34      0.00      0.00      0.00      0.02

19:31:07        CPU     %user     %nice   %system   %iowait    %steal     %idle
19:31:08        all      5.91      0.00      6.94      0.00      0.77     86.38

19:31:07    kbmemfree   kbavail kbmemused  %memused kbbuffers  kbcached  kbcommit   %commit  kbactive   kbinact   kbdirty
19:31:08     14158548  15363992    649768      3.97     62184   1389756   2129968     13.01   1320448    669588       152

19:31:07        IFACE   rxpck/s   txpck/s    rxkB/s    txkB/s   rxcmp/s   txcmp/s  rxmcst/s   %ifutil
19:31:08           lo   2000.00   2000.00    260.55    260.55      0.00      0.00      0.00      0.00
19:31:08         ens4    401.00    202.00    129.59     55.25      0.00      0.00      0.00      0.00
19:31:08      docker0   1000.00   1000.00     79.88    194.34      0.00      0.00      0.00      0.00
19:31:08    veth58e3b24   1000.00   1000.00     93.55    194.34      0.00      0.00      0.00      0.02

19:31:08        CPU     %user     %nice   %system   %iowait    %steal     %idle
19:31:09        all      5.88      0.00      7.42      0.00      0.26     86.45

19:31:08    kbmemfree   kbavail kbmemused  %memused kbbuffers  kbcached  kbcommit   %commit  kbactive   kbinact   kbdirty
19:31:09     14158548  15363992    649736      3.97     62188   1389780   2129968     13.01   1320448    669588       176

19:31:08        IFACE   rxpck/s   txpck/s    rxkB/s    txkB/s   rxcmp/s   txcmp/s  rxmcst/s   %ifutil
19:31:09           lo   2000.00   2000.00    260.55    260.55      0.00      0.00      0.00      0.00
19:31:09         ens4    400.00    200.00    129.49     55.08      0.00      0.00      0.00      0.00
19:31:09      docker0   1000.00   1000.00     79.88    194.34      0.00      0.00      0.00      0.00
19:31:09    veth58e3b24   1000.00   1000.00     93.55    194.34      0.00      0.00      0.00      0.02

19:31:09        CPU     %user     %nice   %system   %iowait    %steal     %idle
19:31:10        all      6.20      0.00      6.98      0.00      0.00     86.82

19:31:09    kbmemfree   kbavail kbmemused  %memused kbbuffers  kbcached  kbcommit   %commit  kbactive   kbinact   kbdirty
19:31:10     14158548  15364076    649712      3.97     62188   1389804   2129968     13.01   1320496    669672       188

19:31:09        IFACE   rxpck/s   txpck/s    rxkB/s    txkB/s   rxcmp/s   txcmp/s  rxmcst/s   %ifutil
19:31:10           lo   2000.00   2000.00    260.55    260.55      0.00      0.00      0.00      0.00
19:31:10         ens4    400.00    200.00    129.49     55.08      0.00      0.00      0.00      0.00
19:31:10      docker0   1000.00   1000.00     79.88    194.34      0.00      0.00      0.00      0.00
19:31:10    veth58e3b24   1000.00   1000.00     93.55    194.34      0.00      0.00      0.00      0.02

19:31:10        CPU     %user     %nice   %system   %iowait    %steal     %idle
19:31:11        all      5.93      0.00      6.44      0.00      0.00     87.63

19:31:10    kbmemfree   kbavail kbmemused  %memused kbbuffers  kbcached  kbcommit   %commit  kbactive   kbinact   kbdirty
19:31:11     14158296  15363836    649940      3.97     62188   1389824   2129968     13.01   1320048    669684       212

19:31:10        IFACE   rxpck/s   txpck/s    rxkB/s    txkB/s   rxcmp/s   txcmp/s  rxmcst/s   %ifutil
19:31:11           lo   2000.00   2000.00    260.55    260.55      0.00      0.00      0.00      0.00
19:31:11         ens4    402.00    202.00    129.60     55.18      0.00      0.00      0.00      0.00
19:31:11      docker0   1000.00   1000.00     79.88    194.34      0.00      0.00      0.00      0.00
19:31:11    veth58e3b24   1000.00   1000.00     93.55    194.34      0.00      0.00      0.00      0.02

19:31:11        CPU     %user     %nice   %system   %iowait    %steal     %idle
19:31:12        all      6.15      0.00      7.18      0.00      0.51     86.15

19:31:11    kbmemfree   kbavail kbmemused  %memused kbbuffers  kbcached  kbcommit   %commit  kbactive   kbinact   kbdirty
19:31:12     14158296  15363836    649912      3.97     62188   1389848   2129968     13.01   1320048    669684       236

19:31:11        IFACE   rxpck/s   txpck/s    rxkB/s    txkB/s   rxcmp/s   txcmp/s  rxmcst/s   %ifutil
19:31:12           lo   2000.00   2000.00    260.55    260.55      0.00      0.00      0.00      0.00
19:31:12         ens4    400.00    200.00    129.49     55.08      0.00      0.00      0.00      0.00
19:31:12      docker0   1000.00   1000.00     79.88    194.34      0.00      0.00      0.00      0.00
19:31:12    veth58e3b24   1000.00   1000.00     93.55    194.34      0.00      0.00      0.00      0.02

19:31:12        CPU     %user     %nice   %system   %iowait    %steal     %idle
19:31:13        all      7.18      0.00      7.44      0.00      0.26     85.13

19:31:12    kbmemfree   kbavail kbmemused  %memused kbbuffers  kbcached  kbcommit   %commit  kbactive   kbinact   kbdirty
19:31:13     14158296  15363848    649888      3.97     62188   1389872   2129968     13.01   1320096    669696       260

19:31:12        IFACE   rxpck/s   txpck/s    rxkB/s    txkB/s   rxcmp/s   txcmp/s  rxmcst/s   %ifutil
19:31:13           lo   2000.00   2000.00    260.55    260.55      0.00      0.00      0.00      0.00
19:31:13         ens4    400.00    200.00    129.49     55.08      0.00      0.00      0.00      0.00
19:31:13      docker0   1000.00   1000.00     79.88    194.34      0.00      0.00      0.00      0.00
19:31:13    veth58e3b24   1000.00   1000.00     93.55    194.34      0.00      0.00      0.00      0.02

19:31:13        CPU     %user     %nice   %system   %iowait    %steal     %idle
19:31:14        all      7.69      0.00      6.92      0.26      0.00     85.13

19:31:13    kbmemfree   kbavail kbmemused  %memused kbbuffers  kbcached  kbcommit   %commit  kbactive   kbinact   kbdirty
19:31:14     14158296  15363908    649864      3.97     62188   1389896   2129968     13.01   1320216    669756       284

19:31:13        IFACE   rxpck/s   txpck/s    rxkB/s    txkB/s   rxcmp/s   txcmp/s  rxmcst/s   %ifutil
19:31:14           lo   2000.00   2000.00    260.55    260.55      0.00      0.00      0.00      0.00
19:31:14         ens4    401.00    201.00    129.56     55.14      0.00      0.00      0.00      0.00
19:31:14      docker0   1000.00   1000.00     79.88    194.34      0.00      0.00      0.00      0.00
19:31:14    veth58e3b24   1000.00   1000.00     93.55    194.34      0.00      0.00      0.00      0.02

19:31:14        CPU     %user     %nice   %system   %iowait    %steal     %idle
19:31:15        all      6.68      0.00      6.94      0.00      0.51     85.86

19:31:14    kbmemfree   kbavail kbmemused  %memused kbbuffers  kbcached  kbcommit   %commit  kbactive   kbinact   kbdirty
19:31:15     14158296  15363936    649840      3.97     62188   1389916   2129968     13.01   1320308    669784       304

19:31:14        IFACE   rxpck/s   txpck/s    rxkB/s    txkB/s   rxcmp/s   txcmp/s  rxmcst/s   %ifutil
19:31:15           lo   2000.00   2000.00    260.55    260.55      0.00      0.00      0.00      0.00
19:31:15         ens4    400.00    200.00    129.49     55.08      0.00      0.00      0.00      0.00
19:31:15      docker0   1000.00   1000.00     79.88    194.34      0.00      0.00      0.00      0.00
19:31:15    veth58e3b24   1000.00   1000.00     93.55    194.34      0.00      0.00      0.00      0.02

19:31:15        CPU     %user     %nice   %system   %iowait    %steal     %idle
19:31:16        all      5.90      0.00      7.44      0.00      0.26     86.41

19:31:15    kbmemfree   kbavail kbmemused  %memused kbbuffers  kbcached  kbcommit   %commit  kbactive   kbinact   kbdirty
19:31:16     14158296  15363952    649784      3.97     62188   1389940   2129968     13.01   1320308    669800       316

19:31:15        IFACE   rxpck/s   txpck/s    rxkB/s    txkB/s   rxcmp/s   txcmp/s  rxmcst/s   %ifutil
19:31:16           lo   2004.00   2004.00    260.75    260.75      0.00      0.00      0.00      0.00
19:31:16         ens4    400.00    200.00    129.49     55.08      0.00      0.00      0.00      0.00
19:31:16      docker0   1000.00   1000.00     79.88    194.34      0.00      0.00      0.00      0.00
19:31:16    veth58e3b24   1000.00   1000.00     93.55    194.34      0.00      0.00      0.00      0.02

19:31:16        CPU     %user     %nice   %system   %iowait    %steal     %idle
19:31:17        all      5.67      0.00      6.96      0.00      0.00     87.37

19:31:16    kbmemfree   kbavail kbmemused  %memused kbbuffers  kbcached  kbcommit   %commit  kbactive   kbinact   kbdirty
19:31:17     14158296  15363972    649764      3.97     62188   1389960   2129968     13.01   1320348    669820       340

19:31:16        IFACE   rxpck/s   txpck/s    rxkB/s    txkB/s   rxcmp/s   txcmp/s  rxmcst/s   %ifutil
19:31:17           lo   2005.00   2005.00    260.80    260.80      0.00      0.00      0.00      0.00
19:31:17         ens4    401.00    201.00    129.53     55.12      0.00      0.00      0.00      0.00
19:31:17      docker0   1000.00   1000.00     79.88    194.34      0.00      0.00      0.00      0.00
19:31:17    veth58e3b24   1000.00   1000.00     93.55    194.34      0.00      0.00      0.00      0.02

19:31:17        CPU     %user     %nice   %system   %iowait    %steal     %idle
19:31:18        all      5.68      0.00      7.49      0.00      0.26     86.56

19:31:17    kbmemfree   kbavail kbmemused  %memused kbbuffers  kbcached  kbcommit   %commit  kbactive   kbinact   kbdirty
19:31:18     14158296  15363972    649740      3.97     62188   1389984   2129968     13.01   1320348    669820       368

19:31:17        IFACE   rxpck/s   txpck/s    rxkB/s    txkB/s   rxcmp/s   txcmp/s  rxmcst/s   %ifutil
19:31:18           lo   2000.00   2000.00    260.55    260.55      0.00      0.00      0.00      0.00
19:31:18         ens4    402.00    202.00    129.60     55.18      0.00      0.00      0.00      0.00
19:31:18      docker0   1000.00   1000.00     79.88    194.34      0.00      0.00      0.00      0.00
19:31:18    veth58e3b24   1000.00   1000.00     93.55    194.34      0.00      0.00      0.00      0.02

19:31:18        CPU     %user     %nice   %system   %iowait    %steal     %idle
19:31:19        all      6.44      0.00      7.47      0.00      0.26     85.82

19:31:18    kbmemfree   kbavail kbmemused  %memused kbbuffers  kbcached  kbcommit   %commit  kbactive   kbinact   kbdirty
19:31:19     14158296  15364032    649700      3.97     62196   1390012   2129968     13.01   1320384    669876       596

19:31:18        IFACE   rxpck/s   txpck/s    rxkB/s    txkB/s   rxcmp/s   txcmp/s  rxmcst/s   %ifutil
19:31:19           lo   2000.00   2000.00    260.55    260.55      0.00      0.00      0.00      0.00
19:31:19         ens4    412.00    214.00    132.52     63.66      0.00      0.00      0.00      0.00
19:31:19      docker0   1000.00   1000.00     79.88    194.34      0.00      0.00      0.00      0.00
19:31:19    veth58e3b24   1000.00   1000.00     93.55    194.34      0.00      0.00      0.00      0.02

19:31:19        CPU     %user     %nice   %system   %iowait    %steal     %idle
19:31:20        all     12.05      0.00     11.03      0.00      0.51     76.41

19:31:19    kbmemfree   kbavail kbmemused  %memused kbbuffers  kbcached  kbcommit   %commit  kbactive   kbinact   kbdirty
19:31:20     14147460  15353252    660492      4.03     62196   1390032   2129968     13.01   1332424    669920       616

19:31:19        IFACE   rxpck/s   txpck/s    rxkB/s    txkB/s   rxcmp/s   txcmp/s  rxmcst/s   %ifutil
19:31:20           lo   2000.00   2000.00    260.55    260.55      0.00      0.00      0.00      0.00
19:31:20         ens4    438.00    237.00    133.37    384.18      0.00      0.00      0.00      0.00
19:31:20      docker0   1000.00   1000.00     79.88    194.34      0.00      0.00      0.00      0.00
19:31:20    veth58e3b24   1000.00   1000.00     93.55    194.34      0.00      0.00      0.00      0.02

19:31:20        CPU     %user     %nice   %system   %iowait    %steal     %idle
19:31:21        all      6.22      0.00      6.22      0.00      0.00     87.56

19:31:20    kbmemfree   kbavail kbmemused  %memused kbbuffers  kbcached  kbcommit   %commit  kbactive   kbinact   kbdirty
19:31:21     14147460  15353252    660464      4.03     62196   1390056   2129968     13.01   1332424    669920       640

19:31:20        IFACE   rxpck/s   txpck/s    rxkB/s    txkB/s   rxcmp/s   txcmp/s  rxmcst/s   %ifutil
19:31:21           lo   2000.00   2000.00    260.55    260.55      0.00      0.00      0.00      0.00
19:31:21         ens4    400.00    200.00    129.49     55.08      0.00      0.00      0.00      0.00
19:31:21      docker0   1000.00   1000.00     79.88    194.34      0.00      0.00      0.00      0.00
19:31:21    veth58e3b24   1000.00   1000.00     93.55    194.34      0.00      0.00      0.00      0.02

19:31:21        CPU     %user     %nice   %system   %iowait    %steal     %idle
19:31:22        all      5.88      0.00      7.93      0.00      0.00     86.19

19:31:21    kbmemfree   kbavail kbmemused  %memused kbbuffers  kbcached  kbcommit   %commit  kbactive   kbinact   kbdirty
19:31:22     14147460  15353280    660440      4.03     62196   1390080   2129968     13.01   1332504    669948       652

19:31:21        IFACE   rxpck/s   txpck/s    rxkB/s    txkB/s   rxcmp/s   txcmp/s  rxmcst/s   %ifutil
19:31:22           lo   2003.00   2003.00    260.71    260.71      0.00      0.00      0.00      0.00
19:31:22         ens4    401.00    200.00    130.08     55.08      0.00      0.00      0.00      0.00
19:31:22      docker0   1000.00   1000.00     79.88    194.34      0.00      0.00      0.00      0.00
19:31:22    veth58e3b24   1000.00   1000.00     93.55    194.34      0.00      0.00      0.00      0.02

19:31:22        CPU     %user     %nice   %system   %iowait    %steal     %idle
19:31:23        all      5.90      0.00      7.44      0.00      0.51     86.15

19:31:22    kbmemfree   kbavail kbmemused  %memused kbbuffers  kbcached  kbcommit   %commit  kbactive   kbinact   kbdirty
19:31:23     14147460  15353328    660564      4.03     62196   1390100   2129968     13.01   1332308    669996       676

19:31:22        IFACE   rxpck/s   txpck/s    rxkB/s    txkB/s   rxcmp/s   txcmp/s  rxmcst/s   %ifutil
19:31:23           lo   2001.00   2001.00    261.24    261.24      0.00      0.00      0.00      0.00
19:31:23         ens4    401.00    201.00    129.53     55.12      0.00      0.00      0.00      0.00
19:31:23      docker0   1000.00   1000.00     79.88    194.34      0.00      0.00      0.00      0.00
19:31:23    veth58e3b24   1000.00   1000.00     93.55    194.34      0.00      0.00      0.00      0.02

19:31:23        CPU     %user     %nice   %system   %iowait    %steal     %idle
19:31:24        all      5.67      0.00      7.47      0.00      0.26     86.60

19:31:23    kbmemfree   kbavail kbmemused  %memused kbbuffers  kbcached  kbcommit   %commit  kbactive   kbinact   kbdirty
19:31:24     14147460  15353328    660536      4.03     62200   1390124   2129968     13.01   1332324    669996       544

19:31:23        IFACE   rxpck/s   txpck/s    rxkB/s    txkB/s   rxcmp/s   txcmp/s  rxmcst/s   %ifutil
19:31:24           lo   1996.00   1996.00    259.69    259.69      0.00      0.00      0.00      0.00
19:31:24         ens4    400.00    200.00    129.49     55.08      0.00      0.00      0.00      0.00
19:31:24      docker0   1000.00   1000.00     79.88    194.34      0.00      0.00      0.00      0.00
19:31:24    veth58e3b24   1000.00   1000.00     93.55    194.34      0.00      0.00      0.00      0.02

19:31:24        CPU     %user     %nice   %system   %iowait    %steal     %idle
19:31:25        all      6.41      0.00      6.92      0.00      0.26     86.41

19:31:24    kbmemfree   kbavail kbmemused  %memused kbbuffers  kbcached  kbcommit   %commit  kbactive   kbinact   kbdirty
19:31:25     14147460  15353344    660516      4.03     62200   1390144   2129968     13.01   1332404    670012       564

19:31:24        IFACE   rxpck/s   txpck/s    rxkB/s    txkB/s   rxcmp/s   txcmp/s  rxmcst/s   %ifutil
19:31:25           lo   2000.00   2000.00    260.55    260.55      0.00      0.00      0.00      0.00
19:31:25         ens4    399.00    200.00    128.91     55.08      0.00      0.00      0.00      0.00
19:31:25      docker0   1000.00   1000.00     79.88    194.34      0.00      0.00      0.00      0.00
19:31:25    veth58e3b24   1000.00   1000.00     93.55    194.34      0.00      0.00      0.00      0.02

19:31:25        CPU     %user     %nice   %system   %iowait    %steal     %idle
19:31:26        all      6.44      0.00      7.47      0.00      0.00     86.08

19:31:25    kbmemfree   kbavail kbmemused  %memused kbbuffers  kbcached  kbcommit   %commit  kbactive   kbinact   kbdirty
19:31:26     14147208  15353112    660744      4.04     62200   1390168   2129968     13.01   1332504    670032       588

19:31:25        IFACE   rxpck/s   txpck/s    rxkB/s    txkB/s   rxcmp/s   txcmp/s  rxmcst/s   %ifutil
19:31:26           lo   2000.00   2000.00    260.55    260.55      0.00      0.00      0.00      0.00
19:31:26         ens4    401.00    201.00    129.56     55.14      0.00      0.00      0.00      0.00
19:31:26      docker0   1000.00   1000.00     79.88    194.34      0.00      0.00      0.00      0.00
19:31:26    veth58e3b24   1000.00   1000.00     93.55    194.34      0.00      0.00      0.00      0.02

19:31:26        CPU     %user     %nice   %system   %iowait    %steal     %idle
19:31:27        all      6.39      0.00      7.42      0.00      0.26     85.93

19:31:26    kbmemfree   kbavail kbmemused  %memused kbbuffers  kbcached  kbcommit   %commit  kbactive   kbinact   kbdirty
19:31:27     14147208  15353136    660720      4.04     62200   1390192   2129968     13.01   1332540    670056       612

19:31:26        IFACE   rxpck/s   txpck/s    rxkB/s    txkB/s   rxcmp/s   txcmp/s  rxmcst/s   %ifutil
19:31:27           lo   2000.00   2000.00    260.55    260.55      0.00      0.00      0.00      0.00
19:31:27         ens4    400.00    200.00    129.49     55.08      0.00      0.00      0.00      0.00
19:31:27      docker0   1000.00   1000.00     79.88    194.34      0.00      0.00      0.00      0.00
19:31:27    veth58e3b24   1000.00   1000.00     93.55    194.34      0.00      0.00      0.00      0.02

19:31:27        CPU     %user     %nice   %system   %iowait    %steal     %idle
19:31:28        all      6.41      0.00      7.18      0.00      0.26     86.15

19:31:27    kbmemfree   kbavail kbmemused  %memused kbbuffers  kbcached  kbcommit   %commit  kbactive   kbinact   kbdirty
19:31:28     14144688  15350672    663208      4.05     62200   1390216   2133872     13.03   1334496    670108       628

19:31:27        IFACE   rxpck/s   txpck/s    rxkB/s    txkB/s   rxcmp/s   txcmp/s  rxmcst/s   %ifutil
19:31:28           lo   2005.00   2005.00    261.46    261.46      0.00      0.00      0.00      0.00
19:31:28         ens4    406.00    205.00    131.38     56.54      0.00      0.00      0.00      0.00
19:31:28      docker0   1000.00   1000.00     79.88    194.34      0.00      0.00      0.00      0.00
19:31:28    veth58e3b24   1000.00   1000.00     93.55    194.34      0.00      0.00      0.00      0.02

19:31:28        CPU     %user     %nice   %system   %iowait    %steal     %idle
19:31:29        all      6.63      0.00      7.65      0.00      0.26     85.46

19:31:28    kbmemfree   kbavail kbmemused  %memused kbbuffers  kbcached  kbcommit   %commit  kbactive   kbinact   kbdirty
19:31:29     14144688  15350672    663180      4.05     62208   1390236   2133872     13.03   1334496    670108       652

19:31:28        IFACE   rxpck/s   txpck/s    rxkB/s    txkB/s   rxcmp/s   txcmp/s  rxmcst/s   %ifutil
19:31:29           lo   1995.00   1995.00    259.64    259.64      0.00      0.00      0.00      0.00
19:31:29         ens4    405.00    206.00    129.39     56.01      0.00      0.00      0.00      0.00
19:31:29      docker0   1000.00   1000.00     79.88    194.34      0.00      0.00      0.00      0.00
19:31:29    veth58e3b24   1000.00   1000.00     93.55    194.34      0.00      0.00      0.00      0.02

19:31:29        CPU     %user     %nice   %system   %iowait    %steal     %idle
19:31:30        all      6.92      0.00      7.44      0.00      0.26     85.38

19:31:29    kbmemfree   kbavail kbmemused  %memused kbbuffers  kbcached  kbcommit   %commit  kbactive   kbinact   kbdirty
19:31:30     14153756  15359784    654092      3.99     62208   1390256   2129968     13.01   1318876    670152       828

19:31:29        IFACE   rxpck/s   txpck/s    rxkB/s    txkB/s   rxcmp/s   txcmp/s  rxmcst/s   %ifutil
19:31:30           lo   2000.00   2000.00    260.55    260.55      0.00      0.00      0.00      0.00
19:31:30         ens4    407.00    203.00    130.08     55.32      0.00      0.00      0.00      0.00
19:31:30      docker0   1000.00   1000.00     79.88    194.34      0.00      0.00      0.00      0.00
19:31:30    veth58e3b24   1000.00   1000.00     93.55    194.34      0.00      0.00      0.00      0.02

19:31:30        CPU     %user     %nice   %system   %iowait    %steal     %idle
19:31:31        all      5.64      0.00      7.95      0.00      0.51     85.90

19:31:30    kbmemfree   kbavail kbmemused  %memused kbbuffers  kbcached  kbcommit   %commit  kbactive   kbinact   kbdirty
19:31:31     14153264  15359300    654532      4.00     62208   1390284   2129968     13.01   1318876    670152       856

19:31:30        IFACE   rxpck/s   txpck/s    rxkB/s    txkB/s   rxcmp/s   txcmp/s  rxmcst/s   %ifutil
19:31:31           lo   2009.00   2009.00    261.66    261.66      0.00      0.00      0.00      0.00
19:31:31         ens4    753.00    600.00    153.15     81.01      0.00      0.00      0.00      0.00
19:31:31      docker0   1001.00   1002.00     79.94    194.47      0.00      0.00      0.00      0.00
19:31:31    veth58e3b24   1001.00   1002.00     93.63    194.47      0.00      0.00      0.00      0.02

19:31:31        CPU     %user     %nice   %system   %iowait    %steal     %idle
19:31:32        all      6.17      0.00      7.71      0.00      0.00     86.12

19:31:31    kbmemfree   kbavail kbmemused  %memused kbbuffers  kbcached  kbcommit   %commit  kbactive   kbinact   kbdirty
19:31:32     14153024  15359060    654736      4.00     62208   1390304   2129968     13.01   1318876    670152       876

19:31:31        IFACE   rxpck/s   txpck/s    rxkB/s    txkB/s   rxcmp/s   txcmp/s  rxmcst/s   %ifutil
19:31:32           lo   1995.00   1995.00    259.64    259.64      0.00      0.00      0.00      0.00
19:31:32         ens4    400.00    200.00    129.49     55.08      0.00      0.00      0.00      0.00
19:31:32      docker0    999.00    998.00     79.82    194.20      0.00      0.00      0.00      0.00
19:31:32    veth58e3b24    999.00    998.00     93.48    194.20      0.00      0.00      0.00      0.02

19:31:32        CPU     %user     %nice   %system   %iowait    %steal     %idle
19:31:33        all      5.96      0.00      6.99      0.00      0.26     86.79

19:31:32    kbmemfree   kbavail kbmemused  %memused kbbuffers  kbcached  kbcommit   %commit  kbactive   kbinact   kbdirty
19:31:33     14153024  15359060    654716      4.00     62208   1390324   2129968     13.01   1318876    670152       896

19:31:32        IFACE   rxpck/s   txpck/s    rxkB/s    txkB/s   rxcmp/s   txcmp/s  rxmcst/s   %ifutil
19:31:33           lo   2005.00   2005.00    261.46    261.46      0.00      0.00      0.00      0.00
19:31:33         ens4    400.00    200.00    129.49     55.08      0.00      0.00      0.00      0.00
19:31:33      docker0   1000.00   1000.00     79.88    194.34      0.00      0.00      0.00      0.00
19:31:33    veth58e3b24   1000.00   1000.00     93.55    194.34      0.00      0.00      0.00      0.02

19:31:33        CPU     %user     %nice   %system   %iowait    %steal     %idle
19:31:34        all      6.82      0.00      7.32      0.25      0.51     85.10

19:31:33    kbmemfree   kbavail kbmemused  %memused kbbuffers  kbcached  kbcommit   %commit  kbactive   kbinact   kbdirty
19:31:34     14153024  15359116    654688      4.00     62212   1390348   2129968     13.01   1318876    670208       900

19:31:33        IFACE   rxpck/s   txpck/s    rxkB/s    txkB/s   rxcmp/s   txcmp/s  rxmcst/s   %ifutil
19:31:34           lo   2000.00   2000.00    260.55    260.55      0.00      0.00      0.00      0.00
19:31:34         ens4    400.00    200.00    129.49     55.08      0.00      0.00      0.00      0.00
19:31:34      docker0   1001.00   1002.00     79.94    194.47      0.00      0.00      0.00      0.00
19:31:34    veth58e3b24   1001.00   1002.00     93.63    194.47      0.00      0.00      0.00      0.02

19:31:34        CPU     %user     %nice   %system   %iowait    %steal     %idle
19:31:35        all      6.14      0.00      7.93      0.00      0.26     85.68

19:31:34    kbmemfree   kbavail kbmemused  %memused kbbuffers  kbcached  kbcommit   %commit  kbactive   kbinact   kbdirty
19:31:35     14153024  15359160    654664      4.00     62212   1390372   2129968     13.01   1318876    670252       740

19:31:34        IFACE   rxpck/s   txpck/s    rxkB/s    txkB/s   rxcmp/s   txcmp/s  rxmcst/s   %ifutil
19:31:35           lo   2000.00   2000.00    260.55    260.55      0.00      0.00      0.00      0.00
19:31:35         ens4    401.00    201.00    129.53     55.12      0.00      0.00      0.00      0.00
19:31:35      docker0   1001.00   1001.00     79.93    195.04      0.00      0.00      0.00      0.00
19:31:35    veth58e3b24   1001.00   1001.00     93.62    195.04      0.00      0.00      0.00      0.02

19:31:35        CPU     %user     %nice   %system   %iowait    %steal     %idle
19:31:36        all      6.49      0.00      7.27      0.00      0.00     86.23

19:31:35    kbmemfree   kbavail kbmemused  %memused kbbuffers  kbcached  kbcommit   %commit  kbactive   kbinact   kbdirty
19:31:36     14153024  15359188    654672      4.00     62212   1390396   2129968     13.01   1318436    670280       100

19:31:35        IFACE   rxpck/s   txpck/s    rxkB/s    txkB/s   rxcmp/s   txcmp/s  rxmcst/s   %ifutil
19:31:36           lo   2000.00   2000.00    260.55    260.55      0.00      0.00      0.00      0.00
19:31:36         ens4    400.00    200.00    129.49     55.08      0.00      0.00      0.00      0.00
19:31:36      docker0   1000.00   1000.00     79.88    194.34      0.00      0.00      0.00      0.00
19:31:36    veth58e3b24   1000.00   1000.00     93.55    194.34      0.00      0.00      0.00      0.02

19:31:36        CPU     %user     %nice   %system   %iowait    %steal     %idle
19:31:37        all      5.93      0.00      6.70      0.00      0.77     86.60

19:31:36    kbmemfree   kbavail kbmemused  %memused kbbuffers  kbcached  kbcommit   %commit  kbactive   kbinact   kbdirty
19:31:37     14153024  15359188    654648      4.00     62212   1390416   2129968     13.01   1318436    670280       120

19:31:36        IFACE   rxpck/s   txpck/s    rxkB/s    txkB/s   rxcmp/s   txcmp/s  rxmcst/s   %ifutil
19:31:37           lo   2000.00   2000.00    260.55    260.55      0.00      0.00      0.00      0.00
19:31:37         ens4    400.00    200.00    129.49     55.08      0.00      0.00      0.00      0.00
19:31:37      docker0    999.00    999.00     79.83    193.63      0.00      0.00      0.00      0.00
19:31:37    veth58e3b24    999.00    999.00     93.49    193.63      0.00      0.00      0.00      0.02

19:31:37        CPU     %user     %nice   %system   %iowait    %steal     %idle
19:31:38        all      6.12      0.00      7.65      0.00      0.26     85.97

19:31:37    kbmemfree   kbavail kbmemused  %memused kbbuffers  kbcached  kbcommit   %commit  kbactive   kbinact   kbdirty
19:31:38     14153024  15359188    654628      4.00     62212   1390436   2129968     13.01   1318436    670280       140

19:31:37        IFACE   rxpck/s   txpck/s    rxkB/s    txkB/s   rxcmp/s   txcmp/s  rxmcst/s   %ifutil
19:31:38           lo   2000.00   2000.00    260.55    260.55      0.00      0.00      0.00      0.00
19:31:38         ens4    401.00    200.00    129.56     55.08      0.00      0.00      0.00      0.00
19:31:38      docker0   1001.00   1001.00     79.93    195.04      0.00      0.00      0.00      0.00
19:31:38    veth58e3b24   1001.00   1001.00     93.62    195.04      0.00      0.00      0.00      0.02

19:31:38        CPU     %user     %nice   %system   %iowait    %steal     %idle
19:31:39        all      5.44      0.00      7.51      0.00      0.00     87.05

19:31:38    kbmemfree   kbavail kbmemused  %memused kbbuffers  kbcached  kbcommit   %commit  kbactive   kbinact   kbdirty
19:31:39     14153024  15359188    654580      4.00     62216   1390460   2129968     13.01   1318436    670280       196

19:31:38        IFACE   rxpck/s   txpck/s    rxkB/s    txkB/s   rxcmp/s   txcmp/s  rxmcst/s   %ifutil
19:31:39           lo   2000.00   2000.00    260.55    260.55      0.00      0.00      0.00      0.00
19:31:39         ens4    400.00    200.00    129.49     55.08      0.00      0.00      0.00      0.00
19:31:39      docker0    998.00    997.00     79.77    193.49      0.00      0.00      0.00      0.00
19:31:39    veth58e3b24    998.00    997.00     93.42    193.49      0.00      0.00      0.00      0.02

19:31:39        CPU     %user     %nice   %system   %iowait    %steal     %idle
19:31:40        all      5.87      0.00      8.67      0.00      0.26     85.20

19:31:39    kbmemfree   kbavail kbmemused  %memused kbbuffers  kbcached  kbcommit   %commit  kbactive   kbinact   kbdirty
19:31:40     14152016  15358300    655564      4.00     62216   1390484   2133872     13.03   1320240    670400       208

19:31:39        IFACE   rxpck/s   txpck/s    rxkB/s    txkB/s   rxcmp/s   txcmp/s  rxmcst/s   %ifutil
19:31:40           lo   2004.00   2004.00    260.89    260.89      0.00      0.00      0.00      0.00
19:31:40         ens4    402.00    203.00    129.65     55.32      0.00      0.00      0.00      0.00
19:31:40      docker0   1004.00   1004.00     80.23    195.24      0.00      0.00      0.00      0.00
19:31:40    veth58e3b24   1004.00   1004.00     93.96    195.24      0.00      0.00      0.00      0.02

19:31:40        CPU     %user     %nice   %system   %iowait    %steal     %idle
19:31:41        all      6.17      0.00      7.20      0.00      0.26     86.38

19:31:40    kbmemfree   kbavail kbmemused  %memused kbbuffers  kbcached  kbcommit   %commit  kbactive   kbinact   kbdirty
19:31:41     14152016  15358304    655536      4.00     62216   1390508   2133872     13.03   1320296    670404       236

19:31:40        IFACE   rxpck/s   txpck/s    rxkB/s    txkB/s   rxcmp/s   txcmp/s  rxmcst/s   %ifutil
19:31:41           lo   1996.00   1996.00    260.21    260.21      0.00      0.00      0.00      0.00
19:31:41         ens4    409.00    207.00    131.06     57.11      0.00      0.00      0.00      0.00
19:31:41      docker0    998.00    999.00     79.64    194.27      0.00      0.00      0.00      0.00
19:31:41    veth58e3b24    998.00    999.00     93.29    194.27      0.00      0.00      0.00      0.02

19:31:41        CPU     %user     %nice   %system   %iowait    %steal     %idle
19:31:42        all      6.41      0.00      7.69      0.00      0.51     85.38

19:31:41    kbmemfree   kbavail kbmemused  %memused kbbuffers  kbcached  kbcommit   %commit  kbactive   kbinact   kbdirty
19:31:42     14162148  15368464    645380      3.94     62216   1390528   2129968     13.01   1318452    670432       408

19:31:41        IFACE   rxpck/s   txpck/s    rxkB/s    txkB/s   rxcmp/s   txcmp/s  rxmcst/s   %ifutil
19:31:42           lo   2000.00   2000.00    260.55    260.55      0.00      0.00      0.00      0.00
19:31:42         ens4    405.00    204.00    130.00     55.44      0.00      0.00      0.00      0.00
19:31:42      docker0   1000.00   1000.00     79.88    194.34      0.00      0.00      0.00      0.00
19:31:42    veth58e3b24   1000.00   1000.00     93.55    194.34      0.00      0.00      0.00      0.02

19:31:42        CPU     %user     %nice   %system   %iowait    %steal     %idle
19:31:43        all      6.72      0.00      7.24      0.00      0.26     85.79

19:31:42    kbmemfree   kbavail kbmemused  %memused kbbuffers  kbcached  kbcommit   %commit  kbactive   kbinact   kbdirty
19:31:43     14162148  15368464    645356      3.94     62216   1390552   2129968     13.01   1318452    670432       432

19:31:42        IFACE   rxpck/s   txpck/s    rxkB/s    txkB/s   rxcmp/s   txcmp/s  rxmcst/s   %ifutil
19:31:43           lo   2005.00   2005.00    260.94    260.94      0.00      0.00      0.00      0.00
19:31:43         ens4    400.00    200.00    129.49     55.08      0.00      0.00      0.00      0.00
19:31:43      docker0   1003.00   1002.00     80.17    194.46      0.00      0.00      0.00      0.00
19:31:43    veth58e3b24   1003.00   1002.00     93.89    194.46      0.00      0.00      0.00      0.02

19:31:43        CPU     %user     %nice   %system   %iowait    %steal     %idle
19:31:44        all      6.22      0.00      7.25      0.00      0.26     86.27

19:31:43    kbmemfree   kbavail kbmemused  %memused kbbuffers  kbcached  kbcommit   %commit  kbactive   kbinact   kbdirty
19:31:44     14162148  15368464    645324      3.94     62224   1390576   2129968     13.01   1318452    670432       468

19:31:43        IFACE   rxpck/s   txpck/s    rxkB/s    txkB/s   rxcmp/s   txcmp/s  rxmcst/s   %ifutil
19:31:44           lo   2000.00   2000.00    260.55    260.55      0.00      0.00      0.00      0.00
19:31:44         ens4    399.00    200.00    129.43     55.08      0.00      0.00      0.00      0.00
19:31:44      docker0   1000.00   1000.00     79.88    194.34      0.00      0.00      0.00      0.00
19:31:44    veth58e3b24   1000.00   1000.00     93.55    194.34      0.00      0.00      0.00      0.02

19:31:44        CPU     %user     %nice   %system   %iowait    %steal     %idle
19:31:45        all      6.91      0.00      7.16      0.00      0.00     85.93

19:31:44    kbmemfree   kbavail kbmemused  %memused kbbuffers  kbcached  kbcommit   %commit  kbactive   kbinact   kbdirty
19:31:45     14161896  15368216    645544      3.94     62224   1390600   2129968     13.01   1318452    670432       492

19:31:44        IFACE   rxpck/s   txpck/s    rxkB/s    txkB/s   rxcmp/s   txcmp/s  rxmcst/s   %ifutil
19:31:45           lo   2000.00   2000.00    260.55    260.55      0.00      0.00      0.00      0.00
19:31:45         ens4    402.00    202.00    129.62     55.42      0.00      0.00      0.00      0.00
19:31:45      docker0   1000.00   1000.00     79.88    194.34      0.00      0.00      0.00      0.00
19:31:45    veth58e3b24   1000.00   1000.00     93.55    194.34      0.00      0.00      0.00      0.02

19:31:45        CPU     %user     %nice   %system   %iowait    %steal     %idle
19:31:46        all      1.78      0.00      2.54      0.00      0.00     95.67

19:31:45    kbmemfree   kbavail kbmemused  %memused kbbuffers  kbcached  kbcommit   %commit  kbactive   kbinact   kbdirty
19:31:46     14159380  15365704    648432      3.96     62224   1390604   2134060     13.03   1320500    670476       488

19:31:45        IFACE   rxpck/s   txpck/s    rxkB/s    txkB/s   rxcmp/s   txcmp/s  rxmcst/s   %ifutil
19:31:46           lo    510.00    510.00     66.44     66.44      0.00      0.00      0.00      0.00
19:31:46         ens4    614.00    311.00     67.20     32.51      0.00      0.00      0.00      0.00
19:31:46      docker0    255.00    255.00     20.37     49.56      0.00      0.00      0.00      0.00
19:31:46    veth58e3b24    255.00    255.00     23.86     49.56      0.00      0.00      0.00      0.00

19:31:46        CPU     %user     %nice   %system   %iowait    %steal     %idle
19:31:47        all      0.75      0.00      0.25      0.00      0.00     99.00

19:31:46    kbmemfree   kbavail kbmemused  %memused kbbuffers  kbcached  kbcommit   %commit  kbactive   kbinact   kbdirty
19:31:47     14162808  15369132    645004      3.94     62224   1390604   2129968     13.01   1318452    670476       528

19:31:46        IFACE   rxpck/s   txpck/s    rxkB/s    txkB/s   rxcmp/s   txcmp/s  rxmcst/s   %ifutil
19:31:47           lo      4.00      4.00      0.20      0.20      0.00      0.00      0.00      0.00
19:31:47         ens4      4.00      3.00      0.29      0.22      0.00      0.00      0.00      0.00
19:31:47      docker0      0.00      0.00      0.00      0.00      0.00      0.00      0.00      0.00
19:31:47    veth58e3b24      0.00      0.00      0.00      0.00      0.00      0.00      0.00      0.00

19:31:47        CPU     %user     %nice   %system   %iowait    %steal     %idle
19:31:48        all      0.00      0.00      0.00      0.25      0.00     99.75

19:31:47    kbmemfree   kbavail kbmemused  %memused kbbuffers  kbcached  kbcommit   %commit  kbactive   kbinact   kbdirty
19:31:48     14162808  15369132    645004      3.94     62224   1390604   2129968     13.01   1318464    670476       332

19:31:47        IFACE   rxpck/s   txpck/s    rxkB/s    txkB/s   rxcmp/s   txcmp/s  rxmcst/s   %ifutil
19:31:48           lo      0.00      0.00      0.00      0.00      0.00      0.00      0.00      0.00
19:31:48         ens4      6.00      4.00      4.05      0.65      0.00      0.00      0.00      0.00
19:31:48      docker0      0.00      0.00      0.00      0.00      0.00      0.00      0.00      0.00
19:31:48    veth58e3b24      0.00      0.00      0.00      0.00      0.00      0.00      0.00      0.00

19:31:48        CPU     %user     %nice   %system   %iowait    %steal     %idle
19:31:49        all      0.00      0.00      0.00      0.25      0.00     99.75

19:31:48    kbmemfree   kbavail kbmemused  %memused kbbuffers  kbcached  kbcommit   %commit  kbactive   kbinact   kbdirty
19:31:49     14162556  15368908    645252      3.94     62224   1390608   2129968     13.01   1318496    670504       340

19:31:48        IFACE   rxpck/s   txpck/s    rxkB/s    txkB/s   rxcmp/s   txcmp/s  rxmcst/s   %ifutil
19:31:49           lo      0.00      0.00      0.00      0.00      0.00      0.00      0.00      0.00
19:31:49         ens4      0.00      0.00      0.00      0.00      0.00      0.00      0.00      0.00
19:31:49      docker0      0.00      0.00      0.00      0.00      0.00      0.00      0.00      0.00
19:31:49    veth58e3b24      0.00      0.00      0.00      0.00      0.00      0.00      0.00      0.00

19:31:49        CPU     %user     %nice   %system   %iowait    %steal     %idle
19:31:50        all      0.25      0.00      0.25      0.00      0.00     99.50

19:31:49    kbmemfree   kbavail kbmemused  %memused kbbuffers  kbcached  kbcommit   %commit  kbactive   kbinact   kbdirty
19:31:50     14162556  15368908    645252      3.94     62224   1390608   2129968     13.01   1318500    670504       304

19:31:49        IFACE   rxpck/s   txpck/s    rxkB/s    txkB/s   rxcmp/s   txcmp/s  rxmcst/s   %ifutil
19:31:50           lo      0.00      0.00      0.00      0.00      0.00      0.00      0.00      0.00
19:31:50         ens4      0.00      0.00      0.00      0.00      0.00      0.00      0.00      0.00
19:31:50      docker0      0.00      0.00      0.00      0.00      0.00      0.00      0.00      0.00
19:31:50    veth58e3b24      0.00      0.00      0.00      0.00      0.00      0.00      0.00      0.00

19:31:50        CPU     %user     %nice   %system   %iowait    %steal     %idle
19:31:51        all      0.00      0.00      0.00      0.00      0.00    100.00

19:31:50    kbmemfree   kbavail kbmemused  %memused kbbuffers  kbcached  kbcommit   %commit  kbactive   kbinact   kbdirty
19:31:51     14162556  15368908    645252      3.94     62224   1390608   2129968     13.01   1318500    670504       304

19:31:50        IFACE   rxpck/s   txpck/s    rxkB/s    txkB/s   rxcmp/s   txcmp/s  rxmcst/s   %ifutil
19:31:51           lo      0.00      0.00      0.00      0.00      0.00      0.00      0.00      0.00
19:31:51         ens4      0.00      0.00      0.00      0.00      0.00      0.00      0.00      0.00
19:31:51      docker0      0.00      0.00      0.00      0.00      0.00      0.00      0.00      0.00
19:31:51    veth58e3b24      0.00      0.00      0.00      0.00      0.00      0.00      0.00      0.00

19:31:51        CPU     %user     %nice   %system   %iowait    %steal     %idle
19:31:52        all      0.25      0.00      0.50      0.00      0.00     99.25

19:31:51    kbmemfree   kbavail kbmemused  %memused kbbuffers  kbcached  kbcommit   %commit  kbactive   kbinact   kbdirty
19:31:52     14162556  15368908    645252      3.94     62224   1390608   2129968     13.01   1318500    670504       304

19:31:51        IFACE   rxpck/s   txpck/s    rxkB/s    txkB/s   rxcmp/s   txcmp/s  rxmcst/s   %ifutil
19:31:52           lo      0.00      0.00      0.00      0.00      0.00      0.00      0.00      0.00
19:31:52         ens4      0.00      0.00      0.00      0.00      0.00      0.00      0.00      0.00
19:31:52      docker0      0.00      0.00      0.00      0.00      0.00      0.00      0.00      0.00
19:31:52    veth58e3b24      0.00      0.00      0.00      0.00      0.00      0.00      0.00      0.00

19:31:52        CPU     %user     %nice   %system   %iowait    %steal     %idle
19:31:53        all      0.00      0.00      0.25      0.00      0.00     99.75

19:31:52    kbmemfree   kbavail kbmemused  %memused kbbuffers  kbcached  kbcommit   %commit  kbactive   kbinact   kbdirty
19:31:53     14162304  15368656    645500      3.94     62224   1390612   2129968     13.01   1318500    670504       304

19:31:52        IFACE   rxpck/s   txpck/s    rxkB/s    txkB/s   rxcmp/s   txcmp/s  rxmcst/s   %ifutil
19:31:53           lo      0.00      0.00      0.00      0.00      0.00      0.00      0.00      0.00
19:31:53         ens4      1.00      1.00      0.04      0.04      0.00      0.00      0.00      0.00
19:31:53      docker0      0.00      0.00      0.00      0.00      0.00      0.00      0.00      0.00
19:31:53    veth58e3b24      0.00      0.00      0.00      0.00      0.00      0.00      0.00      0.00

Average:        CPU     %user     %nice   %system   %iowait    %steal     %idle
Average:        all      9.77      0.00      9.95      0.02      0.30     79.96

Average:    kbmemfree   kbavail kbmemused  %memused kbbuffers  kbcached  kbcommit   %commit  kbactive   kbinact   kbdirty
Average:     14153202  15355934    659988      4.03     62150   1387104   2131008     13.01   1321753    666968       682

Average:        IFACE   rxpck/s   txpck/s    rxkB/s    txkB/s   rxcmp/s   txcmp/s  rxmcst/s   %ifutil
Average:           lo   3457.42   3457.42    450.88    450.88      0.00      0.00      0.00      0.00
Average:         ens4    710.15    366.01    225.28    102.45      0.00      0.00      0.00      0.00
Average:      docker0   1728.37   1728.37    138.07    335.89      0.00      0.00      0.00      0.00
Average:    veth58e3b24   1728.37   1728.37    161.70    335.89      0.00      0.00      0.00      0.03