Linux 6.8.0-90-generic (zt-keycloak) 	05/18/2026 	_x86_64_	(4 CPU)

06:36:59 AM     CPU     %user     %nice   %system   %iowait    %steal     %idle
06:37:00 AM     all      0.50      0.00      0.00      0.00      0.00     99.50

06:36:59 AM kbmemfree   kbavail kbmemused  %memused kbbuffers  kbcached  kbcommit   %commit  kbactive   kbinact   kbdirty
06:37:00 AM   3149740   5678448   1867872     23.55     85232   2617360   5521960     69.62   1959928   2512244        16

06:36:59 AM     IFACE   rxpck/s   txpck/s    rxkB/s    txkB/s   rxcmp/s   txcmp/s  rxmcst/s   %ifutil
06:37:00 AM        lo      0.00      0.00      0.00      0.00      0.00      0.00      0.00      0.00
06:37:00 AM      eth0     61.00     27.00      5.58      3.42      0.00      0.00      0.00      0.00
06:37:00 AM   docker0      3.00      4.00      0.40      0.46      0.00      0.00      0.00      0.00
06:37:00 AM vethe4123a0      3.00      4.00      0.44      0.46      0.00      0.00      0.00      0.00

06:37:00 AM     CPU     %user     %nice   %system   %iowait    %steal     %idle
06:37:01 AM     all      0.00      0.00      0.00      0.00      0.00    100.00

06:37:00 AM kbmemfree   kbavail kbmemused  %memused kbbuffers  kbcached  kbcommit   %commit  kbactive   kbinact   kbdirty
06:37:01 AM   3149740   5678448   1867864     23.55     85232   2617364   5521960     69.62   1960068   2512244        20

06:37:00 AM     IFACE   rxpck/s   txpck/s    rxkB/s    txkB/s   rxcmp/s   txcmp/s  rxmcst/s   %ifutil
06:37:01 AM        lo      0.00      0.00      0.00      0.00      0.00      0.00      0.00      0.00
06:37:01 AM      eth0     48.00     20.00      4.43      2.62      0.00      0.00      0.00      0.00
06:37:01 AM   docker0      0.00      0.00      0.00      0.00      0.00      0.00      0.00      0.00
06:37:01 AM vethe4123a0      0.00      0.00      0.00      0.00      0.00      0.00      0.00      0.00

06:37:01 AM     CPU     %user     %nice   %system   %iowait    %steal     %idle
06:37:02 AM     all      0.00      0.00      0.00      0.00      0.00    100.00

06:37:01 AM kbmemfree   kbavail kbmemused  %memused kbbuffers  kbcached  kbcommit   %commit  kbactive   kbinact   kbdirty
06:37:02 AM   3149740   5678448   1867864     23.55     85232   2617364   5521960     69.62   1960068   2512244        20

06:37:01 AM     IFACE   rxpck/s   txpck/s    rxkB/s    txkB/s   rxcmp/s   txcmp/s  rxmcst/s   %ifutil
06:37:02 AM        lo      0.00      0.00      0.00      0.00      0.00      0.00      0.00      0.00
06:37:02 AM      eth0      8.00      2.00      0.69      0.30      0.00      0.00      0.00      0.00
06:37:02 AM   docker0      0.00      0.00      0.00      0.00      0.00      0.00      0.00      0.00
06:37:02 AM vethe4123a0      0.00      0.00      0.00      0.00      0.00      0.00      0.00      0.00

06:37:02 AM     CPU     %user     %nice   %system   %iowait    %steal     %idle
06:37:03 AM     all      0.50      0.00      0.75      0.00      0.00     98.76

06:37:02 AM kbmemfree   kbavail kbmemused  %memused kbbuffers  kbcached  kbcommit   %commit  kbactive   kbinact   kbdirty
06:37:03 AM   3148736   5677444   1868868     23.56     85232   2617364   5525412     69.66   1961616   2512244        20

06:37:02 AM     IFACE   rxpck/s   txpck/s    rxkB/s    txkB/s   rxcmp/s   txcmp/s  rxmcst/s   %ifutil
06:37:03 AM        lo      0.00      0.00      0.00      0.00      0.00      0.00      0.00      0.00
06:37:03 AM      eth0      9.90      9.90      2.02      2.42      0.00      0.00      0.00      0.00
06:37:03 AM   docker0      0.00      0.00      0.00      0.00      0.00      0.00      0.00      0.00
06:37:03 AM vethe4123a0      0.00      0.00      0.00      0.00      0.00      0.00      0.00      0.00

06:37:03 AM     CPU     %user     %nice   %system   %iowait    %steal     %idle
06:37:04 AM     all      0.00      0.00      0.00      0.00      0.00    100.00

06:37:03 AM kbmemfree   kbavail kbmemused  %memused kbbuffers  kbcached  kbcommit   %commit  kbactive   kbinact   kbdirty
06:37:04 AM   3148736   5677444   1868868     23.56     85232   2617364   5525412     69.66   1961616   2512244        20

06:37:03 AM     IFACE   rxpck/s   txpck/s    rxkB/s    txkB/s   rxcmp/s   txcmp/s  rxmcst/s   %ifutil
06:37:04 AM        lo      0.00      0.00      0.00      0.00      0.00      0.00      0.00      0.00
06:37:04 AM      eth0      0.00      0.00      0.00      0.00      0.00      0.00      0.00      0.00
06:37:04 AM   docker0      0.00      0.00      0.00      0.00      0.00      0.00      0.00      0.00
06:37:04 AM vethe4123a0      0.00      0.00      0.00      0.00      0.00      0.00      0.00      0.00

06:37:04 AM     CPU     %user     %nice   %system   %iowait    %steal     %idle
06:37:05 AM     all      0.25      0.00      0.25      0.00      0.00     99.50

06:37:04 AM kbmemfree   kbavail kbmemused  %memused kbbuffers  kbcached  kbcommit   %commit  kbactive   kbinact   kbdirty
06:37:05 AM   3151164   5679884   1866432     23.53     85232   2617372   5521960     69.62   1960108   2512256       228

06:37:04 AM     IFACE   rxpck/s   txpck/s    rxkB/s    txkB/s   rxcmp/s   txcmp/s  rxmcst/s   %ifutil
06:37:05 AM        lo      0.00      0.00      0.00      0.00      0.00      0.00      0.00      0.00
06:37:05 AM      eth0      2.00      2.00      0.13      0.18      0.00      0.00      0.00      0.00
06:37:05 AM   docker0      2.00      2.00      0.05      0.08      0.00      0.00      0.00      0.00
06:37:05 AM vethe4123a0      2.00      2.00      0.08      0.08      0.00      0.00      0.00      0.00

06:37:05 AM     CPU     %user     %nice   %system   %iowait    %steal     %idle
06:37:06 AM     all      0.00      0.00      0.25      0.00      0.00     99.75

06:37:05 AM kbmemfree   kbavail kbmemused  %memused kbbuffers  kbcached  kbcommit   %commit  kbactive   kbinact   kbdirty
06:37:06 AM   3151164   5679884   1866432     23.53     85232   2617372   5521960     69.62   1960108   2512256       232

06:37:05 AM     IFACE   rxpck/s   txpck/s    rxkB/s    txkB/s   rxcmp/s   txcmp/s  rxmcst/s   %ifutil
06:37:06 AM        lo      0.00      0.00      0.00      0.00      0.00      0.00      0.00      0.00
06:37:06 AM      eth0      0.00      0.00      0.00      0.00      0.00      0.00      0.00      0.00
06:37:06 AM   docker0      0.00      0.00      0.00      0.00      0.00      0.00      0.00      0.00
06:37:06 AM vethe4123a0      0.00      0.00      0.00      0.00      0.00      0.00      0.00      0.00

06:37:06 AM     CPU     %user     %nice   %system   %iowait    %steal     %idle
06:37:07 AM     all      0.25      0.00      0.00      0.00      0.00     99.75

06:37:06 AM kbmemfree   kbavail kbmemused  %memused kbbuffers  kbcached  kbcommit   %commit  kbactive   kbinact   kbdirty
06:37:07 AM   3151164   5679884   1866432     23.53     85232   2617372   5521960     69.62   1960108   2512256       232

06:37:06 AM     IFACE   rxpck/s   txpck/s    rxkB/s    txkB/s   rxcmp/s   txcmp/s  rxmcst/s   %ifutil
06:37:07 AM        lo      0.00      0.00      0.00      0.00      0.00      0.00      0.00      0.00
06:37:07 AM      eth0      0.00      0.00      0.00      0.00      0.00      0.00      0.00      0.00
06:37:07 AM   docker0      0.00      0.00      0.00      0.00      0.00      0.00      0.00      0.00
06:37:07 AM vethe4123a0      0.00      0.00      0.00      0.00      0.00      0.00      0.00      0.00

06:37:07 AM     CPU     %user     %nice   %system   %iowait    %steal     %idle
06:37:08 AM     all      0.00      0.00      0.00      0.00      0.00    100.00

06:37:07 AM kbmemfree   kbavail kbmemused  %memused kbbuffers  kbcached  kbcommit   %commit  kbactive   kbinact   kbdirty
06:37:08 AM   3151164   5679884   1866432     23.53     85232   2617372   5521960     69.62   1960140   2512256        72

06:37:07 AM     IFACE   rxpck/s   txpck/s    rxkB/s    txkB/s   rxcmp/s   txcmp/s  rxmcst/s   %ifutil
06:37:08 AM        lo      0.00      0.00      0.00      0.00      0.00      0.00      0.00      0.00
06:37:08 AM      eth0      1.00      1.00      0.07      0.05      0.00      0.00      0.00      0.00
06:37:08 AM   docker0      0.00      0.00      0.00      0.00      0.00      0.00      0.00      0.00
06:37:08 AM vethe4123a0      0.00      0.00      0.00      0.00      0.00      0.00      0.00      0.00

06:37:08 AM     CPU     %user     %nice   %system   %iowait    %steal     %idle
06:37:09 AM     all      0.00      0.00      0.00      0.00      0.00    100.00

06:37:08 AM kbmemfree   kbavail kbmemused  %memused kbbuffers  kbcached  kbcommit   %commit  kbactive   kbinact   kbdirty
06:37:09 AM   3151164   5679884   1866428     23.53     85232   2617376   5521960     69.62   1960140   2512256        68

06:37:08 AM     IFACE   rxpck/s   txpck/s    rxkB/s    txkB/s   rxcmp/s   txcmp/s  rxmcst/s   %ifutil
06:37:09 AM        lo      0.00      0.00      0.00      0.00      0.00      0.00      0.00      0.00
06:37:09 AM      eth0      0.00      0.00      0.00      0.00      0.00      0.00      0.00      0.00
06:37:09 AM   docker0      0.00      0.00      0.00      0.00      0.00      0.00      0.00      0.00
06:37:09 AM vethe4123a0      0.00      0.00      0.00      0.00      0.00      0.00      0.00      0.00

06:37:09 AM     CPU     %user     %nice   %system   %iowait    %steal     %idle
06:37:10 AM     all      0.00      0.00      0.00      0.00      0.00    100.00

06:37:09 AM kbmemfree   kbavail kbmemused  %memused kbbuffers  kbcached  kbcommit   %commit  kbactive   kbinact   kbdirty
06:37:10 AM   3151164   5679884   1866428     23.53     85232   2617376   5521960     69.62   1960140   2512256        68

06:37:09 AM     IFACE   rxpck/s   txpck/s    rxkB/s    txkB/s   rxcmp/s   txcmp/s  rxmcst/s   %ifutil
06:37:10 AM        lo      0.00      0.00      0.00      0.00      0.00      0.00      0.00      0.00
06:37:10 AM      eth0      3.00      2.00      0.16      0.11      0.00      0.00      0.00      0.00
06:37:10 AM   docker0      0.00      0.00      0.00      0.00      0.00      0.00      0.00      0.00
06:37:10 AM vethe4123a0      0.00      0.00      0.00      0.00      0.00      0.00      0.00      0.00

06:37:10 AM     CPU     %user     %nice   %system   %iowait    %steal     %idle
06:37:11 AM     all      0.50      0.00      0.00      0.00      0.00     99.50

06:37:10 AM kbmemfree   kbavail kbmemused  %memused kbbuffers  kbcached  kbcommit   %commit  kbactive   kbinact   kbdirty
06:37:11 AM   3151164   5679884   1866428     23.53     85232   2617376   5521960     69.62   1960140   2512256        68

06:37:10 AM     IFACE   rxpck/s   txpck/s    rxkB/s    txkB/s   rxcmp/s   txcmp/s  rxmcst/s   %ifutil
06:37:11 AM        lo      0.00      0.00      0.00      0.00      0.00      0.00      0.00      0.00
06:37:11 AM      eth0      0.00      0.00      0.00      0.00      0.00      0.00      0.00      0.00
06:37:11 AM   docker0      0.00      0.00      0.00      0.00      0.00      0.00      0.00      0.00
06:37:11 AM vethe4123a0      0.00      0.00      0.00      0.00      0.00      0.00      0.00      0.00

06:37:11 AM     CPU     %user     %nice   %system   %iowait    %steal     %idle
06:37:12 AM     all      0.00      0.00      0.25      0.00      0.00     99.75

06:37:11 AM kbmemfree   kbavail kbmemused  %memused kbbuffers  kbcached  kbcommit   %commit  kbactive   kbinact   kbdirty
06:37:12 AM   3150912   5679632   1866680     23.53     85232   2617376   5521960     69.62   1960140   2512256        64

06:37:11 AM     IFACE   rxpck/s   txpck/s    rxkB/s    txkB/s   rxcmp/s   txcmp/s  rxmcst/s   %ifutil
06:37:12 AM        lo      0.00      0.00      0.00      0.00      0.00      0.00      0.00      0.00
06:37:12 AM      eth0      0.00      0.00      0.00      0.00      0.00      0.00      0.00      0.00
06:37:12 AM   docker0      0.00      0.00      0.00      0.00      0.00      0.00      0.00      0.00
06:37:12 AM vethe4123a0      0.00      0.00      0.00      0.00      0.00      0.00      0.00      0.00

06:37:12 AM     CPU     %user     %nice   %system   %iowait    %steal     %idle
06:37:13 AM     all      0.00      0.00      0.00      0.25      0.00     99.75

06:37:12 AM kbmemfree   kbavail kbmemused  %memused kbbuffers  kbcached  kbcommit   %commit  kbactive   kbinact   kbdirty
06:37:13 AM   3150912   5679632   1866680     23.53     85232   2617376   5521960     69.62   1960140   2512256        72

06:37:12 AM     IFACE   rxpck/s   txpck/s    rxkB/s    txkB/s   rxcmp/s   txcmp/s  rxmcst/s   %ifutil
06:37:13 AM        lo      0.00      0.00      0.00      0.00      0.00      0.00      0.00      0.00
06:37:13 AM      eth0      0.00      0.00      0.00      0.00      0.00      0.00      0.00      0.00
06:37:13 AM   docker0      0.00      0.00      0.00      0.00      0.00      0.00      0.00      0.00
06:37:13 AM vethe4123a0      0.00      0.00      0.00      0.00      0.00      0.00      0.00      0.00

06:37:13 AM     CPU     %user     %nice   %system   %iowait    %steal     %idle
06:37:14 AM     all      0.00      0.00      0.00      0.00      0.00    100.00

06:37:13 AM kbmemfree   kbavail kbmemused  %memused kbbuffers  kbcached  kbcommit   %commit  kbactive   kbinact   kbdirty
06:37:14 AM   3150912   5679632   1866680     23.53     85232   2617376   5521960     69.62   1960140   2512256        72

06:37:13 AM     IFACE   rxpck/s   txpck/s    rxkB/s    txkB/s   rxcmp/s   txcmp/s  rxmcst/s   %ifutil
06:37:14 AM        lo      0.00      0.00      0.00      0.00      0.00      0.00      0.00      0.00
06:37:14 AM      eth0      0.00      0.00      0.00      0.00      0.00      0.00      0.00      0.00
06:37:14 AM   docker0      0.00      0.00      0.00      0.00      0.00      0.00      0.00      0.00
06:37:14 AM vethe4123a0      0.00      0.00      0.00      0.00      0.00      0.00      0.00      0.00

06:37:14 AM     CPU     %user     %nice   %system   %iowait    %steal     %idle
06:37:15 AM     all      0.00      0.00      0.25      0.00      0.00     99.75

06:37:14 AM kbmemfree   kbavail kbmemused  %memused kbbuffers  kbcached  kbcommit   %commit  kbactive   kbinact   kbdirty
06:37:15 AM   3150912   5679632   1866676     23.53     85232   2617380   5521960     69.62   1960140   2512256        76

06:37:14 AM     IFACE   rxpck/s   txpck/s    rxkB/s    txkB/s   rxcmp/s   txcmp/s  rxmcst/s   %ifutil
06:37:15 AM        lo      0.00      0.00      0.00      0.00      0.00      0.00      0.00      0.00
06:37:15 AM      eth0      0.00      0.00      0.00      0.00      0.00      0.00      0.00      0.00
06:37:15 AM   docker0      0.00      0.00      0.00      0.00      0.00      0.00      0.00      0.00
06:37:15 AM vethe4123a0      0.00      0.00      0.00      0.00      0.00      0.00      0.00      0.00

06:37:15 AM     CPU     %user     %nice   %system   %iowait    %steal     %idle
06:37:16 AM     all      0.25      0.00      0.50      0.00      0.00     99.25

06:37:15 AM kbmemfree   kbavail kbmemused  %memused kbbuffers  kbcached  kbcommit   %commit  kbactive   kbinact   kbdirty
06:37:16 AM   3150912   5679632   1866676     23.53     85232   2617380   5521960     69.62   1960140   2512256        76

06:37:15 AM     IFACE   rxpck/s   txpck/s    rxkB/s    txkB/s   rxcmp/s   txcmp/s  rxmcst/s   %ifutil
06:37:16 AM        lo      0.00      0.00      0.00      0.00      0.00      0.00      0.00      0.00
06:37:16 AM      eth0      0.00      0.00      0.00      0.00      0.00      0.00      0.00      0.00
06:37:16 AM   docker0      0.00      0.00      0.00      0.00      0.00      0.00      0.00      0.00
06:37:16 AM vethe4123a0      0.00      0.00      0.00      0.00      0.00      0.00      0.00      0.00

06:37:16 AM     CPU     %user     %nice   %system   %iowait    %steal     %idle
06:37:17 AM     all      0.00      0.00      0.00      0.00      0.00    100.00

06:37:16 AM kbmemfree   kbavail kbmemused  %memused kbbuffers  kbcached  kbcommit   %commit  kbactive   kbinact   kbdirty
06:37:17 AM   3150912   5679632   1866688     23.53     85232   2617380   5521960     69.62   1960140   2512256        56

06:37:16 AM     IFACE   rxpck/s   txpck/s    rxkB/s    txkB/s   rxcmp/s   txcmp/s  rxmcst/s   %ifutil
06:37:17 AM        lo      0.00      0.00      0.00      0.00      0.00      0.00      0.00      0.00
06:37:17 AM      eth0      0.00      0.00      0.00      0.00      0.00      0.00      0.00      0.00
06:37:17 AM   docker0      0.00      0.00      0.00      0.00      0.00      0.00      0.00      0.00
06:37:17 AM vethe4123a0      0.00      0.00      0.00      0.00      0.00      0.00      0.00      0.00

06:37:17 AM     CPU     %user     %nice   %system   %iowait    %steal     %idle
06:37:18 AM     all      0.51      0.00      0.51      0.00      0.00     98.99

06:37:17 AM kbmemfree   kbavail kbmemused  %memused kbbuffers  kbcached  kbcommit   %commit  kbactive   kbinact   kbdirty
06:37:18 AM   3149680   5678400   1867920     23.55     85232   2617380   5525408     69.66   1961672   2512256       232

06:37:17 AM     IFACE   rxpck/s   txpck/s    rxkB/s    txkB/s   rxcmp/s   txcmp/s  rxmcst/s   %ifutil
06:37:18 AM        lo      0.00      0.00      0.00      0.00      0.00      0.00      0.00      0.00
06:37:18 AM      eth0     12.00     10.00      2.16      2.45      0.00      0.00      0.00      0.00
06:37:18 AM   docker0      0.00      0.00      0.00      0.00      0.00      0.00      0.00      0.00
06:37:18 AM vethe4123a0      0.00      0.00      0.00      0.00      0.00      0.00      0.00      0.00

06:37:18 AM     CPU     %user     %nice   %system   %iowait    %steal     %idle
06:37:19 AM     all      0.00      0.00      0.00      0.00      0.00    100.00

06:37:18 AM kbmemfree   kbavail kbmemused  %memused kbbuffers  kbcached  kbcommit   %commit  kbactive   kbinact   kbdirty
06:37:19 AM   3149680   5678412   1867916     23.55     85232   2617384   5525408     69.66   1961788   2512268       244

06:37:18 AM     IFACE   rxpck/s   txpck/s    rxkB/s    txkB/s   rxcmp/s   txcmp/s  rxmcst/s   %ifutil
06:37:19 AM        lo      0.00      0.00      0.00      0.00      0.00      0.00      0.00      0.00
06:37:19 AM      eth0      0.00      0.00      0.00      0.00      0.00      0.00      0.00      0.00
06:37:19 AM   docker0      0.00      0.00      0.00      0.00      0.00      0.00      0.00      0.00
06:37:19 AM vethe4123a0      0.00      0.00      0.00      0.00      0.00      0.00      0.00      0.00

06:37:19 AM     CPU     %user     %nice   %system   %iowait    %steal     %idle
06:37:20 AM     all      0.50      0.00      0.00      0.00      0.00     99.50

06:37:19 AM kbmemfree   kbavail kbmemused  %memused kbbuffers  kbcached  kbcommit   %commit  kbactive   kbinact   kbdirty
06:37:20 AM   3149680   5678412   1867916     23.55     85232   2617384   5521960     69.62   1960240   2512268       280

06:37:19 AM     IFACE   rxpck/s   txpck/s    rxkB/s    txkB/s   rxcmp/s   txcmp/s  rxmcst/s   %ifutil
06:37:20 AM        lo      0.00      0.00      0.00      0.00      0.00      0.00      0.00      0.00
06:37:20 AM      eth0      2.00      2.00      0.13      0.18      0.00      0.00      0.00      0.00
06:37:20 AM   docker0      0.00      0.00      0.00      0.00      0.00      0.00      0.00      0.00
06:37:20 AM vethe4123a0      0.00      0.00      0.00      0.00      0.00      0.00      0.00      0.00

06:37:20 AM     CPU     %user     %nice   %system   %iowait    %steal     %idle
06:37:21 AM     all      0.00      0.00      0.00      0.00      0.00    100.00

06:37:20 AM kbmemfree   kbavail kbmemused  %memused kbbuffers  kbcached  kbcommit   %commit  kbactive   kbinact   kbdirty
06:37:21 AM   3149680   5678412   1867916     23.55     85232   2617384   5521960     69.62   1960140   2512268       280

06:37:20 AM     IFACE   rxpck/s   txpck/s    rxkB/s    txkB/s   rxcmp/s   txcmp/s  rxmcst/s   %ifutil
06:37:21 AM        lo      0.00      0.00      0.00      0.00      0.00      0.00      0.00      0.00
06:37:21 AM      eth0      0.00      0.00      0.00      0.00      0.00      0.00      0.00      0.00
06:37:21 AM   docker0      0.00      0.00      0.00      0.00      0.00      0.00      0.00      0.00
06:37:21 AM vethe4123a0      0.00      0.00      0.00      0.00      0.00      0.00      0.00      0.00

06:37:21 AM     CPU     %user     %nice   %system   %iowait    %steal     %idle
06:37:22 AM     all      0.00      0.00      0.00      0.00      0.00    100.00

06:37:21 AM kbmemfree   kbavail kbmemused  %memused kbbuffers  kbcached  kbcommit   %commit  kbactive   kbinact   kbdirty
06:37:22 AM   3149680   5678412   1867916     23.55     85232   2617384   5521960     69.62   1960140   2512268       280

06:37:21 AM     IFACE   rxpck/s   txpck/s    rxkB/s    txkB/s   rxcmp/s   txcmp/s  rxmcst/s   %ifutil
06:37:22 AM        lo      0.00      0.00      0.00      0.00      0.00      0.00      0.00      0.00
06:37:22 AM      eth0      0.00      0.00      0.00      0.00      0.00      0.00      0.00      0.00
06:37:22 AM   docker0      0.00      0.00      0.00      0.00      0.00      0.00      0.00      0.00
06:37:22 AM vethe4123a0      0.00      0.00      0.00      0.00      0.00      0.00      0.00      0.00

06:37:22 AM     CPU     %user     %nice   %system   %iowait    %steal     %idle
06:37:23 AM     all      0.00      0.00      0.00      0.00      0.00    100.00

06:37:22 AM kbmemfree   kbavail kbmemused  %memused kbbuffers  kbcached  kbcommit   %commit  kbactive   kbinact   kbdirty
06:37:23 AM   3149680   5678416   1867912     23.55     85232   2617388   5521960     69.62   1960140   2512272       100

06:37:22 AM     IFACE   rxpck/s   txpck/s    rxkB/s    txkB/s   rxcmp/s   txcmp/s  rxmcst/s   %ifutil
06:37:23 AM        lo      0.00      0.00      0.00      0.00      0.00      0.00      0.00      0.00
06:37:23 AM      eth0      0.00      0.00      0.00      0.00      0.00      0.00      0.00      0.00
06:37:23 AM   docker0      0.00      0.00      0.00      0.00      0.00      0.00      0.00      0.00
06:37:23 AM vethe4123a0      0.00      0.00      0.00      0.00      0.00      0.00      0.00      0.00

06:37:23 AM     CPU     %user     %nice   %system   %iowait    %steal     %idle
06:37:24 AM     all      0.25      0.00      0.50      0.00      0.00     99.25

06:37:23 AM kbmemfree   kbavail kbmemused  %memused kbbuffers  kbcached  kbcommit   %commit  kbactive   kbinact   kbdirty
06:37:24 AM   3149680   5678416   1867912     23.55     85232   2617388   5521960     69.62   1960140   2512272       100

06:37:23 AM     IFACE   rxpck/s   txpck/s    rxkB/s    txkB/s   rxcmp/s   txcmp/s  rxmcst/s   %ifutil
06:37:24 AM        lo      0.00      0.00      0.00      0.00      0.00      0.00      0.00      0.00
06:37:24 AM      eth0      0.00      0.00      0.00      0.00      0.00      0.00      0.00      0.00
06:37:24 AM   docker0      0.00      0.00      0.00      0.00      0.00      0.00      0.00      0.00
06:37:24 AM vethe4123a0      0.00      0.00      0.00      0.00      0.00      0.00      0.00      0.00

06:37:24 AM     CPU     %user     %nice   %system   %iowait    %steal     %idle
06:37:25 AM     all      0.25      0.00      0.00      0.00      0.00     99.75

06:37:24 AM kbmemfree   kbavail kbmemused  %memused kbbuffers  kbcached  kbcommit   %commit  kbactive   kbinact   kbdirty
06:37:25 AM   3149680   5678416   1867912     23.55     85232   2617388   5521960     69.62   1960140   2512272        72

06:37:24 AM     IFACE   rxpck/s   txpck/s    rxkB/s    txkB/s   rxcmp/s   txcmp/s  rxmcst/s   %ifutil
06:37:25 AM        lo      0.00      0.00      0.00      0.00      0.00      0.00      0.00      0.00
06:37:25 AM      eth0      0.00      0.00      0.00      0.00      0.00      0.00      0.00      0.00
06:37:25 AM   docker0      0.00      0.00      0.00      0.00      0.00      0.00      0.00      0.00
06:37:25 AM vethe4123a0      0.00      0.00      0.00      0.00      0.00      0.00      0.00      0.00

06:37:25 AM     CPU     %user     %nice   %system   %iowait    %steal     %idle
06:37:26 AM     all      0.25      0.00      0.00      0.00      0.00     99.75

06:37:25 AM kbmemfree   kbavail kbmemused  %memused kbbuffers  kbcached  kbcommit   %commit  kbactive   kbinact   kbdirty
06:37:26 AM   3149680   5678416   1867912     23.55     85232   2617388   5521960     69.62   1960140   2512272        72

06:37:25 AM     IFACE   rxpck/s   txpck/s    rxkB/s    txkB/s   rxcmp/s   txcmp/s  rxmcst/s   %ifutil
06:37:26 AM        lo      0.00      0.00      0.00      0.00      0.00      0.00      0.00      0.00
06:37:26 AM      eth0      0.00      0.00      0.00      0.00      0.00      0.00      0.00      0.00
06:37:26 AM   docker0      0.00      0.00      0.00      0.00      0.00      0.00      0.00      0.00
06:37:26 AM vethe4123a0      0.00      0.00      0.00      0.00      0.00      0.00      0.00      0.00

06:37:26 AM     CPU     %user     %nice   %system   %iowait    %steal     %idle
06:37:27 AM     all      0.00      0.00      0.00      0.00      0.00    100.00

06:37:26 AM kbmemfree   kbavail kbmemused  %memused kbbuffers  kbcached  kbcommit   %commit  kbactive   kbinact   kbdirty
06:37:27 AM   3149680   5678416   1867908     23.55     85232   2617392   5521960     69.62   1960140   2512272        76

06:37:26 AM     IFACE   rxpck/s   txpck/s    rxkB/s    txkB/s   rxcmp/s   txcmp/s  rxmcst/s   %ifutil
06:37:27 AM        lo      0.00      0.00      0.00      0.00      0.00      0.00      0.00      0.00
06:37:27 AM      eth0      0.00      0.00      0.00      0.00      0.00      0.00      0.00      0.00
06:37:27 AM   docker0      0.00      0.00      0.00      0.00      0.00      0.00      0.00      0.00
06:37:27 AM vethe4123a0      0.00      0.00      0.00      0.00      0.00      0.00      0.00      0.00

06:37:27 AM     CPU     %user     %nice   %system   %iowait    %steal     %idle
06:37:28 AM     all      0.00      0.00      0.25      0.00      0.00     99.75

06:37:27 AM kbmemfree   kbavail kbmemused  %memused kbbuffers  kbcached  kbcommit   %commit  kbactive   kbinact   kbdirty
06:37:28 AM   3149680   5678420   1867908     23.55     85232   2617392   5521960     69.62   1960140   2512276        76

06:37:27 AM     IFACE   rxpck/s   txpck/s    rxkB/s    txkB/s   rxcmp/s   txcmp/s  rxmcst/s   %ifutil
06:37:28 AM        lo      0.00      0.00      0.00      0.00      0.00      0.00      0.00      0.00
06:37:28 AM      eth0      0.00      0.00      0.00      0.00      0.00      0.00      0.00      0.00
06:37:28 AM   docker0      0.00      0.00      0.00      0.00      0.00      0.00      0.00      0.00
06:37:28 AM vethe4123a0      0.00      0.00      0.00      0.00      0.00      0.00      0.00      0.00

06:37:28 AM     CPU     %user     %nice   %system   %iowait    %steal     %idle
06:37:29 AM     all      0.00      0.00      0.25      0.00      0.00     99.75

06:37:28 AM kbmemfree   kbavail kbmemused  %memused kbbuffers  kbcached  kbcommit   %commit  kbactive   kbinact   kbdirty
06:37:29 AM   3149680   5678420   1867908     23.55     85232   2617392   5521960     69.62   1960140   2512276        80

06:37:28 AM     IFACE   rxpck/s   txpck/s    rxkB/s    txkB/s   rxcmp/s   txcmp/s  rxmcst/s   %ifutil
06:37:29 AM        lo      0.00      0.00      0.00      0.00      0.00      0.00      0.00      0.00
06:37:29 AM      eth0      0.00      0.00      0.00      0.00      0.00      0.00      0.00      0.00
06:37:29 AM   docker0      0.00      0.00      0.00      0.00      0.00      0.00      0.00      0.00
06:37:29 AM vethe4123a0      0.00      0.00      0.00      0.00      0.00      0.00      0.00      0.00

06:37:29 AM     CPU     %user     %nice   %system   %iowait    %steal     %idle
06:37:30 AM     all      0.00      0.00      0.00      0.00      0.00    100.00

06:37:29 AM kbmemfree   kbavail kbmemused  %memused kbbuffers  kbcached  kbcommit   %commit  kbactive   kbinact   kbdirty
06:37:30 AM   3149680   5678420   1867908     23.55     85232   2617392   5521960     69.62   1960140   2512276        76

06:37:29 AM     IFACE   rxpck/s   txpck/s    rxkB/s    txkB/s   rxcmp/s   txcmp/s  rxmcst/s   %ifutil
06:37:30 AM        lo      0.00      0.00      0.00      0.00      0.00      0.00      0.00      0.00
06:37:30 AM      eth0      9.00      7.00      0.72      0.48      0.00      0.00      0.00      0.00
06:37:30 AM   docker0      7.00      9.00      0.38      0.72      0.00      0.00      0.00      0.00
06:37:30 AM vethe4123a0      7.00      9.00      0.48      0.72      0.00      0.00      0.00      0.00

06:37:30 AM     CPU     %user     %nice   %system   %iowait    %steal     %idle
06:37:31 AM     all      0.25      0.00      0.50      0.00      0.00     99.25

06:37:30 AM kbmemfree   kbavail kbmemused  %memused kbbuffers  kbcached  kbcommit   %commit  kbactive   kbinact   kbdirty
06:37:31 AM   3147444   5676184   1870148     23.58     85232   2617392   5525412     69.66   1961524   2512276       248

06:37:30 AM     IFACE   rxpck/s   txpck/s    rxkB/s    txkB/s   rxcmp/s   txcmp/s  rxmcst/s   %ifutil
06:37:31 AM        lo      0.00      0.00      0.00      0.00      0.00      0.00      0.00      0.00
06:37:31 AM      eth0     12.00     10.00      2.16      2.45      0.00      0.00      0.00      0.00
06:37:31 AM   docker0      0.00      0.00      0.00      0.00      0.00      0.00      0.00      0.00
06:37:31 AM vethe4123a0      0.00      0.00      0.00      0.00      0.00      0.00      0.00      0.00

06:37:31 AM     CPU     %user     %nice   %system   %iowait    %steal     %idle
06:37:32 AM     all      0.00      0.00      0.25      0.00      0.00     99.75

06:37:31 AM kbmemfree   kbavail kbmemused  %memused kbbuffers  kbcached  kbcommit   %commit  kbactive   kbinact   kbdirty
06:37:32 AM   3147192   5675940   1870392     23.58     85232   2617396   5525412     69.66   1961580   2512280       252

06:37:31 AM     IFACE   rxpck/s   txpck/s    rxkB/s    txkB/s   rxcmp/s   txcmp/s  rxmcst/s   %ifutil
06:37:32 AM        lo      0.00      0.00      0.00      0.00      0.00      0.00      0.00      0.00
06:37:32 AM      eth0      0.00      0.00      0.00      0.00      0.00      0.00      0.00      0.00
06:37:32 AM   docker0      0.00      0.00      0.00      0.00      0.00      0.00      0.00      0.00
06:37:32 AM vethe4123a0      0.00      0.00      0.00      0.00      0.00      0.00      0.00      0.00

06:37:32 AM     CPU     %user     %nice   %system   %iowait    %steal     %idle
06:37:33 AM     all      0.25      0.00      0.00      0.00      0.00     99.75

06:37:32 AM kbmemfree   kbavail kbmemused  %memused kbbuffers  kbcached  kbcommit   %commit  kbactive   kbinact   kbdirty
06:37:33 AM   3147192   5675940   1870392     23.58     85232   2617396   5525412     69.66   1961808   2512280       256

06:37:32 AM     IFACE   rxpck/s   txpck/s    rxkB/s    txkB/s   rxcmp/s   txcmp/s  rxmcst/s   %ifutil
06:37:33 AM        lo      0.00      0.00      0.00      0.00      0.00      0.00      0.00      0.00
06:37:33 AM      eth0      0.00      0.00      0.00      0.00      0.00      0.00      0.00      0.00
06:37:33 AM   docker0      0.00      0.00      0.00      0.00      0.00      0.00      0.00      0.00
06:37:33 AM vethe4123a0      0.00      0.00      0.00      0.00      0.00      0.00      0.00      0.00

06:37:33 AM     CPU     %user     %nice   %system   %iowait    %steal     %idle
06:37:34 AM     all      0.25      0.00      0.00      0.00      0.00     99.75

06:37:33 AM kbmemfree   kbavail kbmemused  %memused kbbuffers  kbcached  kbcommit   %commit  kbactive   kbinact   kbdirty
06:37:34 AM   3147192   5675940   1870392     23.58     85232   2617396   5525412     69.66   1961808   2512280       240

06:37:33 AM     IFACE   rxpck/s   txpck/s    rxkB/s    txkB/s   rxcmp/s   txcmp/s  rxmcst/s   %ifutil
06:37:34 AM        lo      0.00      0.00      0.00      0.00      0.00      0.00      0.00      0.00
06:37:34 AM      eth0      0.00      0.00      0.00      0.00      0.00      0.00      0.00      0.00
06:37:34 AM   docker0      0.00      0.00      0.00      0.00      0.00      0.00      0.00      0.00
06:37:34 AM vethe4123a0      0.00      0.00      0.00      0.00      0.00      0.00      0.00      0.00

06:37:34 AM     CPU     %user     %nice   %system   %iowait    %steal     %idle
06:37:35 AM     all      0.00      0.00      0.50      0.00      0.00     99.50

06:37:34 AM kbmemfree   kbavail kbmemused  %memused kbbuffers  kbcached  kbcommit   %commit  kbactive   kbinact   kbdirty
06:37:35 AM   3147192   5675940   1870444     23.58     85232   2617396   5525412     69.66   1961808   2512280       232

06:37:34 AM     IFACE   rxpck/s   txpck/s    rxkB/s    txkB/s   rxcmp/s   txcmp/s  rxmcst/s   %ifutil
06:37:35 AM        lo      0.00      0.00      0.00      0.00      0.00      0.00      0.00      0.00
06:37:35 AM      eth0      2.00      1.00      0.11      0.05      0.00      0.00      0.00      0.00
06:37:35 AM   docker0      0.00      0.00      0.00      0.00      0.00      0.00      0.00      0.00
06:37:35 AM vethe4123a0      0.00      0.00      0.00      0.00      0.00      0.00      0.00      0.00

06:37:35 AM     CPU     %user     %nice   %system   %iowait    %steal     %idle
06:37:36 AM     all      0.25      0.00      0.00      0.00      0.00     99.75

06:37:35 AM kbmemfree   kbavail kbmemused  %memused kbbuffers  kbcached  kbcommit   %commit  kbactive   kbinact   kbdirty
06:37:36 AM   3149684   5678432   1867948     23.55     85232   2617400   5521960     69.62   1960116   2512280       256

06:37:35 AM     IFACE   rxpck/s   txpck/s    rxkB/s    txkB/s   rxcmp/s   txcmp/s  rxmcst/s   %ifutil
06:37:36 AM        lo      0.00      0.00      0.00      0.00      0.00      0.00      0.00      0.00
06:37:36 AM      eth0      2.00      2.00      0.13      0.18      0.00      0.00      0.00      0.00
06:37:36 AM   docker0      0.00      0.00      0.00      0.00      0.00      0.00      0.00      0.00
06:37:36 AM vethe4123a0      0.00      0.00      0.00      0.00      0.00      0.00      0.00      0.00

06:37:36 AM     CPU     %user     %nice   %system   %iowait    %steal     %idle
06:37:37 AM     all      0.00      0.00      0.00      0.25      0.00     99.75

06:37:36 AM kbmemfree   kbavail kbmemused  %memused kbbuffers  kbcached  kbcommit   %commit  kbactive   kbinact   kbdirty
06:37:37 AM   3149432   5678180   1868200     23.55     85232   2617400   5521960     69.62   1960116   2512280        84

06:37:36 AM     IFACE   rxpck/s   txpck/s    rxkB/s    txkB/s   rxcmp/s   txcmp/s  rxmcst/s   %ifutil
06:37:37 AM        lo      0.00      0.00      0.00      0.00      0.00      0.00      0.00      0.00
06:37:37 AM      eth0      0.00      0.00      0.00      0.00      0.00      0.00      0.00      0.00
06:37:37 AM   docker0      0.00      0.00      0.00      0.00      0.00      0.00      0.00      0.00
06:37:37 AM vethe4123a0      0.00      0.00      0.00      0.00      0.00      0.00      0.00      0.00

06:37:37 AM     CPU     %user     %nice   %system   %iowait    %steal     %idle
06:37:38 AM     all      0.00      0.00      0.25      0.00      0.00     99.75

06:37:37 AM kbmemfree   kbavail kbmemused  %memused kbbuffers  kbcached  kbcommit   %commit  kbactive   kbinact   kbdirty
06:37:38 AM   3149432   5678184   1868200     23.55     85232   2617400   5521960     69.62   1960116   2512284        52

06:37:37 AM     IFACE   rxpck/s   txpck/s    rxkB/s    txkB/s   rxcmp/s   txcmp/s  rxmcst/s   %ifutil
06:37:38 AM        lo      0.00      0.00      0.00      0.00      0.00      0.00      0.00      0.00
06:37:38 AM      eth0      0.00      0.00      0.00      0.00      0.00      0.00      0.00      0.00
06:37:38 AM   docker0      0.00      0.00      0.00      0.00      0.00      0.00      0.00      0.00
06:37:38 AM vethe4123a0      0.00      0.00      0.00      0.00      0.00      0.00      0.00      0.00

06:37:38 AM     CPU     %user     %nice   %system   %iowait    %steal     %idle
06:37:39 AM     all      0.00      0.00      0.00      0.00      0.00    100.00

06:37:38 AM kbmemfree   kbavail kbmemused  %memused kbbuffers  kbcached  kbcommit   %commit  kbactive   kbinact   kbdirty
06:37:39 AM   3149432   5678184   1868200     23.55     85232   2617400   5521960     69.62   1960116   2512284        64

06:37:38 AM     IFACE   rxpck/s   txpck/s    rxkB/s    txkB/s   rxcmp/s   txcmp/s  rxmcst/s   %ifutil
06:37:39 AM        lo      0.00      0.00      0.00      0.00      0.00      0.00      0.00      0.00
06:37:39 AM      eth0      0.00      0.00      0.00      0.00      0.00      0.00      0.00      0.00
06:37:39 AM   docker0      0.00      0.00      0.00      0.00      0.00      0.00      0.00      0.00
06:37:39 AM vethe4123a0      0.00      0.00      0.00      0.00      0.00      0.00      0.00      0.00

06:37:39 AM     CPU     %user     %nice   %system   %iowait    %steal     %idle
06:37:40 AM     all      0.25      0.00      0.00      0.00      0.00     99.75

06:37:39 AM kbmemfree   kbavail kbmemused  %memused kbbuffers  kbcached  kbcommit   %commit  kbactive   kbinact   kbdirty
06:37:40 AM   3149432   5678184   1868200     23.55     85232   2617400   5521960     69.62   1960116   2512284        64

06:37:39 AM     IFACE   rxpck/s   txpck/s    rxkB/s    txkB/s   rxcmp/s   txcmp/s  rxmcst/s   %ifutil
06:37:40 AM        lo      0.00      0.00      0.00      0.00      0.00      0.00      0.00      0.00
06:37:40 AM      eth0      2.00      2.00      0.11      0.11      0.00      0.00      0.00      0.00
06:37:40 AM   docker0      0.00      0.00      0.00      0.00      0.00      0.00      0.00      0.00
06:37:40 AM vethe4123a0      0.00      0.00      0.00      0.00      0.00      0.00      0.00      0.00

06:37:40 AM     CPU     %user     %nice   %system   %iowait    %steal     %idle
06:37:41 AM     all      0.00      0.00      0.00      0.00      0.00    100.00

06:37:40 AM kbmemfree   kbavail kbmemused  %memused kbbuffers  kbcached  kbcommit   %commit  kbactive   kbinact   kbdirty
06:37:41 AM   3149432   5678184   1868196     23.55     85232   2617404   5521960     69.62   1960116   2512284        68

06:37:40 AM     IFACE   rxpck/s   txpck/s    rxkB/s    txkB/s   rxcmp/s   txcmp/s  rxmcst/s   %ifutil
06:37:41 AM        lo      0.00      0.00      0.00      0.00      0.00      0.00      0.00      0.00
06:37:41 AM      eth0      0.00      0.00      0.00      0.00      0.00      0.00      0.00      0.00
06:37:41 AM   docker0      0.00      0.00      0.00      0.00      0.00      0.00      0.00      0.00
06:37:41 AM vethe4123a0      0.00      0.00      0.00      0.00      0.00      0.00      0.00      0.00

06:37:41 AM     CPU     %user     %nice   %system   %iowait    %steal     %idle
06:37:42 AM     all      0.00      0.00      0.00      0.00      0.00    100.00

06:37:41 AM kbmemfree   kbavail kbmemused  %memused kbbuffers  kbcached  kbcommit   %commit  kbactive   kbinact   kbdirty
06:37:42 AM   3149432   5678184   1868196     23.55     85232   2617404   5521960     69.62   1960116   2512284        60

06:37:41 AM     IFACE   rxpck/s   txpck/s    rxkB/s    txkB/s   rxcmp/s   txcmp/s  rxmcst/s   %ifutil
06:37:42 AM        lo      0.00      0.00      0.00      0.00      0.00      0.00      0.00      0.00
06:37:42 AM      eth0      1.00      1.00      0.06      0.05      0.00      0.00      0.00      0.00
06:37:42 AM   docker0      0.00      0.00      0.00      0.00      0.00      0.00      0.00      0.00
06:37:42 AM vethe4123a0      0.00      0.00      0.00      0.00      0.00      0.00      0.00      0.00

06:37:42 AM     CPU     %user     %nice   %system   %iowait    %steal     %idle
06:37:43 AM     all      0.25      0.00      0.25      0.00      0.00     99.50

06:37:42 AM kbmemfree   kbavail kbmemused  %memused kbbuffers  kbcached  kbcommit   %commit  kbactive   kbinact   kbdirty
06:37:43 AM   3149432   5678184   1868196     23.55     85232   2617404   5521960     69.62   1960116   2512284        60

06:37:42 AM     IFACE   rxpck/s   txpck/s    rxkB/s    txkB/s   rxcmp/s   txcmp/s  rxmcst/s   %ifutil
06:37:43 AM        lo      0.00      0.00      0.00      0.00      0.00      0.00      0.00      0.00
06:37:43 AM      eth0      0.00      0.00      0.00      0.00      0.00      0.00      0.00      0.00
06:37:43 AM   docker0      0.00      0.00      0.00      0.00      0.00      0.00      0.00      0.00
06:37:43 AM vethe4123a0      0.00      0.00      0.00      0.00      0.00      0.00      0.00      0.00

06:37:43 AM     CPU     %user     %nice   %system   %iowait    %steal     %idle
06:37:44 AM     all      0.00      0.00      0.25      0.00      0.00     99.75

06:37:43 AM kbmemfree   kbavail kbmemused  %memused kbbuffers  kbcached  kbcommit   %commit  kbactive   kbinact   kbdirty
06:37:44 AM   3149432   5678184   1868196     23.55     85232   2617404   5521960     69.62   1960140   2512284        60

06:37:43 AM     IFACE   rxpck/s   txpck/s    rxkB/s    txkB/s   rxcmp/s   txcmp/s  rxmcst/s   %ifutil
06:37:44 AM        lo      0.00      0.00      0.00      0.00      0.00      0.00      0.00      0.00
06:37:44 AM      eth0      0.00      0.00      0.00      0.00      0.00      0.00      0.00      0.00
06:37:44 AM   docker0      0.00      0.00      0.00      0.00      0.00      0.00      0.00      0.00
06:37:44 AM vethe4123a0      0.00      0.00      0.00      0.00      0.00      0.00      0.00      0.00

06:37:44 AM     CPU     %user     %nice   %system   %iowait    %steal     %idle
06:37:45 AM     all      0.00      0.00      0.00      0.00      0.00    100.00

06:37:44 AM kbmemfree   kbavail kbmemused  %memused kbbuffers  kbcached  kbcommit   %commit  kbactive   kbinact   kbdirty
06:37:45 AM   3149432   5678184   1868196     23.55     85232   2617404   5521960     69.62   1960140   2512284        60

06:37:44 AM     IFACE   rxpck/s   txpck/s    rxkB/s    txkB/s   rxcmp/s   txcmp/s  rxmcst/s   %ifutil
06:37:45 AM        lo      0.00      0.00      0.00      0.00      0.00      0.00      0.00      0.00
06:37:45 AM      eth0      0.00      0.00      0.00      0.00      0.00      0.00      0.00      0.00
06:37:45 AM   docker0      0.00      0.00      0.00      0.00      0.00      0.00      0.00      0.00
06:37:45 AM vethe4123a0      0.00      0.00      0.00      0.00      0.00      0.00      0.00      0.00

06:37:45 AM     CPU     %user     %nice   %system   %iowait    %steal     %idle
06:37:46 AM     all      0.25      0.00      0.00      0.00      0.00     99.75

06:37:45 AM kbmemfree   kbavail kbmemused  %memused kbbuffers  kbcached  kbcommit   %commit  kbactive   kbinact   kbdirty
06:37:46 AM   3149432   5678184   1868192     23.55     85232   2617408   5521960     69.62   1960140   2512284        64

06:37:45 AM     IFACE   rxpck/s   txpck/s    rxkB/s    txkB/s   rxcmp/s   txcmp/s  rxmcst/s   %ifutil
06:37:46 AM        lo      0.00      0.00      0.00      0.00      0.00      0.00      0.00      0.00
06:37:46 AM      eth0      1.00      1.00      0.06      0.05      0.00      0.00      0.00      0.00
06:37:46 AM   docker0      0.00      0.00      0.00      0.00      0.00      0.00      0.00      0.00
06:37:46 AM vethe4123a0      0.00      0.00      0.00      0.00      0.00      0.00      0.00      0.00

06:37:46 AM     CPU     %user     %nice   %system   %iowait    %steal     %idle
06:37:47 AM     all      0.25      0.00      0.25      0.00      0.00     99.50

06:37:46 AM kbmemfree   kbavail kbmemused  %memused kbbuffers  kbcached  kbcommit   %commit  kbactive   kbinact   kbdirty
06:37:47 AM   3149432   5678184   1868192     23.55     85232   2617408   5521960     69.62   1960140   2512284        56

06:37:46 AM     IFACE   rxpck/s   txpck/s    rxkB/s    txkB/s   rxcmp/s   txcmp/s  rxmcst/s   %ifutil
06:37:47 AM        lo      0.00      0.00      0.00      0.00      0.00      0.00      0.00      0.00
06:37:47 AM      eth0      0.00      0.00      0.00      0.00      0.00      0.00      0.00      0.00
06:37:47 AM   docker0      0.00      0.00      0.00      0.00      0.00      0.00      0.00      0.00
06:37:47 AM vethe4123a0      0.00      0.00      0.00      0.00      0.00      0.00      0.00      0.00

06:37:47 AM     CPU     %user     %nice   %system   %iowait    %steal     %idle
06:37:48 AM     all      0.00      0.00      0.00      0.00      0.00    100.00

06:37:47 AM kbmemfree   kbavail kbmemused  %memused kbbuffers  kbcached  kbcommit   %commit  kbactive   kbinact   kbdirty
06:37:48 AM   3149432   5678184   1868192     23.55     85232   2617408   5521960     69.62   1960140   2512284        60

06:37:47 AM     IFACE   rxpck/s   txpck/s    rxkB/s    txkB/s   rxcmp/s   txcmp/s  rxmcst/s   %ifutil
06:37:48 AM        lo      0.00      0.00      0.00      0.00      0.00      0.00      0.00      0.00
06:37:48 AM      eth0      0.00      0.00      0.00      0.00      0.00      0.00      0.00      0.00
06:37:48 AM   docker0      0.00      0.00      0.00      0.00      0.00      0.00      0.00      0.00
06:37:48 AM vethe4123a0      0.00      0.00      0.00      0.00      0.00      0.00      0.00      0.00

06:37:48 AM     CPU     %user     %nice   %system   %iowait    %steal     %idle
06:37:49 AM     all      0.00      0.00      0.00      0.00      0.00    100.00

06:37:48 AM kbmemfree   kbavail kbmemused  %memused kbbuffers  kbcached  kbcommit   %commit  kbactive   kbinact   kbdirty
06:37:49 AM   3149432   5678184   1868188     23.55     85232   2617412   5521960     69.62   1960140   2512284        64

06:37:48 AM     IFACE   rxpck/s   txpck/s    rxkB/s    txkB/s   rxcmp/s   txcmp/s  rxmcst/s   %ifutil
06:37:49 AM        lo      0.00      0.00      0.00      0.00      0.00      0.00      0.00      0.00
06:37:49 AM      eth0      0.00      0.00      0.00      0.00      0.00      0.00      0.00      0.00
06:37:49 AM   docker0      0.00      0.00      0.00      0.00      0.00      0.00      0.00      0.00
06:37:49 AM vethe4123a0      0.00      0.00      0.00      0.00      0.00      0.00      0.00      0.00

06:37:49 AM     CPU     %user     %nice   %system   %iowait    %steal     %idle
06:37:50 AM     all      0.00      0.00      0.00      0.00      0.00    100.00

06:37:49 AM kbmemfree   kbavail kbmemused  %memused kbbuffers  kbcached  kbcommit   %commit  kbactive   kbinact   kbdirty
06:37:50 AM   3149432   5678184   1868188     23.55     85232   2617412   5521960     69.62   1960140   2512284        68

06:37:49 AM     IFACE   rxpck/s   txpck/s    rxkB/s    txkB/s   rxcmp/s   txcmp/s  rxmcst/s   %ifutil
06:37:50 AM        lo      0.00      0.00      0.00      0.00      0.00      0.00      0.00      0.00
06:37:50 AM      eth0      0.00      0.00      0.00      0.00      0.00      0.00      0.00      0.00
06:37:50 AM   docker0      0.00      0.00      0.00      0.00      0.00      0.00      0.00      0.00
06:37:50 AM vethe4123a0      0.00      0.00      0.00      0.00      0.00      0.00      0.00      0.00

06:37:50 AM     CPU     %user     %nice   %system   %iowait    %steal     %idle
06:37:51 AM     all      0.25      0.00      0.00      0.00      0.00     99.75

06:37:50 AM kbmemfree   kbavail kbmemused  %memused kbbuffers  kbcached  kbcommit   %commit  kbactive   kbinact   kbdirty
06:37:51 AM   3149180   5677932   1868440     23.56     85232   2617412   5521960     69.62   1960140   2512284        68

06:37:50 AM     IFACE   rxpck/s   txpck/s    rxkB/s    txkB/s   rxcmp/s   txcmp/s  rxmcst/s   %ifutil
06:37:51 AM        lo      0.00      0.00      0.00      0.00      0.00      0.00      0.00      0.00
06:37:51 AM      eth0      0.00      0.00      0.00      0.00      0.00      0.00      0.00      0.00
06:37:51 AM   docker0      0.00      0.00      0.00      0.00      0.00      0.00      0.00      0.00
06:37:51 AM vethe4123a0      0.00      0.00      0.00      0.00      0.00      0.00      0.00      0.00

06:37:51 AM     CPU     %user     %nice   %system   %iowait    %steal     %idle
06:37:52 AM     all      0.00      0.00      0.00      0.00      0.00    100.00

06:37:51 AM kbmemfree   kbavail kbmemused  %memused kbbuffers  kbcached  kbcommit   %commit  kbactive   kbinact   kbdirty
06:37:52 AM   3149180   5677936   1868440     23.56     85232   2617412   5521960     69.62   1960140   2512288        68

06:37:51 AM     IFACE   rxpck/s   txpck/s    rxkB/s    txkB/s   rxcmp/s   txcmp/s  rxmcst/s   %ifutil
06:37:52 AM        lo      0.00      0.00      0.00      0.00      0.00      0.00      0.00      0.00
06:37:52 AM      eth0      0.00      0.00      0.00      0.00      0.00      0.00      0.00      0.00
06:37:52 AM   docker0      0.00      0.00      0.00      0.00      0.00      0.00      0.00      0.00
06:37:52 AM vethe4123a0      0.00      0.00      0.00      0.00      0.00      0.00      0.00      0.00

06:37:52 AM     CPU     %user     %nice   %system   %iowait    %steal     %idle
06:37:53 AM     all      0.00      0.00      0.00      0.00      0.00    100.00

06:37:52 AM kbmemfree   kbavail kbmemused  %memused kbbuffers  kbcached  kbcommit   %commit  kbactive   kbinact   kbdirty
06:37:53 AM   3149180   5677936   1868440     23.56     85232   2617412   5521960     69.62   1960140   2512288        68

06:37:52 AM     IFACE   rxpck/s   txpck/s    rxkB/s    txkB/s   rxcmp/s   txcmp/s  rxmcst/s   %ifutil
06:37:53 AM        lo      0.00      0.00      0.00      0.00      0.00      0.00      0.00      0.00
06:37:53 AM      eth0      0.00      0.00      0.00      0.00      0.00      0.00      0.00      0.00
06:37:53 AM   docker0      0.00      0.00      0.00      0.00      0.00      0.00      0.00      0.00
06:37:53 AM vethe4123a0      0.00      0.00      0.00      0.00      0.00      0.00      0.00      0.00

06:37:53 AM     CPU     %user     %nice   %system   %iowait    %steal     %idle
06:37:54 AM     all      0.00      0.00      0.00      0.00      0.00    100.00

06:37:53 AM kbmemfree   kbavail kbmemused  %memused kbbuffers  kbcached  kbcommit   %commit  kbactive   kbinact   kbdirty
06:37:54 AM   3149180   5677936   1868436     23.56     85232   2617416   5521960     69.62   1960140   2512288        68

06:37:53 AM     IFACE   rxpck/s   txpck/s    rxkB/s    txkB/s   rxcmp/s   txcmp/s  rxmcst/s   %ifutil
06:37:54 AM        lo      0.00      0.00      0.00      0.00      0.00      0.00      0.00      0.00
06:37:54 AM      eth0      0.00      0.00      0.00      0.00      0.00      0.00      0.00      0.00
06:37:54 AM   docker0      0.00      0.00      0.00      0.00      0.00      0.00      0.00      0.00
06:37:54 AM vethe4123a0      0.00      0.00      0.00      0.00      0.00      0.00      0.00      0.00

06:37:54 AM     CPU     %user     %nice   %system   %iowait    %steal     %idle
06:37:55 AM     all      0.50      0.00      0.25      0.00      0.00     99.25

06:37:54 AM kbmemfree   kbavail kbmemused  %memused kbbuffers  kbcached  kbcommit   %commit  kbactive   kbinact   kbdirty
06:37:55 AM   3149180   5677936   1868436     23.56     85232   2617416   5521960     69.62   1960140   2512288        68

06:37:54 AM     IFACE   rxpck/s   txpck/s    rxkB/s    txkB/s   rxcmp/s   txcmp/s  rxmcst/s   %ifutil
06:37:55 AM        lo      0.00      0.00      0.00      0.00      0.00      0.00      0.00      0.00
06:37:55 AM      eth0      0.00      0.00      0.00      0.00      0.00      0.00      0.00      0.00
06:37:55 AM   docker0      0.00      0.00      0.00      0.00      0.00      0.00      0.00      0.00
06:37:55 AM vethe4123a0      0.00      0.00      0.00      0.00      0.00      0.00      0.00      0.00

06:37:55 AM     CPU     %user     %nice   %system   %iowait    %steal     %idle
06:37:56 AM     all      0.00      0.00      0.25      0.00      0.00     99.75

06:37:55 AM kbmemfree   kbavail kbmemused  %memused kbbuffers  kbcached  kbcommit   %commit  kbactive   kbinact   kbdirty
06:37:56 AM   3149180   5677936   1868436     23.56     85232   2617416   5521960     69.62   1960140   2512288        68

06:37:55 AM     IFACE   rxpck/s   txpck/s    rxkB/s    txkB/s   rxcmp/s   txcmp/s  rxmcst/s   %ifutil
06:37:56 AM        lo      0.00      0.00      0.00      0.00      0.00      0.00      0.00      0.00
06:37:56 AM      eth0      0.00      0.00      0.00      0.00      0.00      0.00      0.00      0.00
06:37:56 AM   docker0      0.00      0.00      0.00      0.00      0.00      0.00      0.00      0.00
06:37:56 AM vethe4123a0      0.00      0.00      0.00      0.00      0.00      0.00      0.00      0.00

06:37:56 AM     CPU     %user     %nice   %system   %iowait    %steal     %idle
06:37:57 AM     all      0.00      0.00      0.00      0.00      0.00    100.00

06:37:56 AM kbmemfree   kbavail kbmemused  %memused kbbuffers  kbcached  kbcommit   %commit  kbactive   kbinact   kbdirty
06:37:57 AM   3149180   5677936   1868436     23.56     85232   2617416   5521960     69.62   1960140   2512288        68

06:37:56 AM     IFACE   rxpck/s   txpck/s    rxkB/s    txkB/s   rxcmp/s   txcmp/s  rxmcst/s   %ifutil
06:37:57 AM        lo      0.00      0.00      0.00      0.00      0.00      0.00      0.00      0.00
06:37:57 AM      eth0      0.00      0.00      0.00      0.00      0.00      0.00      0.00      0.00
06:37:57 AM   docker0      0.00      0.00      0.00      0.00      0.00      0.00      0.00      0.00
06:37:57 AM vethe4123a0      0.00      0.00      0.00      0.00      0.00      0.00      0.00      0.00

06:37:57 AM     CPU     %user     %nice   %system   %iowait    %steal     %idle
06:37:58 AM     all      0.00      0.00      0.00      0.00      0.00    100.00

06:37:57 AM kbmemfree   kbavail kbmemused  %memused kbbuffers  kbcached  kbcommit   %commit  kbactive   kbinact   kbdirty
06:37:58 AM   3149180   5677936   1868432     23.56     85232   2617420   5521960     69.62   1960140   2512288        72

06:37:57 AM     IFACE   rxpck/s   txpck/s    rxkB/s    txkB/s   rxcmp/s   txcmp/s  rxmcst/s   %ifutil
06:37:58 AM        lo      0.00      0.00      0.00      0.00      0.00      0.00      0.00      0.00
06:37:58 AM      eth0      0.00      0.00      0.00      0.00      0.00      0.00      0.00      0.00
06:37:58 AM   docker0      0.00      0.00      0.00      0.00      0.00      0.00      0.00      0.00
06:37:58 AM vethe4123a0      0.00      0.00      0.00      0.00      0.00      0.00      0.00      0.00

06:37:58 AM     CPU     %user     %nice   %system   %iowait    %steal     %idle
06:37:59 AM     all      0.00      0.00      0.00      0.00      0.00    100.00

06:37:58 AM kbmemfree   kbavail kbmemused  %memused kbbuffers  kbcached  kbcommit   %commit  kbactive   kbinact   kbdirty
06:37:59 AM   3149180   5677936   1868432     23.56     85232   2617420   5521960     69.62   1960140   2512288        60

06:37:58 AM     IFACE   rxpck/s   txpck/s    rxkB/s    txkB/s   rxcmp/s   txcmp/s  rxmcst/s   %ifutil
06:37:59 AM        lo      0.00      0.00      0.00      0.00      0.00      0.00      0.00      0.00
06:37:59 AM      eth0      0.00      0.00      0.00      0.00      0.00      0.00      0.00      0.00
06:37:59 AM   docker0      0.00      0.00      0.00      0.00      0.00      0.00      0.00      0.00
06:37:59 AM vethe4123a0      0.00      0.00      0.00      0.00      0.00      0.00      0.00      0.00

06:37:59 AM     CPU     %user     %nice   %system   %iowait    %steal     %idle
06:38:00 AM     all      0.25      0.00      0.00      0.00      0.00     99.75

06:37:59 AM kbmemfree   kbavail kbmemused  %memused kbbuffers  kbcached  kbcommit   %commit  kbactive   kbinact   kbdirty
06:38:00 AM   3149180   5677936   1868432     23.56     85232   2617420   5521960     69.62   1960140   2512288        64

06:37:59 AM     IFACE   rxpck/s   txpck/s    rxkB/s    txkB/s   rxcmp/s   txcmp/s  rxmcst/s   %ifutil
06:38:00 AM        lo      0.00      0.00      0.00      0.00      0.00      0.00      0.00      0.00
06:38:00 AM      eth0      0.00      0.00      0.00      0.00      0.00      0.00      0.00      0.00
06:38:00 AM   docker0      0.00      0.00      0.00      0.00      0.00      0.00      0.00      0.00
06:38:00 AM vethe4123a0      0.00      0.00      0.00      0.00      0.00      0.00      0.00      0.00

06:38:00 AM     CPU     %user     %nice   %system   %iowait    %steal     %idle
06:38:01 AM     all      0.00      0.00      0.00      0.00      0.00    100.00

06:38:00 AM kbmemfree   kbavail kbmemused  %memused kbbuffers  kbcached  kbcommit   %commit  kbactive   kbinact   kbdirty
06:38:01 AM   3149180   5677936   1868432     23.56     85232   2617420   5521960     69.62   1960140   2512288        64

06:38:00 AM     IFACE   rxpck/s   txpck/s    rxkB/s    txkB/s   rxcmp/s   txcmp/s  rxmcst/s   %ifutil
06:38:01 AM        lo      0.00      0.00      0.00      0.00      0.00      0.00      0.00      0.00
06:38:01 AM      eth0      0.00      0.00      0.00      0.00      0.00      0.00      0.00      0.00
06:38:01 AM   docker0      0.00      0.00      0.00      0.00      0.00      0.00      0.00      0.00
06:38:01 AM vethe4123a0      0.00      0.00      0.00      0.00      0.00      0.00      0.00      0.00

06:38:01 AM     CPU     %user     %nice   %system   %iowait    %steal     %idle
06:38:02 AM     all      0.25      0.00      0.00      0.25      0.00     99.50

06:38:01 AM kbmemfree   kbavail kbmemused  %memused kbbuffers  kbcached  kbcommit   %commit  kbactive   kbinact   kbdirty
06:38:02 AM   3149180   5677936   1868432     23.56     85232   2617420   5521960     69.62   1960140   2512288        64

06:38:01 AM     IFACE   rxpck/s   txpck/s    rxkB/s    txkB/s   rxcmp/s   txcmp/s  rxmcst/s   %ifutil
06:38:02 AM        lo      0.00      0.00      0.00      0.00      0.00      0.00      0.00      0.00
06:38:02 AM      eth0      1.00      1.00      0.06      0.05      0.00      0.00      0.00      0.00
06:38:02 AM   docker0      0.00      0.00      0.00      0.00      0.00      0.00      0.00      0.00
06:38:02 AM vethe4123a0      0.00      0.00      0.00      0.00      0.00      0.00      0.00      0.00

06:38:02 AM     CPU     %user     %nice   %system   %iowait    %steal     %idle
06:38:03 AM     all      0.25      0.00      0.00      0.00      0.00     99.75

06:38:02 AM kbmemfree   kbavail kbmemused  %memused kbbuffers  kbcached  kbcommit   %commit  kbactive   kbinact   kbdirty
06:38:03 AM   3149180   5677936   1868428     23.56     85232   2617424   5521960     69.62   1960140   2512288        68

06:38:02 AM     IFACE   rxpck/s   txpck/s    rxkB/s    txkB/s   rxcmp/s   txcmp/s  rxmcst/s   %ifutil
06:38:03 AM        lo      0.00      0.00      0.00      0.00      0.00      0.00      0.00      0.00
06:38:03 AM      eth0      0.00      0.00      0.00      0.00      0.00      0.00      0.00      0.00
06:38:03 AM   docker0      0.00      0.00      0.00      0.00      0.00      0.00      0.00      0.00
06:38:03 AM vethe4123a0      0.00      0.00      0.00      0.00      0.00      0.00      0.00      0.00

06:38:03 AM     CPU     %user     %nice   %system   %iowait    %steal     %idle
06:38:04 AM     all      0.00      0.00      0.25      0.00      0.00     99.75

06:38:03 AM kbmemfree   kbavail kbmemused  %memused kbbuffers  kbcached  kbcommit   %commit  kbactive   kbinact   kbdirty
06:38:04 AM   3149180   5677948   1868428     23.56     85232   2617424   5521960     69.62   1960140   2512300        56

06:38:03 AM     IFACE   rxpck/s   txpck/s    rxkB/s    txkB/s   rxcmp/s   txcmp/s  rxmcst/s   %ifutil
06:38:04 AM        lo      0.00      0.00      0.00      0.00      0.00      0.00      0.00      0.00
06:38:04 AM      eth0      0.00      0.00      0.00      0.00      0.00      0.00      0.00      0.00
06:38:04 AM   docker0      0.00      0.00      0.00      0.00      0.00      0.00      0.00      0.00
06:38:04 AM vethe4123a0      0.00      0.00      0.00      0.00      0.00      0.00      0.00      0.00

06:38:04 AM     CPU     %user     %nice   %system   %iowait    %steal     %idle
06:38:05 AM     all      0.00      0.00      0.00      0.00      0.00    100.00

06:38:04 AM kbmemfree   kbavail kbmemused  %memused kbbuffers  kbcached  kbcommit   %commit  kbactive   kbinact   kbdirty
06:38:05 AM   3149180   5677948   1868428     23.56     85232   2617424   5521960     69.62   1960140   2512300        12

06:38:04 AM     IFACE   rxpck/s   txpck/s    rxkB/s    txkB/s   rxcmp/s   txcmp/s  rxmcst/s   %ifutil
06:38:05 AM        lo      0.00      0.00      0.00      0.00      0.00      0.00      0.00      0.00
06:38:05 AM      eth0      0.00      0.00      0.00      0.00      0.00      0.00      0.00      0.00
06:38:05 AM   docker0      0.00      0.00      0.00      0.00      0.00      0.00      0.00      0.00
06:38:05 AM vethe4123a0      0.00      0.00      0.00      0.00      0.00      0.00      0.00      0.00

06:38:05 AM     CPU     %user     %nice   %system   %iowait    %steal     %idle
06:38:06 AM     all      0.00      0.00      0.00      0.00      0.00    100.00

06:38:05 AM kbmemfree   kbavail kbmemused  %memused kbbuffers  kbcached  kbcommit   %commit  kbactive   kbinact   kbdirty
06:38:06 AM   3149180   5677948   1868428     23.56     85232   2617424   5521960     69.62   1960140   2512300        12

06:38:05 AM     IFACE   rxpck/s   txpck/s    rxkB/s    txkB/s   rxcmp/s   txcmp/s  rxmcst/s   %ifutil
06:38:06 AM        lo      0.00      0.00      0.00      0.00      0.00      0.00      0.00      0.00
06:38:06 AM      eth0      0.00      0.00      0.00      0.00      0.00      0.00      0.00      0.00
06:38:06 AM   docker0      0.00      0.00      0.00      0.00      0.00      0.00      0.00      0.00
06:38:06 AM vethe4123a0      0.00      0.00      0.00      0.00      0.00      0.00      0.00      0.00

06:38:06 AM     CPU     %user     %nice   %system   %iowait    %steal     %idle
06:38:07 AM     all      0.25      0.00      0.25      0.00      0.00     99.50

06:38:06 AM kbmemfree   kbavail kbmemused  %memused kbbuffers  kbcached  kbcommit   %commit  kbactive   kbinact   kbdirty
06:38:07 AM   3149180   5677948   1868576     23.56     85232   2617428   5521960     69.62   1960004   2512300        36

06:38:06 AM     IFACE   rxpck/s   txpck/s    rxkB/s    txkB/s   rxcmp/s   txcmp/s  rxmcst/s   %ifutil
06:38:07 AM        lo      0.00      0.00      0.00      0.00      0.00      0.00      0.00      0.00
06:38:07 AM      eth0      0.00      0.00      0.00      0.00      0.00      0.00      0.00      0.00
06:38:07 AM   docker0      0.00      0.00      0.00      0.00      0.00      0.00      0.00      0.00
06:38:07 AM vethe4123a0      0.00      0.00      0.00      0.00      0.00      0.00      0.00      0.00

06:38:07 AM     CPU     %user     %nice   %system   %iowait    %steal     %idle
06:38:08 AM     all      0.00      0.00      0.00      0.00      0.00    100.00

06:38:07 AM kbmemfree   kbavail kbmemused  %memused kbbuffers  kbcached  kbcommit   %commit  kbactive   kbinact   kbdirty
06:38:08 AM   3149180   5677948   1868576     23.56     85232   2617428   5521960     69.62   1960004   2512300        36

06:38:07 AM     IFACE   rxpck/s   txpck/s    rxkB/s    txkB/s   rxcmp/s   txcmp/s  rxmcst/s   %ifutil
06:38:08 AM        lo      0.00      0.00      0.00      0.00      0.00      0.00      0.00      0.00
06:38:08 AM      eth0      0.00      0.00      0.00      0.00      0.00      0.00      0.00      0.00
06:38:08 AM   docker0      0.00      0.00      0.00      0.00      0.00      0.00      0.00      0.00
06:38:08 AM vethe4123a0      0.00      0.00      0.00      0.00      0.00      0.00      0.00      0.00

06:38:08 AM     CPU     %user     %nice   %system   %iowait    %steal     %idle
06:38:09 AM     all      0.00      0.00      0.25      0.00      0.00     99.75

06:38:08 AM kbmemfree   kbavail kbmemused  %memused kbbuffers  kbcached  kbcommit   %commit  kbactive   kbinact   kbdirty
06:38:09 AM   3149180   5677956   1868576     23.56     85232   2617428   5521960     69.62   1960004   2512308        36

06:38:08 AM     IFACE   rxpck/s   txpck/s    rxkB/s    txkB/s   rxcmp/s   txcmp/s  rxmcst/s   %ifutil
06:38:09 AM        lo      0.00      0.00      0.00      0.00      0.00      0.00      0.00      0.00
06:38:09 AM      eth0      2.00      1.00      0.11      0.05      0.00      0.00      0.00      0.00
06:38:09 AM   docker0      0.00      0.00      0.00      0.00      0.00      0.00      0.00      0.00
06:38:09 AM vethe4123a0      0.00      0.00      0.00      0.00      0.00      0.00      0.00      0.00

06:38:09 AM     CPU     %user     %nice   %system   %iowait    %steal     %idle
06:38:10 AM     all      0.50      0.00      0.00      0.00      0.00     99.50

06:38:09 AM kbmemfree   kbavail kbmemused  %memused kbbuffers  kbcached  kbcommit   %commit  kbactive   kbinact   kbdirty
06:38:10 AM   3149180   5677956   1868576     23.56     85232   2617428   5521960     69.62   1960004   2512308        36

06:38:09 AM     IFACE   rxpck/s   txpck/s    rxkB/s    txkB/s   rxcmp/s   txcmp/s  rxmcst/s   %ifutil
06:38:10 AM        lo      0.00      0.00      0.00      0.00      0.00      0.00      0.00      0.00
06:38:10 AM      eth0      0.00      0.00      0.00      0.00      0.00      0.00      0.00      0.00
06:38:10 AM   docker0      0.00      0.00      0.00      0.00      0.00      0.00      0.00      0.00
06:38:10 AM vethe4123a0      0.00      0.00      0.00      0.00      0.00      0.00      0.00      0.00

06:38:10 AM     CPU     %user     %nice   %system   %iowait    %steal     %idle
06:38:11 AM     all      0.00      0.00      0.00      0.00      0.00    100.00

06:38:10 AM kbmemfree   kbavail kbmemused  %memused kbbuffers  kbcached  kbcommit   %commit  kbactive   kbinact   kbdirty
06:38:11 AM   3149180   5677956   1868576     23.56     85232   2617428   5521960     69.62   1960004   2512308        28

06:38:10 AM     IFACE   rxpck/s   txpck/s    rxkB/s    txkB/s   rxcmp/s   txcmp/s  rxmcst/s   %ifutil
06:38:11 AM        lo      0.00      0.00      0.00      0.00      0.00      0.00      0.00      0.00
06:38:11 AM      eth0      0.00      0.00      0.00      0.00      0.00      0.00      0.00      0.00
06:38:11 AM   docker0      0.00      0.00      0.00      0.00      0.00      0.00      0.00      0.00
06:38:11 AM vethe4123a0      0.00      0.00      0.00      0.00      0.00      0.00      0.00      0.00

06:38:11 AM     CPU     %user     %nice   %system   %iowait    %steal     %idle
06:38:12 AM     all      0.00      0.00      0.00      0.00      0.00    100.00

06:38:11 AM kbmemfree   kbavail kbmemused  %memused kbbuffers  kbcached  kbcommit   %commit  kbactive   kbinact   kbdirty
06:38:12 AM   3149180   5677964   1868572     23.56     85232   2617432   5521960     69.62   1960004   2512316        20

06:38:11 AM     IFACE   rxpck/s   txpck/s    rxkB/s    txkB/s   rxcmp/s   txcmp/s  rxmcst/s   %ifutil
06:38:12 AM        lo      0.00      0.00      0.00      0.00      0.00      0.00      0.00      0.00
06:38:12 AM      eth0      0.00      0.00      0.00      0.00      0.00      0.00      0.00      0.00
06:38:12 AM   docker0      0.00      0.00      0.00      0.00      0.00      0.00      0.00      0.00
06:38:12 AM vethe4123a0      0.00      0.00      0.00      0.00      0.00      0.00      0.00      0.00

06:38:12 AM     CPU     %user     %nice   %system   %iowait    %steal     %idle
06:38:13 AM     all      0.00      0.00      0.00      0.00      0.00    100.00

06:38:12 AM kbmemfree   kbavail kbmemused  %memused kbbuffers  kbcached  kbcommit   %commit  kbactive   kbinact   kbdirty
06:38:13 AM   3149180   5677964   1868572     23.56     85232   2617432   5521960     69.62   1960004   2512316        20

06:38:12 AM     IFACE   rxpck/s   txpck/s    rxkB/s    txkB/s   rxcmp/s   txcmp/s  rxmcst/s   %ifutil
06:38:13 AM        lo      0.00      0.00      0.00      0.00      0.00      0.00      0.00      0.00
06:38:13 AM      eth0      0.00      0.00      0.00      0.00      0.00      0.00      0.00      0.00
06:38:13 AM   docker0      0.00      0.00      0.00      0.00      0.00      0.00      0.00      0.00
06:38:13 AM vethe4123a0      0.00      0.00      0.00      0.00      0.00      0.00      0.00      0.00

06:38:13 AM     CPU     %user     %nice   %system   %iowait    %steal     %idle
06:38:14 AM     all      0.25      0.00      0.00      0.00      0.00     99.75

06:38:13 AM kbmemfree   kbavail kbmemused  %memused kbbuffers  kbcached  kbcommit   %commit  kbactive   kbinact   kbdirty
06:38:14 AM   3149180   5677964   1868572     23.56     85232   2617432   5521960     69.62   1960004   2512316        20

06:38:13 AM     IFACE   rxpck/s   txpck/s    rxkB/s    txkB/s   rxcmp/s   txcmp/s  rxmcst/s   %ifutil
06:38:14 AM        lo      0.00      0.00      0.00      0.00      0.00      0.00      0.00      0.00
06:38:14 AM      eth0      0.00      0.00      0.00      0.00      0.00      0.00      0.00      0.00
06:38:14 AM   docker0      0.00      0.00      0.00      0.00      0.00      0.00      0.00      0.00
06:38:14 AM vethe4123a0      0.00      0.00      0.00      0.00      0.00      0.00      0.00      0.00

06:38:14 AM     CPU     %user     %nice   %system   %iowait    %steal     %idle
06:38:15 AM     all      0.00      0.00      0.00      0.00      0.00    100.00

06:38:14 AM kbmemfree   kbavail kbmemused  %memused kbbuffers  kbcached  kbcommit   %commit  kbactive   kbinact   kbdirty
06:38:15 AM   3149180   5677964   1868572     23.56     85232   2617432   5521960     69.62   1960004   2512316        20

06:38:14 AM     IFACE   rxpck/s   txpck/s    rxkB/s    txkB/s   rxcmp/s   txcmp/s  rxmcst/s   %ifutil
06:38:15 AM        lo      0.00      0.00      0.00      0.00      0.00      0.00      0.00      0.00
06:38:15 AM      eth0      0.00      0.00      0.00      0.00      0.00      0.00      0.00      0.00
06:38:15 AM   docker0      0.00      0.00      0.00      0.00      0.00      0.00      0.00      0.00
06:38:15 AM vethe4123a0      0.00      0.00      0.00      0.00      0.00      0.00      0.00      0.00

06:38:15 AM     CPU     %user     %nice   %system   %iowait    %steal     %idle
06:38:16 AM     all      0.00      0.00      0.00      0.00      0.00    100.00

06:38:15 AM kbmemfree   kbavail kbmemused  %memused kbbuffers  kbcached  kbcommit   %commit  kbactive   kbinact   kbdirty
06:38:16 AM   3149180   5677964   1868572     23.56     85232   2617432   5521960     69.62   1960004   2512316        20

06:38:15 AM     IFACE   rxpck/s   txpck/s    rxkB/s    txkB/s   rxcmp/s   txcmp/s  rxmcst/s   %ifutil
06:38:16 AM        lo      0.00      0.00      0.00      0.00      0.00      0.00      0.00      0.00
06:38:16 AM      eth0      0.00      0.00      0.00      0.00      0.00      0.00      0.00      0.00
06:38:16 AM   docker0      0.00      0.00      0.00      0.00      0.00      0.00      0.00      0.00
06:38:16 AM vethe4123a0      0.00      0.00      0.00      0.00      0.00      0.00      0.00      0.00

06:38:16 AM     CPU     %user     %nice   %system   %iowait    %steal     %idle
06:38:17 AM     all      0.00      0.00      0.00      0.00      0.00    100.00

06:38:16 AM kbmemfree   kbavail kbmemused  %memused kbbuffers  kbcached  kbcommit   %commit  kbactive   kbinact   kbdirty
06:38:17 AM   3149180   5677968   1868568     23.56     85232   2617436   5521960     69.62   1960004   2512320        24

06:38:16 AM     IFACE   rxpck/s   txpck/s    rxkB/s    txkB/s   rxcmp/s   txcmp/s  rxmcst/s   %ifutil
06:38:17 AM        lo      0.00      0.00      0.00      0.00      0.00      0.00      0.00      0.00
06:38:17 AM      eth0      0.00      0.00      0.00      0.00      0.00      0.00      0.00      0.00
06:38:17 AM   docker0      0.00      0.00      0.00      0.00      0.00      0.00      0.00      0.00
06:38:17 AM vethe4123a0      0.00      0.00      0.00      0.00      0.00      0.00      0.00      0.00

06:38:17 AM     CPU     %user     %nice   %system   %iowait    %steal     %idle
06:38:18 AM     all      0.50      0.00      1.00      0.25      0.00     98.26

06:38:17 AM kbmemfree   kbavail kbmemused  %memused kbbuffers  kbcached  kbcommit   %commit  kbactive   kbinact   kbdirty
06:38:18 AM   3146940   5675728   1870808     23.59     85232   2617436   5525408     69.66   1961380   2512320       200

06:38:17 AM     IFACE   rxpck/s   txpck/s    rxkB/s    txkB/s   rxcmp/s   txcmp/s  rxmcst/s   %ifutil
06:38:18 AM        lo      0.00      0.00      0.00      0.00      0.00      0.00      0.00      0.00
06:38:18 AM      eth0     11.00     11.00      2.09      2.50      0.00      0.00      0.00      0.00
06:38:18 AM   docker0      0.00      0.00      0.00      0.00      0.00      0.00      0.00      0.00
06:38:18 AM vethe4123a0      0.00      0.00      0.00      0.00      0.00      0.00      0.00      0.00

06:38:18 AM     CPU     %user     %nice   %system   %iowait    %steal     %idle
06:38:19 AM     all      0.25      0.00      0.00      0.00      0.00     99.75

06:38:18 AM kbmemfree   kbavail kbmemused  %memused kbbuffers  kbcached  kbcommit   %commit  kbactive   kbinact   kbdirty
06:38:19 AM   3146940   5675728   1870808     23.59     85232   2617436   5525408     69.66   1961672   2512320       208

06:38:18 AM     IFACE   rxpck/s   txpck/s    rxkB/s    txkB/s   rxcmp/s   txcmp/s  rxmcst/s   %ifutil
06:38:19 AM        lo      0.00      0.00      0.00      0.00      0.00      0.00      0.00      0.00
06:38:19 AM      eth0      0.00      0.00      0.00      0.00      0.00      0.00      0.00      0.00
06:38:19 AM   docker0      0.00      0.00      0.00      0.00      0.00      0.00      0.00      0.00
06:38:19 AM vethe4123a0      0.00      0.00      0.00      0.00      0.00      0.00      0.00      0.00

06:38:19 AM     CPU     %user     %nice   %system   %iowait    %steal     %idle
06:38:20 AM     all      0.25      0.00      0.00      0.00      0.00     99.75

06:38:19 AM kbmemfree   kbavail kbmemused  %memused kbbuffers  kbcached  kbcommit   %commit  kbactive   kbinact   kbdirty
06:38:20 AM   3146940   5675728   1870808     23.59     85232   2617436   5525408     69.66   1961672   2512320       208

06:38:19 AM     IFACE   rxpck/s   txpck/s    rxkB/s    txkB/s   rxcmp/s   txcmp/s  rxmcst/s   %ifutil
06:38:20 AM        lo      0.00      0.00      0.00      0.00      0.00      0.00      0.00      0.00
06:38:20 AM      eth0      0.00      0.00      0.00      0.00      0.00      0.00      0.00      0.00
06:38:20 AM   docker0      0.00      0.00      0.00      0.00      0.00      0.00      0.00      0.00
06:38:20 AM vethe4123a0      0.00      0.00      0.00      0.00      0.00      0.00      0.00      0.00

06:38:20 AM     CPU     %user     %nice   %system   %iowait    %steal     %idle
06:38:21 AM     all      0.00      0.00      0.25      0.00      0.00     99.75

06:38:20 AM kbmemfree   kbavail kbmemused  %memused kbbuffers  kbcached  kbcommit   %commit  kbactive   kbinact   kbdirty
06:38:21 AM   3146940   5675728   1870804     23.59     85232   2617440   5521960     69.62   1960296   2512320       228

06:38:20 AM     IFACE   rxpck/s   txpck/s    rxkB/s    txkB/s   rxcmp/s   txcmp/s  rxmcst/s   %ifutil
06:38:21 AM        lo      0.00      0.00      0.00      0.00      0.00      0.00      0.00      0.00
06:38:21 AM      eth0      2.00      2.00      0.13      0.18      0.00      0.00      0.00      0.00
06:38:21 AM   docker0      0.00      0.00      0.00      0.00      0.00      0.00      0.00      0.00
06:38:21 AM vethe4123a0      0.00      0.00      0.00      0.00      0.00      0.00      0.00      0.00

06:38:21 AM     CPU     %user     %nice   %system   %iowait    %steal     %idle
06:38:22 AM     all      0.00      0.00      0.00      0.00      0.00    100.00

06:38:21 AM kbmemfree   kbavail kbmemused  %memused kbbuffers  kbcached  kbcommit   %commit  kbactive   kbinact   kbdirty
06:38:22 AM   3146940   5675728   1870808     23.59     85232   2617440   5521960     69.62   1960004   2512320       244

06:38:21 AM     IFACE   rxpck/s   txpck/s    rxkB/s    txkB/s   rxcmp/s   txcmp/s  rxmcst/s   %ifutil
06:38:22 AM        lo      0.00      0.00      0.00      0.00      0.00      0.00      0.00      0.00
06:38:22 AM      eth0      0.00      0.00      0.00      0.00      0.00      0.00      0.00      0.00
06:38:22 AM   docker0      0.00      0.00      0.00      0.00      0.00      0.00      0.00      0.00
06:38:22 AM vethe4123a0      0.00      0.00      0.00      0.00      0.00      0.00      0.00      0.00

06:38:22 AM     CPU     %user     %nice   %system   %iowait    %steal     %idle
06:38:23 AM     all      0.00      0.00      0.00      0.25      0.00     99.75

06:38:22 AM kbmemfree   kbavail kbmemused  %memused kbbuffers  kbcached  kbcommit   %commit  kbactive   kbinact   kbdirty
06:38:23 AM   3146940   5675732   1870808     23.59     85232   2617440   5521960     69.62   1960004   2512324        88

06:38:22 AM     IFACE   rxpck/s   txpck/s    rxkB/s    txkB/s   rxcmp/s   txcmp/s  rxmcst/s   %ifutil
06:38:23 AM        lo      0.00      0.00      0.00      0.00      0.00      0.00      0.00      0.00
06:38:23 AM      eth0      2.00      1.00      0.11      0.05      0.00      0.00      0.00      0.00
06:38:23 AM   docker0      0.00      0.00      0.00      0.00      0.00      0.00      0.00      0.00
06:38:23 AM vethe4123a0      0.00      0.00      0.00      0.00      0.00      0.00      0.00      0.00

06:38:23 AM     CPU     %user     %nice   %system   %iowait    %steal     %idle
06:38:24 AM     all      0.00      0.00      0.00      0.00      0.00    100.00

06:38:23 AM kbmemfree   kbavail kbmemused  %memused kbbuffers  kbcached  kbcommit   %commit  kbactive   kbinact   kbdirty
06:38:24 AM   3146940   5675732   1870808     23.59     85232   2617440   5521960     69.62   1960004   2512324       104

06:38:23 AM     IFACE   rxpck/s   txpck/s    rxkB/s    txkB/s   rxcmp/s   txcmp/s  rxmcst/s   %ifutil
06:38:24 AM        lo      0.00      0.00      0.00      0.00      0.00      0.00      0.00      0.00
06:38:24 AM      eth0      1.00      1.00      0.06      0.05      0.00      0.00      0.00      0.00
06:38:24 AM   docker0      0.00      0.00      0.00      0.00      0.00      0.00      0.00      0.00
06:38:24 AM vethe4123a0      0.00      0.00      0.00      0.00      0.00      0.00      0.00      0.00

06:38:24 AM     CPU     %user     %nice   %system   %iowait    %steal     %idle
06:38:25 AM     all      0.00      0.00      0.00      0.00      0.00    100.00

06:38:24 AM kbmemfree   kbavail kbmemused  %memused kbbuffers  kbcached  kbcommit   %commit  kbactive   kbinact   kbdirty
06:38:25 AM   3146940   5675732   1870740     23.59     85232   2617444   5521960     69.62   1960004   2512324        56

06:38:24 AM     IFACE   rxpck/s   txpck/s    rxkB/s    txkB/s   rxcmp/s   txcmp/s  rxmcst/s   %ifutil
06:38:25 AM        lo      0.00      0.00      0.00      0.00      0.00      0.00      0.00      0.00
06:38:25 AM      eth0      0.00      0.00      0.00      0.00      0.00      0.00      0.00      0.00
06:38:25 AM   docker0      0.00      0.00      0.00      0.00      0.00      0.00      0.00      0.00
06:38:25 AM vethe4123a0      0.00      0.00      0.00      0.00      0.00      0.00      0.00      0.00

06:38:25 AM     CPU     %user     %nice   %system   %iowait    %steal     %idle
06:38:26 AM     all      0.00      0.00      0.00      0.00      0.00    100.00

06:38:25 AM kbmemfree   kbavail kbmemused  %memused kbbuffers  kbcached  kbcommit   %commit  kbactive   kbinact   kbdirty
06:38:26 AM   3146940   5675732   1870740     23.59     85232   2617444   5521960     69.62   1960004   2512324        56

06:38:25 AM     IFACE   rxpck/s   txpck/s    rxkB/s    txkB/s   rxcmp/s   txcmp/s  rxmcst/s   %ifutil
06:38:26 AM        lo      0.00      0.00      0.00      0.00      0.00      0.00      0.00      0.00
06:38:26 AM      eth0      0.00      0.00      0.00      0.00      0.00      0.00      0.00      0.00
06:38:26 AM   docker0      0.00      0.00      0.00      0.00      0.00      0.00      0.00      0.00
06:38:26 AM vethe4123a0      0.00      0.00      0.00      0.00      0.00      0.00      0.00      0.00

06:38:26 AM     CPU     %user     %nice   %system   %iowait    %steal     %idle
06:38:27 AM     all      0.00      0.00      0.25      0.00      0.00     99.75

06:38:26 AM kbmemfree   kbavail kbmemused  %memused kbbuffers  kbcached  kbcommit   %commit  kbactive   kbinact   kbdirty
06:38:27 AM   3146940   5675732   1870740     23.59     85232   2617444   5521960     69.62   1960004   2512324        56

06:38:26 AM     IFACE   rxpck/s   txpck/s    rxkB/s    txkB/s   rxcmp/s   txcmp/s  rxmcst/s   %ifutil
06:38:27 AM        lo      0.00      0.00      0.00      0.00      0.00      0.00      0.00      0.00
06:38:27 AM      eth0      0.00      0.00      0.00      0.00      0.00      0.00      0.00      0.00
06:38:27 AM   docker0      0.00      0.00      0.00      0.00      0.00      0.00      0.00      0.00
06:38:27 AM vethe4123a0      0.00      0.00      0.00      0.00      0.00      0.00      0.00      0.00

06:38:27 AM     CPU     %user     %nice   %system   %iowait    %steal     %idle
06:38:28 AM     all      0.00      0.00      0.00      0.00      0.00    100.00

06:38:27 AM kbmemfree   kbavail kbmemused  %memused kbbuffers  kbcached  kbcommit   %commit  kbactive   kbinact   kbdirty
06:38:28 AM   3146940   5675732   1870740     23.59     85232   2617444   5521960     69.62   1960004   2512324        56

06:38:27 AM     IFACE   rxpck/s   txpck/s    rxkB/s    txkB/s   rxcmp/s   txcmp/s  rxmcst/s   %ifutil
06:38:28 AM        lo      0.00      0.00      0.00      0.00      0.00      0.00      0.00      0.00
06:38:28 AM      eth0      0.00      0.00      0.00      0.00      0.00      0.00      0.00      0.00
06:38:28 AM   docker0      0.00      0.00      0.00      0.00      0.00      0.00      0.00      0.00
06:38:28 AM vethe4123a0      0.00      0.00      0.00      0.00      0.00      0.00      0.00      0.00

06:38:28 AM     CPU     %user     %nice   %system   %iowait    %steal     %idle
06:38:29 AM     all      0.00      0.00      0.00      0.00      0.00    100.00

06:38:28 AM kbmemfree   kbavail kbmemused  %memused kbbuffers  kbcached  kbcommit   %commit  kbactive   kbinact   kbdirty
06:38:29 AM   3146940   5675736   1870740     23.59     85232   2617444   5521960     69.62   1960004   2512328        40

06:38:28 AM     IFACE   rxpck/s   txpck/s    rxkB/s    txkB/s   rxcmp/s   txcmp/s  rxmcst/s   %ifutil
06:38:29 AM        lo      0.00      0.00      0.00      0.00      0.00      0.00      0.00      0.00
06:38:29 AM      eth0      0.00      0.00      0.00      0.00      0.00      0.00      0.00      0.00
06:38:29 AM   docker0      0.00      0.00      0.00      0.00      0.00      0.00      0.00      0.00
06:38:29 AM vethe4123a0      0.00      0.00      0.00      0.00      0.00      0.00      0.00      0.00

06:38:29 AM     CPU     %user     %nice   %system   %iowait    %steal     %idle
06:38:30 AM     all      0.00      0.00      0.25      0.00      0.00     99.75

06:38:29 AM kbmemfree   kbavail kbmemused  %memused kbbuffers  kbcached  kbcommit   %commit  kbactive   kbinact   kbdirty
06:38:30 AM   3146940   5675736   1870736     23.59     85232   2617448   5521960     69.62   1960004   2512328        48

06:38:29 AM     IFACE   rxpck/s   txpck/s    rxkB/s    txkB/s   rxcmp/s   txcmp/s  rxmcst/s   %ifutil
06:38:30 AM        lo      0.00      0.00      0.00      0.00      0.00      0.00      0.00      0.00
06:38:30 AM      eth0      1.00      1.00      0.06      0.09      0.00      0.00      0.00      0.00
06:38:30 AM   docker0      0.00      0.00      0.00      0.00      0.00      0.00      0.00      0.00
06:38:30 AM vethe4123a0      0.00      0.00      0.00      0.00      0.00      0.00      0.00      0.00

06:38:30 AM     CPU     %user     %nice   %system   %iowait    %steal     %idle
06:38:31 AM     all      0.00      0.00      0.00      0.00      0.00    100.00

06:38:30 AM kbmemfree   kbavail kbmemused  %memused kbbuffers  kbcached  kbcommit   %commit  kbactive   kbinact   kbdirty
06:38:31 AM   3146940   5675736   1870736     23.59     85232   2617448   5521960     69.62   1960004   2512328        48

06:38:30 AM     IFACE   rxpck/s   txpck/s    rxkB/s    txkB/s   rxcmp/s   txcmp/s  rxmcst/s   %ifutil
06:38:31 AM        lo      0.00      0.00      0.00      0.00      0.00      0.00      0.00      0.00
06:38:31 AM      eth0      2.00      1.00      0.11      0.05      0.00      0.00      0.00      0.00
06:38:31 AM   docker0      0.00      0.00      0.00      0.00      0.00      0.00      0.00      0.00
06:38:31 AM vethe4123a0      0.00      0.00      0.00      0.00      0.00      0.00      0.00      0.00

06:38:31 AM     CPU     %user     %nice   %system   %iowait    %steal     %idle
06:38:32 AM     all      0.25      0.00      0.00      0.00      0.00     99.75

06:38:31 AM kbmemfree   kbavail kbmemused  %memused kbbuffers  kbcached  kbcommit   %commit  kbactive   kbinact   kbdirty
06:38:32 AM   3146940   5675736   1870736     23.59     85232   2617448   5521960     69.62   1960004   2512328        48

06:38:31 AM     IFACE   rxpck/s   txpck/s    rxkB/s    txkB/s   rxcmp/s   txcmp/s  rxmcst/s   %ifutil
06:38:32 AM        lo      0.00      0.00      0.00      0.00      0.00      0.00      0.00      0.00
06:38:32 AM      eth0      2.00      1.00      0.11      0.05      0.00      0.00      0.00      0.00
06:38:32 AM   docker0      0.00      0.00      0.00      0.00      0.00      0.00      0.00      0.00
06:38:32 AM vethe4123a0      0.00      0.00      0.00      0.00      0.00      0.00      0.00      0.00

06:38:32 AM     CPU     %user     %nice   %system   %iowait    %steal     %idle
06:38:33 AM     all      0.00      0.00      0.00      0.00      0.00    100.00

06:38:32 AM kbmemfree   kbavail kbmemused  %memused kbbuffers  kbcached  kbcommit   %commit  kbactive   kbinact   kbdirty
06:38:33 AM   3146940   5675736   1870736     23.59     85232   2617448   5521960     69.62   1960004   2512328        48

06:38:32 AM     IFACE   rxpck/s   txpck/s    rxkB/s    txkB/s   rxcmp/s   txcmp/s  rxmcst/s   %ifutil
06:38:33 AM        lo      0.00      0.00      0.00      0.00      0.00      0.00      0.00      0.00
06:38:33 AM      eth0      1.00      1.00      0.05      0.05      0.00      0.00      0.00      0.00
06:38:33 AM   docker0      0.00      0.00      0.00      0.00      0.00      0.00      0.00      0.00
06:38:33 AM vethe4123a0      0.00      0.00      0.00      0.00      0.00      0.00      0.00      0.00

06:38:33 AM     CPU     %user     %nice   %system   %iowait    %steal     %idle
06:38:34 AM     all      0.00      0.00      0.00      0.00      0.00    100.00

06:38:33 AM kbmemfree   kbavail kbmemused  %memused kbbuffers  kbcached  kbcommit   %commit  kbactive   kbinact   kbdirty
06:38:34 AM   3146940   5675736   1870732     23.59     85232   2617452   5521960     69.62   1960004   2512328        64

06:38:33 AM     IFACE   rxpck/s   txpck/s    rxkB/s    txkB/s   rxcmp/s   txcmp/s  rxmcst/s   %ifutil
06:38:34 AM        lo      0.00      0.00      0.00      0.00      0.00      0.00      0.00      0.00
06:38:34 AM      eth0      0.00      0.00      0.00      0.00      0.00      0.00      0.00      0.00
06:38:34 AM   docker0      0.00      0.00      0.00      0.00      0.00      0.00      0.00      0.00
06:38:34 AM vethe4123a0      0.00      0.00      0.00      0.00      0.00      0.00      0.00      0.00

06:38:34 AM     CPU     %user     %nice   %system   %iowait    %steal     %idle
06:38:35 AM     all      0.00      0.00      0.25      0.00      0.00     99.75

06:38:34 AM kbmemfree   kbavail kbmemused  %memused kbbuffers  kbcached  kbcommit   %commit  kbactive   kbinact   kbdirty
06:38:35 AM   3146940   5675736   1870732     23.59     85232   2617452   5521960     69.62   1960004   2512328        52

06:38:34 AM     IFACE   rxpck/s   txpck/s    rxkB/s    txkB/s   rxcmp/s   txcmp/s  rxmcst/s   %ifutil
06:38:35 AM        lo      0.00      0.00      0.00      0.00      0.00      0.00      0.00      0.00
06:38:35 AM      eth0      0.00      0.00      0.00      0.00      0.00      0.00      0.00      0.00
06:38:35 AM   docker0      0.00      0.00      0.00      0.00      0.00      0.00      0.00      0.00
06:38:35 AM vethe4123a0      0.00      0.00      0.00      0.00      0.00      0.00      0.00      0.00

06:38:35 AM     CPU     %user     %nice   %system   %iowait    %steal     %idle
06:38:36 AM     all      0.25      0.00      0.00      0.00      0.00     99.75

06:38:35 AM kbmemfree   kbavail kbmemused  %memused kbbuffers  kbcached  kbcommit   %commit  kbactive   kbinact   kbdirty
06:38:36 AM   3146940   5675736   1870732     23.59     85232   2617452   5521960     69.62   1960004   2512328        44

06:38:35 AM     IFACE   rxpck/s   txpck/s    rxkB/s    txkB/s   rxcmp/s   txcmp/s  rxmcst/s   %ifutil
06:38:36 AM        lo      0.00      0.00      0.00      0.00      0.00      0.00      0.00      0.00
06:38:36 AM      eth0      2.00      1.00      0.11      0.05      0.00      0.00      0.00      0.00
06:38:36 AM   docker0      0.00      0.00      0.00      0.00      0.00      0.00      0.00      0.00
06:38:36 AM vethe4123a0      0.00      0.00      0.00      0.00      0.00      0.00      0.00      0.00

06:38:36 AM     CPU     %user     %nice   %system   %iowait    %steal     %idle
06:38:37 AM     all      0.00      0.00      0.00      0.00      0.00    100.00

06:38:36 AM kbmemfree   kbavail kbmemused  %memused kbbuffers  kbcached  kbcommit   %commit  kbactive   kbinact   kbdirty
06:38:37 AM   3146940   5675736   1870732     23.59     85232   2617452   5521960     69.62   1960004   2512328        44

06:38:36 AM     IFACE   rxpck/s   txpck/s    rxkB/s    txkB/s   rxcmp/s   txcmp/s  rxmcst/s   %ifutil
06:38:37 AM        lo      0.00      0.00      0.00      0.00      0.00      0.00      0.00      0.00
06:38:37 AM      eth0      0.00      0.00      0.00      0.00      0.00      0.00      0.00      0.00
06:38:37 AM   docker0      0.00      0.00      0.00      0.00      0.00      0.00      0.00      0.00
06:38:37 AM vethe4123a0      0.00      0.00      0.00      0.00      0.00      0.00      0.00      0.00

06:38:37 AM     CPU     %user     %nice   %system   %iowait    %steal     %idle
06:38:38 AM     all      0.00      0.00      0.25      0.00      0.00     99.75

06:38:37 AM kbmemfree   kbavail kbmemused  %memused kbbuffers  kbcached  kbcommit   %commit  kbactive   kbinact   kbdirty
06:38:38 AM   3146940   5675736   1870728     23.59     85232   2617456   5521960     69.62   1960004   2512328        48

06:38:37 AM     IFACE   rxpck/s   txpck/s    rxkB/s    txkB/s   rxcmp/s   txcmp/s  rxmcst/s   %ifutil
06:38:38 AM        lo      0.00      0.00      0.00      0.00      0.00      0.00      0.00      0.00
06:38:38 AM      eth0      4.00      2.00      0.22      0.11      0.00      0.00      0.00      0.00
06:38:38 AM   docker0      0.00      0.00      0.00      0.00      0.00      0.00      0.00      0.00
06:38:38 AM vethe4123a0      0.00      0.00      0.00      0.00      0.00      0.00      0.00      0.00

06:38:38 AM     CPU     %user     %nice   %system   %iowait    %steal     %idle
06:38:39 AM     all      0.00      0.00      0.25      0.00      0.00     99.75

06:38:38 AM kbmemfree   kbavail kbmemused  %memused kbbuffers  kbcached  kbcommit   %commit  kbactive   kbinact   kbdirty
06:38:39 AM   3146940   5675736   1870728     23.59     85232   2617456   5521960     69.62   1960004   2512328        60

06:38:38 AM     IFACE   rxpck/s   txpck/s    rxkB/s    txkB/s   rxcmp/s   txcmp/s  rxmcst/s   %ifutil
06:38:39 AM        lo      0.00      0.00      0.00      0.00      0.00      0.00      0.00      0.00
06:38:39 AM      eth0      0.00      0.00      0.00      0.00      0.00      0.00      0.00      0.00
06:38:39 AM   docker0      0.00      0.00      0.00      0.00      0.00      0.00      0.00      0.00
06:38:39 AM vethe4123a0      0.00      0.00      0.00      0.00      0.00      0.00      0.00      0.00

06:38:39 AM     CPU     %user     %nice   %system   %iowait    %steal     %idle
06:38:40 AM     all      0.00      0.00      0.00      0.00      0.00    100.00

06:38:39 AM kbmemfree   kbavail kbmemused  %memused kbbuffers  kbcached  kbcommit   %commit  kbactive   kbinact   kbdirty
06:38:40 AM   3146940   5675736   1870728     23.59     85232   2617456   5521960     69.62   1960004   2512328        48

06:38:39 AM     IFACE   rxpck/s   txpck/s    rxkB/s    txkB/s   rxcmp/s   txcmp/s  rxmcst/s   %ifutil
06:38:40 AM        lo      0.00      0.00      0.00      0.00      0.00      0.00      0.00      0.00
06:38:40 AM      eth0      1.98      1.98      0.12      0.10      0.00      0.00      0.00      0.00
06:38:40 AM   docker0      0.00      0.00      0.00      0.00      0.00      0.00      0.00      0.00
06:38:40 AM vethe4123a0      0.00      0.00      0.00      0.00      0.00      0.00      0.00      0.00

06:38:40 AM     CPU     %user     %nice   %system   %iowait    %steal     %idle
06:38:41 AM     all      0.25      0.00      0.00      0.00      0.00     99.75

06:38:40 AM kbmemfree   kbavail kbmemused  %memused kbbuffers  kbcached  kbcommit   %commit  kbactive   kbinact   kbdirty
06:38:41 AM   3146940   5675736   1870728     23.59     85232   2617456   5521960     69.62   1960004   2512328        48

06:38:40 AM     IFACE   rxpck/s   txpck/s    rxkB/s    txkB/s   rxcmp/s   txcmp/s  rxmcst/s   %ifutil
06:38:41 AM        lo      0.00      0.00      0.00      0.00      0.00      0.00      0.00      0.00
06:38:41 AM      eth0      2.00      2.00      0.14      0.11      0.00      0.00      0.00      0.00
06:38:41 AM   docker0      0.00      0.00      0.00      0.00      0.00      0.00      0.00      0.00
06:38:41 AM vethe4123a0      0.00      0.00      0.00      0.00      0.00      0.00      0.00      0.00

06:38:41 AM     CPU     %user     %nice   %system   %iowait    %steal     %idle
06:38:42 AM     all      0.00      0.00      0.00      0.00      0.00    100.00

06:38:41 AM kbmemfree   kbavail kbmemused  %memused kbbuffers  kbcached  kbcommit   %commit  kbactive   kbinact   kbdirty
06:38:42 AM   3146940   5675736   1870728     23.59     85232   2617456   5521960     69.62   1960004   2512328        44

06:38:41 AM     IFACE   rxpck/s   txpck/s    rxkB/s    txkB/s   rxcmp/s   txcmp/s  rxmcst/s   %ifutil
06:38:42 AM        lo      0.00      0.00      0.00      0.00      0.00      0.00      0.00      0.00
06:38:42 AM      eth0      0.00      0.00      0.00      0.00      0.00      0.00      0.00      0.00
06:38:42 AM   docker0      0.00      0.00      0.00      0.00      0.00      0.00      0.00      0.00
06:38:42 AM vethe4123a0      0.00      0.00      0.00      0.00      0.00      0.00      0.00      0.00

06:38:42 AM     CPU     %user     %nice   %system   %iowait    %steal     %idle
06:38:43 AM     all      0.00      0.00      0.25      0.00      0.00     99.75

06:38:42 AM kbmemfree   kbavail kbmemused  %memused kbbuffers  kbcached  kbcommit   %commit  kbactive   kbinact   kbdirty
06:38:43 AM   3146940   5675736   1870724     23.59     85232   2617460   5521960     69.62   1960004   2512328        48

06:38:42 AM     IFACE   rxpck/s   txpck/s    rxkB/s    txkB/s   rxcmp/s   txcmp/s  rxmcst/s   %ifutil
06:38:43 AM        lo      0.00      0.00      0.00      0.00      0.00      0.00      0.00      0.00
06:38:43 AM      eth0      0.00      0.00      0.00      0.00      0.00      0.00      0.00      0.00
06:38:43 AM   docker0      0.00      0.00      0.00      0.00      0.00      0.00      0.00      0.00
06:38:43 AM vethe4123a0      0.00      0.00      0.00      0.00      0.00      0.00      0.00      0.00

06:38:43 AM     CPU     %user     %nice   %system   %iowait    %steal     %idle
06:38:44 AM     all      0.00      0.00      0.00      0.00      0.00    100.00

06:38:43 AM kbmemfree   kbavail kbmemused  %memused kbbuffers  kbcached  kbcommit   %commit  kbactive   kbinact   kbdirty
06:38:44 AM   3146940   5675736   1870724     23.59     85232   2617460   5521960     69.62   1960004   2512328        48

06:38:43 AM     IFACE   rxpck/s   txpck/s    rxkB/s    txkB/s   rxcmp/s   txcmp/s  rxmcst/s   %ifutil
06:38:44 AM        lo      0.00      0.00      0.00      0.00      0.00      0.00      0.00      0.00
06:38:44 AM      eth0      0.00      0.00      0.00      0.00      0.00      0.00      0.00      0.00
06:38:44 AM   docker0      0.00      0.00      0.00      0.00      0.00      0.00      0.00      0.00
06:38:44 AM vethe4123a0      0.00      0.00      0.00      0.00      0.00      0.00      0.00      0.00

06:38:44 AM     CPU     %user     %nice   %system   %iowait    %steal     %idle
06:38:45 AM     all      0.50      0.00      0.00      0.25      0.00     99.25

06:38:44 AM kbmemfree   kbavail kbmemused  %memused kbbuffers  kbcached  kbcommit   %commit  kbactive   kbinact   kbdirty
06:38:45 AM   3146940   5675736   1870724     23.59     85232   2617460   5521960     69.62   1960004   2512328        48

06:38:44 AM     IFACE   rxpck/s   txpck/s    rxkB/s    txkB/s   rxcmp/s   txcmp/s  rxmcst/s   %ifutil
06:38:45 AM        lo      0.00      0.00      0.00      0.00      0.00      0.00      0.00      0.00
06:38:45 AM      eth0      0.00      0.00      0.00      0.00      0.00      0.00      0.00      0.00
06:38:45 AM   docker0      0.00      0.00      0.00      0.00      0.00      0.00      0.00      0.00
06:38:45 AM vethe4123a0      0.00      0.00      0.00      0.00      0.00      0.00      0.00      0.00

06:38:45 AM     CPU     %user     %nice   %system   %iowait    %steal     %idle
06:38:46 AM     all      0.00      0.00      0.25      0.00      0.00     99.75

06:38:45 AM kbmemfree   kbavail kbmemused  %memused kbbuffers  kbcached  kbcommit   %commit  kbactive   kbinact   kbdirty
06:38:46 AM   3146940   5675736   1870724     23.59     85232   2617460   5521960     69.62   1960004   2512328        48

06:38:45 AM     IFACE   rxpck/s   txpck/s    rxkB/s    txkB/s   rxcmp/s   txcmp/s  rxmcst/s   %ifutil
06:38:46 AM        lo      0.00      0.00      0.00      0.00      0.00      0.00      0.00      0.00
06:38:46 AM      eth0      0.00      0.00      0.00      0.00      0.00      0.00      0.00      0.00
06:38:46 AM   docker0      0.00      0.00      0.00      0.00      0.00      0.00      0.00      0.00
06:38:46 AM vethe4123a0      0.00      0.00      0.00      0.00      0.00      0.00      0.00      0.00

06:38:46 AM     CPU     %user     %nice   %system   %iowait    %steal     %idle
06:38:47 AM     all      0.00      0.00      0.00      0.00      0.00    100.00

06:38:46 AM kbmemfree   kbavail kbmemused  %memused kbbuffers  kbcached  kbcommit   %commit  kbactive   kbinact   kbdirty
06:38:47 AM   3146940   5675756   1870720     23.59     85232   2617464   5521960     69.62   1960004   2512348        40

06:38:46 AM     IFACE   rxpck/s   txpck/s    rxkB/s    txkB/s   rxcmp/s   txcmp/s  rxmcst/s   %ifutil
06:38:47 AM        lo      0.00      0.00      0.00      0.00      0.00      0.00      0.00      0.00
06:38:47 AM      eth0      0.00      0.00      0.00      0.00      0.00      0.00      0.00      0.00
06:38:47 AM   docker0      0.00      0.00      0.00      0.00      0.00      0.00      0.00      0.00
06:38:47 AM vethe4123a0      0.00      0.00      0.00      0.00      0.00      0.00      0.00      0.00

06:38:47 AM     CPU     %user     %nice   %system   %iowait    %steal     %idle
06:38:48 AM     all      0.00      0.00      0.25      0.00      0.00     99.75

06:38:47 AM kbmemfree   kbavail kbmemused  %memused kbbuffers  kbcached  kbcommit   %commit  kbactive   kbinact   kbdirty
06:38:48 AM   3146940   5675756   1870720     23.59     85232   2617464   5521960     69.62   1960004   2512348        44

06:38:47 AM     IFACE   rxpck/s   txpck/s    rxkB/s    txkB/s   rxcmp/s   txcmp/s  rxmcst/s   %ifutil
06:38:48 AM        lo      0.00      0.00      0.00      0.00      0.00      0.00      0.00      0.00
06:38:48 AM      eth0      0.00      0.00      0.00      0.00      0.00      0.00      0.00      0.00
06:38:48 AM   docker0      0.00      0.00      0.00      0.00      0.00      0.00      0.00      0.00
06:38:48 AM vethe4123a0      0.00      0.00      0.00      0.00      0.00      0.00      0.00      0.00

06:38:48 AM     CPU     %user     %nice   %system   %iowait    %steal     %idle
06:38:49 AM     all      0.25      0.00      0.00      0.00      0.00     99.75

06:38:48 AM kbmemfree   kbavail kbmemused  %memused kbbuffers  kbcached  kbcommit   %commit  kbactive   kbinact   kbdirty
06:38:49 AM   3146940   5675756   1870720     23.59     85232   2617464   5521960     69.62   1960004   2512348        44

06:38:48 AM     IFACE   rxpck/s   txpck/s    rxkB/s    txkB/s   rxcmp/s   txcmp/s  rxmcst/s   %ifutil
06:38:49 AM        lo      0.00      0.00      0.00      0.00      0.00      0.00      0.00      0.00
06:38:49 AM      eth0      2.00      1.00      0.11      0.05      0.00      0.00      0.00      0.00
06:38:49 AM   docker0      0.00      0.00      0.00      0.00      0.00      0.00      0.00      0.00
06:38:49 AM vethe4123a0      0.00      0.00      0.00      0.00      0.00      0.00      0.00      0.00

06:38:49 AM     CPU     %user     %nice   %system   %iowait    %steal     %idle
06:38:50 AM     all      0.00      0.00      0.25      0.00      0.00     99.75

06:38:49 AM kbmemfree   kbavail kbmemused  %memused kbbuffers  kbcached  kbcommit   %commit  kbactive   kbinact   kbdirty
06:38:50 AM   3146940   5675756   1870720     23.59     85232   2617464   5521960     69.62   1960004   2512348        44

06:38:49 AM     IFACE   rxpck/s   txpck/s    rxkB/s    txkB/s   rxcmp/s   txcmp/s  rxmcst/s   %ifutil
06:38:50 AM        lo      0.00      0.00      0.00      0.00      0.00      0.00      0.00      0.00
06:38:50 AM      eth0      0.00      0.00      0.00      0.00      0.00      0.00      0.00      0.00
06:38:50 AM   docker0      0.00      0.00      0.00      0.00      0.00      0.00      0.00      0.00
06:38:50 AM vethe4123a0      0.00      0.00      0.00      0.00      0.00      0.00      0.00      0.00

06:38:50 AM     CPU     %user     %nice   %system   %iowait    %steal     %idle
06:38:51 AM     all      0.00      0.00      0.00      0.00      0.00    100.00

06:38:50 AM kbmemfree   kbavail kbmemused  %memused kbbuffers  kbcached  kbcommit   %commit  kbactive   kbinact   kbdirty
06:38:51 AM   3146940   5675756   1870720     23.59     85232   2617464   5521960     69.62   1960004   2512348        44

06:38:50 AM     IFACE   rxpck/s   txpck/s    rxkB/s    txkB/s   rxcmp/s   txcmp/s  rxmcst/s   %ifutil
06:38:51 AM        lo      0.00      0.00      0.00      0.00      0.00      0.00      0.00      0.00
06:38:51 AM      eth0      0.00      0.00      0.00      0.00      0.00      0.00      0.00      0.00
06:38:51 AM   docker0      0.00      0.00      0.00      0.00      0.00      0.00      0.00      0.00
06:38:51 AM vethe4123a0      0.00      0.00      0.00      0.00      0.00      0.00      0.00      0.00

06:38:51 AM     CPU     %user     %nice   %system   %iowait    %steal     %idle
06:38:52 AM     all      0.50      0.00      0.50      0.00      0.00     99.00

06:38:51 AM kbmemfree   kbavail kbmemused  %memused kbbuffers  kbcached  kbcommit   %commit  kbactive   kbinact   kbdirty
06:38:52 AM   3145936   5674756   1871720     23.60     85232   2617468   5525164     69.66   1961660   2512352       180

06:38:51 AM     IFACE   rxpck/s   txpck/s    rxkB/s    txkB/s   rxcmp/s   txcmp/s  rxmcst/s   %ifutil
06:38:52 AM        lo      0.00      0.00      0.00      0.00      0.00      0.00      0.00      0.00
06:38:52 AM      eth0     10.00     11.00      1.77      2.50      0.00      0.00      0.00      0.00
06:38:52 AM   docker0      0.00      0.00      0.00      0.00      0.00      0.00      0.00      0.00
06:38:52 AM vethe4123a0      0.00      0.00      0.00      0.00      0.00      0.00      0.00      0.00

06:38:52 AM     CPU     %user     %nice   %system   %iowait    %steal     %idle
06:38:53 AM     all      0.00      0.00      0.25      0.00      0.00     99.75

06:38:52 AM kbmemfree   kbavail kbmemused  %memused kbbuffers  kbcached  kbcommit   %commit  kbactive   kbinact   kbdirty
06:38:53 AM   3145936   5674756   1871720     23.60     85232   2617468   5525408     69.66   1961660   2512352       216

06:38:52 AM     IFACE   rxpck/s   txpck/s    rxkB/s    txkB/s   rxcmp/s   txcmp/s  rxmcst/s   %ifutil
06:38:53 AM        lo      0.00      0.00      0.00      0.00      0.00      0.00      0.00      0.00
06:38:53 AM      eth0      1.00      1.00      0.15      0.06      0.00      0.00      0.00      0.00
06:38:53 AM   docker0      0.00      0.00      0.00      0.00      0.00      0.00      0.00      0.00
06:38:53 AM vethe4123a0      0.00      0.00      0.00      0.00      0.00      0.00      0.00      0.00

06:38:53 AM     CPU     %user     %nice   %system   %iowait    %steal     %idle
06:38:54 AM     all      0.00      0.00      0.00      0.00      0.00    100.00

06:38:53 AM kbmemfree   kbavail kbmemused  %memused kbbuffers  kbcached  kbcommit   %commit  kbactive   kbinact   kbdirty
06:38:54 AM   3145936   5674756   1871720     23.60     85232   2617468   5525408     69.66   1961660   2512352       220

06:38:53 AM     IFACE   rxpck/s   txpck/s    rxkB/s    txkB/s   rxcmp/s   txcmp/s  rxmcst/s   %ifutil
06:38:54 AM        lo      0.00      0.00      0.00      0.00      0.00      0.00      0.00      0.00
06:38:54 AM      eth0      1.00      1.00      0.06      0.05      0.00      0.00      0.00      0.00
06:38:54 AM   docker0      0.00      0.00      0.00      0.00      0.00      0.00      0.00      0.00
06:38:54 AM vethe4123a0      0.00      0.00      0.00      0.00      0.00      0.00      0.00      0.00

06:38:54 AM     CPU     %user     %nice   %system   %iowait    %steal     %idle
06:38:55 AM     all      0.00      0.00      0.00      0.00      0.00    100.00

06:38:54 AM kbmemfree   kbavail kbmemused  %memused kbbuffers  kbcached  kbcommit   %commit  kbactive   kbinact   kbdirty
06:38:55 AM   3145936   5674756   1871716     23.60     85232   2617472   5525408     69.66   1961660   2512352       236

06:38:54 AM     IFACE   rxpck/s   txpck/s    rxkB/s    txkB/s   rxcmp/s   txcmp/s  rxmcst/s   %ifutil
06:38:55 AM        lo      0.00      0.00      0.00      0.00      0.00      0.00      0.00      0.00
06:38:55 AM      eth0      0.00      0.00      0.00      0.00      0.00      0.00      0.00      0.00
06:38:55 AM   docker0      0.00      0.00      0.00      0.00      0.00      0.00      0.00      0.00
06:38:55 AM vethe4123a0      0.00      0.00      0.00      0.00      0.00      0.00      0.00      0.00

06:38:55 AM     CPU     %user     %nice   %system   %iowait    %steal     %idle
06:38:56 AM     all      0.50      0.00      0.00      0.00      0.00     99.50

06:38:55 AM kbmemfree   kbavail kbmemused  %memused kbbuffers  kbcached  kbcommit   %commit  kbactive   kbinact   kbdirty
06:38:56 AM   3148200   5677020   1869448     23.57     85232   2617476   5521960     69.62   1960112   2512352       272

06:38:55 AM     IFACE   rxpck/s   txpck/s    rxkB/s    txkB/s   rxcmp/s   txcmp/s  rxmcst/s   %ifutil
06:38:56 AM        lo      0.00      0.00      0.00      0.00      0.00      0.00      0.00      0.00
06:38:56 AM      eth0      1.00      2.00      0.06      0.18      0.00      0.00      0.00      0.00
06:38:56 AM   docker0      0.00      0.00      0.00      0.00      0.00      0.00      0.00      0.00
06:38:56 AM vethe4123a0      0.00      0.00      0.00      0.00      0.00      0.00      0.00      0.00

06:38:56 AM     CPU     %user     %nice   %system   %iowait    %steal     %idle
06:38:57 AM     all      0.00      0.00      0.25      0.00      0.00     99.75

06:38:56 AM kbmemfree   kbavail kbmemused  %memused kbbuffers  kbcached  kbcommit   %commit  kbactive   kbinact   kbdirty
06:38:57 AM   3148240   5677064   1869408     23.57     85232   2617476   5521960     69.62   1960004   2512356       272

06:38:56 AM     IFACE   rxpck/s   txpck/s    rxkB/s    txkB/s   rxcmp/s   txcmp/s  rxmcst/s   %ifutil
06:38:57 AM        lo      0.00      0.00      0.00      0.00      0.00      0.00      0.00      0.00
06:38:57 AM      eth0      1.00      0.00      0.06      0.00      0.00      0.00      0.00      0.00
06:38:57 AM   docker0      0.00      0.00      0.00      0.00      0.00      0.00      0.00      0.00
06:38:57 AM vethe4123a0      0.00      0.00      0.00      0.00      0.00      0.00      0.00      0.00

06:38:57 AM     CPU     %user     %nice   %system   %iowait    %steal     %idle
06:38:58 AM     all      0.00      0.00      0.25      0.00      0.00     99.75

06:38:57 AM kbmemfree   kbavail kbmemused  %memused kbbuffers  kbcached  kbcommit   %commit  kbactive   kbinact   kbdirty
06:38:58 AM   3148240   5677064   1869408     23.57     85232   2617476   5521960     69.62   1960004   2512356        60

06:38:57 AM     IFACE   rxpck/s   txpck/s    rxkB/s    txkB/s   rxcmp/s   txcmp/s  rxmcst/s   %ifutil
06:38:58 AM        lo      0.00      0.00      0.00      0.00      0.00      0.00      0.00      0.00
06:38:58 AM      eth0      0.00      0.00      0.00      0.00      0.00      0.00      0.00      0.00
06:38:58 AM   docker0      0.00      0.00      0.00      0.00      0.00      0.00      0.00      0.00
06:38:58 AM vethe4123a0      0.00      0.00      0.00      0.00      0.00      0.00      0.00      0.00

06:38:58 AM     CPU     %user     %nice   %system   %iowait    %steal     %idle
06:38:59 AM     all      0.25      0.00      0.00      0.00      0.00     99.75

06:38:58 AM kbmemfree   kbavail kbmemused  %memused kbbuffers  kbcached  kbcommit   %commit  kbactive   kbinact   kbdirty
06:38:59 AM   3147988   5676812   1869660     23.57     85232   2617476   5521960     69.62   1960004   2512356        60

06:38:58 AM     IFACE   rxpck/s   txpck/s    rxkB/s    txkB/s   rxcmp/s   txcmp/s  rxmcst/s   %ifutil
06:38:59 AM        lo      0.00      0.00      0.00      0.00      0.00      0.00      0.00      0.00
06:38:59 AM      eth0      1.00      1.00      0.05      0.05      0.00      0.00      0.00      0.00
06:38:59 AM   docker0      0.00      0.00      0.00      0.00      0.00      0.00      0.00      0.00
06:38:59 AM vethe4123a0      0.00      0.00      0.00      0.00      0.00      0.00      0.00      0.00

06:38:59 AM     CPU     %user     %nice   %system   %iowait    %steal     %idle
06:39:00 AM     all      0.25      0.00      0.00      0.00      0.00     99.75

06:38:59 AM kbmemfree   kbavail kbmemused  %memused kbbuffers  kbcached  kbcommit   %commit  kbactive   kbinact   kbdirty
06:39:00 AM   3147484   5676308   1870160     23.58     85232   2617476   5521960     69.62   1960004   2512356        60

06:38:59 AM     IFACE   rxpck/s   txpck/s    rxkB/s    txkB/s   rxcmp/s   txcmp/s  rxmcst/s   %ifutil
06:39:00 AM        lo      0.00      0.00      0.00      0.00      0.00      0.00      0.00      0.00
06:39:00 AM      eth0      0.00      0.00      0.00      0.00      0.00      0.00      0.00      0.00
06:39:00 AM   docker0      0.00      0.00      0.00      0.00      0.00      0.00      0.00      0.00
06:39:00 AM vethe4123a0      0.00      0.00      0.00      0.00      0.00      0.00      0.00      0.00

06:39:00 AM     CPU     %user     %nice   %system   %iowait    %steal     %idle
06:39:01 AM     all      0.00      0.00      0.00      0.00      0.00    100.00

06:39:00 AM kbmemfree   kbavail kbmemused  %memused kbbuffers  kbcached  kbcommit   %commit  kbactive   kbinact   kbdirty
06:39:01 AM   3147484   5676308   1870156     23.58     85232   2617480   5521960     69.62   1960004   2512356        64

06:39:00 AM     IFACE   rxpck/s   txpck/s    rxkB/s    txkB/s   rxcmp/s   txcmp/s  rxmcst/s   %ifutil
06:39:01 AM        lo      0.00      0.00      0.00      0.00      0.00      0.00      0.00      0.00
06:39:01 AM      eth0      1.00      1.00      0.06      0.05      0.00      0.00      0.00      0.00
06:39:01 AM   docker0      0.00      0.00      0.00      0.00      0.00      0.00      0.00      0.00
06:39:01 AM vethe4123a0      0.00      0.00      0.00      0.00      0.00      0.00      0.00      0.00

06:39:01 AM     CPU     %user     %nice   %system   %iowait    %steal     %idle
06:39:02 AM     all      0.00      0.00      0.00      0.00      0.00    100.00

06:39:01 AM kbmemfree   kbavail kbmemused  %memused kbbuffers  kbcached  kbcommit   %commit  kbactive   kbinact   kbdirty
06:39:02 AM   3147484   5676308   1870156     23.58     85232   2617480   5521960     69.62   1960004   2512356        64

06:39:01 AM     IFACE   rxpck/s   txpck/s    rxkB/s    txkB/s   rxcmp/s   txcmp/s  rxmcst/s   %ifutil
06:39:02 AM        lo      0.00      0.00      0.00      0.00      0.00      0.00      0.00      0.00
06:39:02 AM      eth0      1.00      1.00      0.05      0.05      0.00      0.00      0.00      0.00
06:39:02 AM   docker0      0.00      0.00      0.00      0.00      0.00      0.00      0.00      0.00
06:39:02 AM vethe4123a0      0.00      0.00      0.00      0.00      0.00      0.00      0.00      0.00

06:39:02 AM     CPU     %user     %nice   %system   %iowait    %steal     %idle
06:39:03 AM     all      0.00      0.00      0.25      0.00      0.00     99.75

06:39:02 AM kbmemfree   kbavail kbmemused  %memused kbbuffers  kbcached  kbcommit   %commit  kbactive   kbinact   kbdirty
06:39:03 AM   3147484   5676308   1870156     23.58     85232   2617480   5521960     69.62   1960004   2512356        64

06:39:02 AM     IFACE   rxpck/s   txpck/s    rxkB/s    txkB/s   rxcmp/s   txcmp/s  rxmcst/s   %ifutil
06:39:03 AM        lo      0.00      0.00      0.00      0.00      0.00      0.00      0.00      0.00
06:39:03 AM      eth0      0.00      0.00      0.00      0.00      0.00      0.00      0.00      0.00
06:39:03 AM   docker0      0.00      0.00      0.00      0.00      0.00      0.00      0.00      0.00
06:39:03 AM vethe4123a0      0.00      0.00      0.00      0.00      0.00      0.00      0.00      0.00

06:39:03 AM     CPU     %user     %nice   %system   %iowait    %steal     %idle
06:39:04 AM     all      0.00      0.00      0.25      0.00      0.00     99.75

06:39:03 AM kbmemfree   kbavail kbmemused  %memused kbbuffers  kbcached  kbcommit   %commit  kbactive   kbinact   kbdirty
06:39:04 AM   3147484   5676308   1870156     23.58     85232   2617480   5521960     69.62   1960004   2512356        64

06:39:03 AM     IFACE   rxpck/s   txpck/s    rxkB/s    txkB/s   rxcmp/s   txcmp/s  rxmcst/s   %ifutil
06:39:04 AM        lo      0.00      0.00      0.00      0.00      0.00      0.00      0.00      0.00
06:39:04 AM      eth0      0.00      0.00      0.00      0.00      0.00      0.00      0.00      0.00
06:39:04 AM   docker0      0.00      0.00      0.00      0.00      0.00      0.00      0.00      0.00
06:39:04 AM vethe4123a0      0.00      0.00      0.00      0.00      0.00      0.00      0.00      0.00

06:39:04 AM     CPU     %user     %nice   %system   %iowait    %steal     %idle
06:39:05 AM     all      0.00      0.00      0.00      0.00      0.00    100.00

06:39:04 AM kbmemfree   kbavail kbmemused  %memused kbbuffers  kbcached  kbcommit   %commit  kbactive   kbinact   kbdirty
06:39:05 AM   3147232   5676056   1870404     23.58     85232   2617484   5521960     69.62   1960004   2512356        84

06:39:04 AM     IFACE   rxpck/s   txpck/s    rxkB/s    txkB/s   rxcmp/s   txcmp/s  rxmcst/s   %ifutil
06:39:05 AM        lo      0.00      0.00      0.00      0.00      0.00      0.00      0.00      0.00
06:39:05 AM      eth0      0.00      0.00      0.00      0.00      0.00      0.00      0.00      0.00
06:39:05 AM   docker0      0.00      0.00      0.00      0.00      0.00      0.00      0.00      0.00
06:39:05 AM vethe4123a0      0.00      0.00      0.00      0.00      0.00      0.00      0.00      0.00

06:39:05 AM     CPU     %user     %nice   %system   %iowait    %steal     %idle
06:39:06 AM     all      0.00      0.00      0.00      0.00      0.00    100.00

06:39:05 AM kbmemfree   kbavail kbmemused  %memused kbbuffers  kbcached  kbcommit   %commit  kbactive   kbinact   kbdirty
06:39:06 AM   3147232   5676056   1870404     23.58     85232   2617484   5521960     69.62   1960004   2512356        64

06:39:05 AM     IFACE   rxpck/s   txpck/s    rxkB/s    txkB/s   rxcmp/s   txcmp/s  rxmcst/s   %ifutil
06:39:06 AM        lo      0.00      0.00      0.00      0.00      0.00      0.00      0.00      0.00
06:39:06 AM      eth0      0.00      0.00      0.00      0.00      0.00      0.00      0.00      0.00
06:39:06 AM   docker0      0.00      0.00      0.00      0.00      0.00      0.00      0.00      0.00
06:39:06 AM vethe4123a0      0.00      0.00      0.00      0.00      0.00      0.00      0.00      0.00

06:39:06 AM     CPU     %user     %nice   %system   %iowait    %steal     %idle
06:39:07 AM     all      0.00      0.00      0.00      0.00      0.00    100.00

06:39:06 AM kbmemfree   kbavail kbmemused  %memused kbbuffers  kbcached  kbcommit   %commit  kbactive   kbinact   kbdirty
06:39:07 AM   3147232   5676056   1870404     23.58     85232   2617484   5521960     69.62   1959684   2512356        64

06:39:06 AM     IFACE   rxpck/s   txpck/s    rxkB/s    txkB/s   rxcmp/s   txcmp/s  rxmcst/s   %ifutil
06:39:07 AM        lo      0.00      0.00      0.00      0.00      0.00      0.00      0.00      0.00
06:39:07 AM      eth0      0.00      0.00      0.00      0.00      0.00      0.00      0.00      0.00
06:39:07 AM   docker0      0.00      0.00      0.00      0.00      0.00      0.00      0.00      0.00
06:39:07 AM vethe4123a0      0.00      0.00      0.00      0.00      0.00      0.00      0.00      0.00

06:39:07 AM     CPU     %user     %nice   %system   %iowait    %steal     %idle
06:39:08 AM     all      0.25      0.00      0.00      0.00      0.00     99.75

06:39:07 AM kbmemfree   kbavail kbmemused  %memused kbbuffers  kbcached  kbcommit   %commit  kbactive   kbinact   kbdirty
06:39:08 AM   3147232   5676056   1870404     23.58     85232   2617484   5521960     69.62   1959684   2512356        64

06:39:07 AM     IFACE   rxpck/s   txpck/s    rxkB/s    txkB/s   rxcmp/s   txcmp/s  rxmcst/s   %ifutil
06:39:08 AM        lo      0.00      0.00      0.00      0.00      0.00      0.00      0.00      0.00
06:39:08 AM      eth0      0.00      0.00      0.00      0.00      0.00      0.00      0.00      0.00
06:39:08 AM   docker0      0.00      0.00      0.00      0.00      0.00      0.00      0.00      0.00
06:39:08 AM vethe4123a0      0.00      0.00      0.00      0.00      0.00      0.00      0.00      0.00

06:39:08 AM     CPU     %user     %nice   %system   %iowait    %steal     %idle
06:39:09 AM     all      0.25      0.00      0.00      0.00      0.00     99.75

06:39:08 AM kbmemfree   kbavail kbmemused  %memused kbbuffers  kbcached  kbcommit   %commit  kbactive   kbinact   kbdirty
06:39:09 AM   3147232   5676056   1870404     23.58     85232   2617484   5521960     69.62   1959684   2512356        64

06:39:08 AM     IFACE   rxpck/s   txpck/s    rxkB/s    txkB/s   rxcmp/s   txcmp/s  rxmcst/s   %ifutil
06:39:09 AM        lo      0.00      0.00      0.00      0.00      0.00      0.00      0.00      0.00
06:39:09 AM      eth0      0.00      0.00      0.00      0.00      0.00      0.00      0.00      0.00
06:39:09 AM   docker0      0.00      0.00      0.00      0.00      0.00      0.00      0.00      0.00
06:39:09 AM vethe4123a0      0.00      0.00      0.00      0.00      0.00      0.00      0.00      0.00

06:39:09 AM     CPU     %user     %nice   %system   %iowait    %steal     %idle
06:39:10 AM     all      0.00      0.00      0.00      0.00      0.00    100.00

06:39:09 AM kbmemfree   kbavail kbmemused  %memused kbbuffers  kbcached  kbcommit   %commit  kbactive   kbinact   kbdirty
06:39:10 AM   3147232   5676056   1870404     23.58     85232   2617484   5521960     69.62   1959684   2512356        64

06:39:09 AM     IFACE   rxpck/s   txpck/s    rxkB/s    txkB/s   rxcmp/s   txcmp/s  rxmcst/s   %ifutil
06:39:10 AM        lo      0.00      0.00      0.00      0.00      0.00      0.00      0.00      0.00
06:39:10 AM      eth0      1.00      1.00      0.05      0.05      0.00      0.00      0.00      0.00
06:39:10 AM   docker0      0.00      0.00      0.00      0.00      0.00      0.00      0.00      0.00
06:39:10 AM vethe4123a0      0.00      0.00      0.00      0.00      0.00      0.00      0.00      0.00

06:39:10 AM     CPU     %user     %nice   %system   %iowait    %steal     %idle
06:39:11 AM     all      0.00      0.00      0.00      0.00      0.00    100.00

06:39:10 AM kbmemfree   kbavail kbmemused  %memused kbbuffers  kbcached  kbcommit   %commit  kbactive   kbinact   kbdirty
06:39:11 AM   3147232   5676056   1870400     23.58     85232   2617488   5521960     69.62   1959684   2512356        60

06:39:10 AM     IFACE   rxpck/s   txpck/s    rxkB/s    txkB/s   rxcmp/s   txcmp/s  rxmcst/s   %ifutil
06:39:11 AM        lo      0.00      0.00      0.00      0.00      0.00      0.00      0.00      0.00
06:39:11 AM      eth0      0.00      0.00      0.00      0.00      0.00      0.00      0.00      0.00
06:39:11 AM   docker0      0.00      0.00      0.00      0.00      0.00      0.00      0.00      0.00
06:39:11 AM vethe4123a0      0.00      0.00      0.00      0.00      0.00      0.00      0.00      0.00

06:39:11 AM     CPU     %user     %nice   %system   %iowait    %steal     %idle
06:39:12 AM     all      0.00      0.00      0.00      0.00      0.00    100.00

06:39:11 AM kbmemfree   kbavail kbmemused  %memused kbbuffers  kbcached  kbcommit   %commit  kbactive   kbinact   kbdirty
06:39:12 AM   3147232   5676056   1870400     23.58     85232   2617488   5521960     69.62   1959684   2512356        64

06:39:11 AM     IFACE   rxpck/s   txpck/s    rxkB/s    txkB/s   rxcmp/s   txcmp/s  rxmcst/s   %ifutil
06:39:12 AM        lo      0.00      0.00      0.00      0.00      0.00      0.00      0.00      0.00
06:39:12 AM      eth0      0.00      0.00      0.00      0.00      0.00      0.00      0.00      0.00
06:39:12 AM   docker0      0.00      0.00      0.00      0.00      0.00      0.00      0.00      0.00
06:39:12 AM vethe4123a0      0.00      0.00      0.00      0.00      0.00      0.00      0.00      0.00

06:39:12 AM     CPU     %user     %nice   %system   %iowait    %steal     %idle
06:39:13 AM     all      0.25      0.00      0.25      0.00      0.00     99.50

06:39:12 AM kbmemfree   kbavail kbmemused  %memused kbbuffers  kbcached  kbcommit   %commit  kbactive   kbinact   kbdirty
06:39:13 AM   3147232   5676056   1870400     23.58     85232   2617488   5521960     69.62   1959684   2512356        64

06:39:12 AM     IFACE   rxpck/s   txpck/s    rxkB/s    txkB/s   rxcmp/s   txcmp/s  rxmcst/s   %ifutil
06:39:13 AM        lo      0.00      0.00      0.00      0.00      0.00      0.00      0.00      0.00
06:39:13 AM      eth0      0.00      0.00      0.00      0.00      0.00      0.00      0.00      0.00
06:39:13 AM   docker0      0.00      0.00      0.00      0.00      0.00      0.00      0.00      0.00
06:39:13 AM vethe4123a0      0.00      0.00      0.00      0.00      0.00      0.00      0.00      0.00

06:39:13 AM     CPU     %user     %nice   %system   %iowait    %steal     %idle
06:39:14 AM     all      0.00      0.00      0.00      0.00      0.00    100.00

06:39:13 AM kbmemfree   kbavail kbmemused  %memused kbbuffers  kbcached  kbcommit   %commit  kbactive   kbinact   kbdirty
06:39:14 AM   3147232   5676056   1870396     23.58     85232   2617492   5521960     69.62   1959684   2512356        68

06:39:13 AM     IFACE   rxpck/s   txpck/s    rxkB/s    txkB/s   rxcmp/s   txcmp/s  rxmcst/s   %ifutil
06:39:14 AM        lo      0.00      0.00      0.00      0.00      0.00      0.00      0.00      0.00
06:39:14 AM      eth0      0.00      0.00      0.00      0.00      0.00      0.00      0.00      0.00
06:39:14 AM   docker0      0.00      0.00      0.00      0.00      0.00      0.00      0.00      0.00
06:39:14 AM vethe4123a0      0.00      0.00      0.00      0.00      0.00      0.00      0.00      0.00

06:39:14 AM     CPU     %user     %nice   %system   %iowait    %steal     %idle
06:39:15 AM     all      0.25      0.00      0.00      0.00      0.00     99.75

06:39:14 AM kbmemfree   kbavail kbmemused  %memused kbbuffers  kbcached  kbcommit   %commit  kbactive   kbinact   kbdirty
06:39:15 AM   3147232   5676056   1870396     23.58     85232   2617492   5521960     69.62   1959684   2512356        68

06:39:14 AM     IFACE   rxpck/s   txpck/s    rxkB/s    txkB/s   rxcmp/s   txcmp/s  rxmcst/s   %ifutil
06:39:15 AM        lo      0.00      0.00      0.00      0.00      0.00      0.00      0.00      0.00
06:39:15 AM      eth0      0.00      0.00      0.00      0.00      0.00      0.00      0.00      0.00
06:39:15 AM   docker0      0.00      0.00      0.00      0.00      0.00      0.00      0.00      0.00
06:39:15 AM vethe4123a0      0.00      0.00      0.00      0.00      0.00      0.00      0.00      0.00

06:39:15 AM     CPU     %user     %nice   %system   %iowait    %steal     %idle
06:39:16 AM     all      0.00      0.00      0.25      0.00      0.00     99.75

06:39:15 AM kbmemfree   kbavail kbmemused  %memused kbbuffers  kbcached  kbcommit   %commit  kbactive   kbinact   kbdirty
06:39:16 AM   3147232   5676056   1870396     23.58     85232   2617492   5521960     69.62   1959684   2512356        68

06:39:15 AM     IFACE   rxpck/s   txpck/s    rxkB/s    txkB/s   rxcmp/s   txcmp/s  rxmcst/s   %ifutil
06:39:16 AM        lo      0.00      0.00      0.00      0.00      0.00      0.00      0.00      0.00
06:39:16 AM      eth0      0.00      0.00      0.00      0.00      0.00      0.00      0.00      0.00
06:39:16 AM   docker0      0.00      0.00      0.00      0.00      0.00      0.00      0.00      0.00
06:39:16 AM vethe4123a0      0.00      0.00      0.00      0.00      0.00      0.00      0.00      0.00

06:39:16 AM     CPU     %user     %nice   %system   %iowait    %steal     %idle
06:39:17 AM     all      0.00      0.00      0.25      0.00      0.00     99.75

06:39:16 AM kbmemfree   kbavail kbmemused  %memused kbbuffers  kbcached  kbcommit   %commit  kbactive   kbinact   kbdirty
06:39:17 AM   3147232   5676076   1870396     23.58     85232   2617492   5521960     69.62   1959684   2512376        60

06:39:16 AM     IFACE   rxpck/s   txpck/s    rxkB/s    txkB/s   rxcmp/s   txcmp/s  rxmcst/s   %ifutil
06:39:17 AM        lo      0.00      0.00      0.00      0.00      0.00      0.00      0.00      0.00
06:39:17 AM      eth0      0.00      0.00      0.00      0.00      0.00      0.00      0.00      0.00
06:39:17 AM   docker0      0.00      0.00      0.00      0.00      0.00      0.00      0.00      0.00
06:39:17 AM vethe4123a0      0.00      0.00      0.00      0.00      0.00      0.00      0.00      0.00

06:39:17 AM     CPU     %user     %nice   %system   %iowait    %steal     %idle
06:39:18 AM     all      0.00      0.00      0.25      0.00      0.00     99.75

06:39:17 AM kbmemfree   kbavail kbmemused  %memused kbbuffers  kbcached  kbcommit   %commit  kbactive   kbinact   kbdirty
06:39:18 AM   3147232   5676076   1870396     23.58     85232   2617492   5521960     69.62   1959684   2512376        64

06:39:17 AM     IFACE   rxpck/s   txpck/s    rxkB/s    txkB/s   rxcmp/s   txcmp/s  rxmcst/s   %ifutil
06:39:18 AM        lo      0.00      0.00      0.00      0.00      0.00      0.00      0.00      0.00
06:39:18 AM      eth0      1.00      1.00      0.06      0.05      0.00      0.00      0.00      0.00
06:39:18 AM   docker0      0.00      0.00      0.00      0.00      0.00      0.00      0.00      0.00
06:39:18 AM vethe4123a0      0.00      0.00      0.00      0.00      0.00      0.00      0.00      0.00

06:39:18 AM     CPU     %user     %nice   %system   %iowait    %steal     %idle
06:39:19 AM     all      0.00      0.00      0.00      0.00      0.00    100.00

06:39:18 AM kbmemfree   kbavail kbmemused  %memused kbbuffers  kbcached  kbcommit   %commit  kbactive   kbinact   kbdirty
06:39:19 AM   3147232   5676076   1870392     23.58     85232   2617496   5521960     69.62   1959684   2512376        68

06:39:18 AM     IFACE   rxpck/s   txpck/s    rxkB/s    txkB/s   rxcmp/s   txcmp/s  rxmcst/s   %ifutil
06:39:19 AM        lo      0.00      0.00      0.00      0.00      0.00      0.00      0.00      0.00
06:39:19 AM      eth0      1.00      1.00      0.05      0.05      0.00      0.00      0.00      0.00
06:39:19 AM   docker0      0.00      0.00      0.00      0.00      0.00      0.00      0.00      0.00
06:39:19 AM vethe4123a0      0.00      0.00      0.00      0.00      0.00      0.00      0.00      0.00

06:39:19 AM     CPU     %user     %nice   %system   %iowait    %steal     %idle
06:39:20 AM     all      0.25      0.00      0.00      0.00      0.00     99.75

06:39:19 AM kbmemfree   kbavail kbmemused  %memused kbbuffers  kbcached  kbcommit   %commit  kbactive   kbinact   kbdirty
06:39:20 AM   3147232   5676076   1870392     23.58     85232   2617496   5521960     69.62   1959684   2512376        68

06:39:19 AM     IFACE   rxpck/s   txpck/s    rxkB/s    txkB/s   rxcmp/s   txcmp/s  rxmcst/s   %ifutil
06:39:20 AM        lo      0.00      0.00      0.00      0.00      0.00      0.00      0.00      0.00
06:39:20 AM      eth0      0.00      0.00      0.00      0.00      0.00      0.00      0.00      0.00
06:39:20 AM   docker0      0.00      0.00      0.00      0.00      0.00      0.00      0.00      0.00
06:39:20 AM vethe4123a0      0.00      0.00      0.00      0.00      0.00      0.00      0.00      0.00

06:39:20 AM     CPU     %user     %nice   %system   %iowait    %steal     %idle
06:39:21 AM     all      0.25      0.00      0.00      0.00      0.00     99.75

06:39:20 AM kbmemfree   kbavail kbmemused  %memused kbbuffers  kbcached  kbcommit   %commit  kbactive   kbinact   kbdirty
06:39:21 AM   3147232   5676076   1870392     23.58     85232   2617496   5521960     69.62   1959684   2512376        68

06:39:20 AM     IFACE   rxpck/s   txpck/s    rxkB/s    txkB/s   rxcmp/s   txcmp/s  rxmcst/s   %ifutil
06:39:21 AM        lo      0.00      0.00      0.00      0.00      0.00      0.00      0.00      0.00
06:39:21 AM      eth0      1.00      1.00      0.05      0.05      0.00      0.00      0.00      0.00
06:39:21 AM   docker0      0.00      0.00      0.00      0.00      0.00      0.00      0.00      0.00
06:39:21 AM vethe4123a0      0.00      0.00      0.00      0.00      0.00      0.00      0.00      0.00

06:39:21 AM     CPU     %user     %nice   %system   %iowait    %steal     %idle
06:39:22 AM     all      0.00      0.00      0.00      0.25      0.00     99.75

06:39:21 AM kbmemfree   kbavail kbmemused  %memused kbbuffers  kbcached  kbcommit   %commit  kbactive   kbinact   kbdirty
06:39:22 AM   3147232   5676076   1870392     23.58     85232   2617496   5521960     69.62   1959684   2512376        68

06:39:21 AM     IFACE   rxpck/s   txpck/s    rxkB/s    txkB/s   rxcmp/s   txcmp/s  rxmcst/s   %ifutil
06:39:22 AM        lo      0.00      0.00      0.00      0.00      0.00      0.00      0.00      0.00
06:39:22 AM      eth0      1.00      0.00      0.05      0.00      0.00      0.00      0.00      0.00
06:39:22 AM   docker0      0.00      0.00      0.00      0.00      0.00      0.00      0.00      0.00
06:39:22 AM vethe4123a0      0.00      0.00      0.00      0.00      0.00      0.00      0.00      0.00

06:39:22 AM     CPU     %user     %nice   %system   %iowait    %steal     %idle
06:39:23 AM     all      0.00      0.00      0.50      0.00      0.00     99.50

06:39:22 AM kbmemfree   kbavail kbmemused  %memused kbbuffers  kbcached  kbcommit   %commit  kbactive   kbinact   kbdirty
06:39:23 AM   3147232   5676076   1870388     23.58     85232   2617500   5521960     69.62   1959684   2512376        72

06:39:22 AM     IFACE   rxpck/s   txpck/s    rxkB/s    txkB/s   rxcmp/s   txcmp/s  rxmcst/s   %ifutil
06:39:23 AM        lo      0.00      0.00      0.00      0.00      0.00      0.00      0.00      0.00
06:39:23 AM      eth0      0.00      0.00      0.00      0.00      0.00      0.00      0.00      0.00
06:39:23 AM   docker0      0.00      0.00      0.00      0.00      0.00      0.00      0.00      0.00
06:39:23 AM vethe4123a0      0.00      0.00      0.00      0.00      0.00      0.00      0.00      0.00

06:39:23 AM     CPU     %user     %nice   %system   %iowait    %steal     %idle
06:39:24 AM     all      0.00      0.00      0.00      0.00      0.00    100.00

06:39:23 AM kbmemfree   kbavail kbmemused  %memused kbbuffers  kbcached  kbcommit   %commit  kbactive   kbinact   kbdirty
06:39:24 AM   3147232   5676076   1870388     23.58     85232   2617500   5521960     69.62   1959716   2512376        64

06:39:23 AM     IFACE   rxpck/s   txpck/s    rxkB/s    txkB/s   rxcmp/s   txcmp/s  rxmcst/s   %ifutil
06:39:24 AM        lo      0.00      0.00      0.00      0.00      0.00      0.00      0.00      0.00
06:39:24 AM      eth0      0.00      0.00      0.00      0.00      0.00      0.00      0.00      0.00
06:39:24 AM   docker0      0.00      0.00      0.00      0.00      0.00      0.00      0.00      0.00
06:39:24 AM vethe4123a0      0.00      0.00      0.00      0.00      0.00      0.00      0.00      0.00

06:39:24 AM     CPU     %user     %nice   %system   %iowait    %steal     %idle
06:39:25 AM     all      0.00      0.00      0.25      0.00      0.00     99.75

06:39:24 AM kbmemfree   kbavail kbmemused  %memused kbbuffers  kbcached  kbcommit   %commit  kbactive   kbinact   kbdirty
06:39:25 AM   3147232   5676076   1870388     23.58     85232   2617500   5521960     69.62   1959716   2512376        64

06:39:24 AM     IFACE   rxpck/s   txpck/s    rxkB/s    txkB/s   rxcmp/s   txcmp/s  rxmcst/s   %ifutil
06:39:25 AM        lo      0.00      0.00      0.00      0.00      0.00      0.00      0.00      0.00
06:39:25 AM      eth0      2.00      1.00      0.11      0.05      0.00      0.00      0.00      0.00
06:39:25 AM   docker0      0.00      0.00      0.00      0.00      0.00      0.00      0.00      0.00
06:39:25 AM vethe4123a0      0.00      0.00      0.00      0.00      0.00      0.00      0.00      0.00

06:39:25 AM     CPU     %user     %nice   %system   %iowait    %steal     %idle
06:39:26 AM     all      0.00      0.00      0.00      0.00      0.00    100.00

06:39:25 AM kbmemfree   kbavail kbmemused  %memused kbbuffers  kbcached  kbcommit   %commit  kbactive   kbinact   kbdirty
06:39:26 AM   3147232   5676076   1870388     23.58     85232   2617500   5521960     69.62   1959716   2512376        64

06:39:25 AM     IFACE   rxpck/s   txpck/s    rxkB/s    txkB/s   rxcmp/s   txcmp/s  rxmcst/s   %ifutil
06:39:26 AM        lo      0.00      0.00      0.00      0.00      0.00      0.00      0.00      0.00
06:39:26 AM      eth0      0.00      0.00      0.00      0.00      0.00      0.00      0.00      0.00
06:39:26 AM   docker0      0.00      0.00      0.00      0.00      0.00      0.00      0.00      0.00
06:39:26 AM vethe4123a0      0.00      0.00      0.00      0.00      0.00      0.00      0.00      0.00

06:39:26 AM     CPU     %user     %nice   %system   %iowait    %steal     %idle
06:39:27 AM     all      0.25      0.00      0.00      0.00      0.00     99.75

06:39:26 AM kbmemfree   kbavail kbmemused  %memused kbbuffers  kbcached  kbcommit   %commit  kbactive   kbinact   kbdirty
06:39:27 AM   3147232   5676076   1870388     23.58     85232   2617500   5521960     69.62   1959716   2512376        64

06:39:26 AM     IFACE   rxpck/s   txpck/s    rxkB/s    txkB/s   rxcmp/s   txcmp/s  rxmcst/s   %ifutil
06:39:27 AM        lo      0.00      0.00      0.00      0.00      0.00      0.00      0.00      0.00
06:39:27 AM      eth0      2.00      1.00      0.11      0.05      0.00      0.00      0.00      0.00
06:39:27 AM   docker0      0.00      0.00      0.00      0.00      0.00      0.00      0.00      0.00
06:39:27 AM vethe4123a0      0.00      0.00      0.00      0.00      0.00      0.00      0.00      0.00

06:39:27 AM     CPU     %user     %nice   %system   %iowait    %steal     %idle
06:39:28 AM     all      0.25      0.00      0.50      0.00      0.00     99.25

06:39:27 AM kbmemfree   kbavail kbmemused  %memused kbbuffers  kbcached  kbcommit   %commit  kbactive   kbinact   kbdirty
06:39:28 AM   3147232   5676076   1870388     23.58     85232   2617500   5521960     69.62   1959716   2512376        64

06:39:27 AM     IFACE   rxpck/s   txpck/s    rxkB/s    txkB/s   rxcmp/s   txcmp/s  rxmcst/s   %ifutil
06:39:28 AM        lo      0.00      0.00      0.00      0.00      0.00      0.00      0.00      0.00
06:39:28 AM      eth0      2.00      1.00      0.11      0.05      0.00      0.00      0.00      0.00
06:39:28 AM   docker0      0.00      0.00      0.00      0.00      0.00      0.00      0.00      0.00
06:39:28 AM vethe4123a0      0.00      0.00      0.00      0.00      0.00      0.00      0.00      0.00

06:39:28 AM     CPU     %user     %nice   %system   %iowait    %steal     %idle
06:39:29 AM     all      0.00      0.00      0.00      0.00      0.00    100.00

06:39:28 AM kbmemfree   kbavail kbmemused  %memused kbbuffers  kbcached  kbcommit   %commit  kbactive   kbinact   kbdirty
06:39:29 AM   3147232   5676076   1870384     23.58     85232   2617504   5521960     69.62   1959716   2512376        68

06:39:28 AM     IFACE   rxpck/s   txpck/s    rxkB/s    txkB/s   rxcmp/s   txcmp/s  rxmcst/s   %ifutil
06:39:29 AM        lo      0.00      0.00      0.00      0.00      0.00      0.00      0.00      0.00
06:39:29 AM      eth0      0.00      0.00      0.00      0.00      0.00      0.00      0.00      0.00
06:39:29 AM   docker0      0.00      0.00      0.00      0.00      0.00      0.00      0.00      0.00
06:39:29 AM vethe4123a0      0.00      0.00      0.00      0.00      0.00      0.00      0.00      0.00

06:39:29 AM     CPU     %user     %nice   %system   %iowait    %steal     %idle
06:39:30 AM     all      0.50      0.00      0.00      0.00      0.00     99.50

06:39:29 AM kbmemfree   kbavail kbmemused  %memused kbbuffers  kbcached  kbcommit   %commit  kbactive   kbinact   kbdirty
06:39:30 AM   3147232   5676076   1870384     23.58     85232   2617504   5521960     69.62   1959716   2512376        68

06:39:29 AM     IFACE   rxpck/s   txpck/s    rxkB/s    txkB/s   rxcmp/s   txcmp/s  rxmcst/s   %ifutil
06:39:30 AM        lo      0.00      0.00      0.00      0.00      0.00      0.00      0.00      0.00
06:39:30 AM      eth0      0.00      0.00      0.00      0.00      0.00      0.00      0.00      0.00
06:39:30 AM   docker0      0.00      0.00      0.00      0.00      0.00      0.00      0.00      0.00
06:39:30 AM vethe4123a0      0.00      0.00      0.00      0.00      0.00      0.00      0.00      0.00

06:39:30 AM     CPU     %user     %nice   %system   %iowait    %steal     %idle
06:39:31 AM     all      0.00      0.00      0.00      0.00      0.00    100.00

06:39:30 AM kbmemfree   kbavail kbmemused  %memused kbbuffers  kbcached  kbcommit   %commit  kbactive   kbinact   kbdirty
06:39:31 AM   3147232   5676088   1870384     23.58     85232   2617504   5521960     69.62   1959748   2512388        16

06:39:30 AM     IFACE   rxpck/s   txpck/s    rxkB/s    txkB/s   rxcmp/s   txcmp/s  rxmcst/s   %ifutil
06:39:31 AM        lo      0.00      0.00      0.00      0.00      0.00      0.00      0.00      0.00
06:39:31 AM      eth0      2.00      1.00      0.11      0.05      0.00      0.00      0.00      0.00
06:39:31 AM   docker0      0.00      0.00      0.00      0.00      0.00      0.00      0.00      0.00
06:39:31 AM vethe4123a0      0.00      0.00      0.00      0.00      0.00      0.00      0.00      0.00

06:39:31 AM     CPU     %user     %nice   %system   %iowait    %steal     %idle
06:39:32 AM     all      0.00      0.00      0.00      0.00      0.00    100.00

06:39:31 AM kbmemfree   kbavail kbmemused  %memused kbbuffers  kbcached  kbcommit   %commit  kbactive   kbinact   kbdirty
06:39:32 AM   3147232   5676088   1870384     23.58     85232   2617504   5521960     69.62   1959748   2512388        16

06:39:31 AM     IFACE   rxpck/s   txpck/s    rxkB/s    txkB/s   rxcmp/s   txcmp/s  rxmcst/s   %ifutil
06:39:32 AM        lo      0.00      0.00      0.00      0.00      0.00      0.00      0.00      0.00
06:39:32 AM      eth0      1.00      1.00      0.05      0.05      0.00      0.00      0.00      0.00
06:39:32 AM   docker0      0.00      0.00      0.00      0.00      0.00      0.00      0.00      0.00
06:39:32 AM vethe4123a0      0.00      0.00      0.00      0.00      0.00      0.00      0.00      0.00

06:39:32 AM     CPU     %user     %nice   %system   %iowait    %steal     %idle
06:39:33 AM     all      0.00      0.00      0.00      0.00      0.00    100.00

06:39:32 AM kbmemfree   kbavail kbmemused  %memused kbbuffers  kbcached  kbcommit   %commit  kbactive   kbinact   kbdirty
06:39:33 AM   3147232   5676088   1870380     23.58     85232   2617508   5521960     69.62   1959748   2512388        20

06:39:32 AM     IFACE   rxpck/s   txpck/s    rxkB/s    txkB/s   rxcmp/s   txcmp/s  rxmcst/s   %ifutil
06:39:33 AM        lo      0.00      0.00      0.00      0.00      0.00      0.00      0.00      0.00
06:39:33 AM      eth0      0.00      0.00      0.00      0.00      0.00      0.00      0.00      0.00
06:39:33 AM   docker0      0.00      0.00      0.00      0.00      0.00      0.00      0.00      0.00
06:39:33 AM vethe4123a0      0.00      0.00      0.00      0.00      0.00      0.00      0.00      0.00

06:39:33 AM     CPU     %user     %nice   %system   %iowait    %steal     %idle
06:39:34 AM     all      0.00      0.00      0.00      0.00      0.00    100.00

06:39:33 AM kbmemfree   kbavail kbmemused  %memused kbbuffers  kbcached  kbcommit   %commit  kbactive   kbinact   kbdirty
06:39:34 AM   3147232   5676088   1870380     23.58     85232   2617508   5521960     69.62   1959748   2512388        20

06:39:33 AM     IFACE   rxpck/s   txpck/s    rxkB/s    txkB/s   rxcmp/s   txcmp/s  rxmcst/s   %ifutil
06:39:34 AM        lo      0.00      0.00      0.00      0.00      0.00      0.00      0.00      0.00
06:39:34 AM      eth0      0.00      0.00      0.00      0.00      0.00      0.00      0.00      0.00
06:39:34 AM   docker0      0.00      0.00      0.00      0.00      0.00      0.00      0.00      0.00
06:39:34 AM vethe4123a0      0.00      0.00      0.00      0.00      0.00      0.00      0.00      0.00

06:39:34 AM     CPU     %user     %nice   %system   %iowait    %steal     %idle
06:39:35 AM     all      0.00      0.00      0.25      0.00      0.00     99.75

06:39:34 AM kbmemfree   kbavail kbmemused  %memused kbbuffers  kbcached  kbcommit   %commit  kbactive   kbinact   kbdirty
06:39:35 AM   3147232   5676088   1870380     23.58     85232   2617508   5521960     69.62   1959748   2512388        36

06:39:34 AM     IFACE   rxpck/s   txpck/s    rxkB/s    txkB/s   rxcmp/s   txcmp/s  rxmcst/s   %ifutil
06:39:35 AM        lo      0.00      0.00      0.00      0.00      0.00      0.00      0.00      0.00
06:39:35 AM      eth0      0.00      0.00      0.00      0.00      0.00      0.00      0.00      0.00
06:39:35 AM   docker0      0.00      0.00      0.00      0.00      0.00      0.00      0.00      0.00
06:39:35 AM vethe4123a0      0.00      0.00      0.00      0.00      0.00      0.00      0.00      0.00

06:39:35 AM     CPU     %user     %nice   %system   %iowait    %steal     %idle
06:39:36 AM     all      0.00      0.00      0.25      0.00      0.00     99.75

06:39:35 AM kbmemfree   kbavail kbmemused  %memused kbbuffers  kbcached  kbcommit   %commit  kbactive   kbinact   kbdirty
06:39:36 AM   3147232   5676088   1870380     23.58     85232   2617508   5521960     69.62   1959748   2512388        36

06:39:35 AM     IFACE   rxpck/s   txpck/s    rxkB/s    txkB/s   rxcmp/s   txcmp/s  rxmcst/s   %ifutil
06:39:36 AM        lo      0.00      0.00      0.00      0.00      0.00      0.00      0.00      0.00
06:39:36 AM      eth0      0.00      0.00      0.00      0.00      0.00      0.00      0.00      0.00
06:39:36 AM   docker0      0.00      0.00      0.00      0.00      0.00      0.00      0.00      0.00
06:39:36 AM vethe4123a0      0.00      0.00      0.00      0.00      0.00      0.00      0.00      0.00

06:39:36 AM     CPU     %user     %nice   %system   %iowait    %steal     %idle
06:39:37 AM     all      0.25      0.00      0.00      0.00      0.00     99.75

06:39:36 AM kbmemfree   kbavail kbmemused  %memused kbbuffers  kbcached  kbcommit   %commit  kbactive   kbinact   kbdirty
06:39:37 AM   3147232   5676096   1870376     23.58     85232   2617512   5521960     69.62   1959748   2512396        40

06:39:36 AM     IFACE   rxpck/s   txpck/s    rxkB/s    txkB/s   rxcmp/s   txcmp/s  rxmcst/s   %ifutil
06:39:37 AM        lo      0.00      0.00      0.00      0.00      0.00      0.00      0.00      0.00
06:39:37 AM      eth0      0.00      0.00      0.00      0.00      0.00      0.00      0.00      0.00
06:39:37 AM   docker0      0.00      0.00      0.00      0.00      0.00      0.00      0.00      0.00
06:39:37 AM vethe4123a0      0.00      0.00      0.00      0.00      0.00      0.00      0.00      0.00

06:39:37 AM     CPU     %user     %nice   %system   %iowait    %steal     %idle
06:39:38 AM     all      0.00      0.00      0.00      0.00      0.00    100.00

06:39:37 AM kbmemfree   kbavail kbmemused  %memused kbbuffers  kbcached  kbcommit   %commit  kbactive   kbinact   kbdirty
06:39:38 AM   3147232   5676096   1870376     23.58     85232   2617512   5521960     69.62   1959748   2512396        40

06:39:37 AM     IFACE   rxpck/s   txpck/s    rxkB/s    txkB/s   rxcmp/s   txcmp/s  rxmcst/s   %ifutil
06:39:38 AM        lo      0.00      0.00      0.00      0.00      0.00      0.00      0.00      0.00
06:39:38 AM      eth0      0.00      0.00      0.00      0.00      0.00      0.00      0.00      0.00
06:39:38 AM   docker0      0.00      0.00      0.00      0.00      0.00      0.00      0.00      0.00
06:39:38 AM vethe4123a0      0.00      0.00      0.00      0.00      0.00      0.00      0.00      0.00

06:39:38 AM     CPU     %user     %nice   %system   %iowait    %steal     %idle
06:39:39 AM     all      0.25      0.00      0.25      0.00      0.00     99.50

06:39:38 AM kbmemfree   kbavail kbmemused  %memused kbbuffers  kbcached  kbcommit   %commit  kbactive   kbinact   kbdirty
06:39:39 AM   3145248   5674112   1872360     23.61     85232   2617512   5525412     69.66   1961340   2512396       220

06:39:38 AM     IFACE   rxpck/s   txpck/s    rxkB/s    txkB/s   rxcmp/s   txcmp/s  rxmcst/s   %ifutil
06:39:39 AM        lo      0.00      0.00      0.00      0.00      0.00      0.00      0.00      0.00
06:39:39 AM      eth0     10.00     10.00      2.07      2.45      0.00      0.00      0.00      0.00
06:39:39 AM   docker0      0.00      0.00      0.00      0.00      0.00      0.00      0.00      0.00
06:39:39 AM vethe4123a0      0.00      0.00      0.00      0.00      0.00      0.00      0.00      0.00

06:39:39 AM     CPU     %user     %nice   %system   %iowait    %steal     %idle
06:39:40 AM     all      0.00      0.00      0.50      0.00      0.00     99.50

06:39:39 AM kbmemfree   kbavail kbmemused  %memused kbbuffers  kbcached  kbcommit   %commit  kbactive   kbinact   kbdirty
06:39:40 AM   3145248   5674112   1872360     23.61     85232   2617512   5525412     69.66   1961340   2512396       220

06:39:39 AM     IFACE   rxpck/s   txpck/s    rxkB/s    txkB/s   rxcmp/s   txcmp/s  rxmcst/s   %ifutil
06:39:40 AM        lo      0.00      0.00      0.00      0.00      0.00      0.00      0.00      0.00
06:39:40 AM      eth0      0.00      0.00      0.00      0.00      0.00      0.00      0.00      0.00
06:39:40 AM   docker0      0.00      0.00      0.00      0.00      0.00      0.00      0.00      0.00
06:39:40 AM vethe4123a0      0.00      0.00      0.00      0.00      0.00      0.00      0.00      0.00

06:39:40 AM     CPU     %user     %nice   %system   %iowait    %steal     %idle
06:39:41 AM     all      0.25      0.00      0.25      0.00      0.00     99.50

06:39:40 AM kbmemfree   kbavail kbmemused  %memused kbbuffers  kbcached  kbcommit   %commit  kbactive   kbinact   kbdirty
06:39:41 AM   3147860   5676724   1869744     23.57     85232   2617516   5521960     69.62   1959856   2512396       232

06:39:40 AM     IFACE   rxpck/s   txpck/s    rxkB/s    txkB/s   rxcmp/s   txcmp/s  rxmcst/s   %ifutil
06:39:41 AM        lo      0.00      0.00      0.00      0.00      0.00      0.00      0.00      0.00
06:39:41 AM      eth0      4.00      3.00      0.24      0.23      0.00      0.00      0.00      0.00
06:39:41 AM   docker0      0.00      0.00      0.00      0.00      0.00      0.00      0.00      0.00
06:39:41 AM vethe4123a0      0.00      0.00      0.00      0.00      0.00      0.00      0.00      0.00

06:39:41 AM     CPU     %user     %nice   %system   %iowait    %steal     %idle
06:39:42 AM     all      0.25      0.00      0.25      0.00      0.00     99.50

06:39:41 AM kbmemfree   kbavail kbmemused  %memused kbbuffers  kbcached  kbcommit   %commit  kbactive   kbinact   kbdirty
06:39:42 AM   3147728   5676596   1869876     23.58     85232   2617516   5521960     69.62   1959720   2512400       232

06:39:41 AM     IFACE   rxpck/s   txpck/s    rxkB/s    txkB/s   rxcmp/s   txcmp/s  rxmcst/s   %ifutil
06:39:42 AM        lo      0.00      0.00      0.00      0.00      0.00      0.00      0.00      0.00
06:39:42 AM      eth0      0.00      0.00      0.00      0.00      0.00      0.00      0.00      0.00
06:39:42 AM   docker0      0.00      0.00      0.00      0.00      0.00      0.00      0.00      0.00
06:39:42 AM vethe4123a0      0.00      0.00      0.00      0.00      0.00      0.00      0.00      0.00

06:39:42 AM     CPU     %user     %nice   %system   %iowait    %steal     %idle
06:39:43 AM     all      0.00      0.00      0.00      0.25      0.00     99.75

06:39:42 AM kbmemfree   kbavail kbmemused  %memused kbbuffers  kbcached  kbcommit   %commit  kbactive   kbinact   kbdirty
06:39:43 AM   3147728   5676596   1869876     23.58     85232   2617516   5521960     69.62   1959720   2512400        96

06:39:42 AM     IFACE   rxpck/s   txpck/s    rxkB/s    txkB/s   rxcmp/s   txcmp/s  rxmcst/s   %ifutil
06:39:43 AM        lo      0.00      0.00      0.00      0.00      0.00      0.00      0.00      0.00
06:39:43 AM      eth0      0.00      0.00      0.00      0.00      0.00      0.00      0.00      0.00
06:39:43 AM   docker0      0.00      0.00      0.00      0.00      0.00      0.00      0.00      0.00
06:39:43 AM vethe4123a0      0.00      0.00      0.00      0.00      0.00      0.00      0.00      0.00

06:39:43 AM     CPU     %user     %nice   %system   %iowait    %steal     %idle
06:39:44 AM     all      0.00      0.00      0.00      0.00      0.00    100.00

06:39:43 AM kbmemfree   kbavail kbmemused  %memused kbbuffers  kbcached  kbcommit   %commit  kbactive   kbinact   kbdirty
06:39:44 AM   3147728   5676596   1869876     23.58     85232   2617516   5521960     69.62   1959720   2512400        60

06:39:43 AM     IFACE   rxpck/s   txpck/s    rxkB/s    txkB/s   rxcmp/s   txcmp/s  rxmcst/s   %ifutil
06:39:44 AM        lo      0.00      0.00      0.00      0.00      0.00      0.00      0.00      0.00
06:39:44 AM      eth0      0.00      0.00      0.00      0.00      0.00      0.00      0.00      0.00
06:39:44 AM   docker0      0.00      0.00      0.00      0.00      0.00      0.00      0.00      0.00
06:39:44 AM vethe4123a0      0.00      0.00      0.00      0.00      0.00      0.00      0.00      0.00

06:39:44 AM     CPU     %user     %nice   %system   %iowait    %steal     %idle
06:39:45 AM     all      0.00      0.00      0.00      0.00      0.00    100.00

06:39:44 AM kbmemfree   kbavail kbmemused  %memused kbbuffers  kbcached  kbcommit   %commit  kbactive   kbinact   kbdirty
06:39:45 AM   3147728   5676596   1869872     23.57     85232   2617520   5521960     69.62   1959720   2512400        60

06:39:44 AM     IFACE   rxpck/s   txpck/s    rxkB/s    txkB/s   rxcmp/s   txcmp/s  rxmcst/s   %ifutil
06:39:45 AM        lo      0.00      0.00      0.00      0.00      0.00      0.00      0.00      0.00
06:39:45 AM      eth0      1.00      1.00      0.07      0.07      0.00      0.00      0.00      0.00
06:39:45 AM   docker0      0.00      0.00      0.00      0.00      0.00      0.00      0.00      0.00
06:39:45 AM vethe4123a0      0.00      0.00      0.00      0.00      0.00      0.00      0.00      0.00

06:39:45 AM     CPU     %user     %nice   %system   %iowait    %steal     %idle
06:39:46 AM     all      0.50      0.00      0.00      0.00      0.00     99.50

06:39:45 AM kbmemfree   kbavail kbmemused  %memused kbbuffers  kbcached  kbcommit   %commit  kbactive   kbinact   kbdirty
06:39:46 AM   3147728   5676600   1869872     23.57     85232   2617520   5523448     69.64   1960816   2512404        48

06:39:45 AM     IFACE   rxpck/s   txpck/s    rxkB/s    txkB/s   rxcmp/s   txcmp/s  rxmcst/s   %ifutil
06:39:46 AM        lo      0.00      0.00      0.00      0.00      0.00      0.00      0.00      0.00
06:39:46 AM      eth0      6.00      4.00      0.40      0.30      0.00      0.00      0.00      0.00
06:39:46 AM   docker0      0.00      0.00      0.00      0.00      0.00      0.00      0.00      0.00
06:39:46 AM vethe4123a0      0.00      0.00      0.00      0.00      0.00      0.00      0.00      0.00

06:39:46 AM     CPU     %user     %nice   %system   %iowait    %steal     %idle
06:39:47 AM     all      0.50      0.00      0.25      0.00      0.00     99.24

06:39:46 AM kbmemfree   kbavail kbmemused  %memused kbbuffers  kbcached  kbcommit   %commit  kbactive   kbinact   kbdirty
06:39:47 AM   3146720   5675596   1870876     23.59     85232   2617524   5526896     69.68   1962540   2512408       224

06:39:46 AM     IFACE   rxpck/s   txpck/s    rxkB/s    txkB/s   rxcmp/s   txcmp/s  rxmcst/s   %ifutil
06:39:47 AM        lo      0.00      0.00      0.00      0.00      0.00      0.00      0.00      0.00
06:39:47 AM      eth0     13.00     13.00      2.21      2.71      0.00      0.00      0.00      0.00
06:39:47 AM   docker0      0.00      0.00      0.00      0.00      0.00      0.00      0.00      0.00
06:39:47 AM vethe4123a0      0.00      0.00      0.00      0.00      0.00      0.00      0.00      0.00

06:39:47 AM     CPU     %user     %nice   %system   %iowait    %steal     %idle
06:39:48 AM     all      0.00      0.00      0.00      0.00      0.00    100.00

06:39:47 AM kbmemfree   kbavail kbmemused  %memused kbbuffers  kbcached  kbcommit   %commit  kbactive   kbinact   kbdirty
06:39:48 AM   3146720   5675596   1870876     23.59     85232   2617524   5526896     69.68   1962540   2512408       224

06:39:47 AM     IFACE   rxpck/s   txpck/s    rxkB/s    txkB/s   rxcmp/s   txcmp/s  rxmcst/s   %ifutil
06:39:48 AM        lo      0.00      0.00      0.00      0.00      0.00      0.00      0.00      0.00
06:39:48 AM      eth0      0.00      0.00      0.00      0.00      0.00      0.00      0.00      0.00
06:39:48 AM   docker0      0.00      0.00      0.00      0.00      0.00      0.00      0.00      0.00
06:39:48 AM vethe4123a0      0.00      0.00      0.00      0.00      0.00      0.00      0.00      0.00

06:39:48 AM     CPU     %user     %nice   %system   %iowait    %steal     %idle
06:39:49 AM     all      0.00      0.00      0.50      0.00      0.00     99.50

06:39:48 AM kbmemfree   kbavail kbmemused  %memused kbbuffers  kbcached  kbcommit   %commit  kbactive   kbinact   kbdirty
06:39:49 AM   3146720   5675596   1870876     23.59     85232   2617524   5526896     69.68   1962540   2512408       224

06:39:48 AM     IFACE   rxpck/s   txpck/s    rxkB/s    txkB/s   rxcmp/s   txcmp/s  rxmcst/s   %ifutil
06:39:49 AM        lo      0.00      0.00      0.00      0.00      0.00      0.00      0.00      0.00
06:39:49 AM      eth0      2.00      3.00      0.11      0.21      0.00      0.00      0.00      0.00
06:39:49 AM   docker0      0.00      0.00      0.00      0.00      0.00      0.00      0.00      0.00
06:39:49 AM vethe4123a0      0.00      0.00      0.00      0.00      0.00      0.00      0.00      0.00

06:39:49 AM     CPU     %user     %nice   %system   %iowait    %steal     %idle
06:39:50 AM     all      0.25      0.00      0.00      0.00      0.00     99.75

06:39:49 AM kbmemfree   kbavail kbmemused  %memused kbbuffers  kbcached  kbcommit   %commit  kbactive   kbinact   kbdirty
06:39:50 AM   3146720   5675596   1870876     23.59     85232   2617524   5526896     69.68   1962540   2512408       224

06:39:49 AM     IFACE   rxpck/s   txpck/s    rxkB/s    txkB/s   rxcmp/s   txcmp/s  rxmcst/s   %ifutil
06:39:50 AM        lo      0.00      0.00      0.00      0.00      0.00      0.00      0.00      0.00
06:39:50 AM      eth0      1.00      1.00      0.07      0.05      0.00      0.00      0.00      0.00
06:39:50 AM   docker0      0.00      0.00      0.00      0.00      0.00      0.00      0.00      0.00
06:39:50 AM vethe4123a0      0.00      0.00      0.00      0.00      0.00      0.00      0.00      0.00

06:39:50 AM     CPU     %user     %nice   %system   %iowait    %steal     %idle
06:39:51 AM     all      0.25      0.00      0.25      0.00      0.00     99.50

06:39:50 AM kbmemfree   kbavail kbmemused  %memused kbbuffers  kbcached  kbcommit   %commit  kbactive   kbinact   kbdirty
06:39:51 AM   3148900   5677780   1868696     23.56     85232   2617528   5523448     69.64   1960808   2512412       256

06:39:50 AM     IFACE   rxpck/s   txpck/s    rxkB/s    txkB/s   rxcmp/s   txcmp/s  rxmcst/s   %ifutil
06:39:51 AM        lo      0.00      0.00      0.00      0.00      0.00      0.00      0.00      0.00
06:39:51 AM      eth0      2.00      3.00      0.13      0.29      0.00      0.00      0.00      0.00
06:39:51 AM   docker0      0.00      0.00      0.00      0.00      0.00      0.00      0.00      0.00
06:39:51 AM vethe4123a0      0.00      0.00      0.00      0.00      0.00      0.00      0.00      0.00

06:39:51 AM     CPU     %user     %nice   %system   %iowait    %steal     %idle
06:39:52 AM     all      0.00      0.00      0.25      0.00      0.00     99.75

06:39:51 AM kbmemfree   kbavail kbmemused  %memused kbbuffers  kbcached  kbcommit   %commit  kbactive   kbinact   kbdirty
06:39:52 AM   3148900   5677780   1868696     23.56     85232   2617528   5523448     69.64   1960808   2512412        48

06:39:51 AM     IFACE   rxpck/s   txpck/s    rxkB/s    txkB/s   rxcmp/s   txcmp/s  rxmcst/s   %ifutil
06:39:52 AM        lo      0.00      0.00      0.00      0.00      0.00      0.00      0.00      0.00
06:39:52 AM      eth0      0.00      0.00      0.00      0.00      0.00      0.00      0.00      0.00
06:39:52 AM   docker0      0.00      0.00      0.00      0.00      0.00      0.00      0.00      0.00
06:39:52 AM vethe4123a0      0.00      0.00      0.00      0.00      0.00      0.00      0.00      0.00

06:39:52 AM     CPU     %user     %nice   %system   %iowait    %steal     %idle
06:39:53 AM     all      0.00      0.00      0.25      0.00      0.00     99.75

06:39:52 AM kbmemfree   kbavail kbmemused  %memused kbbuffers  kbcached  kbcommit   %commit  kbactive   kbinact   kbdirty
06:39:53 AM   3148900   5677780   1868696     23.56     85232   2617528   5523448     69.64   1960808   2512412        52

06:39:52 AM     IFACE   rxpck/s   txpck/s    rxkB/s    txkB/s   rxcmp/s   txcmp/s  rxmcst/s   %ifutil
06:39:53 AM        lo      0.00      0.00      0.00      0.00      0.00      0.00      0.00      0.00
06:39:53 AM      eth0      0.00      0.00      0.00      0.00      0.00      0.00      0.00      0.00
06:39:53 AM   docker0      0.00      0.00      0.00      0.00      0.00      0.00      0.00      0.00
06:39:53 AM vethe4123a0      0.00      0.00      0.00      0.00      0.00      0.00      0.00      0.00

06:39:53 AM     CPU     %user     %nice   %system   %iowait    %steal     %idle
06:39:54 AM     all      0.00      0.00      0.00      0.00      0.00    100.00

06:39:53 AM kbmemfree   kbavail kbmemused  %memused kbbuffers  kbcached  kbcommit   %commit  kbactive   kbinact   kbdirty
06:39:54 AM   3148648   5677528   1868948     23.56     85232   2617528   5523448     69.64   1960808   2512412        52

06:39:53 AM     IFACE   rxpck/s   txpck/s    rxkB/s    txkB/s   rxcmp/s   txcmp/s  rxmcst/s   %ifutil
06:39:54 AM        lo      0.00      0.00      0.00      0.00      0.00      0.00      0.00      0.00
06:39:54 AM      eth0      0.00      0.00      0.00      0.00      0.00      0.00      0.00      0.00
06:39:54 AM   docker0      0.00      0.00      0.00      0.00      0.00      0.00      0.00      0.00
06:39:54 AM vethe4123a0      0.00      0.00      0.00      0.00      0.00      0.00      0.00      0.00

Average:        CPU     %user     %nice   %system   %iowait    %steal     %idle
Average:        all      0.10      0.00      0.10      0.01      0.00     99.79

Average:    kbmemfree   kbavail kbmemused  %memused kbbuffers  kbcached  kbcommit   %commit  kbactive   kbinact   kbdirty
Average:      3148211   5677002   1869426     23.57     85232   2617445   5522469     69.63   1960234   2512324        91

Average:        IFACE   rxpck/s   txpck/s    rxkB/s    txkB/s   rxcmp/s   txcmp/s  rxmcst/s   %ifutil
Average:           lo      0.00      0.00      0.00      0.00      0.00      0.00      0.00      0.00
Average:         eth0      1.62      1.11      0.18      0.16      0.00      0.00      0.00      0.00
Average:      docker0      0.07      0.09      0.00      0.01      0.00      0.00      0.00      0.00
Average:    vethe4123a0      0.07      0.09      0.01      0.01      0.00      0.00      0.00      0.00