Linux 6.8.0-90-generic (zt-keycloak) 	05/14/2026 	_x86_64_	(4 CPU)

11:58:59 AM     CPU     %user     %nice   %system   %iowait    %steal     %idle
11:59:00 AM     all      0.25      0.00      0.00      0.00      0.00     99.75

11:58:59 AM kbmemfree   kbavail kbmemused  %memused kbbuffers  kbcached  kbcommit   %commit  kbactive   kbinact   kbdirty
11:59:00 AM   3577884   5884476   1670868     21.07     43304   2440480   5313532     66.99   1699588   2366784       320

11:58:59 AM     IFACE   rxpck/s   txpck/s    rxkB/s    txkB/s   rxcmp/s   txcmp/s  rxmcst/s   %ifutil
11:59:00 AM        lo      0.00      0.00      0.00      0.00      0.00      0.00      0.00      0.00
11:59:00 AM      eth0     86.00     43.00      7.05      4.28      0.00      0.00      0.00      0.00
11:59:00 AM   docker0      0.00      0.00      0.00      0.00      0.00      0.00      0.00      0.00
11:59:00 AM vethc7cc37c      0.00      0.00      0.00      0.00      0.00      0.00      0.00      0.00

11:59:00 AM     CPU     %user     %nice   %system   %iowait    %steal     %idle
11:59:01 AM     all      0.25      0.00      0.00      0.00      0.00     99.75

11:59:00 AM kbmemfree   kbavail kbmemused  %memused kbbuffers  kbcached  kbcommit   %commit  kbactive   kbinact   kbdirty
11:59:01 AM   3577884   5884476   1670860     21.07     43312   2440480   5313532     66.99   1699588   2366784       368

11:59:00 AM     IFACE   rxpck/s   txpck/s    rxkB/s    txkB/s   rxcmp/s   txcmp/s  rxmcst/s   %ifutil
11:59:01 AM        lo      0.00      0.00      0.00      0.00      0.00      0.00      0.00      0.00
11:59:01 AM      eth0     76.00     37.00      6.14      3.64      0.00      0.00      0.00      0.00
11:59:01 AM   docker0      0.00      0.00      0.00      0.00      0.00      0.00      0.00      0.00
11:59:01 AM vethc7cc37c      0.00      0.00      0.00      0.00      0.00      0.00      0.00      0.00

11:59:01 AM     CPU     %user     %nice   %system   %iowait    %steal     %idle
11:59:02 AM     all      0.25      0.00      0.00      0.00      0.00     99.75

11:59:01 AM kbmemfree   kbavail kbmemused  %memused kbbuffers  kbcached  kbcommit   %commit  kbactive   kbinact   kbdirty
11:59:02 AM   3577884   5884476   1670860     21.07     43312   2440480   5313532     66.99   1699588   2366784       368

11:59:01 AM     IFACE   rxpck/s   txpck/s    rxkB/s    txkB/s   rxcmp/s   txcmp/s  rxmcst/s   %ifutil
11:59:02 AM        lo      0.00      0.00      0.00      0.00      0.00      0.00      0.00      0.00
11:59:02 AM      eth0      3.00      2.00      0.16      0.12      0.00      0.00      0.00      0.00
11:59:02 AM   docker0      0.00      0.00      0.00      0.00      0.00      0.00      0.00      0.00
11:59:02 AM vethc7cc37c      0.00      0.00      0.00      0.00      0.00      0.00      0.00      0.00

11:59:02 AM     CPU     %user     %nice   %system   %iowait    %steal     %idle
11:59:03 AM     all      0.00      0.00      0.00      0.00      0.00    100.00

11:59:02 AM kbmemfree   kbavail kbmemused  %memused kbbuffers  kbcached  kbcommit   %commit  kbactive   kbinact   kbdirty
11:59:03 AM   3577884   5884476   1670860     21.07     43312   2440480   5313532     66.99   1699588   2366784       368

11:59:02 AM     IFACE   rxpck/s   txpck/s    rxkB/s    txkB/s   rxcmp/s   txcmp/s  rxmcst/s   %ifutil
11:59:03 AM        lo      0.00      0.00      0.00      0.00      0.00      0.00      0.00      0.00
11:59:03 AM      eth0      2.00      1.00      0.11      0.05      0.00      0.00      0.00      0.00
11:59:03 AM   docker0      0.00      0.00      0.00      0.00      0.00      0.00      0.00      0.00
11:59:03 AM vethc7cc37c      0.00      0.00      0.00      0.00      0.00      0.00      0.00      0.00

11:59:03 AM     CPU     %user     %nice   %system   %iowait    %steal     %idle
11:59:04 AM     all      0.00      0.00      0.25      0.00      0.00     99.75

11:59:03 AM kbmemfree   kbavail kbmemused  %memused kbbuffers  kbcached  kbcommit   %commit  kbactive   kbinact   kbdirty
11:59:04 AM   3577884   5884476   1670860     21.07     43312   2440480   5313532     66.99   1699588   2366784       368

11:59:03 AM     IFACE   rxpck/s   txpck/s    rxkB/s    txkB/s   rxcmp/s   txcmp/s  rxmcst/s   %ifutil
11:59:04 AM        lo      0.00      0.00      0.00      0.00      0.00      0.00      0.00      0.00
11:59:04 AM      eth0      0.00      0.00      0.00      0.00      0.00      0.00      0.00      0.00
11:59:04 AM   docker0      0.00      0.00      0.00      0.00      0.00      0.00      0.00      0.00
11:59:04 AM vethc7cc37c      0.00      0.00      0.00      0.00      0.00      0.00      0.00      0.00

11:59:04 AM     CPU     %user     %nice   %system   %iowait    %steal     %idle
11:59:05 AM     all      0.00      0.00      0.00      0.25      0.00     99.75

11:59:04 AM kbmemfree   kbavail kbmemused  %memused kbbuffers  kbcached  kbcommit   %commit  kbactive   kbinact   kbdirty
11:59:05 AM   3577884   5884484   1670856     21.07     43312   2440484   5313532     66.99   1699604   2366792        72

11:59:04 AM     IFACE   rxpck/s   txpck/s    rxkB/s    txkB/s   rxcmp/s   txcmp/s  rxmcst/s   %ifutil
11:59:05 AM        lo      0.00      0.00      0.00      0.00      0.00      0.00      0.00      0.00
11:59:05 AM      eth0      0.00      0.00      0.00      0.00      0.00      0.00      0.00      0.00
11:59:05 AM   docker0      0.00      0.00      0.00      0.00      0.00      0.00      0.00      0.00
11:59:05 AM vethc7cc37c      0.00      0.00      0.00      0.00      0.00      0.00      0.00      0.00

11:59:05 AM     CPU     %user     %nice   %system   %iowait    %steal     %idle
11:59:06 AM     all      0.25      0.00      0.00      0.00      0.00     99.75

11:59:05 AM kbmemfree   kbavail kbmemused  %memused kbbuffers  kbcached  kbcommit   %commit  kbactive   kbinact   kbdirty
11:59:06 AM   3577884   5884500   1670856     21.07     43312   2440484   5313532     66.99   1699632   2366808        68

11:59:05 AM     IFACE   rxpck/s   txpck/s    rxkB/s    txkB/s   rxcmp/s   txcmp/s  rxmcst/s   %ifutil
11:59:06 AM        lo      0.00      0.00      0.00      0.00      0.00      0.00      0.00      0.00
11:59:06 AM      eth0      2.00      1.00      0.11      0.05      0.00      0.00      0.00      0.00
11:59:06 AM   docker0      0.00      0.00      0.00      0.00      0.00      0.00      0.00      0.00
11:59:06 AM vethc7cc37c      0.00      0.00      0.00      0.00      0.00      0.00      0.00      0.00

11:59:06 AM     CPU     %user     %nice   %system   %iowait    %steal     %idle
11:59:07 AM     all      2.01      0.00      0.00      0.00      0.00     97.99

11:59:06 AM kbmemfree   kbavail kbmemused  %memused kbbuffers  kbcached  kbcommit   %commit  kbactive   kbinact   kbdirty
11:59:07 AM   3577884   5884500   1670852     21.07     43316   2440484   5313532     66.99   1699632   2366808        36

11:59:06 AM     IFACE   rxpck/s   txpck/s    rxkB/s    txkB/s   rxcmp/s   txcmp/s  rxmcst/s   %ifutil
11:59:07 AM        lo     10.00     10.00      3.90      3.90      0.00      0.00      0.00      0.00
11:59:07 AM      eth0      4.00      3.00      0.46      1.78      0.00      0.00      0.00      0.00
11:59:07 AM   docker0      5.00      5.00      3.34      0.62      0.00      0.00      0.00      0.00
11:59:07 AM vethc7cc37c      5.00      5.00      3.41      0.62      0.00      0.00      0.00      0.00

11:59:07 AM     CPU     %user     %nice   %system   %iowait    %steal     %idle
11:59:08 AM     all      0.00      0.00      0.00      0.00      0.00    100.00

11:59:07 AM kbmemfree   kbavail kbmemused  %memused kbbuffers  kbcached  kbcommit   %commit  kbactive   kbinact   kbdirty
11:59:08 AM   3577884   5884500   1670852     21.07     43316   2440484   5313532     66.99   1699632   2366808        36

11:59:07 AM     IFACE   rxpck/s   txpck/s    rxkB/s    txkB/s   rxcmp/s   txcmp/s  rxmcst/s   %ifutil
11:59:08 AM        lo      0.00      0.00      0.00      0.00      0.00      0.00      0.00      0.00
11:59:08 AM      eth0      3.00      2.00      0.19      0.12      0.00      0.00      0.00      0.00
11:59:08 AM   docker0      0.00      0.00      0.00      0.00      0.00      0.00      0.00      0.00
11:59:08 AM vethc7cc37c      0.00      0.00      0.00      0.00      0.00      0.00      0.00      0.00

11:59:08 AM     CPU     %user     %nice   %system   %iowait    %steal     %idle
11:59:09 AM     all      0.25      0.00      0.25      0.00      0.00     99.50

11:59:08 AM kbmemfree   kbavail kbmemused  %memused kbbuffers  kbcached  kbcommit   %commit  kbactive   kbinact   kbdirty
11:59:09 AM   3577884   5884500   1670848     21.07     43316   2440488   5313532     66.99   1699632   2366808        44

11:59:08 AM     IFACE   rxpck/s   txpck/s    rxkB/s    txkB/s   rxcmp/s   txcmp/s  rxmcst/s   %ifutil
11:59:09 AM        lo      0.00      0.00      0.00      0.00      0.00      0.00      0.00      0.00
11:59:09 AM      eth0      0.99      0.99      0.05      0.08      0.00      0.00      0.00      0.00
11:59:09 AM   docker0      0.00      0.00      0.00      0.00      0.00      0.00      0.00      0.00
11:59:09 AM vethc7cc37c      0.00      0.00      0.00      0.00      0.00      0.00      0.00      0.00

11:59:09 AM     CPU     %user     %nice   %system   %iowait    %steal     %idle
11:59:10 AM     all      0.00      0.00      0.25      0.00      0.00     99.75

11:59:09 AM kbmemfree   kbavail kbmemused  %memused kbbuffers  kbcached  kbcommit   %commit  kbactive   kbinact   kbdirty
11:59:10 AM   3577884   5884500   1670848     21.07     43316   2440488   5313532     66.99   1699632   2366808        44

11:59:09 AM     IFACE   rxpck/s   txpck/s    rxkB/s    txkB/s   rxcmp/s   txcmp/s  rxmcst/s   %ifutil
11:59:10 AM        lo      0.00      0.00      0.00      0.00      0.00      0.00      0.00      0.00
11:59:10 AM      eth0      5.00      4.00      0.34      0.29      0.00      0.00      0.00      0.00
11:59:10 AM   docker0      0.00      0.00      0.00      0.00      0.00      0.00      0.00      0.00
11:59:10 AM vethc7cc37c      0.00      0.00      0.00      0.00      0.00      0.00      0.00      0.00

11:59:10 AM     CPU     %user     %nice   %system   %iowait    %steal     %idle
11:59:11 AM     all      0.00      0.00      0.00      0.00      0.00    100.00

11:59:10 AM kbmemfree   kbavail kbmemused  %memused kbbuffers  kbcached  kbcommit   %commit  kbactive   kbinact   kbdirty
11:59:11 AM   3577884   5884500   1670848     21.07     43316   2440488   5313532     66.99   1699632   2366808        44

11:59:10 AM     IFACE   rxpck/s   txpck/s    rxkB/s    txkB/s   rxcmp/s   txcmp/s  rxmcst/s   %ifutil
11:59:11 AM        lo      0.00      0.00      0.00      0.00      0.00      0.00      0.00      0.00
11:59:11 AM      eth0      0.00      0.00      0.00      0.00      0.00      0.00      0.00      0.00
11:59:11 AM   docker0      0.00      0.00      0.00      0.00      0.00      0.00      0.00      0.00
11:59:11 AM vethc7cc37c      0.00      0.00      0.00      0.00      0.00      0.00      0.00      0.00

11:59:11 AM     CPU     %user     %nice   %system   %iowait    %steal     %idle
11:59:12 AM     all      0.00      0.00      0.00      0.00      0.00    100.00

11:59:11 AM kbmemfree   kbavail kbmemused  %memused kbbuffers  kbcached  kbcommit   %commit  kbactive   kbinact   kbdirty
11:59:12 AM   3577632   5884252   1671096     21.07     43320   2440488   5313532     66.99   1699668   2366812        20

11:59:11 AM     IFACE   rxpck/s   txpck/s    rxkB/s    txkB/s   rxcmp/s   txcmp/s  rxmcst/s   %ifutil
11:59:12 AM        lo      0.00      0.00      0.00      0.00      0.00      0.00      0.00      0.00
11:59:12 AM      eth0      0.00      0.00      0.00      0.00      0.00      0.00      0.00      0.00
11:59:12 AM   docker0      0.00      0.00      0.00      0.00      0.00      0.00      0.00      0.00
11:59:12 AM vethc7cc37c      0.00      0.00      0.00      0.00      0.00      0.00      0.00      0.00

11:59:12 AM     CPU     %user     %nice   %system   %iowait    %steal     %idle
11:59:13 AM     all      0.25      0.00      0.00      0.00      0.00     99.75

11:59:12 AM kbmemfree   kbavail kbmemused  %memused kbbuffers  kbcached  kbcommit   %commit  kbactive   kbinact   kbdirty
11:59:13 AM   3577632   5884252   1671096     21.07     43320   2440488   5313532     66.99   1699668   2366812        20

11:59:12 AM     IFACE   rxpck/s   txpck/s    rxkB/s    txkB/s   rxcmp/s   txcmp/s  rxmcst/s   %ifutil
11:59:13 AM        lo      0.00      0.00      0.00      0.00      0.00      0.00      0.00      0.00
11:59:13 AM      eth0      1.00      0.00      0.06      0.00      0.00      0.00      0.00      0.00
11:59:13 AM   docker0      0.00      0.00      0.00      0.00      0.00      0.00      0.00      0.00
11:59:13 AM vethc7cc37c      0.00      0.00      0.00      0.00      0.00      0.00      0.00      0.00

11:59:13 AM     CPU     %user     %nice   %system   %iowait    %steal     %idle
11:59:14 AM     all      0.00      0.00      0.00      0.00      0.00    100.00

11:59:13 AM kbmemfree   kbavail kbmemused  %memused kbbuffers  kbcached  kbcommit   %commit  kbactive   kbinact   kbdirty
11:59:14 AM   3577632   5884252   1671092     21.07     43320   2440492   5313740     66.99   1699840   2366812        24

11:59:13 AM     IFACE   rxpck/s   txpck/s    rxkB/s    txkB/s   rxcmp/s   txcmp/s  rxmcst/s   %ifutil
11:59:14 AM        lo      0.00      0.00      0.00      0.00      0.00      0.00      0.00      0.00
11:59:14 AM      eth0      4.00      2.00      0.30      0.17      0.00      0.00      0.00      0.00
11:59:14 AM   docker0      0.00      0.00      0.00      0.00      0.00      0.00      0.00      0.00
11:59:14 AM vethc7cc37c      0.00      0.00      0.00      0.00      0.00      0.00      0.00      0.00

11:59:14 AM     CPU     %user     %nice   %system   %iowait    %steal     %idle
11:59:15 AM     all      0.25      0.00      0.00      0.00      0.00     99.75

11:59:14 AM kbmemfree   kbavail kbmemused  %memused kbbuffers  kbcached  kbcommit   %commit  kbactive   kbinact   kbdirty
11:59:15 AM   3577632   5884252   1671092     21.07     43320   2440492   5313740     66.99   1699840   2366812        24

11:59:14 AM     IFACE   rxpck/s   txpck/s    rxkB/s    txkB/s   rxcmp/s   txcmp/s  rxmcst/s   %ifutil
11:59:15 AM        lo      0.00      0.00      0.00      0.00      0.00      0.00      0.00      0.00
11:59:15 AM      eth0      7.00      4.00      0.38      0.21      0.00      0.00      0.00      0.00
11:59:15 AM   docker0      0.00      0.00      0.00      0.00      0.00      0.00      0.00      0.00
11:59:15 AM vethc7cc37c      0.00      0.00      0.00      0.00      0.00      0.00      0.00      0.00

11:59:15 AM     CPU     %user     %nice   %system   %iowait    %steal     %idle
11:59:16 AM     all      0.25      0.00      0.25      0.00      0.00     99.50

11:59:15 AM kbmemfree   kbavail kbmemused  %memused kbbuffers  kbcached  kbcommit   %commit  kbactive   kbinact   kbdirty
11:59:16 AM   3577632   5884252   1671092     21.07     43320   2440492   5313740     66.99   1699916   2366812        20

11:59:15 AM     IFACE   rxpck/s   txpck/s    rxkB/s    txkB/s   rxcmp/s   txcmp/s  rxmcst/s   %ifutil
11:59:16 AM        lo      0.00      0.00      0.00      0.00      0.00      0.00      0.00      0.00
11:59:16 AM      eth0      0.00      0.00      0.00      0.00      0.00      0.00      0.00      0.00
11:59:16 AM   docker0      0.00      0.00      0.00      0.00      0.00      0.00      0.00      0.00
11:59:16 AM vethc7cc37c      0.00      0.00      0.00      0.00      0.00      0.00      0.00      0.00

11:59:16 AM     CPU     %user     %nice   %system   %iowait    %steal     %idle
11:59:17 AM     all      0.00      0.00      0.00      0.25      0.00     99.75

11:59:16 AM kbmemfree   kbavail kbmemused  %memused kbbuffers  kbcached  kbcommit   %commit  kbactive   kbinact   kbdirty
11:59:17 AM   3577632   5884264   1671088     21.07     43324   2440492   5313740     66.99   1699964   2366824        28

11:59:16 AM     IFACE   rxpck/s   txpck/s    rxkB/s    txkB/s   rxcmp/s   txcmp/s  rxmcst/s   %ifutil
11:59:17 AM        lo      0.00      0.00      0.00      0.00      0.00      0.00      0.00      0.00
11:59:17 AM      eth0      1.00      1.00      0.16      0.06      0.00      0.00      0.00      0.00
11:59:17 AM   docker0      0.00      0.00      0.00      0.00      0.00      0.00      0.00      0.00
11:59:17 AM vethc7cc37c      0.00      0.00      0.00      0.00      0.00      0.00      0.00      0.00

11:59:17 AM     CPU     %user     %nice   %system   %iowait    %steal     %idle
11:59:18 AM     all      0.25      0.00      0.25      0.00      0.00     99.50

11:59:17 AM kbmemfree   kbavail kbmemused  %memused kbbuffers  kbcached  kbcommit   %commit  kbactive   kbinact   kbdirty
11:59:18 AM   3577632   5884264   1671084     21.07     43324   2440496   5313740     66.99   1699964   2366824       160

11:59:17 AM     IFACE   rxpck/s   txpck/s    rxkB/s    txkB/s   rxcmp/s   txcmp/s  rxmcst/s   %ifutil
11:59:18 AM        lo      0.00      0.00      0.00      0.00      0.00      0.00      0.00      0.00
11:59:18 AM      eth0      2.00      1.00      0.11      0.05      0.00      0.00      0.00      0.00
11:59:18 AM   docker0      0.00      0.00      0.00      0.00      0.00      0.00      0.00      0.00
11:59:18 AM vethc7cc37c      0.00      0.00      0.00      0.00      0.00      0.00      0.00      0.00

11:59:18 AM     CPU     %user     %nice   %system   %iowait    %steal     %idle
11:59:19 AM     all      0.00      0.00      0.00      0.00      0.00    100.00

11:59:18 AM kbmemfree   kbavail kbmemused  %memused kbbuffers  kbcached  kbcommit   %commit  kbactive   kbinact   kbdirty
11:59:19 AM   3577632   5884264   1671084     21.07     43324   2440496   5313740     66.99   1699964   2366824       160

11:59:18 AM     IFACE   rxpck/s   txpck/s    rxkB/s    txkB/s   rxcmp/s   txcmp/s  rxmcst/s   %ifutil
11:59:19 AM        lo      0.00      0.00      0.00      0.00      0.00      0.00      0.00      0.00
11:59:19 AM      eth0      0.00      0.00      0.00      0.00      0.00      0.00      0.00      0.00
11:59:19 AM   docker0      0.00      0.00      0.00      0.00      0.00      0.00      0.00      0.00
11:59:19 AM vethc7cc37c      0.00      0.00      0.00      0.00      0.00      0.00      0.00      0.00

11:59:19 AM     CPU     %user     %nice   %system   %iowait    %steal     %idle
11:59:20 AM     all      0.00      0.00      0.25      0.00      0.00     99.75

11:59:19 AM kbmemfree   kbavail kbmemused  %memused kbbuffers  kbcached  kbcommit   %commit  kbactive   kbinact   kbdirty
11:59:20 AM   3577632   5884264   1671084     21.07     43324   2440496   5313740     66.99   1700024   2366824       184

11:59:19 AM     IFACE   rxpck/s   txpck/s    rxkB/s    txkB/s   rxcmp/s   txcmp/s  rxmcst/s   %ifutil
11:59:20 AM        lo      0.00      0.00      0.00      0.00      0.00      0.00      0.00      0.00
11:59:20 AM      eth0      2.00      2.00      0.12      0.17      0.00      0.00      0.00      0.00
11:59:20 AM   docker0      0.00      0.00      0.00      0.00      0.00      0.00      0.00      0.00
11:59:20 AM vethc7cc37c      0.00      0.00      0.00      0.00      0.00      0.00      0.00      0.00

11:59:20 AM     CPU     %user     %nice   %system   %iowait    %steal     %idle
11:59:21 AM     all      0.00      0.00      0.00      0.00      0.00    100.00

11:59:20 AM kbmemfree   kbavail kbmemused  %memused kbbuffers  kbcached  kbcommit   %commit  kbactive   kbinact   kbdirty
11:59:21 AM   3579700   5886332   1669016     21.04     43324   2440496   5310552     66.95   1698460   2366824       184

11:59:20 AM     IFACE   rxpck/s   txpck/s    rxkB/s    txkB/s   rxcmp/s   txcmp/s  rxmcst/s   %ifutil
11:59:21 AM        lo      0.00      0.00      0.00      0.00      0.00      0.00      0.00      0.00
11:59:21 AM      eth0      6.00      3.00      0.35      0.17      0.00      0.00      0.00      0.00
11:59:21 AM   docker0      0.00      0.00      0.00      0.00      0.00      0.00      0.00      0.00
11:59:21 AM vethc7cc37c      0.00      0.00      0.00      0.00      0.00      0.00      0.00      0.00

11:59:21 AM     CPU     %user     %nice   %system   %iowait    %steal     %idle
11:59:22 AM     all      0.75      0.00      0.25      0.25      0.00     98.76

11:59:21 AM kbmemfree   kbavail kbmemused  %memused kbbuffers  kbcached  kbcommit   %commit  kbactive   kbinact   kbdirty
11:59:22 AM   3576708   5883348   1672004     21.08     43328   2440496   5311912     66.97   1699436   2366832       208

11:59:21 AM     IFACE   rxpck/s   txpck/s    rxkB/s    txkB/s   rxcmp/s   txcmp/s  rxmcst/s   %ifutil
11:59:22 AM        lo      0.00      0.00      0.00      0.00      0.00      0.00      0.00      0.00
11:59:22 AM      eth0      7.00      4.00      0.45      0.30      0.00      0.00      0.00      0.00
11:59:22 AM   docker0      0.00      0.00      0.00      0.00      0.00      0.00      0.00      0.00
11:59:22 AM vethc7cc37c      0.00      0.00      0.00      0.00      0.00      0.00      0.00      0.00

11:59:22 AM     CPU     %user     %nice   %system   %iowait    %steal     %idle
11:59:23 AM     all      0.00      0.00      0.25      0.00      0.00     99.75

11:59:22 AM kbmemfree   kbavail kbmemused  %memused kbbuffers  kbcached  kbcommit   %commit  kbactive   kbinact   kbdirty
11:59:23 AM   3576708   5883348   1672000     21.08     43328   2440500   5311912     66.97   1699436   2366832        56

11:59:22 AM     IFACE   rxpck/s   txpck/s    rxkB/s    txkB/s   rxcmp/s   txcmp/s  rxmcst/s   %ifutil
11:59:23 AM        lo     10.00     10.00      7.65      7.65      0.00      0.00      0.00      0.00
11:59:23 AM      eth0      5.00      5.00      0.53      7.22      0.00      0.00      0.00      0.00
11:59:23 AM   docker0      5.00      5.00      7.07      0.65      0.00      0.00      0.00      0.00
11:59:23 AM vethc7cc37c      5.00      5.00      7.14      0.65      0.00      0.00      0.00      0.00

11:59:23 AM     CPU     %user     %nice   %system   %iowait    %steal     %idle
11:59:24 AM     all      0.25      0.00      0.00      0.00      0.00     99.75

11:59:23 AM kbmemfree   kbavail kbmemused  %memused kbbuffers  kbcached  kbcommit   %commit  kbactive   kbinact   kbdirty
11:59:24 AM   3576456   5883100   1672252     21.08     43328   2440500   5313404     66.99   1699608   2366836        52

11:59:23 AM     IFACE   rxpck/s   txpck/s    rxkB/s    txkB/s   rxcmp/s   txcmp/s  rxmcst/s   %ifutil
11:59:24 AM        lo      0.00      0.00      0.00      0.00      0.00      0.00      0.00      0.00
11:59:24 AM      eth0      6.00      4.00      1.47      1.36      0.00      0.00      0.00      0.00
11:59:24 AM   docker0      0.00      0.00      0.00      0.00      0.00      0.00      0.00      0.00
11:59:24 AM vethc7cc37c      0.00      0.00      0.00      0.00      0.00      0.00      0.00      0.00

11:59:24 AM     CPU     %user     %nice   %system   %iowait    %steal     %idle
11:59:25 AM     all      0.00      0.00      0.00      0.00      0.00    100.00

11:59:24 AM kbmemfree   kbavail kbmemused  %memused kbbuffers  kbcached  kbcommit   %commit  kbactive   kbinact   kbdirty
11:59:25 AM   3576456   5883104   1672252     21.08     43328   2440500   5313404     66.99   1699728   2366840        48

11:59:24 AM     IFACE   rxpck/s   txpck/s    rxkB/s    txkB/s   rxcmp/s   txcmp/s  rxmcst/s   %ifutil
11:59:25 AM        lo      0.00      0.00      0.00      0.00      0.00      0.00      0.00      0.00
11:59:25 AM      eth0      2.00      1.00      0.11      0.05      0.00      0.00      0.00      0.00
11:59:25 AM   docker0      0.00      0.00      0.00      0.00      0.00      0.00      0.00      0.00
11:59:25 AM vethc7cc37c      0.00      0.00      0.00      0.00      0.00      0.00      0.00      0.00

11:59:25 AM     CPU     %user     %nice   %system   %iowait    %steal     %idle
11:59:26 AM     all      0.25      0.00      0.25      0.00      0.00     99.50

11:59:25 AM kbmemfree   kbavail kbmemused  %memused kbbuffers  kbcached  kbcommit   %commit  kbactive   kbinact   kbdirty
11:59:26 AM   3576456   5883104   1672252     21.08     43328   2440500   5313412     66.99   1699728   2366840        48

11:59:25 AM     IFACE   rxpck/s   txpck/s    rxkB/s    txkB/s   rxcmp/s   txcmp/s  rxmcst/s   %ifutil
11:59:26 AM        lo     10.00     10.00      1.22      1.22      0.00      0.00      0.00      0.00
11:59:26 AM      eth0      3.00      3.00      0.37      0.50      0.00      0.00      0.00      0.00
11:59:26 AM   docker0      5.00      5.00      0.48      0.61      0.00      0.00      0.00      0.00
11:59:26 AM vethc7cc37c      5.00      5.00      0.55      0.61      0.00      0.00      0.00      0.00

11:59:26 AM     CPU     %user     %nice   %system   %iowait    %steal     %idle
11:59:27 AM     all      0.25      0.00      0.25      0.00      0.00     99.50

11:59:26 AM kbmemfree   kbavail kbmemused  %memused kbbuffers  kbcached  kbcommit   %commit  kbactive   kbinact   kbdirty
11:59:27 AM   3576456   5883104   1672248     21.08     43328   2440504   5313412     66.99   1699784   2366840        28

11:59:26 AM     IFACE   rxpck/s   txpck/s    rxkB/s    txkB/s   rxcmp/s   txcmp/s  rxmcst/s   %ifutil
11:59:27 AM        lo      0.00      0.00      0.00      0.00      0.00      0.00      0.00      0.00
11:59:27 AM      eth0      5.00      3.00      0.27      0.16      0.00      0.00      0.00      0.00
11:59:27 AM   docker0      0.00      0.00      0.00      0.00      0.00      0.00      0.00      0.00
11:59:27 AM vethc7cc37c      0.00      0.00      0.00      0.00      0.00      0.00      0.00      0.00

11:59:27 AM     CPU     %user     %nice   %system   %iowait    %steal     %idle
11:59:28 AM     all      0.00      0.00      0.00      0.00      0.00    100.00

11:59:27 AM kbmemfree   kbavail kbmemused  %memused kbbuffers  kbcached  kbcommit   %commit  kbactive   kbinact   kbdirty
11:59:28 AM   3576456   5883104   1672248     21.08     43328   2440504   5313412     66.99   1699784   2366840        56

11:59:27 AM     IFACE   rxpck/s   txpck/s    rxkB/s    txkB/s   rxcmp/s   txcmp/s  rxmcst/s   %ifutil
11:59:28 AM        lo      0.00      0.00      0.00      0.00      0.00      0.00      0.00      0.00
11:59:28 AM      eth0      3.00      1.00      0.16      0.05      0.00      0.00      0.00      0.00
11:59:28 AM   docker0      0.00      0.00      0.00      0.00      0.00      0.00      0.00      0.00
11:59:28 AM vethc7cc37c      0.00      0.00      0.00      0.00      0.00      0.00      0.00      0.00

11:59:28 AM     CPU     %user     %nice   %system   %iowait    %steal     %idle
11:59:29 AM     all      0.00      0.00      0.00      0.00      0.00    100.00

11:59:28 AM kbmemfree   kbavail kbmemused  %memused kbbuffers  kbcached  kbcommit   %commit  kbactive   kbinact   kbdirty
11:59:29 AM   3576456   5883104   1672248     21.08     43328   2440504   5313412     66.99   1699784   2366840        52

11:59:28 AM     IFACE   rxpck/s   txpck/s    rxkB/s    txkB/s   rxcmp/s   txcmp/s  rxmcst/s   %ifutil
11:59:29 AM        lo      0.00      0.00      0.00      0.00      0.00      0.00      0.00      0.00
11:59:29 AM      eth0      1.00      0.00      0.06      0.00      0.00      0.00      0.00      0.00
11:59:29 AM   docker0      0.00      0.00      0.00      0.00      0.00      0.00      0.00      0.00
11:59:29 AM vethc7cc37c      0.00      0.00      0.00      0.00      0.00      0.00      0.00      0.00

11:59:29 AM     CPU     %user     %nice   %system   %iowait    %steal     %idle
11:59:30 AM     all      0.25      0.00      0.25      0.00      0.00     99.50

11:59:29 AM kbmemfree   kbavail kbmemused  %memused kbbuffers  kbcached  kbcommit   %commit  kbactive   kbinact   kbdirty
11:59:30 AM   3576456   5883108   1672248     21.08     43328   2440504   5313540     66.99   1699804   2366844        48

11:59:29 AM     IFACE   rxpck/s   txpck/s    rxkB/s    txkB/s   rxcmp/s   txcmp/s  rxmcst/s   %ifutil
11:59:30 AM        lo      0.00      0.00      0.00      0.00      0.00      0.00      0.00      0.00
11:59:30 AM      eth0      2.00      1.00      0.18      0.62      0.00      0.00      0.00      0.00
11:59:30 AM   docker0      0.00      0.00      0.00      0.00      0.00      0.00      0.00      0.00
11:59:30 AM vethc7cc37c      0.00      0.00      0.00      0.00      0.00      0.00      0.00      0.00

11:59:30 AM     CPU     %user     %nice   %system   %iowait    %steal     %idle
11:59:31 AM     all      0.00      0.00      0.00      0.00      0.00    100.00

11:59:30 AM kbmemfree   kbavail kbmemused  %memused kbbuffers  kbcached  kbcommit   %commit  kbactive   kbinact   kbdirty
11:59:31 AM   3576456   5883108   1672248     21.08     43328   2440504   5313540     66.99   1699804   2366844        48

11:59:30 AM     IFACE   rxpck/s   txpck/s    rxkB/s    txkB/s   rxcmp/s   txcmp/s  rxmcst/s   %ifutil
11:59:31 AM        lo      0.00      0.00      0.00      0.00      0.00      0.00      0.00      0.00
11:59:31 AM      eth0      0.00      0.00      0.00      0.00      0.00      0.00      0.00      0.00
11:59:31 AM   docker0      0.00      0.00      0.00      0.00      0.00      0.00      0.00      0.00
11:59:31 AM vethc7cc37c      0.00      0.00      0.00      0.00      0.00      0.00      0.00      0.00

11:59:31 AM     CPU     %user     %nice   %system   %iowait    %steal     %idle
11:59:32 AM     all      0.00      0.00      0.00      0.00      0.00    100.00

11:59:31 AM kbmemfree   kbavail kbmemused  %memused kbbuffers  kbcached  kbcommit   %commit  kbactive   kbinact   kbdirty
11:59:32 AM   3576456   5883108   1672244     21.08     43328   2440508   5313540     66.99   1699804   2366844        52

11:59:31 AM     IFACE   rxpck/s   txpck/s    rxkB/s    txkB/s   rxcmp/s   txcmp/s  rxmcst/s   %ifutil
11:59:32 AM        lo      0.00      0.00      0.00      0.00      0.00      0.00      0.00      0.00
11:59:32 AM      eth0      0.00      0.00      0.00      0.00      0.00      0.00      0.00      0.00
11:59:32 AM   docker0      0.00      0.00      0.00      0.00      0.00      0.00      0.00      0.00
11:59:32 AM vethc7cc37c      0.00      0.00      0.00      0.00      0.00      0.00      0.00      0.00

11:59:32 AM     CPU     %user     %nice   %system   %iowait    %steal     %idle
11:59:33 AM     all      0.00      0.00      0.00      0.00      0.00    100.00

11:59:32 AM kbmemfree   kbavail kbmemused  %memused kbbuffers  kbcached  kbcommit   %commit  kbactive   kbinact   kbdirty
11:59:33 AM   3576456   5883108   1672244     21.08     43328   2440508   5313540     66.99   1699804   2366844        24

11:59:32 AM     IFACE   rxpck/s   txpck/s    rxkB/s    txkB/s   rxcmp/s   txcmp/s  rxmcst/s   %ifutil
11:59:33 AM        lo      0.00      0.00      0.00      0.00      0.00      0.00      0.00      0.00
11:59:33 AM      eth0      7.00      4.00      0.37      0.21      0.00      0.00      0.00      0.00
11:59:33 AM   docker0      0.00      0.00      0.00      0.00      0.00      0.00      0.00      0.00
11:59:33 AM vethc7cc37c      0.00      0.00      0.00      0.00      0.00      0.00      0.00      0.00

11:59:33 AM     CPU     %user     %nice   %system   %iowait    %steal     %idle
11:59:34 AM     all      0.00      0.00      0.25      0.00      0.00     99.75

11:59:33 AM kbmemfree   kbavail kbmemused  %memused kbbuffers  kbcached  kbcommit   %commit  kbactive   kbinact   kbdirty
11:59:34 AM   3576456   5883108   1672232     21.08     43340   2440508   5313540     66.99   1699804   2366844        40

11:59:33 AM     IFACE   rxpck/s   txpck/s    rxkB/s    txkB/s   rxcmp/s   txcmp/s  rxmcst/s   %ifutil
11:59:34 AM        lo      0.00      0.00      0.00      0.00      0.00      0.00      0.00      0.00
11:59:34 AM      eth0      0.00      0.00      0.00      0.00      0.00      0.00      0.00      0.00
11:59:34 AM   docker0      0.00      0.00      0.00      0.00      0.00      0.00      0.00      0.00
11:59:34 AM vethc7cc37c      0.00      0.00      0.00      0.00      0.00      0.00      0.00      0.00

11:59:34 AM     CPU     %user     %nice   %system   %iowait    %steal     %idle
11:59:35 AM     all      0.50      0.00      0.00      0.00      0.00     99.50

11:59:34 AM kbmemfree   kbavail kbmemused  %memused kbbuffers  kbcached  kbcommit   %commit  kbactive   kbinact   kbdirty
11:59:35 AM   3576456   5883108   1672232     21.08     43340   2440508   5313540     66.99   1699804   2366844        36

11:59:34 AM     IFACE   rxpck/s   txpck/s    rxkB/s    txkB/s   rxcmp/s   txcmp/s  rxmcst/s   %ifutil
11:59:35 AM        lo      0.00      0.00      0.00      0.00      0.00      0.00      0.00      0.00
11:59:35 AM      eth0      1.00      1.00      0.06      0.05      0.00      0.00      0.00      0.00
11:59:35 AM   docker0      0.00      0.00      0.00      0.00      0.00      0.00      0.00      0.00
11:59:35 AM vethc7cc37c      0.00      0.00      0.00      0.00      0.00      0.00      0.00      0.00

11:59:35 AM     CPU     %user     %nice   %system   %iowait    %steal     %idle
11:59:36 AM     all      0.00      0.00      0.00      0.00      0.00    100.00

11:59:35 AM kbmemfree   kbavail kbmemused  %memused kbbuffers  kbcached  kbcommit   %commit  kbactive   kbinact   kbdirty
11:59:36 AM   3576456   5883108   1672228     21.08     43340   2440512   5313540     66.99   1699804   2366844        40

11:59:35 AM     IFACE   rxpck/s   txpck/s    rxkB/s    txkB/s   rxcmp/s   txcmp/s  rxmcst/s   %ifutil
11:59:36 AM        lo      0.00      0.00      0.00      0.00      0.00      0.00      0.00      0.00
11:59:36 AM      eth0      0.00      0.00      0.00      0.00      0.00      0.00      0.00      0.00
11:59:36 AM   docker0      0.00      0.00      0.00      0.00      0.00      0.00      0.00      0.00
11:59:36 AM vethc7cc37c      0.00      0.00      0.00      0.00      0.00      0.00      0.00      0.00

11:59:36 AM     CPU     %user     %nice   %system   %iowait    %steal     %idle
11:59:37 AM     all      0.00      0.00      0.25      0.00      0.00     99.75

11:59:36 AM kbmemfree   kbavail kbmemused  %memused kbbuffers  kbcached  kbcommit   %commit  kbactive   kbinact   kbdirty
11:59:37 AM   3576456   5883108   1672228     21.08     43340   2440512   5313540     66.99   1699804   2366844        40

11:59:36 AM     IFACE   rxpck/s   txpck/s    rxkB/s    txkB/s   rxcmp/s   txcmp/s  rxmcst/s   %ifutil
11:59:37 AM        lo      0.00      0.00      0.00      0.00      0.00      0.00      0.00      0.00
11:59:37 AM      eth0      0.00      0.00      0.00      0.00      0.00      0.00      0.00      0.00
11:59:37 AM   docker0      0.00      0.00      0.00      0.00      0.00      0.00      0.00      0.00
11:59:37 AM vethc7cc37c      0.00      0.00      0.00      0.00      0.00      0.00      0.00      0.00

11:59:37 AM     CPU     %user     %nice   %system   %iowait    %steal     %idle
11:59:38 AM     all      0.50      0.00      0.75      0.00      0.00     98.75

11:59:37 AM kbmemfree   kbavail kbmemused  %memused kbbuffers  kbcached  kbcommit   %commit  kbactive   kbinact   kbdirty
11:59:38 AM   3575448   5882100   1673236     21.10     43340   2440512   5316728     67.03   1701180   2366844        40

11:59:37 AM     IFACE   rxpck/s   txpck/s    rxkB/s    txkB/s   rxcmp/s   txcmp/s  rxmcst/s   %ifutil
11:59:38 AM        lo      0.00      0.00      0.00      0.00      0.00      0.00      0.00      0.00
11:59:38 AM      eth0     10.00     12.00      2.28      2.49      0.00      0.00      0.00      0.00
11:59:38 AM   docker0      0.00      0.00      0.00      0.00      0.00      0.00      0.00      0.00
11:59:38 AM vethc7cc37c      0.00      0.00      0.00      0.00      0.00      0.00      0.00      0.00

11:59:38 AM     CPU     %user     %nice   %system   %iowait    %steal     %idle
11:59:39 AM     all      0.25      0.00      0.00      0.00      0.00     99.75

11:59:38 AM kbmemfree   kbavail kbmemused  %memused kbbuffers  kbcached  kbcommit   %commit  kbactive   kbinact   kbdirty
11:59:39 AM   3575448   5882120   1673260     21.10     43340   2440512   5316728     67.03   1701460   2366864       148

11:59:38 AM     IFACE   rxpck/s   txpck/s    rxkB/s    txkB/s   rxcmp/s   txcmp/s  rxmcst/s   %ifutil
11:59:39 AM        lo      0.00      0.00      0.00      0.00      0.00      0.00      0.00      0.00
11:59:39 AM      eth0      0.00      0.00      0.00      0.00      0.00      0.00      0.00      0.00
11:59:39 AM   docker0      0.00      0.00      0.00      0.00      0.00      0.00      0.00      0.00
11:59:39 AM vethc7cc37c      0.00      0.00      0.00      0.00      0.00      0.00      0.00      0.00

11:59:39 AM     CPU     %user     %nice   %system   %iowait    %steal     %idle
11:59:40 AM     all      0.00      0.00      0.00      0.00      0.00    100.00

11:59:39 AM kbmemfree   kbavail kbmemused  %memused kbbuffers  kbcached  kbcommit   %commit  kbactive   kbinact   kbdirty
11:59:40 AM   3575448   5882120   1673260     21.10     43340   2440512   5316728     67.03   1701460   2366864       172

11:59:39 AM     IFACE   rxpck/s   txpck/s    rxkB/s    txkB/s   rxcmp/s   txcmp/s  rxmcst/s   %ifutil
11:59:40 AM        lo      0.00      0.00      0.00      0.00      0.00      0.00      0.00      0.00
11:59:40 AM      eth0      0.00      0.00      0.00      0.00      0.00      0.00      0.00      0.00
11:59:40 AM   docker0      0.00      0.00      0.00      0.00      0.00      0.00      0.00      0.00
11:59:40 AM vethc7cc37c      0.00      0.00      0.00      0.00      0.00      0.00      0.00      0.00

11:59:40 AM     CPU     %user     %nice   %system   %iowait    %steal     %idle
11:59:41 AM     all      0.00      0.00      0.00      0.00      0.00    100.00

11:59:40 AM kbmemfree   kbavail kbmemused  %memused kbbuffers  kbcached  kbcommit   %commit  kbactive   kbinact   kbdirty
11:59:41 AM   3575448   5882120   1673256     21.10     43340   2440516   5316728     67.03   1701460   2366864       204

11:59:40 AM     IFACE   rxpck/s   txpck/s    rxkB/s    txkB/s   rxcmp/s   txcmp/s  rxmcst/s   %ifutil
11:59:41 AM        lo      0.00      0.00      0.00      0.00      0.00      0.00      0.00      0.00
11:59:41 AM      eth0      1.00      2.00      0.14      0.18      0.00      0.00      0.00      0.00
11:59:41 AM   docker0      0.00      0.00      0.00      0.00      0.00      0.00      0.00      0.00
11:59:41 AM vethc7cc37c      0.00      0.00      0.00      0.00      0.00      0.00      0.00      0.00

11:59:41 AM     CPU     %user     %nice   %system   %iowait    %steal     %idle
11:59:42 AM     all      0.00      0.00      0.50      0.00      0.00     99.50

11:59:41 AM kbmemfree   kbavail kbmemused  %memused kbbuffers  kbcached  kbcommit   %commit  kbactive   kbinact   kbdirty
11:59:42 AM   3575448   5882120   1673256     21.10     43340   2440516   5316728     67.03   1701460   2366864       204

11:59:41 AM     IFACE   rxpck/s   txpck/s    rxkB/s    txkB/s   rxcmp/s   txcmp/s  rxmcst/s   %ifutil
11:59:42 AM        lo      0.00      0.00      0.00      0.00      0.00      0.00      0.00      0.00
11:59:42 AM      eth0      3.00      2.00      0.26      0.18      0.00      0.00      0.00      0.00
11:59:42 AM   docker0      0.00      0.00      0.00      0.00      0.00      0.00      0.00      0.00
11:59:42 AM vethc7cc37c      0.00      0.00      0.00      0.00      0.00      0.00      0.00      0.00

11:59:42 AM     CPU     %user     %nice   %system   %iowait    %steal     %idle
11:59:43 AM     all      0.25      0.00      0.00      0.00      0.00     99.75

11:59:42 AM kbmemfree   kbavail kbmemused  %memused kbbuffers  kbcached  kbcommit   %commit  kbactive   kbinact   kbdirty
11:59:43 AM   3575448   5882120   1673256     21.10     43340   2440516   5316728     67.03   1701460   2366864       212

11:59:42 AM     IFACE   rxpck/s   txpck/s    rxkB/s    txkB/s   rxcmp/s   txcmp/s  rxmcst/s   %ifutil
11:59:43 AM        lo      0.00      0.00      0.00      0.00      0.00      0.00      0.00      0.00
11:59:43 AM      eth0      0.00      0.00      0.00      0.00      0.00      0.00      0.00      0.00
11:59:43 AM   docker0      0.00      0.00      0.00      0.00      0.00      0.00      0.00      0.00
11:59:43 AM vethc7cc37c      0.00      0.00      0.00      0.00      0.00      0.00      0.00      0.00

11:59:43 AM     CPU     %user     %nice   %system   %iowait    %steal     %idle
11:59:44 AM     all      0.25      0.00      0.00      0.00      0.00     99.75

11:59:43 AM kbmemfree   kbavail kbmemused  %memused kbbuffers  kbcached  kbcommit   %commit  kbactive   kbinact   kbdirty
11:59:44 AM   3575448   5882124   1673256     21.10     43340   2440516   5316936     67.03   1701764   2366868        60

11:59:43 AM     IFACE   rxpck/s   txpck/s    rxkB/s    txkB/s   rxcmp/s   txcmp/s  rxmcst/s   %ifutil
11:59:44 AM        lo      0.00      0.00      0.00      0.00      0.00      0.00      0.00      0.00
11:59:44 AM      eth0      3.00      3.00      0.33      0.29      0.00      0.00      0.00      0.00
11:59:44 AM   docker0      0.00      0.00      0.00      0.00      0.00      0.00      0.00      0.00
11:59:44 AM vethc7cc37c      0.00      0.00      0.00      0.00      0.00      0.00      0.00      0.00

11:59:44 AM     CPU     %user     %nice   %system   %iowait    %steal     %idle
11:59:45 AM     all      0.00      0.00      0.25      0.00      0.00     99.75

11:59:44 AM kbmemfree   kbavail kbmemused  %memused kbbuffers  kbcached  kbcommit   %commit  kbactive   kbinact   kbdirty
11:59:45 AM   3575448   5882124   1673252     21.10     43348   2440512   5316936     67.03   1701764   2366868        64

11:59:44 AM     IFACE   rxpck/s   txpck/s    rxkB/s    txkB/s   rxcmp/s   txcmp/s  rxmcst/s   %ifutil
11:59:45 AM        lo      0.00      0.00      0.00      0.00      0.00      0.00      0.00      0.00
11:59:45 AM      eth0      0.00      0.00      0.00      0.00      0.00      0.00      0.00      0.00
11:59:45 AM   docker0      0.00      0.00      0.00      0.00      0.00      0.00      0.00      0.00
11:59:45 AM vethc7cc37c      0.00      0.00      0.00      0.00      0.00      0.00      0.00      0.00

11:59:45 AM     CPU     %user     %nice   %system   %iowait    %steal     %idle
11:59:46 AM     all      0.00      0.00      0.00      0.00      0.00    100.00

11:59:45 AM kbmemfree   kbavail kbmemused  %memused kbbuffers  kbcached  kbcommit   %commit  kbactive   kbinact   kbdirty
11:59:46 AM   3575448   5882136   1673244     21.10     43348   2440520   5316936     67.03   1701764   2366880        52

11:59:45 AM     IFACE   rxpck/s   txpck/s    rxkB/s    txkB/s   rxcmp/s   txcmp/s  rxmcst/s   %ifutil
11:59:46 AM        lo      0.00      0.00      0.00      0.00      0.00      0.00      0.00      0.00
11:59:46 AM      eth0      0.00      0.00      0.00      0.00      0.00      0.00      0.00      0.00
11:59:46 AM   docker0      0.00      0.00      0.00      0.00      0.00      0.00      0.00      0.00
11:59:46 AM vethc7cc37c      0.00      0.00      0.00      0.00      0.00      0.00      0.00      0.00

11:59:46 AM     CPU     %user     %nice   %system   %iowait    %steal     %idle
11:59:47 AM     all      0.25      0.00      0.00      0.00      0.00     99.75

11:59:46 AM kbmemfree   kbavail kbmemused  %memused kbbuffers  kbcached  kbcommit   %commit  kbactive   kbinact   kbdirty
11:59:47 AM   3575448   5882136   1673244     21.10     43348   2440520   5316936     67.03   1701764   2366880       160

11:59:46 AM     IFACE   rxpck/s   txpck/s    rxkB/s    txkB/s   rxcmp/s   txcmp/s  rxmcst/s   %ifutil
11:59:47 AM        lo      0.00      0.00      0.00      0.00      0.00      0.00      0.00      0.00
11:59:47 AM      eth0      5.00      4.00      0.36      0.29      0.00      0.00      0.00      0.00
11:59:47 AM   docker0      0.00      0.00      0.00      0.00      0.00      0.00      0.00      0.00
11:59:47 AM vethc7cc37c      0.00      0.00      0.00      0.00      0.00      0.00      0.00      0.00

11:59:47 AM     CPU     %user     %nice   %system   %iowait    %steal     %idle
11:59:48 AM     all      0.00      0.00      0.00      0.00      0.00    100.00

11:59:47 AM kbmemfree   kbavail kbmemused  %memused kbbuffers  kbcached  kbcommit   %commit  kbactive   kbinact   kbdirty
11:59:48 AM   3575448   5882136   1673244     21.10     43348   2440520   5316936     67.03   1701764   2366880       192

11:59:47 AM     IFACE   rxpck/s   txpck/s    rxkB/s    txkB/s   rxcmp/s   txcmp/s  rxmcst/s   %ifutil
11:59:48 AM        lo      0.00      0.00      0.00      0.00      0.00      0.00      0.00      0.00
11:59:48 AM      eth0      3.00      2.00      0.25      0.12      0.00      0.00      0.00      0.00
11:59:48 AM   docker0      0.00      0.00      0.00      0.00      0.00      0.00      0.00      0.00
11:59:48 AM vethc7cc37c      0.00      0.00      0.00      0.00      0.00      0.00      0.00      0.00

11:59:48 AM     CPU     %user     %nice   %system   %iowait    %steal     %idle
11:59:49 AM     all      0.25      0.00      0.00      0.25      0.00     99.50

11:59:48 AM kbmemfree   kbavail kbmemused  %memused kbbuffers  kbcached  kbcommit   %commit  kbactive   kbinact   kbdirty
11:59:49 AM   3575448   5882140   1673240     21.10     43348   2440524   5316936     67.03   1701764   2366884        64

11:59:48 AM     IFACE   rxpck/s   txpck/s    rxkB/s    txkB/s   rxcmp/s   txcmp/s  rxmcst/s   %ifutil
11:59:49 AM        lo      0.00      0.00      0.00      0.00      0.00      0.00      0.00      0.00
11:59:49 AM      eth0      0.00      0.00      0.00      0.00      0.00      0.00      0.00      0.00
11:59:49 AM   docker0      0.00      0.00      0.00      0.00      0.00      0.00      0.00      0.00
11:59:49 AM vethc7cc37c      0.00      0.00      0.00      0.00      0.00      0.00      0.00      0.00

11:59:49 AM     CPU     %user     %nice   %system   %iowait    %steal     %idle
11:59:50 AM     all      0.25      0.00      0.25      0.00      0.00     99.50

11:59:49 AM kbmemfree   kbavail kbmemused  %memused kbbuffers  kbcached  kbcommit   %commit  kbactive   kbinact   kbdirty
11:59:50 AM   3575448   5882140   1673240     21.10     43348   2440524   5316936     67.03   1701764   2366884        64

11:59:49 AM     IFACE   rxpck/s   txpck/s    rxkB/s    txkB/s   rxcmp/s   txcmp/s  rxmcst/s   %ifutil
11:59:50 AM        lo      0.00      0.00      0.00      0.00      0.00      0.00      0.00      0.00
11:59:50 AM      eth0      2.00      3.00      0.20      0.23      0.00      0.00      0.00      0.00
11:59:50 AM   docker0      0.00      0.00      0.00      0.00      0.00      0.00      0.00      0.00
11:59:50 AM vethc7cc37c      0.00      0.00      0.00      0.00      0.00      0.00      0.00      0.00

11:59:50 AM     CPU     %user     %nice   %system   %iowait    %steal     %idle
11:59:51 AM     all      0.00      0.00      0.25      0.00      0.00     99.75

11:59:50 AM kbmemfree   kbavail kbmemused  %memused kbbuffers  kbcached  kbcommit   %commit  kbactive   kbinact   kbdirty
11:59:51 AM   3575448   5882140   1673232     21.10     43356   2440524   5316936     67.03   1701772   2366884       176

11:59:50 AM     IFACE   rxpck/s   txpck/s    rxkB/s    txkB/s   rxcmp/s   txcmp/s  rxmcst/s   %ifutil
11:59:51 AM        lo      0.00      0.00      0.00      0.00      0.00      0.00      0.00      0.00
11:59:51 AM      eth0      4.00      2.00      0.22      0.17      0.00      0.00      0.00      0.00
11:59:51 AM   docker0      0.00      0.00      0.00      0.00      0.00      0.00      0.00      0.00
11:59:51 AM vethc7cc37c      0.00      0.00      0.00      0.00      0.00      0.00      0.00      0.00

11:59:51 AM     CPU     %user     %nice   %system   %iowait    %steal     %idle
11:59:52 AM     all      0.00      0.00      0.00      0.00      0.00    100.00

11:59:51 AM kbmemfree   kbavail kbmemused  %memused kbbuffers  kbcached  kbcommit   %commit  kbactive   kbinact   kbdirty
11:59:52 AM   3577536   5884228   1671144     21.07     43356   2440524   5313748     66.99   1700396   2366884       176

11:59:51 AM     IFACE   rxpck/s   txpck/s    rxkB/s    txkB/s   rxcmp/s   txcmp/s  rxmcst/s   %ifutil
11:59:52 AM        lo      0.00      0.00      0.00      0.00      0.00      0.00      0.00      0.00
11:59:52 AM      eth0      6.00      3.00      0.34      0.17      0.00      0.00      0.00      0.00
11:59:52 AM   docker0      0.00      0.00      0.00      0.00      0.00      0.00      0.00      0.00
11:59:52 AM vethc7cc37c      0.00      0.00      0.00      0.00      0.00      0.00      0.00      0.00

11:59:52 AM     CPU     %user     %nice   %system   %iowait    %steal     %idle
11:59:53 AM     all      0.76      0.00      0.50      0.00      0.00     98.74

11:59:52 AM kbmemfree   kbavail kbmemused  %memused kbbuffers  kbcached  kbcommit   %commit  kbactive   kbinact   kbdirty
11:59:53 AM   3580204   5886904   1668476     21.04     43356   2440524   5313536     66.99   1699772   2366892       244

11:59:52 AM     IFACE   rxpck/s   txpck/s    rxkB/s    txkB/s   rxcmp/s   txcmp/s  rxmcst/s   %ifutil
11:59:53 AM        lo      0.00      0.00      0.00      0.00      0.00      0.00      0.00      0.00
11:59:53 AM      eth0     13.00     12.00      0.95      1.94      0.00      0.00      0.00      0.00
11:59:53 AM   docker0      0.00      0.00      0.00      0.00      0.00      0.00      0.00      0.00
11:59:53 AM vethc7cc37c      0.00      0.00      0.00      0.00      0.00      0.00      0.00      0.00

11:59:53 AM     CPU     %user     %nice   %system   %iowait    %steal     %idle
11:59:54 AM     all      0.00      0.00      0.50      0.00      0.00     99.50

11:59:53 AM kbmemfree   kbavail kbmemused  %memused kbbuffers  kbcached  kbcommit   %commit  kbactive   kbinact   kbdirty
11:59:54 AM   3580204   5886904   1668472     21.04     43356   2440528   5313536     66.99   1699772   2366892       248

11:59:53 AM     IFACE   rxpck/s   txpck/s    rxkB/s    txkB/s   rxcmp/s   txcmp/s  rxmcst/s   %ifutil
11:59:54 AM        lo      0.00      0.00      0.00      0.00      0.00      0.00      0.00      0.00
11:59:54 AM      eth0      0.00      0.00      0.00      0.00      0.00      0.00      0.00      0.00
11:59:54 AM   docker0      0.00      0.00      0.00      0.00      0.00      0.00      0.00      0.00
11:59:54 AM vethc7cc37c      0.00      0.00      0.00      0.00      0.00      0.00      0.00      0.00

11:59:54 AM     CPU     %user     %nice   %system   %iowait    %steal     %idle
11:59:55 AM     all      0.25      0.00      0.00      0.25      0.00     99.50

11:59:54 AM kbmemfree   kbavail kbmemused  %memused kbbuffers  kbcached  kbcommit   %commit  kbactive   kbinact   kbdirty
11:59:55 AM   3580204   5886904   1668472     21.04     43356   2440528   5313536     66.99   1699772   2366892        76

11:59:54 AM     IFACE   rxpck/s   txpck/s    rxkB/s    txkB/s   rxcmp/s   txcmp/s  rxmcst/s   %ifutil
11:59:55 AM        lo      0.00      0.00      0.00      0.00      0.00      0.00      0.00      0.00
11:59:55 AM      eth0      3.00      3.00      1.30      0.75      0.00      0.00      0.00      0.00
11:59:55 AM   docker0      0.00      0.00      0.00      0.00      0.00      0.00      0.00      0.00
11:59:55 AM vethc7cc37c      0.00      0.00      0.00      0.00      0.00      0.00      0.00      0.00

11:59:55 AM     CPU     %user     %nice   %system   %iowait    %steal     %idle
11:59:56 AM     all      0.00      0.00      0.00      0.00      0.00    100.00

11:59:55 AM kbmemfree   kbavail kbmemused  %memused kbbuffers  kbcached  kbcommit   %commit  kbactive   kbinact   kbdirty
11:59:56 AM   3580204   5886908   1668472     21.04     43356   2440528   5313536     66.99   1699828   2366896        24

11:59:55 AM     IFACE   rxpck/s   txpck/s    rxkB/s    txkB/s   rxcmp/s   txcmp/s  rxmcst/s   %ifutil
11:59:56 AM        lo      0.00      0.00      0.00      0.00      0.00      0.00      0.00      0.00
11:59:56 AM      eth0      2.00      1.00      0.11      0.05      0.00      0.00      0.00      0.00
11:59:56 AM   docker0      0.00      0.00      0.00      0.00      0.00      0.00      0.00      0.00
11:59:56 AM vethc7cc37c      0.00      0.00      0.00      0.00      0.00      0.00      0.00      0.00

11:59:56 AM     CPU     %user     %nice   %system   %iowait    %steal     %idle
11:59:57 AM     all      0.00      0.00      0.00      0.00      0.00    100.00

11:59:56 AM kbmemfree   kbavail kbmemused  %memused kbbuffers  kbcached  kbcommit   %commit  kbactive   kbinact   kbdirty
11:59:57 AM   3579952   5886656   1668716     21.04     43364   2440528   5313536     66.99   1699828   2366896        64

11:59:56 AM     IFACE   rxpck/s   txpck/s    rxkB/s    txkB/s   rxcmp/s   txcmp/s  rxmcst/s   %ifutil
11:59:57 AM        lo      0.00      0.00      0.00      0.00      0.00      0.00      0.00      0.00
11:59:57 AM      eth0      4.00      2.00      0.21      0.11      0.00      0.00      0.00      0.00
11:59:57 AM   docker0      0.00      0.00      0.00      0.00      0.00      0.00      0.00      0.00
11:59:57 AM vethc7cc37c      0.00      0.00      0.00      0.00      0.00      0.00      0.00      0.00

11:59:57 AM     CPU     %user     %nice   %system   %iowait    %steal     %idle
11:59:58 AM     all      0.25      0.00      0.00      0.00      0.00     99.75

11:59:57 AM kbmemfree   kbavail kbmemused  %memused kbbuffers  kbcached  kbcommit   %commit  kbactive   kbinact   kbdirty
11:59:58 AM   3579952   5886656   1668712     21.04     43364   2440532   5313536     66.99   1699828   2366896        68

11:59:57 AM     IFACE   rxpck/s   txpck/s    rxkB/s    txkB/s   rxcmp/s   txcmp/s  rxmcst/s   %ifutil
11:59:58 AM        lo      0.00      0.00      0.00      0.00      0.00      0.00      0.00      0.00
11:59:58 AM      eth0      0.00      0.00      0.00      0.00      0.00      0.00      0.00      0.00
11:59:58 AM   docker0      0.00      0.00      0.00      0.00      0.00      0.00      0.00      0.00
11:59:58 AM vethc7cc37c      0.00      0.00      0.00      0.00      0.00      0.00      0.00      0.00

11:59:58 AM     CPU     %user     %nice   %system   %iowait    %steal     %idle
11:59:59 AM     all      0.00      0.00      0.00      0.00      0.00    100.00

11:59:58 AM kbmemfree   kbavail kbmemused  %memused kbbuffers  kbcached  kbcommit   %commit  kbactive   kbinact   kbdirty
11:59:59 AM   3579952   5886656   1668712     21.04     43364   2440532   5313536     66.99   1699828   2366896        56

11:59:58 AM     IFACE   rxpck/s   txpck/s    rxkB/s    txkB/s   rxcmp/s   txcmp/s  rxmcst/s   %ifutil
11:59:59 AM        lo      0.00      0.00      0.00      0.00      0.00      0.00      0.00      0.00
11:59:59 AM      eth0      1.00      1.00      0.05      0.05      0.00      0.00      0.00      0.00
11:59:59 AM   docker0      0.00      0.00      0.00      0.00      0.00      0.00      0.00      0.00
11:59:59 AM vethc7cc37c      0.00      0.00      0.00      0.00      0.00      0.00      0.00      0.00

11:59:59 AM     CPU     %user     %nice   %system   %iowait    %steal     %idle
12:00:00 PM     all      0.00      0.00      0.00      0.00      0.00    100.00

11:59:59 AM kbmemfree   kbavail kbmemused  %memused kbbuffers  kbcached  kbcommit   %commit  kbactive   kbinact   kbdirty
12:00:00 PM   3579952   5886656   1668712     21.04     43364   2440532   5313536     66.99   1699828   2366896        56

11:59:59 AM     IFACE   rxpck/s   txpck/s    rxkB/s    txkB/s   rxcmp/s   txcmp/s  rxmcst/s   %ifutil
12:00:00 PM        lo      0.00      0.00      0.00      0.00      0.00      0.00      0.00      0.00
12:00:00 PM      eth0      2.00      1.00      0.11      0.05      0.00      0.00      0.00      0.00
12:00:00 PM   docker0      0.00      0.00      0.00      0.00      0.00      0.00      0.00      0.00
12:00:00 PM vethc7cc37c      0.00      0.00      0.00      0.00      0.00      0.00      0.00      0.00

12:00:00 PM     CPU     %user     %nice   %system   %iowait    %steal     %idle
12:00:01 PM     all      0.00      0.00      0.00      0.00      0.00    100.00

12:00:00 PM kbmemfree   kbavail kbmemused  %memused kbbuffers  kbcached  kbcommit   %commit  kbactive   kbinact   kbdirty
12:00:01 PM   3579952   5886656   1668712     21.04     43364   2440532   5313536     66.99   1699828   2366896        56

12:00:00 PM     IFACE   rxpck/s   txpck/s    rxkB/s    txkB/s   rxcmp/s   txcmp/s  rxmcst/s   %ifutil
12:00:01 PM        lo      0.00      0.00      0.00      0.00      0.00      0.00      0.00      0.00
12:00:01 PM      eth0      0.00      0.00      0.00      0.00      0.00      0.00      0.00      0.00
12:00:01 PM   docker0      0.00      0.00      0.00      0.00      0.00      0.00      0.00      0.00
12:00:01 PM vethc7cc37c      0.00      0.00      0.00      0.00      0.00      0.00      0.00      0.00

12:00:01 PM     CPU     %user     %nice   %system   %iowait    %steal     %idle
12:00:02 PM     all      0.25      0.00      0.00      0.00      0.00     99.75

12:00:01 PM kbmemfree   kbavail kbmemused  %memused kbbuffers  kbcached  kbcommit   %commit  kbactive   kbinact   kbdirty
12:00:02 PM   3579952   5886660   1668712     21.04     43364   2440532   5313536     66.99   1699836   2366900        16

12:00:01 PM     IFACE   rxpck/s   txpck/s    rxkB/s    txkB/s   rxcmp/s   txcmp/s  rxmcst/s   %ifutil
12:00:02 PM        lo      0.00      0.00      0.00      0.00      0.00      0.00      0.00      0.00
12:00:02 PM      eth0      2.00      1.00      0.11      0.05      0.00      0.00      0.00      0.00
12:00:02 PM   docker0      0.00      0.00      0.00      0.00      0.00      0.00      0.00      0.00
12:00:02 PM vethc7cc37c      0.00      0.00      0.00      0.00      0.00      0.00      0.00      0.00

12:00:02 PM     CPU     %user     %nice   %system   %iowait    %steal     %idle
12:00:03 PM     all      0.00      0.00      0.00      0.00      0.00    100.00

12:00:02 PM kbmemfree   kbavail kbmemused  %memused kbbuffers  kbcached  kbcommit   %commit  kbactive   kbinact   kbdirty
12:00:03 PM   3579700   5886408   1668956     21.04     43368   2440536   5313536     66.99   1699836   2366900        32

12:00:02 PM     IFACE   rxpck/s   txpck/s    rxkB/s    txkB/s   rxcmp/s   txcmp/s  rxmcst/s   %ifutil
12:00:03 PM        lo      0.00      0.00      0.00      0.00      0.00      0.00      0.00      0.00
12:00:03 PM      eth0      1.00      1.00      0.05      0.05      0.00      0.00      0.00      0.00
12:00:03 PM   docker0      0.00      0.00      0.00      0.00      0.00      0.00      0.00      0.00
12:00:03 PM vethc7cc37c      0.00      0.00      0.00      0.00      0.00      0.00      0.00      0.00

12:00:03 PM     CPU     %user     %nice   %system   %iowait    %steal     %idle
12:00:04 PM     all      0.50      0.00      0.75      0.00      0.00     98.75

12:00:03 PM kbmemfree   kbavail kbmemused  %memused kbbuffers  kbcached  kbcommit   %commit  kbactive   kbinact   kbdirty
12:00:04 PM   3577436   5884164   1671216     21.07     43368   2440540   5313536     66.99   1699784   2366920       180

12:00:03 PM     IFACE   rxpck/s   txpck/s    rxkB/s    txkB/s   rxcmp/s   txcmp/s  rxmcst/s   %ifutil
12:00:04 PM        lo      0.00      0.00      0.00      0.00      0.00      0.00      0.00      0.00
12:00:04 PM      eth0      0.00      0.00      0.00      0.00      0.00      0.00      0.00      0.00
12:00:04 PM   docker0      0.00      0.00      0.00      0.00      0.00      0.00      0.00      0.00
12:00:04 PM vethc7cc37c      0.00      0.00      0.00      0.00      0.00      0.00      0.00      0.00

12:00:04 PM     CPU     %user     %nice   %system   %iowait    %steal     %idle
12:00:05 PM     all      0.00      0.00      0.00      0.00      0.00    100.00

12:00:04 PM kbmemfree   kbavail kbmemused  %memused kbbuffers  kbcached  kbcommit   %commit  kbactive   kbinact   kbdirty
12:00:05 PM   3577436   5884164   1671216     21.07     43368   2440540   5313536     66.99   1699784   2366920       184

12:00:04 PM     IFACE   rxpck/s   txpck/s    rxkB/s    txkB/s   rxcmp/s   txcmp/s  rxmcst/s   %ifutil
12:00:05 PM        lo      0.00      0.00      0.00      0.00      0.00      0.00      0.00      0.00
12:00:05 PM      eth0      0.00      0.00      0.00      0.00      0.00      0.00      0.00      0.00
12:00:05 PM   docker0      0.00      0.00      0.00      0.00      0.00      0.00      0.00      0.00
12:00:05 PM vethc7cc37c      0.00      0.00      0.00      0.00      0.00      0.00      0.00      0.00

12:00:05 PM     CPU     %user     %nice   %system   %iowait    %steal     %idle
12:00:06 PM     all      0.25      0.00      0.00      0.00      0.00     99.75

12:00:05 PM kbmemfree   kbavail kbmemused  %memused kbbuffers  kbcached  kbcommit   %commit  kbactive   kbinact   kbdirty
12:00:06 PM   3577436   5884164   1671216     21.07     43368   2440540   5313536     66.99   1699784   2366920       184

12:00:05 PM     IFACE   rxpck/s   txpck/s    rxkB/s    txkB/s   rxcmp/s   txcmp/s  rxmcst/s   %ifutil
12:00:06 PM        lo      0.00      0.00      0.00      0.00      0.00      0.00      0.00      0.00
12:00:06 PM      eth0      0.00      0.00      0.00      0.00      0.00      0.00      0.00      0.00
12:00:06 PM   docker0      0.00      0.00      0.00      0.00      0.00      0.00      0.00      0.00
12:00:06 PM vethc7cc37c      0.00      0.00      0.00      0.00      0.00      0.00      0.00      0.00

12:00:06 PM     CPU     %user     %nice   %system   %iowait    %steal     %idle
12:00:07 PM     all      0.00      0.00      0.00      0.00      0.00    100.00

12:00:06 PM kbmemfree   kbavail kbmemused  %memused kbbuffers  kbcached  kbcommit   %commit  kbactive   kbinact   kbdirty
12:00:07 PM   3577436   5884164   1671212     21.07     43368   2440544   5313536     66.99   1699784   2366920       188

12:00:06 PM     IFACE   rxpck/s   txpck/s    rxkB/s    txkB/s   rxcmp/s   txcmp/s  rxmcst/s   %ifutil
12:00:07 PM        lo      0.00      0.00      0.00      0.00      0.00      0.00      0.00      0.00
12:00:07 PM      eth0      0.00      0.00      0.00      0.00      0.00      0.00      0.00      0.00
12:00:07 PM   docker0      0.00      0.00      0.00      0.00      0.00      0.00      0.00      0.00
12:00:07 PM vethc7cc37c      0.00      0.00      0.00      0.00      0.00      0.00      0.00      0.00

12:00:07 PM     CPU     %user     %nice   %system   %iowait    %steal     %idle
12:00:08 PM     all      0.50      0.00      0.25      0.00      0.00     99.25

12:00:07 PM kbmemfree   kbavail kbmemused  %memused kbbuffers  kbcached  kbcommit   %commit  kbactive   kbinact   kbdirty
12:00:08 PM   3576432   5883164   1672212     21.08     43372   2440544   5316988     67.04   1701440   2366924       320

12:00:07 PM     IFACE   rxpck/s   txpck/s    rxkB/s    txkB/s   rxcmp/s   txcmp/s  rxmcst/s   %ifutil
12:00:08 PM        lo      0.00      0.00      0.00      0.00      0.00      0.00      0.00      0.00
12:00:08 PM      eth0     13.00     12.00      2.19      2.55      0.00      0.00      0.00      0.00
12:00:08 PM   docker0      0.00      0.00      0.00      0.00      0.00      0.00      0.00      0.00
12:00:08 PM vethc7cc37c      0.00      0.00      0.00      0.00      0.00      0.00      0.00      0.00

12:00:08 PM     CPU     %user     %nice   %system   %iowait    %steal     %idle
12:00:09 PM     all      0.25      0.00      0.00      0.00      0.00     99.75

12:00:08 PM kbmemfree   kbavail kbmemused  %memused kbbuffers  kbcached  kbcommit   %commit  kbactive   kbinact   kbdirty
12:00:09 PM   3576432   5883168   1672212     21.08     43372   2440544   5316988     67.04   1701448   2366928        96

12:00:08 PM     IFACE   rxpck/s   txpck/s    rxkB/s    txkB/s   rxcmp/s   txcmp/s  rxmcst/s   %ifutil
12:00:09 PM        lo      0.00      0.00      0.00      0.00      0.00      0.00      0.00      0.00
12:00:09 PM      eth0      0.00      0.00      0.00      0.00      0.00      0.00      0.00      0.00
12:00:09 PM   docker0      0.00      0.00      0.00      0.00      0.00      0.00      0.00      0.00
12:00:09 PM vethc7cc37c      0.00      0.00      0.00      0.00      0.00      0.00      0.00      0.00

12:00:09 PM     CPU     %user     %nice   %system   %iowait    %steal     %idle
12:00:10 PM     all      0.00      0.00      0.75      0.00      0.00     99.25

12:00:09 PM kbmemfree   kbavail kbmemused  %memused kbbuffers  kbcached  kbcommit   %commit  kbactive   kbinact   kbdirty
12:00:10 PM   3580576   5887312   1668068     21.03     43372   2440544   5313536     66.99   1699924   2366928       144

12:00:09 PM     IFACE   rxpck/s   txpck/s    rxkB/s    txkB/s   rxcmp/s   txcmp/s  rxmcst/s   %ifutil
12:00:10 PM        lo      0.00      0.00      0.00      0.00      0.00      0.00      0.00      0.00
12:00:10 PM      eth0      3.00      3.00      0.19      0.24      0.00      0.00      0.00      0.00
12:00:10 PM   docker0      0.00      0.00      0.00      0.00      0.00      0.00      0.00      0.00
12:00:10 PM vethc7cc37c      0.00      0.00      0.00      0.00      0.00      0.00      0.00      0.00

12:00:10 PM     CPU     %user     %nice   %system   %iowait    %steal     %idle
12:00:11 PM     all      0.00      0.00      0.00      0.00      0.00    100.00

12:00:10 PM kbmemfree   kbavail kbmemused  %memused kbbuffers  kbcached  kbcommit   %commit  kbactive   kbinact   kbdirty
12:00:11 PM   3580616   5887356   1668024     21.03     43372   2440548   5313536     66.99   1699836   2366932       148

12:00:10 PM     IFACE   rxpck/s   txpck/s    rxkB/s    txkB/s   rxcmp/s   txcmp/s  rxmcst/s   %ifutil
12:00:11 PM        lo      0.00      0.00      0.00      0.00      0.00      0.00      0.00      0.00
12:00:11 PM      eth0      0.00      0.00      0.00      0.00      0.00      0.00      0.00      0.00
12:00:11 PM   docker0      0.00      0.00      0.00      0.00      0.00      0.00      0.00      0.00
12:00:11 PM vethc7cc37c      0.00      0.00      0.00      0.00      0.00      0.00      0.00      0.00

12:00:11 PM     CPU     %user     %nice   %system   %iowait    %steal     %idle
12:00:12 PM     all      0.00      0.00      0.00      0.00      0.00    100.00

12:00:11 PM kbmemfree   kbavail kbmemused  %memused kbbuffers  kbcached  kbcommit   %commit  kbactive   kbinact   kbdirty
12:00:12 PM   3580112   5886852   1668524     21.04     43372   2440552   5313536     66.99   1699836   2366932       152

12:00:11 PM     IFACE   rxpck/s   txpck/s    rxkB/s    txkB/s   rxcmp/s   txcmp/s  rxmcst/s   %ifutil
12:00:12 PM        lo      0.00      0.00      0.00      0.00      0.00      0.00      0.00      0.00
12:00:12 PM      eth0      0.00      0.00      0.00      0.00      0.00      0.00      0.00      0.00
12:00:12 PM   docker0      0.00      0.00      0.00      0.00      0.00      0.00      0.00      0.00
12:00:12 PM vethc7cc37c      0.00      0.00      0.00      0.00      0.00      0.00      0.00      0.00

12:00:12 PM     CPU     %user     %nice   %system   %iowait    %steal     %idle
12:00:13 PM     all      0.00      0.00      0.00      0.00      0.00    100.00

12:00:12 PM kbmemfree   kbavail kbmemused  %memused kbbuffers  kbcached  kbcommit   %commit  kbactive   kbinact   kbdirty
12:00:13 PM   3580112   5886852   1668524     21.04     43376   2440548   5313536     66.99   1699836   2366932       152

12:00:12 PM     IFACE   rxpck/s   txpck/s    rxkB/s    txkB/s   rxcmp/s   txcmp/s  rxmcst/s   %ifutil
12:00:13 PM        lo      0.00      0.00      0.00      0.00      0.00      0.00      0.00      0.00
12:00:13 PM      eth0      0.00      0.00      0.00      0.00      0.00      0.00      0.00      0.00
12:00:13 PM   docker0      0.00      0.00      0.00      0.00      0.00      0.00      0.00      0.00
12:00:13 PM vethc7cc37c      0.00      0.00      0.00      0.00      0.00      0.00      0.00      0.00

12:00:13 PM     CPU     %user     %nice   %system   %iowait    %steal     %idle
12:00:14 PM     all      0.25      0.00      0.25      0.00      0.00     99.50

12:00:13 PM kbmemfree   kbavail kbmemused  %memused kbbuffers  kbcached  kbcommit   %commit  kbactive   kbinact   kbdirty
12:00:14 PM   3580112   5886852   1668520     21.04     43376   2440552   5313536     66.99   1699836   2366932       180

12:00:13 PM     IFACE   rxpck/s   txpck/s    rxkB/s    txkB/s   rxcmp/s   txcmp/s  rxmcst/s   %ifutil
12:00:14 PM        lo      0.00      0.00      0.00      0.00      0.00      0.00      0.00      0.00
12:00:14 PM      eth0      0.00      0.00      0.00      0.00      0.00      0.00      0.00      0.00
12:00:14 PM   docker0      0.00      0.00      0.00      0.00      0.00      0.00      0.00      0.00
12:00:14 PM vethc7cc37c      0.00      0.00      0.00      0.00      0.00      0.00      0.00      0.00

12:00:14 PM     CPU     %user     %nice   %system   %iowait    %steal     %idle
12:00:15 PM     all      0.00      0.00      0.00      0.00      0.00    100.00

12:00:14 PM kbmemfree   kbavail kbmemused  %memused kbbuffers  kbcached  kbcommit   %commit  kbactive   kbinact   kbdirty
12:00:15 PM   3580112   5886852   1668520     21.04     43376   2440552   5313536     66.99   1699836   2366932        60

12:00:14 PM     IFACE   rxpck/s   txpck/s    rxkB/s    txkB/s   rxcmp/s   txcmp/s  rxmcst/s   %ifutil
12:00:15 PM        lo      0.00      0.00      0.00      0.00      0.00      0.00      0.00      0.00
12:00:15 PM      eth0      2.00      1.00      0.11      0.05      0.00      0.00      0.00      0.00
12:00:15 PM   docker0      0.00      0.00      0.00      0.00      0.00      0.00      0.00      0.00
12:00:15 PM vethc7cc37c      0.00      0.00      0.00      0.00      0.00      0.00      0.00      0.00

12:00:15 PM     CPU     %user     %nice   %system   %iowait    %steal     %idle
12:00:16 PM     all      0.50      0.00      0.00      0.00      0.00     99.50

12:00:15 PM kbmemfree   kbavail kbmemused  %memused kbbuffers  kbcached  kbcommit   %commit  kbactive   kbinact   kbdirty
12:00:16 PM   3580112   5886860   1668516     21.04     43376   2440556   5313536     66.99   1699836   2366940        36

12:00:15 PM     IFACE   rxpck/s   txpck/s    rxkB/s    txkB/s   rxcmp/s   txcmp/s  rxmcst/s   %ifutil
12:00:16 PM        lo      0.00      0.00      0.00      0.00      0.00      0.00      0.00      0.00
12:00:16 PM      eth0      0.00      0.00      0.00      0.00      0.00      0.00      0.00      0.00
12:00:16 PM   docker0      0.00      0.00      0.00      0.00      0.00      0.00      0.00      0.00
12:00:16 PM vethc7cc37c      0.00      0.00      0.00      0.00      0.00      0.00      0.00      0.00

12:00:16 PM     CPU     %user     %nice   %system   %iowait    %steal     %idle
12:00:17 PM     all      0.00      0.00      0.00      0.00      0.00    100.00

12:00:16 PM kbmemfree   kbavail kbmemused  %memused kbbuffers  kbcached  kbcommit   %commit  kbactive   kbinact   kbdirty
12:00:17 PM   3579860   5886608   1668768     21.04     43376   2440556   5313536     66.99   1699836   2366940        52

12:00:16 PM     IFACE   rxpck/s   txpck/s    rxkB/s    txkB/s   rxcmp/s   txcmp/s  rxmcst/s   %ifutil
12:00:17 PM        lo      0.00      0.00      0.00      0.00      0.00      0.00      0.00      0.00
12:00:17 PM      eth0      3.00      2.00      0.26      0.18      0.00      0.00      0.00      0.00
12:00:17 PM   docker0      0.00      0.00      0.00      0.00      0.00      0.00      0.00      0.00
12:00:17 PM vethc7cc37c      0.00      0.00      0.00      0.00      0.00      0.00      0.00      0.00

12:00:17 PM     CPU     %user     %nice   %system   %iowait    %steal     %idle
12:00:18 PM     all      0.25      0.00      0.00      0.00      0.00     99.75

12:00:17 PM kbmemfree   kbavail kbmemused  %memused kbbuffers  kbcached  kbcommit   %commit  kbactive   kbinact   kbdirty
12:00:18 PM   3579860   5886608   1668768     21.04     43376   2440556   5313536     66.99   1699836   2366940        52

12:00:17 PM     IFACE   rxpck/s   txpck/s    rxkB/s    txkB/s   rxcmp/s   txcmp/s  rxmcst/s   %ifutil
12:00:18 PM        lo      0.00      0.00      0.00      0.00      0.00      0.00      0.00      0.00
12:00:18 PM      eth0      0.00      0.00      0.00      0.00      0.00      0.00      0.00      0.00
12:00:18 PM   docker0      0.00      0.00      0.00      0.00      0.00      0.00      0.00      0.00
12:00:18 PM vethc7cc37c      0.00      0.00      0.00      0.00      0.00      0.00      0.00      0.00

12:00:18 PM     CPU     %user     %nice   %system   %iowait    %steal     %idle
12:00:19 PM     all      0.00      0.00      0.00      0.00      0.00    100.00

12:00:18 PM kbmemfree   kbavail kbmemused  %memused kbbuffers  kbcached  kbcommit   %commit  kbactive   kbinact   kbdirty
12:00:19 PM   3579860   5886608   1668760     21.04     43384   2440556   5313536     66.99   1699836   2366940        40

12:00:18 PM     IFACE   rxpck/s   txpck/s    rxkB/s    txkB/s   rxcmp/s   txcmp/s  rxmcst/s   %ifutil
12:00:19 PM        lo      0.00      0.00      0.00      0.00      0.00      0.00      0.00      0.00
12:00:19 PM      eth0      0.00      0.00      0.00      0.00      0.00      0.00      0.00      0.00
12:00:19 PM   docker0      0.00      0.00      0.00      0.00      0.00      0.00      0.00      0.00
12:00:19 PM vethc7cc37c      0.00      0.00      0.00      0.00      0.00      0.00      0.00      0.00

12:00:19 PM     CPU     %user     %nice   %system   %iowait    %steal     %idle
12:00:20 PM     all      0.25      0.00      0.25      0.00      0.00     99.50

12:00:19 PM kbmemfree   kbavail kbmemused  %memused kbbuffers  kbcached  kbcommit   %commit  kbactive   kbinact   kbdirty
12:00:20 PM   3579860   5886608   1668760     21.04     43384   2440556   5313536     66.99   1699836   2366940        40

12:00:19 PM     IFACE   rxpck/s   txpck/s    rxkB/s    txkB/s   rxcmp/s   txcmp/s  rxmcst/s   %ifutil
12:00:20 PM        lo      0.00      0.00      0.00      0.00      0.00      0.00      0.00      0.00
12:00:20 PM      eth0      1.00      1.00      0.06      0.05      0.00      0.00      0.00      0.00
12:00:20 PM   docker0      0.00      0.00      0.00      0.00      0.00      0.00      0.00      0.00
12:00:20 PM vethc7cc37c      0.00      0.00      0.00      0.00      0.00      0.00      0.00      0.00

12:00:20 PM     CPU     %user     %nice   %system   %iowait    %steal     %idle
12:00:21 PM     all      0.00      0.00      0.25      0.00      0.00     99.75

12:00:20 PM kbmemfree   kbavail kbmemused  %memused kbbuffers  kbcached  kbcommit   %commit  kbactive   kbinact   kbdirty
12:00:21 PM   3579860   5886608   1668760     21.04     43384   2440556   5313536     66.99   1699836   2366940        40

12:00:20 PM     IFACE   rxpck/s   txpck/s    rxkB/s    txkB/s   rxcmp/s   txcmp/s  rxmcst/s   %ifutil
12:00:21 PM        lo      0.00      0.00      0.00      0.00      0.00      0.00      0.00      0.00
12:00:21 PM      eth0      0.00      0.00      0.00      0.00      0.00      0.00      0.00      0.00
12:00:21 PM   docker0      0.00      0.00      0.00      0.00      0.00      0.00      0.00      0.00
12:00:21 PM vethc7cc37c      0.00      0.00      0.00      0.00      0.00      0.00      0.00      0.00

12:00:21 PM     CPU     %user     %nice   %system   %iowait    %steal     %idle
12:00:22 PM     all      0.00      0.00      0.25      0.00      0.00     99.75

12:00:21 PM kbmemfree   kbavail kbmemused  %memused kbbuffers  kbcached  kbcommit   %commit  kbactive   kbinact   kbdirty
12:00:22 PM   3579104   5885852   1669512     21.05     43384   2440560   5313744     66.99   1700008   2366940        44

12:00:21 PM     IFACE   rxpck/s   txpck/s    rxkB/s    txkB/s   rxcmp/s   txcmp/s  rxmcst/s   %ifutil
12:00:22 PM        lo      0.00      0.00      0.00      0.00      0.00      0.00      0.00      0.00
12:00:22 PM      eth0      2.00      1.00      0.20      0.12      0.00      0.00      0.00      0.00
12:00:22 PM   docker0      0.00      0.00      0.00      0.00      0.00      0.00      0.00      0.00
12:00:22 PM vethc7cc37c      0.00      0.00      0.00      0.00      0.00      0.00      0.00      0.00

12:00:22 PM     CPU     %user     %nice   %system   %iowait    %steal     %idle
12:00:23 PM     all      0.25      0.00      0.00      0.00      0.00     99.75

12:00:22 PM kbmemfree   kbavail kbmemused  %memused kbbuffers  kbcached  kbcommit   %commit  kbactive   kbinact   kbdirty
12:00:23 PM   3579104   5885852   1669512     21.05     43384   2440560   5313744     66.99   1700084   2366940        40

12:00:22 PM     IFACE   rxpck/s   txpck/s    rxkB/s    txkB/s   rxcmp/s   txcmp/s  rxmcst/s   %ifutil
12:00:23 PM        lo      0.00      0.00      0.00      0.00      0.00      0.00      0.00      0.00
12:00:23 PM      eth0      0.00      0.00      0.00      0.00      0.00      0.00      0.00      0.00
12:00:23 PM   docker0      0.00      0.00      0.00      0.00      0.00      0.00      0.00      0.00
12:00:23 PM vethc7cc37c      0.00      0.00      0.00      0.00      0.00      0.00      0.00      0.00

12:00:23 PM     CPU     %user     %nice   %system   %iowait    %steal     %idle
12:00:24 PM     all      0.00      0.00      0.00      0.00      0.00    100.00

12:00:23 PM kbmemfree   kbavail kbmemused  %memused kbbuffers  kbcached  kbcommit   %commit  kbactive   kbinact   kbdirty
12:00:24 PM   3579104   5885852   1669508     21.05     43388   2440560   5313744     66.99   1700084   2366940       140

12:00:23 PM     IFACE   rxpck/s   txpck/s    rxkB/s    txkB/s   rxcmp/s   txcmp/s  rxmcst/s   %ifutil
12:00:24 PM        lo      0.00      0.00      0.00      0.00      0.00      0.00      0.00      0.00
12:00:24 PM      eth0      4.00      3.00      0.30      0.17      0.00      0.00      0.00      0.00
12:00:24 PM   docker0      0.00      0.00      0.00      0.00      0.00      0.00      0.00      0.00
12:00:24 PM vethc7cc37c      0.00      0.00      0.00      0.00      0.00      0.00      0.00      0.00

12:00:24 PM     CPU     %user     %nice   %system   %iowait    %steal     %idle
12:00:25 PM     all      0.00      0.00      0.00      0.00      0.00    100.00

12:00:24 PM kbmemfree   kbavail kbmemused  %memused kbbuffers  kbcached  kbcommit   %commit  kbactive   kbinact   kbdirty
12:00:25 PM   3579104   5885852   1669504     21.05     43388   2440564   5313744     66.99   1700084   2366940       144

12:00:24 PM     IFACE   rxpck/s   txpck/s    rxkB/s    txkB/s   rxcmp/s   txcmp/s  rxmcst/s   %ifutil
12:00:25 PM        lo      0.00      0.00      0.00      0.00      0.00      0.00      0.00      0.00
12:00:25 PM      eth0      0.00      0.00      0.00      0.00      0.00      0.00      0.00      0.00
12:00:25 PM   docker0      0.00      0.00      0.00      0.00      0.00      0.00      0.00      0.00
12:00:25 PM vethc7cc37c      0.00      0.00      0.00      0.00      0.00      0.00      0.00      0.00

12:00:25 PM     CPU     %user     %nice   %system   %iowait    %steal     %idle
12:00:26 PM     all      0.25      0.00      0.00      0.00      0.00     99.75

12:00:25 PM kbmemfree   kbavail kbmemused  %memused kbbuffers  kbcached  kbcommit   %commit  kbactive   kbinact   kbdirty
12:00:26 PM   3579104   5885852   1669504     21.05     43388   2440564   5313744     66.99   1700084   2366940       168

12:00:25 PM     IFACE   rxpck/s   txpck/s    rxkB/s    txkB/s   rxcmp/s   txcmp/s  rxmcst/s   %ifutil
12:00:26 PM        lo      0.00      0.00      0.00      0.00      0.00      0.00      0.00      0.00
12:00:26 PM      eth0      2.00      1.00      0.11      0.05      0.00      0.00      0.00      0.00
12:00:26 PM   docker0      0.00      0.00      0.00      0.00      0.00      0.00      0.00      0.00
12:00:26 PM vethc7cc37c      0.00      0.00      0.00      0.00      0.00      0.00      0.00      0.00

12:00:26 PM     CPU     %user     %nice   %system   %iowait    %steal     %idle
12:00:27 PM     all      0.25      0.00      0.00      0.00      0.00     99.75

12:00:26 PM kbmemfree   kbavail kbmemused  %memused kbbuffers  kbcached  kbcommit   %commit  kbactive   kbinact   kbdirty
12:00:27 PM   3579104   5885852   1669504     21.05     43388   2440564   5313744     66.99   1700084   2366940       172

12:00:26 PM     IFACE   rxpck/s   txpck/s    rxkB/s    txkB/s   rxcmp/s   txcmp/s  rxmcst/s   %ifutil
12:00:27 PM        lo      0.00      0.00      0.00      0.00      0.00      0.00      0.00      0.00
12:00:27 PM      eth0      5.00      3.00      0.28      0.22      0.00      0.00      0.00      0.00
12:00:27 PM   docker0      0.00      0.00      0.00      0.00      0.00      0.00      0.00      0.00
12:00:27 PM vethc7cc37c      0.00      0.00      0.00      0.00      0.00      0.00      0.00      0.00

12:00:27 PM     CPU     %user     %nice   %system   %iowait    %steal     %idle
12:00:28 PM     all      0.00      0.00      0.25      0.00      0.00     99.75

12:00:27 PM kbmemfree   kbavail kbmemused  %memused kbbuffers  kbcached  kbcommit   %commit  kbactive   kbinact   kbdirty
12:00:28 PM   3581168   5887916   1667440     21.02     43388   2440564   5310560     66.95   1698708   2366940       172

12:00:27 PM     IFACE   rxpck/s   txpck/s    rxkB/s    txkB/s   rxcmp/s   txcmp/s  rxmcst/s   %ifutil
12:00:28 PM        lo      0.00      0.00      0.00      0.00      0.00      0.00      0.00      0.00
12:00:28 PM      eth0      3.00      2.00      0.20      0.14      0.00      0.00      0.00      0.00
12:00:28 PM   docker0      0.00      0.00      0.00      0.00      0.00      0.00      0.00      0.00
12:00:28 PM vethc7cc37c      0.00      0.00      0.00      0.00      0.00      0.00      0.00      0.00

12:00:28 PM     CPU     %user     %nice   %system   %iowait    %steal     %idle
12:00:29 PM     all      0.50      0.00      0.00      0.00      0.00     99.50

12:00:28 PM kbmemfree   kbavail kbmemused  %memused kbbuffers  kbcached  kbcommit   %commit  kbactive   kbinact   kbdirty
12:00:29 PM   3580872   5887648   1667732     21.03     43392   2440564   5312048     66.97   1699632   2366968        48

12:00:28 PM     IFACE   rxpck/s   txpck/s    rxkB/s    txkB/s   rxcmp/s   txcmp/s  rxmcst/s   %ifutil
12:00:29 PM        lo      0.00      0.00      0.00      0.00      0.00      0.00      0.00      0.00
12:00:29 PM      eth0      2.00      1.00      0.13      0.11      0.00      0.00      0.00      0.00
12:00:29 PM   docker0      0.00      0.00      0.00      0.00      0.00      0.00      0.00      0.00
12:00:29 PM vethc7cc37c      0.00      0.00      0.00      0.00      0.00      0.00      0.00      0.00

12:00:29 PM     CPU     %user     %nice   %system   %iowait    %steal     %idle
12:00:30 PM     all      0.00      0.00      0.50      0.00      0.00     99.50

12:00:29 PM kbmemfree   kbavail kbmemused  %memused kbbuffers  kbcached  kbcommit   %commit  kbactive   kbinact   kbdirty
12:00:30 PM   3580396   5887172   1668204     21.03     43392   2440568   5313536     66.99   1699812   2366968        52

12:00:29 PM     IFACE   rxpck/s   txpck/s    rxkB/s    txkB/s   rxcmp/s   txcmp/s  rxmcst/s   %ifutil
12:00:30 PM        lo      0.00      0.00      0.00      0.00      0.00      0.00      0.00      0.00
12:00:30 PM      eth0      4.00      4.00      1.32      1.34      0.00      0.00      0.00      0.00
12:00:30 PM   docker0      0.00      0.00      0.00      0.00      0.00      0.00      0.00      0.00
12:00:30 PM vethc7cc37c      0.00      0.00      0.00      0.00      0.00      0.00      0.00      0.00

12:00:30 PM     CPU     %user     %nice   %system   %iowait    %steal     %idle
12:00:31 PM     all      0.00      0.00      0.00      0.00      0.00    100.00

12:00:30 PM kbmemfree   kbavail kbmemused  %memused kbbuffers  kbcached  kbcommit   %commit  kbactive   kbinact   kbdirty
12:00:31 PM   3580396   5887172   1668204     21.03     43392   2440568   5313536     66.99   1699812   2366968        52

12:00:30 PM     IFACE   rxpck/s   txpck/s    rxkB/s    txkB/s   rxcmp/s   txcmp/s  rxmcst/s   %ifutil
12:00:31 PM        lo      0.00      0.00      0.00      0.00      0.00      0.00      0.00      0.00
12:00:31 PM      eth0      0.00      0.00      0.00      0.00      0.00      0.00      0.00      0.00
12:00:31 PM   docker0      0.00      0.00      0.00      0.00      0.00      0.00      0.00      0.00
12:00:31 PM vethc7cc37c      0.00      0.00      0.00      0.00      0.00      0.00      0.00      0.00

12:00:31 PM     CPU     %user     %nice   %system   %iowait    %steal     %idle
12:00:32 PM     all      0.00      0.00      0.00      0.00      0.00    100.00

12:00:31 PM kbmemfree   kbavail kbmemused  %memused kbbuffers  kbcached  kbcommit   %commit  kbactive   kbinact   kbdirty
12:00:32 PM   3580396   5887172   1668204     21.03     43392   2440568   5313536     66.99   1699812   2366968        48

12:00:31 PM     IFACE   rxpck/s   txpck/s    rxkB/s    txkB/s   rxcmp/s   txcmp/s  rxmcst/s   %ifutil
12:00:32 PM        lo      0.00      0.00      0.00      0.00      0.00      0.00      0.00      0.00
12:00:32 PM      eth0      0.00      0.00      0.00      0.00      0.00      0.00      0.00      0.00
12:00:32 PM   docker0      0.00      0.00      0.00      0.00      0.00      0.00      0.00      0.00
12:00:32 PM vethc7cc37c      0.00      0.00      0.00      0.00      0.00      0.00      0.00      0.00

12:00:32 PM     CPU     %user     %nice   %system   %iowait    %steal     %idle
12:00:33 PM     all      0.25      0.00      0.00      0.00      0.00     99.75

12:00:32 PM kbmemfree   kbavail kbmemused  %memused kbbuffers  kbcached  kbcommit   %commit  kbactive   kbinact   kbdirty
12:00:33 PM   3580396   5887172   1668204     21.03     43392   2440568   5313536     66.99   1699812   2366968        48

12:00:32 PM     IFACE   rxpck/s   txpck/s    rxkB/s    txkB/s   rxcmp/s   txcmp/s  rxmcst/s   %ifutil
12:00:33 PM        lo      0.00      0.00      0.00      0.00      0.00      0.00      0.00      0.00
12:00:33 PM      eth0      2.00      1.00      0.18      0.62      0.00      0.00      0.00      0.00
12:00:33 PM   docker0      0.00      0.00      0.00      0.00      0.00      0.00      0.00      0.00
12:00:33 PM vethc7cc37c      0.00      0.00      0.00      0.00      0.00      0.00      0.00      0.00

12:00:33 PM     CPU     %user     %nice   %system   %iowait    %steal     %idle
12:00:34 PM     all      0.00      0.00      0.25      0.00      0.00     99.75

12:00:33 PM kbmemfree   kbavail kbmemused  %memused kbbuffers  kbcached  kbcommit   %commit  kbactive   kbinact   kbdirty
12:00:34 PM   3580396   5887172   1668200     21.03     43392   2440572   5313536     66.99   1699896   2366968        24

12:00:33 PM     IFACE   rxpck/s   txpck/s    rxkB/s    txkB/s   rxcmp/s   txcmp/s  rxmcst/s   %ifutil
12:00:34 PM        lo      0.00      0.00      0.00      0.00      0.00      0.00      0.00      0.00
12:00:34 PM      eth0      3.00      2.00      0.16      0.11      0.00      0.00      0.00      0.00
12:00:34 PM   docker0      0.00      0.00      0.00      0.00      0.00      0.00      0.00      0.00
12:00:34 PM vethc7cc37c      0.00      0.00      0.00      0.00      0.00      0.00      0.00      0.00

12:00:34 PM     CPU     %user     %nice   %system   %iowait    %steal     %idle
12:00:35 PM     all      0.00      0.00      0.00      0.00      0.00    100.00

12:00:34 PM kbmemfree   kbavail kbmemused  %memused kbbuffers  kbcached  kbcommit   %commit  kbactive   kbinact   kbdirty
12:00:35 PM   3580396   5887172   1668200     21.03     43392   2440572   5313536     66.99   1699896   2366968        28

12:00:34 PM     IFACE   rxpck/s   txpck/s    rxkB/s    txkB/s   rxcmp/s   txcmp/s  rxmcst/s   %ifutil
12:00:35 PM        lo      0.00      0.00      0.00      0.00      0.00      0.00      0.00      0.00
12:00:35 PM      eth0      0.00      0.00      0.00      0.00      0.00      0.00      0.00      0.00
12:00:35 PM   docker0      0.00      0.00      0.00      0.00      0.00      0.00      0.00      0.00
12:00:35 PM vethc7cc37c      0.00      0.00      0.00      0.00      0.00      0.00      0.00      0.00

12:00:35 PM     CPU     %user     %nice   %system   %iowait    %steal     %idle
12:00:36 PM     all      0.25      0.00      0.00      0.00      0.00     99.75

12:00:35 PM kbmemfree   kbavail kbmemused  %memused kbbuffers  kbcached  kbcommit   %commit  kbactive   kbinact   kbdirty
12:00:36 PM   3580396   5887172   1668200     21.03     43392   2440572   5313536     66.99   1699896   2366968        16

12:00:35 PM     IFACE   rxpck/s   txpck/s    rxkB/s    txkB/s   rxcmp/s   txcmp/s  rxmcst/s   %ifutil
12:00:36 PM        lo      0.00      0.00      0.00      0.00      0.00      0.00      0.00      0.00
12:00:36 PM      eth0      0.00      0.00      0.00      0.00      0.00      0.00      0.00      0.00
12:00:36 PM   docker0      0.00      0.00      0.00      0.00      0.00      0.00      0.00      0.00
12:00:36 PM vethc7cc37c      0.00      0.00      0.00      0.00      0.00      0.00      0.00      0.00

12:00:36 PM     CPU     %user     %nice   %system   %iowait    %steal     %idle
12:00:37 PM     all      0.00      0.00      0.00      0.00      0.00    100.00

12:00:36 PM kbmemfree   kbavail kbmemused  %memused kbbuffers  kbcached  kbcommit   %commit  kbactive   kbinact   kbdirty
12:00:37 PM   3580396   5887172   1668200     21.03     43392   2440572   5313536     66.99   1699896   2366968        16

12:00:36 PM     IFACE   rxpck/s   txpck/s    rxkB/s    txkB/s   rxcmp/s   txcmp/s  rxmcst/s   %ifutil
12:00:37 PM        lo      0.00      0.00      0.00      0.00      0.00      0.00      0.00      0.00
12:00:37 PM      eth0      1.00      1.00      0.06      0.05      0.00      0.00      0.00      0.00
12:00:37 PM   docker0      0.00      0.00      0.00      0.00      0.00      0.00      0.00      0.00
12:00:37 PM vethc7cc37c      0.00      0.00      0.00      0.00      0.00      0.00      0.00      0.00

12:00:37 PM     CPU     %user     %nice   %system   %iowait    %steal     %idle
12:00:38 PM     all      0.00      0.00      0.00      0.00      0.00    100.00

12:00:37 PM kbmemfree   kbavail kbmemused  %memused kbbuffers  kbcached  kbcommit   %commit  kbactive   kbinact   kbdirty
12:00:38 PM   3580396   5887172   1668196     21.03     43392   2440576   5313536     66.99   1699896   2366968        20

12:00:37 PM     IFACE   rxpck/s   txpck/s    rxkB/s    txkB/s   rxcmp/s   txcmp/s  rxmcst/s   %ifutil
12:00:38 PM        lo      0.00      0.00      0.00      0.00      0.00      0.00      0.00      0.00
12:00:38 PM      eth0      0.00      0.00      0.00      0.00      0.00      0.00      0.00      0.00
12:00:38 PM   docker0      0.00      0.00      0.00      0.00      0.00      0.00      0.00      0.00
12:00:38 PM vethc7cc37c      0.00      0.00      0.00      0.00      0.00      0.00      0.00      0.00

12:00:38 PM     CPU     %user     %nice   %system   %iowait    %steal     %idle
12:00:39 PM     all      0.00      0.00      0.50      0.00      0.00     99.50

12:00:38 PM kbmemfree   kbavail kbmemused  %memused kbbuffers  kbcached  kbcommit   %commit  kbactive   kbinact   kbdirty
12:00:39 PM   3580396   5887172   1668196     21.03     43392   2440576   5313536     66.99   1699896   2366968        20

12:00:38 PM     IFACE   rxpck/s   txpck/s    rxkB/s    txkB/s   rxcmp/s   txcmp/s  rxmcst/s   %ifutil
12:00:39 PM        lo      0.00      0.00      0.00      0.00      0.00      0.00      0.00      0.00
12:00:39 PM      eth0      0.00      0.00      0.00      0.00      0.00      0.00      0.00      0.00
12:00:39 PM   docker0      0.00      0.00      0.00      0.00      0.00      0.00      0.00      0.00
12:00:39 PM vethc7cc37c      0.00      0.00      0.00      0.00      0.00      0.00      0.00      0.00

12:00:39 PM     CPU     %user     %nice   %system   %iowait    %steal     %idle
12:00:40 PM     all      0.25      0.00      0.00      0.00      0.00     99.75

12:00:39 PM kbmemfree   kbavail kbmemused  %memused kbbuffers  kbcached  kbcommit   %commit  kbactive   kbinact   kbdirty
12:00:40 PM   3580396   5887172   1668196     21.03     43392   2440576   5313536     66.99   1699896   2366968        36

12:00:39 PM     IFACE   rxpck/s   txpck/s    rxkB/s    txkB/s   rxcmp/s   txcmp/s  rxmcst/s   %ifutil
12:00:40 PM        lo      0.00      0.00      0.00      0.00      0.00      0.00      0.00      0.00
12:00:40 PM      eth0      2.00      1.00      0.11      0.05      0.00      0.00      0.00      0.00
12:00:40 PM   docker0      0.00      0.00      0.00      0.00      0.00      0.00      0.00      0.00
12:00:40 PM vethc7cc37c      0.00      0.00      0.00      0.00      0.00      0.00      0.00      0.00

12:00:40 PM     CPU     %user     %nice   %system   %iowait    %steal     %idle
12:00:41 PM     all      0.00      0.00      0.00      0.00      0.00    100.00

12:00:40 PM kbmemfree   kbavail kbmemused  %memused kbbuffers  kbcached  kbcommit   %commit  kbactive   kbinact   kbdirty
12:00:41 PM   3580396   5887172   1668196     21.03     43392   2440576   5313536     66.99   1699896   2366968        32

12:00:40 PM     IFACE   rxpck/s   txpck/s    rxkB/s    txkB/s   rxcmp/s   txcmp/s  rxmcst/s   %ifutil
12:00:41 PM        lo      0.00      0.00      0.00      0.00      0.00      0.00      0.00      0.00
12:00:41 PM      eth0      1.98      0.99      0.10      0.05      0.00      0.00      0.00      0.00
12:00:41 PM   docker0      0.00      0.00      0.00      0.00      0.00      0.00      0.00      0.00
12:00:41 PM vethc7cc37c      0.00      0.00      0.00      0.00      0.00      0.00      0.00      0.00

12:00:41 PM     CPU     %user     %nice   %system   %iowait    %steal     %idle
12:00:42 PM     all      0.00      0.00      0.00      0.00      0.00    100.00

12:00:41 PM kbmemfree   kbavail kbmemused  %memused kbbuffers  kbcached  kbcommit   %commit  kbactive   kbinact   kbdirty
12:00:42 PM   3580396   5887172   1668196     21.03     43392   2440576   5313536     66.99   1699896   2366968        32

12:00:41 PM     IFACE   rxpck/s   txpck/s    rxkB/s    txkB/s   rxcmp/s   txcmp/s  rxmcst/s   %ifutil
12:00:42 PM        lo      0.00      0.00      0.00      0.00      0.00      0.00      0.00      0.00
12:00:42 PM      eth0      0.00      0.00      0.00      0.00      0.00      0.00      0.00      0.00
12:00:42 PM   docker0      0.00      0.00      0.00      0.00      0.00      0.00      0.00      0.00
12:00:42 PM vethc7cc37c      0.00      0.00      0.00      0.00      0.00      0.00      0.00      0.00

12:00:42 PM     CPU     %user     %nice   %system   %iowait    %steal     %idle
12:00:43 PM     all      0.00      0.00      0.25      0.00      0.00     99.75

12:00:42 PM kbmemfree   kbavail kbmemused  %memused kbbuffers  kbcached  kbcommit   %commit  kbactive   kbinact   kbdirty
12:00:43 PM   3580396   5887172   1668192     21.03     43392   2440580   5313536     66.99   1699896   2366968        36

12:00:42 PM     IFACE   rxpck/s   txpck/s    rxkB/s    txkB/s   rxcmp/s   txcmp/s  rxmcst/s   %ifutil
12:00:43 PM        lo      0.00      0.00      0.00      0.00      0.00      0.00      0.00      0.00
12:00:43 PM      eth0      0.00      0.00      0.00      0.00      0.00      0.00      0.00      0.00
12:00:43 PM   docker0      0.00      0.00      0.00      0.00      0.00      0.00      0.00      0.00
12:00:43 PM vethc7cc37c      0.00      0.00      0.00      0.00      0.00      0.00      0.00      0.00

12:00:43 PM     CPU     %user     %nice   %system   %iowait    %steal     %idle
12:00:44 PM     all      0.00      0.00      0.00      0.00      0.00    100.00

12:00:43 PM kbmemfree   kbavail kbmemused  %memused kbbuffers  kbcached  kbcommit   %commit  kbactive   kbinact   kbdirty
12:00:44 PM   3580396   5887172   1668192     21.03     43392   2440580   5313536     66.99   1699896   2366968        36

12:00:43 PM     IFACE   rxpck/s   txpck/s    rxkB/s    txkB/s   rxcmp/s   txcmp/s  rxmcst/s   %ifutil
12:00:44 PM        lo      0.00      0.00      0.00      0.00      0.00      0.00      0.00      0.00
12:00:44 PM      eth0      0.00      0.00      0.00      0.00      0.00      0.00      0.00      0.00
12:00:44 PM   docker0      0.00      0.00      0.00      0.00      0.00      0.00      0.00      0.00
12:00:44 PM vethc7cc37c      0.00      0.00      0.00      0.00      0.00      0.00      0.00      0.00

12:00:44 PM     CPU     %user     %nice   %system   %iowait    %steal     %idle
12:00:45 PM     all      0.00      0.00      0.00      0.00      0.00    100.00

12:00:44 PM kbmemfree   kbavail kbmemused  %memused kbbuffers  kbcached  kbcommit   %commit  kbactive   kbinact   kbdirty
12:00:45 PM   3580396   5887172   1668192     21.03     43392   2440580   5313536     66.99   1699896   2366968        36

12:00:44 PM     IFACE   rxpck/s   txpck/s    rxkB/s    txkB/s   rxcmp/s   txcmp/s  rxmcst/s   %ifutil
12:00:45 PM        lo      0.00      0.00      0.00      0.00      0.00      0.00      0.00      0.00
12:00:45 PM      eth0      0.00      0.00      0.00      0.00      0.00      0.00      0.00      0.00
12:00:45 PM   docker0      0.00      0.00      0.00      0.00      0.00      0.00      0.00      0.00
12:00:45 PM vethc7cc37c      0.00      0.00      0.00      0.00      0.00      0.00      0.00      0.00

12:00:45 PM     CPU     %user     %nice   %system   %iowait    %steal     %idle
12:00:46 PM     all      0.25      0.00      0.00      0.25      0.00     99.50

12:00:45 PM kbmemfree   kbavail kbmemused  %memused kbbuffers  kbcached  kbcommit   %commit  kbactive   kbinact   kbdirty
12:00:46 PM   3580396   5887172   1668188     21.03     43396   2440580   5313536     66.99   1699896   2366968        28

12:00:45 PM     IFACE   rxpck/s   txpck/s    rxkB/s    txkB/s   rxcmp/s   txcmp/s  rxmcst/s   %ifutil
12:00:46 PM        lo      0.00      0.00      0.00      0.00      0.00      0.00      0.00      0.00
12:00:46 PM      eth0      2.00      2.00      0.11      0.11      0.00      0.00      0.00      0.00
12:00:46 PM   docker0      0.00      0.00      0.00      0.00      0.00      0.00      0.00      0.00
12:00:46 PM vethc7cc37c      0.00      0.00      0.00      0.00      0.00      0.00      0.00      0.00

12:00:46 PM     CPU     %user     %nice   %system   %iowait    %steal     %idle
12:00:47 PM     all      0.00      0.00      0.25      0.00      0.00     99.75

12:00:46 PM kbmemfree   kbavail kbmemused  %memused kbbuffers  kbcached  kbcommit   %commit  kbactive   kbinact   kbdirty
12:00:47 PM   3580396   5887172   1668184     21.03     43396   2440584   5313536     66.99   1699896   2366968        36

12:00:46 PM     IFACE   rxpck/s   txpck/s    rxkB/s    txkB/s   rxcmp/s   txcmp/s  rxmcst/s   %ifutil
12:00:47 PM        lo      0.00      0.00      0.00      0.00      0.00      0.00      0.00      0.00
12:00:47 PM      eth0      3.00      2.00      0.26      0.18      0.00      0.00      0.00      0.00
12:00:47 PM   docker0      0.00      0.00      0.00      0.00      0.00      0.00      0.00      0.00
12:00:47 PM vethc7cc37c      0.00      0.00      0.00      0.00      0.00      0.00      0.00      0.00

12:00:47 PM     CPU     %user     %nice   %system   %iowait    %steal     %idle
12:00:48 PM     all      0.25      0.00      0.50      0.00      0.00     99.25

12:00:47 PM kbmemfree   kbavail kbmemused  %memused kbbuffers  kbcached  kbcommit   %commit  kbactive   kbinact   kbdirty
12:00:48 PM   3580396   5887172   1668184     21.03     43396   2440584   5313536     66.99   1699896   2366968        36

12:00:47 PM     IFACE   rxpck/s   txpck/s    rxkB/s    txkB/s   rxcmp/s   txcmp/s  rxmcst/s   %ifutil
12:00:48 PM        lo      0.00      0.00      0.00      0.00      0.00      0.00      0.00      0.00
12:00:48 PM      eth0      4.00      2.00      0.23      0.11      0.00      0.00      0.00      0.00
12:00:48 PM   docker0      0.00      0.00      0.00      0.00      0.00      0.00      0.00      0.00
12:00:48 PM vethc7cc37c      0.00      0.00      0.00      0.00      0.00      0.00      0.00      0.00

12:00:48 PM     CPU     %user     %nice   %system   %iowait    %steal     %idle
12:00:49 PM     all      0.00      0.00      0.00      0.00      0.00    100.00

12:00:48 PM kbmemfree   kbavail kbmemused  %memused kbbuffers  kbcached  kbcommit   %commit  kbactive   kbinact   kbdirty
12:00:49 PM   3580396   5887172   1668184     21.03     43396   2440584   5313536     66.99   1699896   2366968        36

12:00:48 PM     IFACE   rxpck/s   txpck/s    rxkB/s    txkB/s   rxcmp/s   txcmp/s  rxmcst/s   %ifutil
12:00:49 PM        lo      0.00      0.00      0.00      0.00      0.00      0.00      0.00      0.00
12:00:49 PM      eth0      0.00      0.00      0.00      0.00      0.00      0.00      0.00      0.00
12:00:49 PM   docker0      0.00      0.00      0.00      0.00      0.00      0.00      0.00      0.00
12:00:49 PM vethc7cc37c      0.00      0.00      0.00      0.00      0.00      0.00      0.00      0.00

12:00:49 PM     CPU     %user     %nice   %system   %iowait    %steal     %idle
12:00:50 PM     all      0.25      0.00      0.00      0.00      0.00     99.75

12:00:49 PM kbmemfree   kbavail kbmemused  %memused kbbuffers  kbcached  kbcommit   %commit  kbactive   kbinact   kbdirty
12:00:50 PM   3580396   5887172   1668184     21.03     43396   2440584   5313536     66.99   1699896   2366968        36

12:00:49 PM     IFACE   rxpck/s   txpck/s    rxkB/s    txkB/s   rxcmp/s   txcmp/s  rxmcst/s   %ifutil
12:00:50 PM        lo      0.00      0.00      0.00      0.00      0.00      0.00      0.00      0.00
12:00:50 PM      eth0      2.00      1.00      0.11      0.05      0.00      0.00      0.00      0.00
12:00:50 PM   docker0      0.00      0.00      0.00      0.00      0.00      0.00      0.00      0.00
12:00:50 PM vethc7cc37c      0.00      0.00      0.00      0.00      0.00      0.00      0.00      0.00

12:00:50 PM     CPU     %user     %nice   %system   %iowait    %steal     %idle
12:00:51 PM     all      0.00      0.00      0.00      0.00      0.00    100.00

12:00:50 PM kbmemfree   kbavail kbmemused  %memused kbbuffers  kbcached  kbcommit   %commit  kbactive   kbinact   kbdirty
12:00:51 PM   3580396   5887176   1668184     21.03     43396   2440584   5313536     66.99   1699864   2366972        36

12:00:50 PM     IFACE   rxpck/s   txpck/s    rxkB/s    txkB/s   rxcmp/s   txcmp/s  rxmcst/s   %ifutil
12:00:51 PM        lo      0.00      0.00      0.00      0.00      0.00      0.00      0.00      0.00
12:00:51 PM      eth0      0.00      0.00      0.00      0.00      0.00      0.00      0.00      0.00
12:00:51 PM   docker0      0.00      0.00      0.00      0.00      0.00      0.00      0.00      0.00
12:00:51 PM vethc7cc37c      0.00      0.00      0.00      0.00      0.00      0.00      0.00      0.00

12:00:51 PM     CPU     %user     %nice   %system   %iowait    %steal     %idle
12:00:52 PM     all      0.00      0.00      0.00      0.00      0.00    100.00

12:00:51 PM kbmemfree   kbavail kbmemused  %memused kbbuffers  kbcached  kbcommit   %commit  kbactive   kbinact   kbdirty
12:00:52 PM   3580396   5887200   1668172     21.03     43404   2440588   5313536     66.99   1699864   2366996        32

12:00:51 PM     IFACE   rxpck/s   txpck/s    rxkB/s    txkB/s   rxcmp/s   txcmp/s  rxmcst/s   %ifutil
12:00:52 PM        lo      0.00      0.00      0.00      0.00      0.00      0.00      0.00      0.00
12:00:52 PM      eth0      2.00      1.00      0.11      0.05      0.00      0.00      0.00      0.00
12:00:52 PM   docker0      0.00      0.00      0.00      0.00      0.00      0.00      0.00      0.00
12:00:52 PM vethc7cc37c      0.00      0.00      0.00      0.00      0.00      0.00      0.00      0.00

12:00:52 PM     CPU     %user     %nice   %system   %iowait    %steal     %idle
12:00:53 PM     all      0.00      0.00      0.00      0.00      0.00    100.00

12:00:52 PM kbmemfree   kbavail kbmemused  %memused kbbuffers  kbcached  kbcommit   %commit  kbactive   kbinact   kbdirty
12:00:53 PM   3580396   5887200   1668172     21.03     43404   2440588   5313536     66.99   1699864   2366996        36

12:00:52 PM     IFACE   rxpck/s   txpck/s    rxkB/s    txkB/s   rxcmp/s   txcmp/s  rxmcst/s   %ifutil
12:00:53 PM        lo      0.00      0.00      0.00      0.00      0.00      0.00      0.00      0.00
12:00:53 PM      eth0      1.00      1.00      0.05      0.05      0.00      0.00      0.00      0.00
12:00:53 PM   docker0      0.00      0.00      0.00      0.00      0.00      0.00      0.00      0.00
12:00:53 PM vethc7cc37c      0.00      0.00      0.00      0.00      0.00      0.00      0.00      0.00

12:00:53 PM     CPU     %user     %nice   %system   %iowait    %steal     %idle
12:00:54 PM     all      0.00      0.00      0.00      0.00      0.00    100.00

12:00:53 PM kbmemfree   kbavail kbmemused  %memused kbbuffers  kbcached  kbcommit   %commit  kbactive   kbinact   kbdirty
12:00:54 PM   3580396   5887200   1668172     21.03     43404   2440588   5313536     66.99   1699864   2366996        36

12:00:53 PM     IFACE   rxpck/s   txpck/s    rxkB/s    txkB/s   rxcmp/s   txcmp/s  rxmcst/s   %ifutil
12:00:54 PM        lo      0.00      0.00      0.00      0.00      0.00      0.00      0.00      0.00
12:00:54 PM      eth0      0.00      0.00      0.00      0.00      0.00      0.00      0.00      0.00
12:00:54 PM   docker0      0.00      0.00      0.00      0.00      0.00      0.00      0.00      0.00
12:00:54 PM vethc7cc37c      0.00      0.00      0.00      0.00      0.00      0.00      0.00      0.00

12:00:54 PM     CPU     %user     %nice   %system   %iowait    %steal     %idle
12:00:55 PM     all      0.00      0.00      0.25      0.00      0.00     99.75

12:00:54 PM kbmemfree   kbavail kbmemused  %memused kbbuffers  kbcached  kbcommit   %commit  kbactive   kbinact   kbdirty
12:00:55 PM   3580396   5887200   1668172     21.03     43404   2440588   5313744     66.99   1700036   2366996        36

12:00:54 PM     IFACE   rxpck/s   txpck/s    rxkB/s    txkB/s   rxcmp/s   txcmp/s  rxmcst/s   %ifutil
12:00:55 PM        lo      0.00      0.00      0.00      0.00      0.00      0.00      0.00      0.00
12:00:55 PM      eth0      2.00      1.00      0.20      0.12      0.00      0.00      0.00      0.00
12:00:55 PM   docker0      0.00      0.00      0.00      0.00      0.00      0.00      0.00      0.00
12:00:55 PM vethc7cc37c      0.00      0.00      0.00      0.00      0.00      0.00      0.00      0.00

12:00:55 PM     CPU     %user     %nice   %system   %iowait    %steal     %idle
12:00:56 PM     all      0.00      0.00      0.25      0.00      0.00     99.75

12:00:55 PM kbmemfree   kbavail kbmemused  %memused kbbuffers  kbcached  kbcommit   %commit  kbactive   kbinact   kbdirty
12:00:56 PM   3580396   5887208   1668168     21.03     43404   2440592   5313744     66.99   1700116   2367004        40

12:00:55 PM     IFACE   rxpck/s   txpck/s    rxkB/s    txkB/s   rxcmp/s   txcmp/s  rxmcst/s   %ifutil
12:00:56 PM        lo      0.00      0.00      0.00      0.00      0.00      0.00      0.00      0.00
12:00:56 PM      eth0      4.00      2.00      0.21      0.11      0.00      0.00      0.00      0.00
12:00:56 PM   docker0      0.00      0.00      0.00      0.00      0.00      0.00      0.00      0.00
12:00:56 PM vethc7cc37c      0.00      0.00      0.00      0.00      0.00      0.00      0.00      0.00

12:00:56 PM     CPU     %user     %nice   %system   %iowait    %steal     %idle
12:00:57 PM     all      0.50      0.00      0.00      0.00      0.00     99.50

12:00:56 PM kbmemfree   kbavail kbmemused  %memused kbbuffers  kbcached  kbcommit   %commit  kbactive   kbinact   kbdirty
12:00:57 PM   3580396   5887208   1668168     21.03     43408   2440588   5313744     66.99   1700116   2367004        40

12:00:56 PM     IFACE   rxpck/s   txpck/s    rxkB/s    txkB/s   rxcmp/s   txcmp/s  rxmcst/s   %ifutil
12:00:57 PM        lo      0.00      0.00      0.00      0.00      0.00      0.00      0.00      0.00
12:00:57 PM      eth0      2.00      2.00      0.20      0.12      0.00      0.00      0.00      0.00
12:00:57 PM   docker0      0.00      0.00      0.00      0.00      0.00      0.00      0.00      0.00
12:00:57 PM vethc7cc37c      0.00      0.00      0.00      0.00      0.00      0.00      0.00      0.00

12:00:57 PM     CPU     %user     %nice   %system   %iowait    %steal     %idle
12:00:58 PM     all      0.00      0.00      0.25      0.00      0.00     99.75

12:00:57 PM kbmemfree   kbavail kbmemused  %memused kbbuffers  kbcached  kbcommit   %commit  kbactive   kbinact   kbdirty
12:00:58 PM   3580396   5887208   1668164     21.03     43408   2440592   5313744     66.99   1700116   2367004       168

12:00:57 PM     IFACE   rxpck/s   txpck/s    rxkB/s    txkB/s   rxcmp/s   txcmp/s  rxmcst/s   %ifutil
12:00:58 PM        lo      0.00      0.00      0.00      0.00      0.00      0.00      0.00      0.00
12:00:58 PM      eth0      3.00      2.00      0.16      0.11      0.00      0.00      0.00      0.00
12:00:58 PM   docker0      0.00      0.00      0.00      0.00      0.00      0.00      0.00      0.00
12:00:58 PM vethc7cc37c      0.00      0.00      0.00      0.00      0.00      0.00      0.00      0.00

12:00:58 PM     CPU     %user     %nice   %system   %iowait    %steal     %idle
12:00:59 PM     all      0.00      0.00      0.00      0.00      0.00    100.00

12:00:58 PM kbmemfree   kbavail kbmemused  %memused kbbuffers  kbcached  kbcommit   %commit  kbactive   kbinact   kbdirty
12:00:59 PM   3580396   5887208   1668164     21.03     43408   2440592   5313744     66.99   1700116   2367004       172

12:00:58 PM     IFACE   rxpck/s   txpck/s    rxkB/s    txkB/s   rxcmp/s   txcmp/s  rxmcst/s   %ifutil
12:00:59 PM        lo      0.00      0.00      0.00      0.00      0.00      0.00      0.00      0.00
12:00:59 PM      eth0      0.00      0.00      0.00      0.00      0.00      0.00      0.00      0.00
12:00:59 PM   docker0      0.00      0.00      0.00      0.00      0.00      0.00      0.00      0.00
12:00:59 PM vethc7cc37c      0.00      0.00      0.00      0.00      0.00      0.00      0.00      0.00

12:00:59 PM     CPU     %user     %nice   %system   %iowait    %steal     %idle
12:01:00 PM     all      0.00      0.00      0.25      0.25      0.00     99.50

12:00:59 PM kbmemfree   kbavail kbmemused  %memused kbbuffers  kbcached  kbcommit   %commit  kbactive   kbinact   kbdirty
12:01:00 PM   3580396   5887208   1668164     21.03     43408   2440592   5313744     66.99   1700116   2367004       196

12:00:59 PM     IFACE   rxpck/s   txpck/s    rxkB/s    txkB/s   rxcmp/s   txcmp/s  rxmcst/s   %ifutil
12:01:00 PM        lo      0.00      0.00      0.00      0.00      0.00      0.00      0.00      0.00
12:01:00 PM      eth0      1.00      1.00      0.06      0.12      0.00      0.00      0.00      0.00
12:01:00 PM   docker0      0.00      0.00      0.00      0.00      0.00      0.00      0.00      0.00
12:01:00 PM vethc7cc37c      0.00      0.00      0.00      0.00      0.00      0.00      0.00      0.00

12:01:00 PM     CPU     %user     %nice   %system   %iowait    %steal     %idle
12:01:01 PM     all      0.25      0.00      0.25      0.00      0.00     99.50

12:01:00 PM kbmemfree   kbavail kbmemused  %memused kbbuffers  kbcached  kbcommit   %commit  kbactive   kbinact   kbdirty
12:01:01 PM   3580412   5887224   1668144     21.03     43408   2440596   5311920     66.97   1699600   2367004       200

12:01:00 PM     IFACE   rxpck/s   txpck/s    rxkB/s    txkB/s   rxcmp/s   txcmp/s  rxmcst/s   %ifutil
12:01:01 PM        lo      0.00      0.00      0.00      0.00      0.00      0.00      0.00      0.00
12:01:01 PM      eth0      6.00      4.00      0.39      0.30      0.00      0.00      0.00      0.00
12:01:01 PM   docker0      0.00      0.00      0.00      0.00      0.00      0.00      0.00      0.00
12:01:01 PM vethc7cc37c      0.00      0.00      0.00      0.00      0.00      0.00      0.00      0.00

12:01:01 PM     CPU     %user     %nice   %system   %iowait    %steal     %idle
12:01:02 PM     all      0.25      0.00      0.25      0.00      0.00     99.50

12:01:01 PM kbmemfree   kbavail kbmemused  %memused kbbuffers  kbcached  kbcommit   %commit  kbactive   kbinact   kbdirty
12:01:02 PM   3579472   5886296   1669084     21.04     43408   2440596   5313412     66.99   1699796   2367016        52

12:01:01 PM     IFACE   rxpck/s   txpck/s    rxkB/s    txkB/s   rxcmp/s   txcmp/s  rxmcst/s   %ifutil
12:01:02 PM        lo      0.00      0.00      0.00      0.00      0.00      0.00      0.00      0.00
12:01:02 PM      eth0      6.00      4.00      0.35      1.33      0.00      0.00      0.00      0.00
12:01:02 PM   docker0      0.00      0.00      0.00      0.00      0.00      0.00      0.00      0.00
12:01:02 PM vethc7cc37c      0.00      0.00      0.00      0.00      0.00      0.00      0.00      0.00

12:01:02 PM     CPU     %user     %nice   %system   %iowait    %steal     %idle
12:01:03 PM     all      0.00      0.00      0.00      0.00      0.00    100.00

12:01:02 PM kbmemfree   kbavail kbmemused  %memused kbbuffers  kbcached  kbcommit   %commit  kbactive   kbinact   kbdirty
12:01:03 PM   3579472   5886296   1669080     21.04     43412   2440596   5313412     66.99   1699796   2367016        56

12:01:02 PM     IFACE   rxpck/s   txpck/s    rxkB/s    txkB/s   rxcmp/s   txcmp/s  rxmcst/s   %ifutil
12:01:03 PM        lo      0.00      0.00      0.00      0.00      0.00      0.00      0.00      0.00
12:01:03 PM      eth0      5.00      3.00      1.34      0.17      0.00      0.00      0.00      0.00
12:01:03 PM   docker0      0.00      0.00      0.00      0.00      0.00      0.00      0.00      0.00
12:01:03 PM vethc7cc37c      0.00      0.00      0.00      0.00      0.00      0.00      0.00      0.00

12:01:03 PM     CPU     %user     %nice   %system   %iowait    %steal     %idle
12:01:04 PM     all      0.00      0.00      0.00      0.00      0.00    100.00

12:01:03 PM kbmemfree   kbavail kbmemused  %memused kbbuffers  kbcached  kbcommit   %commit  kbactive   kbinact   kbdirty
12:01:04 PM   3579472   5886300   1669080     21.04     43412   2440596   5313412     66.99   1699844   2367020        16

12:01:03 PM     IFACE   rxpck/s   txpck/s    rxkB/s    txkB/s   rxcmp/s   txcmp/s  rxmcst/s   %ifutil
12:01:04 PM        lo      0.00      0.00      0.00      0.00      0.00      0.00      0.00      0.00
12:01:04 PM      eth0      2.00      1.00      0.11      0.05      0.00      0.00      0.00      0.00
12:01:04 PM   docker0      0.00      0.00      0.00      0.00      0.00      0.00      0.00      0.00
12:01:04 PM vethc7cc37c      0.00      0.00      0.00      0.00      0.00      0.00      0.00      0.00

12:01:04 PM     CPU     %user     %nice   %system   %iowait    %steal     %idle
12:01:05 PM     all      0.00      0.00      0.00      0.00      0.00    100.00

12:01:04 PM kbmemfree   kbavail kbmemused  %memused kbbuffers  kbcached  kbcommit   %commit  kbactive   kbinact   kbdirty
12:01:05 PM   3579472   5886300   1669076     21.04     43412   2440600   5313412     66.99   1699844   2367020        24

12:01:04 PM     IFACE   rxpck/s   txpck/s    rxkB/s    txkB/s   rxcmp/s   txcmp/s  rxmcst/s   %ifutil
12:01:05 PM        lo      0.00      0.00      0.00      0.00      0.00      0.00      0.00      0.00
12:01:05 PM      eth0      3.00      2.00      0.16      0.11      0.00      0.00      0.00      0.00
12:01:05 PM   docker0      0.00      0.00      0.00      0.00      0.00      0.00      0.00      0.00
12:01:05 PM vethc7cc37c      0.00      0.00      0.00      0.00      0.00      0.00      0.00      0.00

12:01:05 PM     CPU     %user     %nice   %system   %iowait    %steal     %idle
12:01:06 PM     all      0.25      0.00      0.00      0.00      0.00     99.75

12:01:05 PM kbmemfree   kbavail kbmemused  %memused kbbuffers  kbcached  kbcommit   %commit  kbactive   kbinact   kbdirty
12:01:06 PM   3579472   5886300   1669076     21.04     43412   2440600   5313540     66.99   1699856   2367020        20

12:01:05 PM     IFACE   rxpck/s   txpck/s    rxkB/s    txkB/s   rxcmp/s   txcmp/s  rxmcst/s   %ifutil
12:01:06 PM        lo      0.00      0.00      0.00      0.00      0.00      0.00      0.00      0.00
12:01:06 PM      eth0      2.00      2.00      0.18      0.69      0.00      0.00      0.00      0.00
12:01:06 PM   docker0      0.00      0.00      0.00      0.00      0.00      0.00      0.00      0.00
12:01:06 PM vethc7cc37c      0.00      0.00      0.00      0.00      0.00      0.00      0.00      0.00

12:01:06 PM     CPU     %user     %nice   %system   %iowait    %steal     %idle
12:01:07 PM     all      0.00      0.00      0.00      0.00      0.00    100.00

12:01:06 PM kbmemfree   kbavail kbmemused  %memused kbbuffers  kbcached  kbcommit   %commit  kbactive   kbinact   kbdirty
12:01:07 PM   3579472   5886300   1669076     21.04     43412   2440600   5313540     66.99   1699860   2367020        20

12:01:06 PM     IFACE   rxpck/s   txpck/s    rxkB/s    txkB/s   rxcmp/s   txcmp/s  rxmcst/s   %ifutil
12:01:07 PM        lo      0.00      0.00      0.00      0.00      0.00      0.00      0.00      0.00
12:01:07 PM      eth0      0.00      0.00      0.00      0.00      0.00      0.00      0.00      0.00
12:01:07 PM   docker0      0.00      0.00      0.00      0.00      0.00      0.00      0.00      0.00
12:01:07 PM vethc7cc37c      0.00      0.00      0.00      0.00      0.00      0.00      0.00      0.00

12:01:07 PM     CPU     %user     %nice   %system   %iowait    %steal     %idle
12:01:08 PM     all      0.00      0.00      0.25      0.00      0.00     99.75

12:01:07 PM kbmemfree   kbavail kbmemused  %memused kbbuffers  kbcached  kbcommit   %commit  kbactive   kbinact   kbdirty
12:01:08 PM   3579472   5886300   1669072     21.04     43416   2440600   5313540     66.99   1699860   2367020        44

12:01:07 PM     IFACE   rxpck/s   txpck/s    rxkB/s    txkB/s   rxcmp/s   txcmp/s  rxmcst/s   %ifutil
12:01:08 PM        lo      0.00      0.00      0.00      0.00      0.00      0.00      0.00      0.00
12:01:08 PM      eth0      0.00      0.00      0.00      0.00      0.00      0.00      0.00      0.00
12:01:08 PM   docker0      0.00      0.00      0.00      0.00      0.00      0.00      0.00      0.00
12:01:08 PM vethc7cc37c      0.00      0.00      0.00      0.00      0.00      0.00      0.00      0.00

12:01:08 PM     CPU     %user     %nice   %system   %iowait    %steal     %idle
12:01:09 PM     all      0.50      0.00      0.25      0.00      0.00     99.25

12:01:08 PM kbmemfree   kbavail kbmemused  %memused kbbuffers  kbcached  kbcommit   %commit  kbactive   kbinact   kbdirty
12:01:09 PM   3579472   5886300   1669072     21.04     43416   2440600   5313540     66.99   1699860   2367020        44

12:01:08 PM     IFACE   rxpck/s   txpck/s    rxkB/s    txkB/s   rxcmp/s   txcmp/s  rxmcst/s   %ifutil
12:01:09 PM        lo      0.00      0.00      0.00      0.00      0.00      0.00      0.00      0.00
12:01:09 PM      eth0      0.00      0.00      0.00      0.00      0.00      0.00      0.00      0.00
12:01:09 PM   docker0      0.00      0.00      0.00      0.00      0.00      0.00      0.00      0.00
12:01:09 PM vethc7cc37c      0.00      0.00      0.00      0.00      0.00      0.00      0.00      0.00

Average:        CPU     %user     %nice   %system   %iowait    %steal     %idle
Average:        all      0.13      0.00      0.10      0.01      0.00     99.75

Average:    kbmemfree   kbavail kbmemused  %memused kbbuffers  kbcached  kbcommit   %commit  kbactive   kbinact   kbdirty
Average:      3578612   5885327   1670037     21.06     43364   2440540   5313873     67.00   1700032   2366907        92

Average:        IFACE   rxpck/s   txpck/s    rxkB/s    txkB/s   rxcmp/s   txcmp/s  rxmcst/s   %ifutil
Average:           lo      0.23      0.23      0.10      0.10      0.00      0.00      0.00      0.00
Average:         eth0      3.20      2.02      0.29      0.30      0.00      0.00      0.00      0.00
Average:      docker0      0.12      0.12      0.08      0.01      0.00      0.00      0.00      0.00
Average:    vethc7cc37c      0.12      0.12      0.09      0.01      0.00      0.00      0.00      0.00