Linux 6.8.0-1054-gcp (zt-service-b)     05/14/26        _x86_64_        (2 CPU)

11:58:56        CPU     %user     %nice   %system   %iowait    %steal     %idle
11:58:57        all     39.38      0.00     11.92      0.00      0.00     48.70

11:58:56    kbmemfree   kbavail kbmemused  %memused kbbuffers  kbcached  kbcommit   %commit  kbactive   kbinact   kbdirty
11:58:57      5552664   7266876    530876      6.53     43940   1862076   1891020     23.26   1012840   1302188       112

11:58:56        IFACE   rxpck/s   txpck/s    rxkB/s    txkB/s   rxcmp/s   txcmp/s  rxmcst/s   %ifutil
11:58:57           lo   2005.00   2005.00    435.55    435.55      0.00      0.00      0.00      0.00
11:58:57         ens4    412.00    401.00    304.68     68.44      0.00      0.00      0.00      0.00
11:58:57      docker0   1003.00   1002.00     80.37    368.88      0.00      0.00      0.00      0.00
11:58:57    veth1f0dbb4   1003.00   1002.00     94.08    368.88      0.00      0.00      0.00      0.03

11:58:57        CPU     %user     %nice   %system   %iowait    %steal     %idle
11:58:58        all     20.42      0.00     10.99      0.00      0.00     68.59

11:58:57    kbmemfree   kbavail kbmemused  %memused kbbuffers  kbcached  kbcommit   %commit  kbactive   kbinact   kbdirty
11:58:58      5552664   7266904    530600      6.53     43944   1862100   1890912     23.26   1013208   1302216       160

11:58:57        IFACE   rxpck/s   txpck/s    rxkB/s    txkB/s   rxcmp/s   txcmp/s  rxmcst/s   %ifutil
11:58:58           lo   2000.00   2000.00    435.16    435.16      0.00      0.00      0.00      0.00
11:58:58         ens4    409.00    400.00    304.49     68.16      0.00      0.00      0.00      0.00
11:58:58      docker0   1000.00   1000.00     80.08    368.75      0.00      0.00      0.00      0.00
11:58:58    veth1f0dbb4   1000.00   1000.00     93.75    368.75      0.00      0.00      0.00      0.03

11:58:58        CPU     %user     %nice   %system   %iowait    %steal     %idle
11:58:59        all     16.67      0.00     11.98      0.00      0.00     71.35

11:58:58    kbmemfree   kbavail kbmemused  %memused kbbuffers  kbcached  kbcommit   %commit  kbactive   kbinact   kbdirty
11:58:59      5552412   7266672    530620      6.53     43944   1862124   1890912     23.26   1013656   1302236       184

11:58:58        IFACE   rxpck/s   txpck/s    rxkB/s    txkB/s   rxcmp/s   txcmp/s  rxmcst/s   %ifutil
11:58:59           lo   2000.00   2000.00    435.16    435.16      0.00      0.00      0.00      0.00
11:58:59         ens4    403.00    400.00    304.10     68.16      0.00      0.00      0.00      0.00
11:58:59      docker0   1000.00   1000.00     80.08    368.75      0.00      0.00      0.00      0.00
11:58:59    veth1f0dbb4   1000.00   1000.00     93.75    368.75      0.00      0.00      0.00      0.03

11:58:59        CPU     %user     %nice   %system   %iowait    %steal     %idle
11:59:00        all     25.91      0.00     12.44      0.00      0.00     61.66

11:58:59    kbmemfree   kbavail kbmemused  %memused kbbuffers  kbcached  kbcommit   %commit  kbactive   kbinact   kbdirty
11:59:00      5552160   7266440    530684      6.53     43944   1862140   1890912     23.26   1015028   1302256        80

11:58:59        IFACE   rxpck/s   txpck/s    rxkB/s    txkB/s   rxcmp/s   txcmp/s  rxmcst/s   %ifutil
11:59:00           lo   2005.00   2005.00    442.97    442.97      0.00      0.00      0.00      0.00
11:59:00         ens4    406.00    404.00    304.53     69.99      0.00      0.00      0.00      0.00
11:59:00      docker0   1000.00   1000.00     80.08    368.75      0.00      0.00      0.00      0.00
11:59:00    veth1f0dbb4   1000.00   1000.00     93.75    368.75      0.00      0.00      0.00      0.03

11:59:00        CPU     %user     %nice   %system   %iowait    %steal     %idle
11:59:01        all     32.31      0.00     12.82      0.00      0.00     54.87

11:59:00    kbmemfree   kbavail kbmemused  %memused kbbuffers  kbcached  kbcommit   %commit  kbactive   kbinact   kbdirty
11:59:01      5552160   7266464    530412      6.52     43944   1862168   1890976     23.26   1015308   1302280       108

11:59:00        IFACE   rxpck/s   txpck/s    rxkB/s    txkB/s   rxcmp/s   txcmp/s  rxmcst/s   %ifutil
11:59:01           lo   2017.00   2017.00    459.01    459.01      0.00      0.00      0.00      0.00
11:59:01         ens4    412.00    404.00    304.91     68.84      0.00      0.00      0.00      0.00
11:59:01      docker0   1000.00   1000.00     80.08    368.75      0.00      0.00      0.00      0.00
11:59:01    veth1f0dbb4   1000.00   1000.00     93.75    368.75      0.00      0.00      0.00      0.03

11:59:01        CPU     %user     %nice   %system   %iowait    %steal     %idle
11:59:02        all     21.35      0.00     12.50      0.00      0.00     66.15

11:59:01    kbmemfree   kbavail kbmemused  %memused kbbuffers  kbcached  kbcommit   %commit  kbactive   kbinact   kbdirty
11:59:02      5551656   7265976    530724      6.53     43944   1862188   1890976     23.26   1015408   1302296       120

11:59:01        IFACE   rxpck/s   txpck/s    rxkB/s    txkB/s   rxcmp/s   txcmp/s  rxmcst/s   %ifutil
11:59:02           lo   2000.00   2000.00    435.16    435.16      0.00      0.00      0.00      0.00
11:59:02         ens4    406.00    401.00    304.27     68.21      0.00      0.00      0.00      0.00
11:59:02      docker0   1000.00   1000.00     80.08    368.75      0.00      0.00      0.00      0.00
11:59:02    veth1f0dbb4   1000.00   1000.00     93.75    368.75      0.00      0.00      0.00      0.03

11:59:02        CPU     %user     %nice   %system   %iowait    %steal     %idle
11:59:03        all     16.84      0.00     10.00      0.00      0.00     73.16

11:59:02    kbmemfree   kbavail kbmemused  %memused kbbuffers  kbcached  kbcommit   %commit  kbactive   kbinact   kbdirty
11:59:03      5551656   7266020    530452      6.52     43952   1862216   1890976     23.26   1015668   1302336       164

11:59:02        IFACE   rxpck/s   txpck/s    rxkB/s    txkB/s   rxcmp/s   txcmp/s  rxmcst/s   %ifutil
11:59:03           lo   2000.00   2000.00    435.16    435.16      0.00      0.00      0.00      0.00
11:59:03         ens4    404.00    400.00    304.16     68.16      0.00      0.00      0.00      0.00
11:59:03      docker0   1000.00   1000.00     80.08    368.75      0.00      0.00      0.00      0.00
11:59:03    veth1f0dbb4   1000.00   1000.00     93.75    368.75      0.00      0.00      0.00      0.03

11:59:03        CPU     %user     %nice   %system   %iowait    %steal     %idle
11:59:04        all     19.59      0.00     11.86      0.00      1.03     67.53

11:59:03    kbmemfree   kbavail kbmemused  %memused kbbuffers  kbcached  kbcommit   %commit  kbactive   kbinact   kbdirty
11:59:04      5551656   7266036    530272      6.52     43952   1862236   1890976     23.26   1015836   1302352       184

11:59:03        IFACE   rxpck/s   txpck/s    rxkB/s    txkB/s   rxcmp/s   txcmp/s  rxmcst/s   %ifutil
11:59:04           lo   1990.00   1990.00    432.98    432.98      0.00      0.00      0.00      0.00
11:59:04         ens4    404.00    398.00    302.77     67.82      0.00      0.00      0.00      0.00
11:59:04      docker0    995.00    995.00     79.68    366.91      0.00      0.00      0.00      0.00
11:59:04    veth1f0dbb4    995.00    995.00     93.28    366.91      0.00      0.00      0.00      0.03

11:59:04        CPU     %user     %nice   %system   %iowait    %steal     %idle
11:59:05        all     12.57      0.00     11.52      0.00      0.00     75.92

11:59:04    kbmemfree   kbavail kbmemused  %memused kbbuffers  kbcached  kbcommit   %commit  kbactive   kbinact   kbdirty
11:59:05      5551152   7265556    530580      6.53     43952   1862260   1890976     23.26   1016008   1302376       208

11:59:04        IFACE   rxpck/s   txpck/s    rxkB/s    txkB/s   rxcmp/s   txcmp/s  rxmcst/s   %ifutil
11:59:05           lo   2010.00   2010.00    437.33    437.33      0.00      0.00      0.00      0.00
11:59:05         ens4    403.00    402.00    305.49     68.50      0.00      0.00      0.00      0.00
11:59:05      docker0   1005.00   1005.00     80.48    370.59      0.00      0.00      0.00      0.00
11:59:05    veth1f0dbb4   1005.00   1005.00     94.22    370.59      0.00      0.00      0.00      0.03

11:59:05        CPU     %user     %nice   %system   %iowait    %steal     %idle
11:59:06        all     14.66      0.00     12.04      0.00      0.00     73.30

11:59:05    kbmemfree   kbavail kbmemused  %memused kbbuffers  kbcached  kbcommit   %commit  kbactive   kbinact   kbdirty
11:59:06      5551152   7265568    530428      6.52     43952   1862276   1890976     23.26   1016188   1302388       112

11:59:05        IFACE   rxpck/s   txpck/s    rxkB/s    txkB/s   rxcmp/s   txcmp/s  rxmcst/s   %ifutil
11:59:06           lo   2000.00   2000.00    435.16    435.16      0.00      0.00      0.00      0.00
11:59:06         ens4    401.00    400.00    303.97     68.16      0.00      0.00      0.00      0.00
11:59:06      docker0   1000.00   1000.00     80.08    368.75      0.00      0.00      0.00      0.00
11:59:06    veth1f0dbb4   1000.00   1000.00     93.75    368.75      0.00      0.00      0.00      0.03

11:59:06        CPU     %user     %nice   %system   %iowait    %steal     %idle
11:59:07        all     15.18      0.00     11.52      0.00      0.00     73.30

11:59:06    kbmemfree   kbavail kbmemused  %memused kbbuffers  kbcached  kbcommit   %commit  kbactive   kbinact   kbdirty
11:59:07      5550900   7265352    530424      6.52     43952   1862304   1890976     23.26   1016344   1302424       140

11:59:06        IFACE   rxpck/s   txpck/s    rxkB/s    txkB/s   rxcmp/s   txcmp/s  rxmcst/s   %ifutil
11:59:07           lo   2000.00   2000.00    435.16    435.16      0.00      0.00      0.00      0.00
11:59:07         ens4    404.00    400.00    304.16     68.16      0.00      0.00      0.00      0.00
11:59:07      docker0   1000.00   1000.00     80.08    368.75      0.00      0.00      0.00      0.00
11:59:07    veth1f0dbb4   1000.00   1000.00     93.75    368.75      0.00      0.00      0.00      0.03

11:59:07        CPU     %user     %nice   %system   %iowait    %steal     %idle
11:59:08        all     18.46      0.00     11.79      0.00      0.00     69.74

11:59:07    kbmemfree   kbavail kbmemused  %memused kbbuffers  kbcached  kbcommit   %commit  kbactive   kbinact   kbdirty
11:59:08      5550648   7265116    530520      6.53     43960   1862320   1890976     23.26   1016508   1302440       152

11:59:07        IFACE   rxpck/s   txpck/s    rxkB/s    txkB/s   rxcmp/s   txcmp/s  rxmcst/s   %ifutil
11:59:08           lo   2000.00   2000.00    435.16    435.16      0.00      0.00      0.00      0.00
11:59:08         ens4    406.00    401.00    304.27     68.21      0.00      0.00      0.00      0.00
11:59:08      docker0   1000.00   1000.00     80.08    368.75      0.00      0.00      0.00      0.00
11:59:08    veth1f0dbb4   1000.00   1000.00     93.75    368.75      0.00      0.00      0.00      0.03

11:59:08        CPU     %user     %nice   %system   %iowait    %steal     %idle
11:59:09        all     20.83      0.00     11.46      0.00      0.00     67.71

11:59:08    kbmemfree   kbavail kbmemused  %memused kbbuffers  kbcached  kbcommit   %commit  kbactive   kbinact   kbdirty
11:59:09      5550648   7265152    530256      6.52     43960   1862348   1890976     23.26   1016768   1302476       184

11:59:08        IFACE   rxpck/s   txpck/s    rxkB/s    txkB/s   rxcmp/s   txcmp/s  rxmcst/s   %ifutil
11:59:09           lo   2000.00   2000.00    435.16    435.16      0.00      0.00      0.00      0.00
11:59:09         ens4    405.00    400.00    304.23     68.16      0.00      0.00      0.00      0.00
11:59:09      docker0   1000.00   1000.00     80.08    368.75      0.00      0.00      0.00      0.00
11:59:09    veth1f0dbb4   1000.00   1000.00     93.75    368.75      0.00      0.00      0.00      0.03

11:59:09        CPU     %user     %nice   %system   %iowait    %steal     %idle
11:59:10        all     11.34      0.00     11.86      0.00      0.52     76.29

11:59:09    kbmemfree   kbavail kbmemused  %memused kbbuffers  kbcached  kbcommit   %commit  kbactive   kbinact   kbdirty
11:59:10      5550144   7264672    530552      6.53     43960   1862372   1890976     23.26   1016984   1302500       208

11:59:09        IFACE   rxpck/s   txpck/s    rxkB/s    txkB/s   rxcmp/s   txcmp/s  rxmcst/s   %ifutil
11:59:10           lo   2000.00   2000.00    435.16    435.16      0.00      0.00      0.00      0.00
11:59:10         ens4    405.00    400.00    304.23     68.16      0.00      0.00      0.00      0.00
11:59:10      docker0   1000.00   1000.00     80.08    368.75      0.00      0.00      0.00      0.00
11:59:10    veth1f0dbb4   1000.00   1000.00     93.75    368.75      0.00      0.00      0.00      0.03

11:59:10        CPU     %user     %nice   %system   %iowait    %steal     %idle
11:59:11        all     13.40      0.00     11.34      0.00      0.52     74.74

11:59:10    kbmemfree   kbavail kbmemused  %memused kbbuffers  kbcached  kbcommit   %commit  kbactive   kbinact   kbdirty
11:59:11      5550144   7264696    530364      6.52     43960   1862392   1890976     23.26   1017280   1302524       116

11:59:10        IFACE   rxpck/s   txpck/s    rxkB/s    txkB/s   rxcmp/s   txcmp/s  rxmcst/s   %ifutil
11:59:11           lo   2000.00   2000.00    435.16    435.16      0.00      0.00      0.00      0.00
11:59:11         ens4    407.00    400.00    304.36     68.16      0.00      0.00      0.00      0.00
11:59:11      docker0   1000.00   1000.00     80.08    368.75      0.00      0.00      0.00      0.00
11:59:11    veth1f0dbb4   1000.00   1000.00     93.75    368.75      0.00      0.00      0.00      0.03

11:59:11        CPU     %user     %nice   %system   %iowait    %steal     %idle
11:59:12        all     10.88      0.00     11.40      0.00      0.00     77.72

11:59:11    kbmemfree   kbavail kbmemused  %memused kbbuffers  kbcached  kbcommit   %commit  kbactive   kbinact   kbdirty
11:59:12      5550144   7264708    530156      6.52     43960   1862416   1890976     23.26   1017352   1302536       140

11:59:11        IFACE   rxpck/s   txpck/s    rxkB/s    txkB/s   rxcmp/s   txcmp/s  rxmcst/s   %ifutil
11:59:12           lo   2000.00   2000.00    435.16    435.16      0.00      0.00      0.00      0.00
11:59:12         ens4    406.00    401.00    304.29     68.23      0.00      0.00      0.00      0.00
11:59:12      docker0   1000.00   1000.00     80.08    368.75      0.00      0.00      0.00      0.00
11:59:12    veth1f0dbb4   1000.00   1000.00     93.75    368.75      0.00      0.00      0.00      0.03

11:59:12        CPU     %user     %nice   %system   %iowait    %steal     %idle
11:59:13        all     12.11      0.00     10.00      0.00      0.00     77.89

11:59:12    kbmemfree   kbavail kbmemused  %memused kbbuffers  kbcached  kbcommit   %commit  kbactive   kbinact   kbdirty
11:59:13      5549640   7264240    530408      6.52     43968   1862440   1890976     23.26   1017556   1302572       164

11:59:12        IFACE   rxpck/s   txpck/s    rxkB/s    txkB/s   rxcmp/s   txcmp/s  rxmcst/s   %ifutil
11:59:13           lo   2000.00   2000.00    435.16    435.16      0.00      0.00      0.00      0.00
11:59:13         ens4    405.00    402.00    304.21     68.27      0.00      0.00      0.00      0.00
11:59:13      docker0   1000.00   1000.00     80.08    368.75      0.00      0.00      0.00      0.00
11:59:13    veth1f0dbb4   1000.00   1000.00     93.75    368.75      0.00      0.00      0.00      0.03

11:59:13        CPU     %user     %nice   %system   %iowait    %steal     %idle
11:59:14        all     10.88      0.00     11.40      0.00      0.00     77.72

11:59:13    kbmemfree   kbavail kbmemused  %memused kbbuffers  kbcached  kbcommit   %commit  kbactive   kbinact   kbdirty
11:59:14      5549640   7264256    530228      6.52     43968   1862460   1890976     23.26   1017680   1302588       176

11:59:13        IFACE   rxpck/s   txpck/s    rxkB/s    txkB/s   rxcmp/s   txcmp/s  rxmcst/s   %ifutil
11:59:14           lo   2000.00   2000.00    435.16    435.16      0.00      0.00      0.00      0.00
11:59:14         ens4    404.00    401.00    304.14     68.21      0.00      0.00      0.00      0.00
11:59:14      docker0   1000.00   1000.00     80.08    368.75      0.00      0.00      0.00      0.00
11:59:14    veth1f0dbb4   1000.00   1000.00     93.75    368.75      0.00      0.00      0.00      0.03

11:59:14        CPU     %user     %nice   %system   %iowait    %steal     %idle
11:59:15        all      9.90      0.00     10.94      0.00      0.00     79.17

11:59:14    kbmemfree   kbavail kbmemused  %memused kbbuffers  kbcached  kbcommit   %commit  kbactive   kbinact   kbdirty
11:59:15      5549640   7264280    530036      6.52     43968   1862484   1890976     23.26   1017896   1302612       204

11:59:14        IFACE   rxpck/s   txpck/s    rxkB/s    txkB/s   rxcmp/s   txcmp/s  rxmcst/s   %ifutil
11:59:15           lo   2004.00   2004.00    435.36    435.36      0.00      0.00      0.00      0.00
11:59:15         ens4    407.00    400.00    304.36     68.16      0.00      0.00      0.00      0.00
11:59:15      docker0   1000.00   1000.00     80.08    368.75      0.00      0.00      0.00      0.00
11:59:15    veth1f0dbb4   1000.00   1000.00     93.75    368.75      0.00      0.00      0.00      0.03

11:59:15        CPU     %user     %nice   %system   %iowait    %steal     %idle
11:59:16        all     11.28      0.00     10.77      0.00      0.00     77.95

11:59:15    kbmemfree   kbavail kbmemused  %memused kbbuffers  kbcached  kbcommit   %commit  kbactive   kbinact   kbdirty
11:59:16      5549136   7263800    530380      6.52     43968   1862504   1890976     23.26   1018052   1302636       112

11:59:15        IFACE   rxpck/s   txpck/s    rxkB/s    txkB/s   rxcmp/s   txcmp/s  rxmcst/s   %ifutil
11:59:16           lo   2002.00   2002.00    435.26    435.26      0.00      0.00      0.00      0.00
11:59:16         ens4    407.00    400.00    304.36     68.16      0.00      0.00      0.00      0.00
11:59:16      docker0   1000.00   1000.00     80.08    368.75      0.00      0.00      0.00      0.00
11:59:16    veth1f0dbb4   1000.00   1000.00     93.75    368.75      0.00      0.00      0.00      0.03

11:59:16        CPU     %user     %nice   %system   %iowait    %steal     %idle
11:59:17        all     15.18      0.00      9.95      0.00      0.00     74.87

11:59:16    kbmemfree   kbavail kbmemused  %memused kbbuffers  kbcached  kbcommit   %commit  kbactive   kbinact   kbdirty
11:59:17      5549136   7263832    530196      6.52     43968   1862532   1890976     23.26   1018100   1302664       136

11:59:16        IFACE   rxpck/s   txpck/s    rxkB/s    txkB/s   rxcmp/s   txcmp/s  rxmcst/s   %ifutil
11:59:17           lo   2000.00   2000.00    435.16    435.16      0.00      0.00      0.00      0.00
11:59:17         ens4    408.00    400.00    304.42     68.16      0.00      0.00      0.00      0.00
11:59:17      docker0   1000.00   1000.00     80.08    368.75      0.00      0.00      0.00      0.00
11:59:17    veth1f0dbb4   1000.00   1000.00     93.75    368.75      0.00      0.00      0.00      0.03

11:59:17        CPU     %user     %nice   %system   %iowait    %steal     %idle
11:59:18        all      9.18      0.00     11.73      0.51      0.51     78.06

11:59:17    kbmemfree   kbavail kbmemused  %memused kbbuffers  kbcached  kbcommit   %commit  kbactive   kbinact   kbdirty
11:59:18      5549136   7263832    530076      6.52     43976   1862548   1890976     23.26   1018100   1302664       156

11:59:17        IFACE   rxpck/s   txpck/s    rxkB/s    txkB/s   rxcmp/s   txcmp/s  rxmcst/s   %ifutil
11:59:18           lo   2000.00   2000.00    435.16    435.16      0.00      0.00      0.00      0.00
11:59:18         ens4    405.00    400.00    304.23     68.16      0.00      0.00      0.00      0.00
11:59:18      docker0   1000.00   1000.00     80.08    368.75      0.00      0.00      0.00      0.00
11:59:18    veth1f0dbb4   1000.00   1000.00     93.75    368.75      0.00      0.00      0.00      0.03

11:59:18        CPU     %user     %nice   %system   %iowait    %steal     %idle
11:59:19        all     12.04      0.00     10.47      0.00      0.00     77.49

11:59:18    kbmemfree   kbavail kbmemused  %memused kbbuffers  kbcached  kbcommit   %commit  kbactive   kbinact   kbdirty
11:59:19      5548632   7263348    530352      6.52     43976   1862576   1890976     23.26   1018100   1302684       136

11:59:18        IFACE   rxpck/s   txpck/s    rxkB/s    txkB/s   rxcmp/s   txcmp/s  rxmcst/s   %ifutil
11:59:19           lo   2000.00   2000.00    435.16    435.16      0.00      0.00      0.00      0.00
11:59:19         ens4    403.00    400.00    304.10     68.16      0.00      0.00      0.00      0.00
11:59:19      docker0   1000.00   1000.00     80.08    368.75      0.00      0.00      0.00      0.00
11:59:19    veth1f0dbb4   1000.00   1000.00     93.75    368.75      0.00      0.00      0.00      0.03

11:59:19        CPU     %user     %nice   %system   %iowait    %steal     %idle
11:59:20        all     12.76      0.00     12.24      0.00      0.51     74.49

11:59:19    kbmemfree   kbavail kbmemused  %memused kbbuffers  kbcached  kbcommit   %commit  kbactive   kbinact   kbdirty
11:59:20      5548632   7263344    530236      6.52     43976   1862600   1891112     23.26   1018344   1302704       148

11:59:19        IFACE   rxpck/s   txpck/s    rxkB/s    txkB/s   rxcmp/s   txcmp/s  rxmcst/s   %ifutil
11:59:20           lo   2003.00   2003.00    435.31    435.31      0.00      0.00      0.00      0.00
11:59:20         ens4    568.00    551.00    315.10     78.02      0.00      0.00      0.00      0.00
11:59:20      docker0   1000.00   1000.00     80.08    368.75      0.00      0.00      0.00      0.00
11:59:20    veth1f0dbb4   1000.00   1000.00     93.75    368.75      0.00      0.00      0.00      0.03

11:59:20        CPU     %user     %nice   %system   %iowait    %steal     %idle
11:59:21        all     19.69      0.00     13.47      0.00      0.00     66.84

11:59:20    kbmemfree   kbavail kbmemused  %memused kbbuffers  kbcached  kbcommit   %commit  kbactive   kbinact   kbdirty
11:59:21      5548632   7263400    530092      6.52     43976   1862624   1891176     23.26   1018144   1302768       296

11:59:20        IFACE   rxpck/s   txpck/s    rxkB/s    txkB/s   rxcmp/s   txcmp/s  rxmcst/s   %ifutil
11:59:21           lo   2000.00   2000.00    435.16    435.16      0.00      0.00      0.00      0.00
11:59:21         ens4    409.00    406.00    306.04     71.74      0.00      0.00      0.00      0.00
11:59:21      docker0   1000.00   1000.00     80.08    368.75      0.00      0.00      0.00      0.00
11:59:21    veth1f0dbb4   1000.00   1000.00     93.75    368.75      0.00      0.00      0.00      0.03

11:59:21        CPU     %user     %nice   %system   %iowait    %steal     %idle
11:59:22        all     36.98      0.00     14.06      0.00      0.00     48.96

11:59:21    kbmemfree   kbavail kbmemused  %memused kbbuffers  kbcached  kbcommit   %commit  kbactive   kbinact   kbdirty
11:59:22      5540820   7255616    537724      6.61     43976   1862648   1900868     23.38   1027008   1302796       404

11:59:21        IFACE   rxpck/s   txpck/s    rxkB/s    txkB/s   rxcmp/s   txcmp/s  rxmcst/s   %ifutil
11:59:22           lo   1995.00   1995.00    434.76    434.76      0.00      0.00      0.00      0.00
11:59:22         ens4    410.00    407.00    305.25     72.89      0.00      0.00      0.00      0.00
11:59:22      docker0    999.00    999.00     80.03    368.69      0.00      0.00      0.00      0.00
11:59:22    veth1f0dbb4    999.00    999.00     93.69    368.69      0.00      0.00      0.00      0.03

11:59:22        CPU     %user     %nice   %system   %iowait    %steal     %idle
11:59:23        all     45.45      0.00     18.69      0.00      0.00     35.86

11:59:22    kbmemfree   kbavail kbmemused  %memused kbbuffers  kbcached  kbcommit   %commit  kbactive   kbinact   kbdirty
11:59:23      5537796   7252616    540556      6.65     43980   1862672   1890988     23.26   1020944   1302816       464

11:59:22        IFACE   rxpck/s   txpck/s    rxkB/s    txkB/s   rxcmp/s   txcmp/s  rxmcst/s   %ifutil
11:59:23           lo   2005.00   2005.00    435.55    435.55      0.00      0.00      0.00      0.00
11:59:23         ens4    441.00    432.00    307.71    343.75      0.00      0.00      0.00      0.00
11:59:23      docker0   1001.00   1001.00     80.13    368.81      0.00      0.00      0.00      0.00
11:59:23    veth1f0dbb4   1001.00   1001.00     93.81    368.81      0.00      0.00      0.00      0.03

11:59:23        CPU     %user     %nice   %system   %iowait    %steal     %idle
11:59:24        all     11.58      0.00     10.00      0.00      0.00     78.42

11:59:23    kbmemfree   kbavail kbmemused  %memused kbbuffers  kbcached  kbcommit   %commit  kbactive   kbinact   kbdirty
11:59:24      5537796   7252620    540432      6.65     43980   1862692   1890988     23.26   1020944   1302820       484

11:59:23        IFACE   rxpck/s   txpck/s    rxkB/s    txkB/s   rxcmp/s   txcmp/s  rxmcst/s   %ifutil
11:59:24           lo   2000.00   2000.00    435.16    435.16      0.00      0.00      0.00      0.00
11:59:24         ens4    402.00    400.00    304.04     68.16      0.00      0.00      0.00      0.00
11:59:24      docker0   1000.00   1000.00     80.08    368.75      0.00      0.00      0.00      0.00
11:59:24    veth1f0dbb4   1000.00   1000.00     93.75    368.75      0.00      0.00      0.00      0.03

11:59:24        CPU     %user     %nice   %system   %iowait    %steal     %idle
11:59:25        all      4.59      0.00      5.10      0.00      0.00     90.31

11:59:24    kbmemfree   kbavail kbmemused  %memused kbbuffers  kbcached  kbcommit   %commit  kbactive   kbinact   kbdirty
11:59:25      5537796   7252620    540316      6.65     43980   1862708   1890988     23.26   1020944   1302820       500

11:59:24        IFACE   rxpck/s   txpck/s    rxkB/s    txkB/s   rxcmp/s   txcmp/s  rxmcst/s   %ifutil
11:59:25           lo    840.00    840.00    182.77    182.77      0.00      0.00      0.00      0.00
11:59:25         ens4    172.00    168.00    127.90     28.63      0.00      0.00      0.00      0.00
11:59:25      docker0    420.00    420.00     33.63    154.88      0.00      0.00      0.00      0.00
11:59:25    veth1f0dbb4    420.00    420.00     39.38    154.88      0.00      0.00      0.00      0.01

11:59:25        CPU     %user     %nice   %system   %iowait    %steal     %idle
11:59:26        all      0.50      0.00      0.50      0.00      0.00     99.00

11:59:25    kbmemfree   kbavail kbmemused  %memused kbbuffers  kbcached  kbcommit   %commit  kbactive   kbinact   kbdirty
11:59:26      5537796   7252636    540316      6.65     43980   1862708   1890988     23.26   1020944   1302836       120

11:59:25        IFACE   rxpck/s   txpck/s    rxkB/s    txkB/s   rxcmp/s   txcmp/s  rxmcst/s   %ifutil
11:59:26           lo      0.00      0.00      0.00      0.00      0.00      0.00      0.00      0.00
11:59:26         ens4      1.00      1.00      0.04      0.04      0.00      0.00      0.00      0.00
11:59:26      docker0      0.00      0.00      0.00      0.00      0.00      0.00      0.00      0.00
11:59:26    veth1f0dbb4      0.00      0.00      0.00      0.00      0.00      0.00      0.00      0.00

11:59:26        CPU     %user     %nice   %system   %iowait    %steal     %idle
11:59:27        all      0.00      0.00      0.00      0.00      0.00    100.00

11:59:26    kbmemfree   kbavail kbmemused  %memused kbbuffers  kbcached  kbcommit   %commit  kbactive   kbinact   kbdirty
11:59:27      5537796   7252660    540316      6.65     43980   1862708   1890988     23.26   1020948   1302860       116

11:59:26        IFACE   rxpck/s   txpck/s    rxkB/s    txkB/s   rxcmp/s   txcmp/s  rxmcst/s   %ifutil
11:59:27           lo      0.00      0.00      0.00      0.00      0.00      0.00      0.00      0.00
11:59:27         ens4      1.00      1.00      0.06      0.06      0.00      0.00      0.00      0.00
11:59:27      docker0      0.00      0.00      0.00      0.00      0.00      0.00      0.00      0.00
11:59:27    veth1f0dbb4      0.00      0.00      0.00      0.00      0.00      0.00      0.00      0.00

11:59:27        CPU     %user     %nice   %system   %iowait    %steal     %idle
11:59:28        all      0.00      0.00      0.50      0.00      0.00     99.50

11:59:27    kbmemfree   kbavail kbmemused  %memused kbbuffers  kbcached  kbcommit   %commit  kbactive   kbinact   kbdirty
11:59:28      5537796   7252660    540308      6.65     43988   1862708   1890988     23.26   1020948   1302860       124

11:59:27        IFACE   rxpck/s   txpck/s    rxkB/s    txkB/s   rxcmp/s   txcmp/s  rxmcst/s   %ifutil
11:59:28           lo      0.00      0.00      0.00      0.00      0.00      0.00      0.00      0.00
11:59:28         ens4      0.00      0.00      0.00      0.00      0.00      0.00      0.00      0.00
11:59:28      docker0      0.00      0.00      0.00      0.00      0.00      0.00      0.00      0.00
11:59:28    veth1f0dbb4      0.00      0.00      0.00      0.00      0.00      0.00      0.00      0.00

11:59:28        CPU     %user     %nice   %system   %iowait    %steal     %idle
11:59:29        all      1.00      0.00      0.00      0.00      0.00     99.00

11:59:28    kbmemfree   kbavail kbmemused  %memused kbbuffers  kbcached  kbcommit   %commit  kbactive   kbinact   kbdirty
11:59:29      5537796   7252660    540304      6.65     43988   1862712   1890988     23.26   1020948   1302860       128

11:59:28        IFACE   rxpck/s   txpck/s    rxkB/s    txkB/s   rxcmp/s   txcmp/s  rxmcst/s   %ifutil
11:59:29           lo      0.00      0.00      0.00      0.00      0.00      0.00      0.00      0.00
11:59:29         ens4      0.00      0.00      0.00      0.00      0.00      0.00      0.00      0.00
11:59:29      docker0      0.00      0.00      0.00      0.00      0.00      0.00      0.00      0.00
11:59:29    veth1f0dbb4      0.00      0.00      0.00      0.00      0.00      0.00      0.00      0.00

11:59:29        CPU     %user     %nice   %system   %iowait    %steal     %idle
11:59:30        all      7.18      0.00      6.67      0.00      0.00     86.15

11:59:29    kbmemfree   kbavail kbmemused  %memused kbbuffers  kbcached  kbcommit   %commit  kbactive   kbinact   kbdirty
11:59:30      5537556   7252432    540300      6.65     43988   1862716   1890988     23.26   1020828   1302864       136

11:59:29        IFACE   rxpck/s   txpck/s    rxkB/s    txkB/s   rxcmp/s   txcmp/s  rxmcst/s   %ifutil
11:59:30           lo   1165.00   1165.00    254.17    254.17      0.00      0.00      0.00      0.00
11:59:30         ens4    472.00    351.00    194.05     48.12      0.00      0.00      0.00      0.00
11:59:30      docker0    582.00    583.00     46.55    215.59      0.00      0.00      0.00      0.00
11:59:30    veth1f0dbb4    582.00    583.00     54.51    215.59      0.00      0.00      0.00      0.02

11:59:30        CPU     %user     %nice   %system   %iowait    %steal     %idle
11:59:31        all     24.23      0.00     11.86      0.00      0.00     63.92

11:59:30    kbmemfree   kbavail kbmemused  %memused kbbuffers  kbcached  kbcommit   %commit  kbactive   kbinact   kbdirty
11:59:31      5536828   7251788    540428      6.65     43988   1862744   1893036     23.29   1022172   1302900       164

11:59:30        IFACE   rxpck/s   txpck/s    rxkB/s    txkB/s   rxcmp/s   txcmp/s  rxmcst/s   %ifutil
11:59:31           lo   2119.00   2119.00    459.69    459.69      0.00      0.00      0.00      0.00
11:59:31         ens4    598.00    507.00    332.61     78.25      0.00      0.00      0.00      0.00
11:59:31      docker0   1058.00   1057.00     84.77    389.16      0.00      0.00      0.00      0.00
11:59:31    veth1f0dbb4   1058.00   1057.00     99.24    389.16      0.00      0.00      0.00      0.03

11:59:31        CPU     %user     %nice   %system   %iowait    %steal     %idle
11:59:32        all     18.13      0.00     12.44      0.00      0.52     68.91

11:59:31    kbmemfree   kbavail kbmemused  %memused kbbuffers  kbcached  kbcommit   %commit  kbactive   kbinact   kbdirty
11:59:32      5536828   7251804    540228      6.65     43988   1862768   1893036     23.29   1022288   1302916       180

11:59:31        IFACE   rxpck/s   txpck/s    rxkB/s    txkB/s   rxcmp/s   txcmp/s  rxmcst/s   %ifutil
11:59:32           lo   2210.00   2210.00    480.85    480.85      0.00      0.00      0.00      0.00
11:59:32         ens4    447.00    443.00    336.12     75.36      0.00      0.00      0.00      0.00
11:59:32      docker0   1105.00   1105.00     88.49    407.47      0.00      0.00      0.00      0.00
11:59:32    veth1f0dbb4   1105.00   1105.00    103.59    407.47      0.00      0.00      0.00      0.03

11:59:32        CPU     %user     %nice   %system   %iowait    %steal     %idle
11:59:33        all     13.02      0.00     13.02      0.00      0.00     73.96

11:59:32    kbmemfree   kbavail kbmemused  %memused kbbuffers  kbcached  kbcommit   %commit  kbactive   kbinact   kbdirty
11:59:33      5555196   7270220    521904      6.42     43996   1862796   1890988     23.26   1020512   1302964       168

11:59:32        IFACE   rxpck/s   txpck/s    rxkB/s    txkB/s   rxcmp/s   txcmp/s  rxmcst/s   %ifutil
11:59:33           lo   2310.00   2310.00    502.61    502.61      0.00      0.00      0.00      0.00
11:59:33         ens4    469.00    462.00    351.46     78.73      0.00      0.00      0.00      0.00
11:59:33      docker0   1155.00   1155.00     92.49    425.91      0.00      0.00      0.00      0.00
11:59:33    veth1f0dbb4   1155.00   1155.00    108.28    425.91      0.00      0.00      0.00      0.03

11:59:33        CPU     %user     %nice   %system   %iowait    %steal     %idle
11:59:34        all     10.47      0.00     12.57      0.00      0.52     76.44

11:59:33    kbmemfree   kbavail kbmemused  %memused kbbuffers  kbcached  kbcommit   %commit  kbactive   kbinact   kbdirty
11:59:34      5554440   7269472    522548      6.43     43996   1862828   1890988     23.26   1020444   1302968       220

11:59:33        IFACE   rxpck/s   txpck/s    rxkB/s    txkB/s   rxcmp/s   txcmp/s  rxmcst/s   %ifutil
11:59:34           lo   2410.00   2410.00    524.36    524.36      0.00      0.00      0.00      0.00
11:59:34         ens4    487.00    481.00    366.53     81.86      0.00      0.00      0.00      0.00
11:59:34      docker0   1204.00   1204.00     96.44    444.28      0.00      0.00      0.00      0.00
11:59:34    veth1f0dbb4   1204.00   1204.00    112.90    444.28      0.00      0.00      0.00      0.04

11:59:34        CPU     %user     %nice   %system   %iowait    %steal     %idle
11:59:35        all     10.88      0.00     12.95      0.00      0.00     76.17

11:59:34    kbmemfree   kbavail kbmemused  %memused kbbuffers  kbcached  kbcommit   %commit  kbactive   kbinact   kbdirty
11:59:35      5554440   7269472    522396      6.43     43996   1862844   1890988     23.26   1020444   1302968       236

11:59:34        IFACE   rxpck/s   txpck/s    rxkB/s    txkB/s   rxcmp/s   txcmp/s  rxmcst/s   %ifutil
11:59:35           lo   2510.00   2510.00    546.12    546.12      0.00      0.00      0.00      0.00
11:59:35         ens4    515.00    503.00    382.24     85.82      0.00      0.00      0.00      0.00
11:59:35      docker0   1256.00   1256.00    100.55    462.85      0.00      0.00      0.00      0.00
11:59:35    veth1f0dbb4   1256.00   1256.00    117.72    462.85      0.00      0.00      0.00      0.04

11:59:35        CPU     %user     %nice   %system   %iowait    %steal     %idle
11:59:36        all     12.63      0.00     13.68      0.00      0.00     73.68

11:59:35    kbmemfree   kbavail kbmemused  %memused kbbuffers  kbcached  kbcommit   %commit  kbactive   kbinact   kbdirty
11:59:36      5553936   7269040    522620      6.43     43996   1862880   1890988     23.26   1020444   1303040       272

11:59:35        IFACE   rxpck/s   txpck/s    rxkB/s    txkB/s   rxcmp/s   txcmp/s  rxmcst/s   %ifutil
11:59:36           lo   2605.00   2605.00    567.49    567.49      0.00      0.00      0.00      0.00
11:59:36         ens4    532.00    521.00    397.24     88.68      0.00      0.00      0.00      0.00
11:59:36      docker0   1300.00   1300.00    104.10    479.38      0.00      0.00      0.00      0.00
11:59:36    veth1f0dbb4   1300.00   1300.00    121.88    479.38      0.00      0.00      0.00      0.04

11:59:36        CPU     %user     %nice   %system   %iowait    %steal     %idle
11:59:37        all     15.54      0.00     14.51      0.00      0.00     69.95

11:59:36    kbmemfree   kbavail kbmemused  %memused kbbuffers  kbcached  kbcommit   %commit  kbactive   kbinact   kbdirty
11:59:37      5553684   7268816    522640      6.43     43996   1862908   1890988     23.26   1020452   1303068       300

11:59:36        IFACE   rxpck/s   txpck/s    rxkB/s    txkB/s   rxcmp/s   txcmp/s  rxmcst/s   %ifutil
11:59:37           lo   2705.00   2705.00    587.85    587.85      0.00      0.00      0.00      0.00
11:59:37         ens4    553.00    541.00    411.11     92.30      0.00      0.00      0.00      0.00
11:59:37      docker0   1355.00   1355.00    108.51    499.66      0.00      0.00      0.00      0.00
11:59:37    veth1f0dbb4   1355.00   1355.00    127.03    499.66      0.00      0.00      0.00      0.04

11:59:37        CPU     %user     %nice   %system   %iowait    %steal     %idle
11:59:38        all     11.98      0.00     15.10      0.00      0.00     72.92

11:59:37    kbmemfree   kbavail kbmemused  %memused kbbuffers  kbcached  kbcommit   %commit  kbactive   kbinact   kbdirty
11:59:38      5553432   7268584    522696      6.43     44000   1862932   1890988     23.26   1020452   1303088       316

11:59:37        IFACE   rxpck/s   txpck/s    rxkB/s    txkB/s   rxcmp/s   txcmp/s  rxmcst/s   %ifutil
11:59:38           lo   2810.00   2810.00    611.39    611.39      0.00      0.00      0.00      0.00
11:59:38         ens4    571.00    563.00    427.54     95.81      0.00      0.00      0.00      0.00
11:59:38      docker0   1405.00   1405.00    112.51    518.09      0.00      0.00      0.00      0.00
11:59:38    veth1f0dbb4   1405.00   1405.00    131.72    518.09      0.00      0.00      0.00      0.04

11:59:38        CPU     %user     %nice   %system   %iowait    %steal     %idle
11:59:39        all     14.89      0.00     11.70      0.00      0.53     72.87

11:59:38    kbmemfree   kbavail kbmemused  %memused kbbuffers  kbcached  kbcommit   %commit  kbactive   kbinact   kbdirty
11:59:39      5553180   7268332    522704      6.43     44000   1862976   1890988     23.26   1020452   1303088       360

11:59:38        IFACE   rxpck/s   txpck/s    rxkB/s    txkB/s   rxcmp/s   txcmp/s  rxmcst/s   %ifutil
11:59:39           lo   2910.00   2910.00    633.15    633.15      0.00      0.00      0.00      0.00
11:59:39         ens4    602.00    582.00    443.47     99.18      0.00      0.00      0.00      0.00
11:59:39      docker0   1455.00   1455.00    116.51    536.53      0.00      0.00      0.00      0.00
11:59:39    veth1f0dbb4   1455.00   1455.00    136.41    536.53      0.00      0.00      0.00      0.04

11:59:39        CPU     %user     %nice   %system   %iowait    %steal     %idle
11:59:40        all     12.50      0.00     16.15      0.00      0.00     71.35

11:59:39    kbmemfree   kbavail kbmemused  %memused kbbuffers  kbcached  kbcommit   %commit  kbactive   kbinact   kbdirty
11:59:40      5553180   7268380    522496      6.43     44000   1863012   1890988     23.26   1020464   1303136       396

11:59:39        IFACE   rxpck/s   txpck/s    rxkB/s    txkB/s   rxcmp/s   txcmp/s  rxmcst/s   %ifutil
11:59:40           lo   3010.00   3010.00    654.91    654.91      0.00      0.00      0.00      0.00
11:59:40         ens4    619.00    602.00    458.47    102.59      0.00      0.00      0.00      0.00
11:59:40      docker0   1505.00   1505.00    120.52    554.97      0.00      0.00      0.00      0.00
11:59:40    veth1f0dbb4   1505.00   1505.00    141.09    554.97      0.00      0.00      0.00      0.05

11:59:40        CPU     %user     %nice   %system   %iowait    %steal     %idle
11:59:41        all     13.61      0.00     14.66      0.00      0.52     71.20

11:59:40    kbmemfree   kbavail kbmemused  %memused kbbuffers  kbcached  kbcommit   %commit  kbactive   kbinact   kbdirty
11:59:41      5553180   7268432    522356      6.43     44000   1863040   1890988     23.26   1020464   1303188       424

11:59:40        IFACE   rxpck/s   txpck/s    rxkB/s    txkB/s   rxcmp/s   txcmp/s  rxmcst/s   %ifutil
11:59:41           lo   3110.00   3110.00    676.67    676.67      0.00      0.00      0.00      0.00
11:59:41         ens4    638.00    622.00    473.61    106.00      0.00      0.00      0.00      0.00
11:59:41      docker0   1555.00   1555.00    124.52    573.41      0.00      0.00      0.00      0.00
11:59:41    veth1f0dbb4   1555.00   1555.00    145.78    573.41      0.00      0.00      0.00      0.05

11:59:41        CPU     %user     %nice   %system   %iowait    %steal     %idle
11:59:42        all     13.68      0.00     15.79      0.00      0.00     70.53

11:59:41    kbmemfree   kbavail kbmemused  %memused kbbuffers  kbcached  kbcommit   %commit  kbactive   kbinact   kbdirty
11:59:42      5552676   7267928    522620      6.43     44000   1863084   1890988     23.26   1020464   1303188       468

11:59:41        IFACE   rxpck/s   txpck/s    rxkB/s    txkB/s   rxcmp/s   txcmp/s  rxmcst/s   %ifutil
11:59:42           lo   3205.00   3205.00    698.03    698.03      0.00      0.00      0.00      0.00
11:59:42         ens4    672.00    642.00    489.70    109.19      0.00      0.00      0.00      0.00
11:59:42      docker0   1600.00   1600.00    128.12    590.00      0.00      0.00      0.00      0.00
11:59:42    veth1f0dbb4   1600.00   1600.00    150.00    590.00      0.00      0.00      0.00      0.05

11:59:42        CPU     %user     %nice   %system   %iowait    %steal     %idle
11:59:43        all     14.05      0.00     15.68      0.00      0.00     70.27

11:59:42    kbmemfree   kbavail kbmemused  %memused kbbuffers  kbcached  kbcommit   %commit  kbactive   kbinact   kbdirty
11:59:43      5552452   7267740    522656      6.43     44000   1863116   1890988     23.26   1020464   1303224       500

11:59:42        IFACE   rxpck/s   txpck/s    rxkB/s    txkB/s   rxcmp/s   txcmp/s  rxmcst/s   %ifutil
11:59:43           lo   3310.00   3310.00    720.18    720.18      0.00      0.00      0.00      0.00
11:59:43         ens4    688.00    666.00    508.27    113.47      0.00      0.00      0.00      0.00
11:59:43      docker0   1657.00   1658.00    132.64    612.00      0.00      0.00      0.00      0.00
11:59:43    veth1f0dbb4   1657.00   1658.00    155.29    612.00      0.00      0.00      0.00      0.05

11:59:43        CPU     %user     %nice   %system   %iowait    %steal     %idle
11:59:44        all     14.21      0.00     17.89      0.00      0.00     67.89

11:59:43    kbmemfree   kbavail kbmemused  %memused kbbuffers  kbcached  kbcommit   %commit  kbactive   kbinact   kbdirty
11:59:44      5552452   7267820    522420      6.43     44000   1863156   1890988     23.26   1020464   1303304       532

11:59:43        IFACE   rxpck/s   txpck/s    rxkB/s    txkB/s   rxcmp/s   txcmp/s  rxmcst/s   %ifutil
11:59:44           lo   3410.00   3410.00    741.94    741.94      0.00      0.00      0.00      0.00
11:59:44         ens4    699.00    682.00    519.23    116.20      0.00      0.00      0.00      0.00
11:59:44      docker0   1705.00   1705.00    136.53    628.72      0.00      0.00      0.00      0.00
11:59:44    veth1f0dbb4   1705.00   1705.00    159.84    628.72      0.00      0.00      0.00      0.05

11:59:44        CPU     %user     %nice   %system   %iowait    %steal     %idle
11:59:45        all     15.71      0.00     17.28      0.00      0.00     67.02

11:59:44    kbmemfree   kbavail kbmemused  %memused kbbuffers  kbcached  kbcommit   %commit  kbactive   kbinact   kbdirty
11:59:45      5551724   7267096    523000      6.43     44000   1863184   1890988     23.26   1020464   1303304       564

11:59:44        IFACE   rxpck/s   txpck/s    rxkB/s    txkB/s   rxcmp/s   txcmp/s  rxmcst/s   %ifutil
11:59:45           lo   3505.00   3505.00    761.92    761.92      0.00      0.00      0.00      0.00
11:59:45         ens4    724.00    702.00    533.38    119.63      0.00      0.00      0.00      0.00
11:59:45      docker0   1753.00   1752.00    140.43    645.44      0.00      0.00      0.00      0.00
11:59:45    veth1f0dbb4   1753.00   1752.00    164.39    645.44      0.00      0.00      0.00      0.05

11:59:45        CPU     %user     %nice   %system   %iowait    %steal     %idle
11:59:46        all     15.51      0.00     17.65      0.00      0.53     66.31

11:59:45    kbmemfree   kbavail kbmemused  %memused kbbuffers  kbcached  kbcommit   %commit  kbactive   kbinact   kbdirty
11:59:46      5551724   7267180    522816      6.43     44000   1863228   1890988     23.26   1020500   1303388       608

11:59:45        IFACE   rxpck/s   txpck/s    rxkB/s    txkB/s   rxcmp/s   txcmp/s  rxmcst/s   %ifutil
11:59:46           lo   3614.00   3614.00    785.66    785.66      0.00      0.00      0.00      0.00
11:59:46         ens4    751.00    721.00    550.42    122.76      0.00      0.00      0.00      0.00
11:59:46      docker0   1804.00   1804.00    144.49    665.53      0.00      0.00      0.00      0.00
11:59:46    veth1f0dbb4   1804.00   1804.00    169.15    665.53      0.00      0.00      0.00      0.05

11:59:46        CPU     %user     %nice   %system   %iowait    %steal     %idle
11:59:47        all     16.15      0.00     18.75      0.00      0.00     65.10

11:59:46    kbmemfree   kbavail kbmemused  %memused kbbuffers  kbcached  kbcommit   %commit  kbactive   kbinact   kbdirty
11:59:47      5551724   7267224    522600      6.43     44000   1863268   1890988     23.26   1020684   1303432       632

11:59:46        IFACE   rxpck/s   txpck/s    rxkB/s    txkB/s   rxcmp/s   txcmp/s  rxmcst/s   %ifutil
11:59:47           lo   3710.00   3710.00    807.21    807.21      0.00      0.00      0.00      0.00
11:59:47         ens4    766.00    743.00    565.29    126.72      0.00      0.00      0.00      0.00
11:59:47      docker0   1856.00   1856.00    148.60    684.10      0.00      0.00      0.00      0.00
11:59:47    veth1f0dbb4   1856.00   1856.00    173.97    684.10      0.00      0.00      0.00      0.06

11:59:47        CPU     %user     %nice   %system   %iowait    %steal     %idle
11:59:48        all     15.96      0.00     17.02      0.00      0.53     66.49

11:59:47    kbmemfree   kbavail kbmemused  %memused kbbuffers  kbcached  kbcommit   %commit  kbactive   kbinact   kbdirty
11:59:48      5551220   7266756    522788      6.43     44004   1863320   1890988     23.26   1020840   1303468       704

11:59:47        IFACE   rxpck/s   txpck/s    rxkB/s    txkB/s   rxcmp/s   txcmp/s  rxmcst/s   %ifutil
11:59:48           lo   3810.00   3810.00    828.97    828.97      0.00      0.00      0.00      0.00
11:59:48         ens4    786.00    762.00    580.49    129.85      0.00      0.00      0.00      0.00
11:59:48      docker0   1904.00   1904.00    152.50    702.40      0.00      0.00      0.00      0.00
11:59:48    veth1f0dbb4   1904.00   1904.00    178.53    702.40      0.00      0.00      0.00      0.06

11:59:48        CPU     %user     %nice   %system   %iowait    %steal     %idle
11:59:49        all     15.96      0.00     19.15      0.00      0.00     64.89

11:59:48    kbmemfree   kbavail kbmemused  %memused kbbuffers  kbcached  kbcommit   %commit  kbactive   kbinact   kbdirty
11:59:49      5551220   7266756    522580      6.43     44004   1863352   1890988     23.26   1020840   1303468       736

11:59:48        IFACE   rxpck/s   txpck/s    rxkB/s    txkB/s   rxcmp/s   txcmp/s  rxmcst/s   %ifutil
11:59:49           lo   3900.00   3900.00    848.55    848.55      0.00      0.00      0.00      0.00
11:59:49         ens4    800.00    780.00    593.91    132.92      0.00      0.00      0.00      0.00
11:59:49      docker0   1951.00   1951.00    156.20    719.13      0.00      0.00      0.00      0.00
11:59:49    veth1f0dbb4   1951.00   1951.00    182.88    719.13      0.00      0.00      0.00      0.06

11:59:49        CPU     %user     %nice   %system   %iowait    %steal     %idle
11:59:50        all     17.74      0.00     17.20      0.00      0.00     65.05

11:59:49    kbmemfree   kbavail kbmemused  %memused kbbuffers  kbcached  kbcommit   %commit  kbactive   kbinact   kbdirty
11:59:50      5550968   7266584    522572      6.43     44004   1863396   1890988     23.26   1020860   1303548       772

11:59:49        IFACE   rxpck/s   txpck/s    rxkB/s    txkB/s   rxcmp/s   txcmp/s  rxmcst/s   %ifutil
11:59:50           lo   4020.00   4020.00    874.66    874.66      0.00      0.00      0.00      0.00
11:59:50         ens4    817.00    805.00    611.67    137.05      0.00      0.00      0.00      0.00
11:59:50      docker0   2010.00   2010.00    160.96    741.19      0.00      0.00      0.00      0.00
11:59:50    veth1f0dbb4   2010.00   2010.00    188.44    741.19      0.00      0.00      0.00      0.06

11:59:50        CPU     %user     %nice   %system   %iowait    %steal     %idle
11:59:51        all     16.04      0.00     20.32      0.00      0.00     63.64

11:59:50    kbmemfree   kbavail kbmemused  %memused kbbuffers  kbcached  kbcommit   %commit  kbactive   kbinact   kbdirty
11:59:51      5550716   7266368    522524      6.43     44004   1863448   1890988     23.26   1020884   1303584       828

11:59:50        IFACE   rxpck/s   txpck/s    rxkB/s    txkB/s   rxcmp/s   txcmp/s  rxmcst/s   %ifutil
11:59:51           lo   4165.00   4165.00    906.91    906.91      0.00      0.00      0.00      0.00
11:59:51         ens4    854.00    833.00    634.93    141.85      0.00      0.00      0.00      0.00
11:59:51      docker0   2084.00   2084.00    166.91    768.78      0.00      0.00      0.00      0.00
11:59:51    veth1f0dbb4   2084.00   2084.00    195.40    768.78      0.00      0.00      0.00      0.06

11:59:51        CPU     %user     %nice   %system   %iowait    %steal     %idle
11:59:52        all     16.85      0.00     19.57      0.00      0.54     63.04

11:59:51    kbmemfree   kbavail kbmemused  %memused kbbuffers  kbcached  kbcommit   %commit  kbactive   kbinact   kbdirty
11:59:52      5550716   7266424    522292      6.42     44004   1863496   1890988     23.26   1020884   1303636       848

11:59:51        IFACE   rxpck/s   txpck/s    rxkB/s    txkB/s   rxcmp/s   txcmp/s  rxmcst/s   %ifutil
11:59:52           lo   4315.00   4315.00    938.15    938.15      0.00      0.00      0.00      0.00
11:59:52         ens4    886.00    863.00    656.46    147.17      0.00      0.00      0.00      0.00
11:59:52      docker0   2156.00   2156.00    172.62    794.72      0.00      0.00      0.00      0.00
11:59:52    veth1f0dbb4   2156.00   2156.00    202.10    794.72      0.00      0.00      0.00      0.07

11:59:52        CPU     %user     %nice   %system   %iowait    %steal     %idle
11:59:53        all     19.90      0.00     20.42      0.00      0.52     59.16

11:59:52    kbmemfree   kbavail kbmemused  %memused kbbuffers  kbcached  kbcommit   %commit  kbactive   kbinact   kbdirty
11:59:53      5550212   7265972    522608      6.43     44012   1863536   1890988     23.26   1020892   1303688       896

11:59:52        IFACE   rxpck/s   txpck/s    rxkB/s    txkB/s   rxcmp/s   txcmp/s  rxmcst/s   %ifutil
11:59:53           lo   4460.00   4460.00    970.40    970.40      0.00      0.00      0.00      0.00
11:59:53         ens4    917.00    892.00    679.32    152.01      0.00      0.00      0.00      0.00
11:59:53      docker0   2230.00   2230.00    178.57    822.31      0.00      0.00      0.00      0.00
11:59:53    veth1f0dbb4   2230.00   2230.00    209.06    822.31      0.00      0.00      0.00      0.07

11:59:53        CPU     %user     %nice   %system   %iowait    %steal     %idle
11:59:54        all     18.09      0.00     23.40      0.00      0.00     58.51

11:59:53    kbmemfree   kbavail kbmemused  %memused kbbuffers  kbcached  kbcommit   %commit  kbactive   kbinact   kbdirty
11:59:54      5550212   7266048    522292      6.42     44012   1863604   1890988     23.26   1020508   1303764       956

11:59:53        IFACE   rxpck/s   txpck/s    rxkB/s    txkB/s   rxcmp/s   txcmp/s  rxmcst/s   %ifutil
11:59:54           lo   4610.00   4610.00   1003.04   1003.04      0.00      0.00      0.00      0.00
11:59:54         ens4    941.00    922.00    701.73    157.12      0.00      0.00      0.00      0.00
11:59:54      docker0   2305.00   2305.00    184.58    849.97      0.00      0.00      0.00      0.00
11:59:54    veth1f0dbb4   2305.00   2305.00    216.09    849.97      0.00      0.00      0.00      0.07

11:59:54        CPU     %user     %nice   %system   %iowait    %steal     %idle
11:59:55        all     24.74      0.00     27.37      0.00      0.00     47.89

11:59:54    kbmemfree   kbavail kbmemused  %memused kbbuffers  kbcached  kbcommit   %commit  kbactive   kbinact   kbdirty
11:59:55      5548700   7264552    523644      6.44     44012   1863644   1890988     23.26   1020624   1303780       984

11:59:54        IFACE   rxpck/s   txpck/s    rxkB/s    txkB/s   rxcmp/s   txcmp/s  rxmcst/s   %ifutil
11:59:55           lo   4765.00   4765.00   1037.46   1037.46      0.00      0.00      0.00      0.00
11:59:55         ens4   1025.00   1003.00    729.39    165.52      0.00      0.00      0.00      0.00
11:59:55      docker0   2384.00   2384.00    190.94    879.40      0.00      0.00      0.00      0.00
11:59:55    veth1f0dbb4   2384.00   2384.00    223.53    879.40      0.00      0.00      0.00      0.07

11:59:55        CPU     %user     %nice   %system   %iowait    %steal     %idle
11:59:56        all     20.32      0.00     22.99      0.00      0.00     56.68

11:59:55    kbmemfree   kbavail kbmemused  %memused kbbuffers  kbcached  kbcommit   %commit  kbactive   kbinact   kbdirty
11:59:56      5548448   7264360    523708      6.44     44012   1863696   1890988     23.26   1020508   1303840      1040

11:59:55        IFACE   rxpck/s   txpck/s    rxkB/s    txkB/s   rxcmp/s   txcmp/s  rxmcst/s   %ifutil
11:59:56           lo   4912.00   4912.00   1068.55   1068.55      0.00      0.00      0.00      0.00
11:59:56         ens4   1019.00    983.00    748.45    167.38      0.00      0.00      0.00      0.00
11:59:56      docker0   2455.00   2455.00    196.59    905.28      0.00      0.00      0.00      0.00
11:59:56    veth1f0dbb4   2455.00   2455.00    230.16    905.28      0.00      0.00      0.00      0.07

11:59:56        CPU     %user     %nice   %system   %iowait    %steal     %idle
11:59:57        all     20.00      0.00     23.68      0.00      0.53     55.79

11:59:56    kbmemfree   kbavail kbmemused  %memused kbbuffers  kbcached  kbcommit   %commit  kbactive   kbinact   kbdirty
11:59:57      5548224   7264136    523756      6.44     44012   1863752   1890988     23.26   1020508   1303840      1096

11:59:56        IFACE   rxpck/s   txpck/s    rxkB/s    txkB/s   rxcmp/s   txcmp/s  rxmcst/s   %ifutil
11:59:57           lo   5067.00   5067.00   1102.83   1102.83      0.00      0.00      0.00      0.00
11:59:57         ens4   1039.00   1015.00    772.01    172.86      0.00      0.00      0.00      0.00
11:59:57      docker0   2531.00   2531.00    202.65    933.00      0.00      0.00      0.00      0.00
11:59:57    veth1f0dbb4   2531.00   2531.00    237.25    933.00      0.00      0.00      0.00      0.08

11:59:57        CPU     %user     %nice   %system   %iowait    %steal     %idle
11:59:58        all     19.79      0.00     24.06      0.00      0.53     55.61

11:59:57    kbmemfree   kbavail kbmemused  %memused kbbuffers  kbcached  kbcommit   %commit  kbactive   kbinact   kbdirty
11:59:58      5548000   7264044    523632      6.44     44016   1863820   1890988     23.26   1020508   1303960      1168

11:59:57        IFACE   rxpck/s   txpck/s    rxkB/s    txkB/s   rxcmp/s   txcmp/s  rxmcst/s   %ifutil
11:59:58           lo   5211.00   5211.00   1133.63   1133.63      0.00      0.00      0.00      0.00
11:59:58         ens4   1090.00   1042.00    794.77    177.57      0.00      0.00      0.00      0.00
11:59:58      docker0   2609.00   2609.00    208.95    962.37      0.00      0.00      0.00      0.00
11:59:58    veth1f0dbb4   2609.00   2609.00    244.62    962.37      0.00      0.00      0.00      0.08

11:59:58        CPU     %user     %nice   %system   %iowait    %steal     %idle
11:59:59        all     22.58      0.00     25.27      0.00      0.00     52.15

11:59:58    kbmemfree   kbavail kbmemused  %memused kbbuffers  kbcached  kbcommit   %commit  kbactive   kbinact   kbdirty
11:59:59      5546740   7262860    524612      6.45     44016   1863868   1890988     23.26   1020508   1304036      1216

11:59:58        IFACE   rxpck/s   txpck/s    rxkB/s    txkB/s   rxcmp/s   txcmp/s  rxmcst/s   %ifutil
11:59:59           lo   5360.00   5360.00   1166.22   1166.22      0.00      0.00      0.00      0.00
11:59:59         ens4   1116.00   1072.00    817.30    182.68      0.00      0.00      0.00      0.00
11:59:59      docker0   2678.00   2679.00    214.37    988.19      0.00      0.00      0.00      0.00
11:59:59    veth1f0dbb4   2678.00   2679.00    250.98    988.19      0.00      0.00      0.00      0.08

11:59:59        CPU     %user     %nice   %system   %iowait    %steal     %idle
12:00:00        all     24.87      0.00     26.46      0.00      0.00     48.68

11:59:59    kbmemfree   kbavail kbmemused  %memused kbbuffers  kbcached  kbcommit   %commit  kbactive   kbinact   kbdirty
12:00:00      5546740   7262880    524340      6.45     44016   1863928   1890988     23.26   1020508   1304056      1276

11:59:59        IFACE   rxpck/s   txpck/s    rxkB/s    txkB/s   rxcmp/s   txcmp/s  rxmcst/s   %ifutil
12:00:00           lo   5520.00   5520.00   1207.10   1207.10      0.00      0.00      0.00      0.00
12:00:00         ens4   1132.00   1107.00    840.82    189.90      0.00      0.00      0.00      0.00
12:00:00      docker0   2758.00   2757.00    220.91   1016.04      0.00      0.00      0.00      0.00
12:00:00    veth1f0dbb4   2758.00   2757.00    258.61   1016.04      0.00      0.00      0.00      0.08

12:00:00        CPU     %user     %nice   %system   %iowait    %steal     %idle
12:00:01        all     24.06      0.00     25.67      0.00      0.00     50.27

12:00:00    kbmemfree   kbavail kbmemused  %memused kbbuffers  kbcached  kbcommit   %commit  kbactive   kbinact   kbdirty
12:00:01      5546012   7262276    524868      6.46     44020   1864000   1890988     23.26   1020672   1304180       104

12:00:00        IFACE   rxpck/s   txpck/s    rxkB/s    txkB/s   rxcmp/s   txcmp/s  rxmcst/s   %ifutil
12:00:01           lo   5682.00   5682.00   1257.13   1257.13      0.00      0.00      0.00      0.00
12:00:01         ens4   1180.00   1137.00    863.38    193.65      0.00      0.00      0.00      0.00
12:00:01      docker0   2832.00   2833.00    226.73   1045.28      0.00      0.00      0.00      0.00
12:00:01    veth1f0dbb4   2832.00   2833.00    265.45   1045.28      0.00      0.00      0.00      0.09

12:00:01        CPU     %user     %nice   %system   %iowait    %steal     %idle
12:00:02        all     22.22      0.00     28.04      0.00      0.00     49.74

12:00:01    kbmemfree   kbavail kbmemused  %memused kbbuffers  kbcached  kbcommit   %commit  kbactive   kbinact   kbdirty
12:00:02      5546012   7262312    524724      6.45     44020   1864064   1890988     23.26   1020876   1304216       172

12:00:01        IFACE   rxpck/s   txpck/s    rxkB/s    txkB/s   rxcmp/s   txcmp/s  rxmcst/s   %ifutil
12:00:02           lo   5815.00   5815.00   1264.52   1264.52      0.00      0.00      0.00      0.00
12:00:02         ens4   1192.00   1164.00    884.76    198.33      0.00      0.00      0.00      0.00
12:00:02      docker0   2908.00   2907.00    232.92   1071.35      0.00      0.00      0.00      0.00
12:00:02    veth1f0dbb4   2908.00   2907.00    272.68   1071.35      0.00      0.00      0.00      0.09

12:00:02        CPU     %user     %nice   %system   %iowait    %steal     %idle
12:00:03        all     23.81      0.00     28.04      0.00      0.53     47.62

12:00:02    kbmemfree   kbavail kbmemused  %memused kbbuffers  kbcached  kbcommit   %commit  kbactive   kbinact   kbdirty
12:00:03      5545760   7262100    524776      6.46     44028   1864120   1890988     23.26   1020900   1304252       236

12:00:02        IFACE   rxpck/s   txpck/s    rxkB/s    txkB/s   rxcmp/s   txcmp/s  rxmcst/s   %ifutil
12:00:03           lo   5955.00   5955.00   1296.37   1296.37      0.00      0.00      0.00      0.00
12:00:03         ens4   1239.00   1191.00    910.06    202.85      0.00      0.00      0.00      0.00
12:00:03      docker0   2977.00   2978.00    238.34   1098.75      0.00      0.00      0.00      0.00
12:00:03    veth1f0dbb4   2977.00   2978.00    279.04   1098.75      0.00      0.00      0.00      0.09

12:00:03        CPU     %user     %nice   %system   %iowait    %steal     %idle
12:00:04        all     25.40      0.00     28.04      0.00      0.53     46.03

12:00:03    kbmemfree   kbavail kbmemused  %memused kbbuffers  kbcached  kbcommit   %commit  kbactive   kbinact   kbdirty
12:00:04      5545760   7262216    524504      6.45     44028   1864204   1890988     23.26   1020904   1304368       324

12:00:03        IFACE   rxpck/s   txpck/s    rxkB/s    txkB/s   rxcmp/s   txcmp/s  rxmcst/s   %ifutil
12:00:04           lo   6120.00   6120.00   1331.58   1331.58      0.00      0.00      0.00      0.00
12:00:04         ens4   1249.00   1223.00    930.17    208.31      0.00      0.00      0.00      0.00
12:00:04      docker0   3060.00   3060.00    245.04   1128.38      0.00      0.00      0.00      0.00
12:00:04    veth1f0dbb4   3060.00   3060.00    286.88   1128.38      0.00      0.00      0.00      0.09

12:00:04        CPU     %user     %nice   %system   %iowait    %steal     %idle
12:00:05        all     24.86      0.00     29.19      0.00      0.00     45.95

12:00:04    kbmemfree   kbavail kbmemused  %memused kbbuffers  kbcached  kbcommit   %commit  kbactive   kbinact   kbdirty
12:00:05      5545284   7261820    524776      6.46     44028   1864276   1890988     23.26   1020904   1304440       352

12:00:04        IFACE   rxpck/s   txpck/s    rxkB/s    txkB/s   rxcmp/s   txcmp/s  rxmcst/s   %ifutil
12:00:05           lo   6260.00   6260.00   1362.04   1362.04      0.00      0.00      0.00      0.00
12:00:05         ens4   1291.00   1253.00    953.74    213.63      0.00      0.00      0.00      0.00
12:00:05      docker0   3130.00   3130.00    250.64   1154.19      0.00      0.00      0.00      0.00
12:00:05    veth1f0dbb4   3130.00   3130.00    293.44   1154.19      0.00      0.00      0.00      0.09

12:00:05        CPU     %user     %nice   %system   %iowait    %steal     %idle
12:00:06        all     25.13      0.00     30.89      0.00      0.00     43.98

12:00:05    kbmemfree   kbavail kbmemused  %memused kbbuffers  kbcached  kbcommit   %commit  kbactive   kbinact   kbdirty
12:00:06      5545280   7261892    524608      6.45     44028   1864348   1890988     23.26   1020520   1304516       424

12:00:05        IFACE   rxpck/s   txpck/s    rxkB/s    txkB/s   rxcmp/s   txcmp/s  rxmcst/s   %ifutil
12:00:06           lo   6410.00   6410.00   1394.68   1394.68      0.00      0.00      0.00      0.00
12:00:06         ens4   1324.00   1282.00    978.12    218.47      0.00      0.00      0.00      0.00
12:00:06      docker0   3205.00   3205.00    256.65   1181.84      0.00      0.00      0.00      0.00
12:00:06    veth1f0dbb4   3205.00   3205.00    300.47   1181.84      0.00      0.00      0.00      0.10

12:00:06        CPU     %user     %nice   %system   %iowait    %steal     %idle
12:00:07        all     26.74      0.00     29.95      0.00      0.00     43.32

12:00:06    kbmemfree   kbavail kbmemused  %memused kbbuffers  kbcached  kbcommit   %commit  kbactive   kbinact   kbdirty
12:00:07      5545028   7261688    524620      6.45     44028   1864408   1890988     23.26   1020520   1304560       476

12:00:06        IFACE   rxpck/s   txpck/s    rxkB/s    txkB/s   rxcmp/s   txcmp/s  rxmcst/s   %ifutil
12:00:07           lo   6570.00   6570.00   1429.49   1429.49      0.00      0.00      0.00      0.00
12:00:07         ens4   1342.00   1314.00    998.75    223.92      0.00      0.00      0.00      0.00
12:00:07      docker0   3285.00   3285.00    263.06   1211.34      0.00      0.00      0.00      0.00
12:00:07    veth1f0dbb4   3285.00   3285.00    307.97   1211.34      0.00      0.00      0.00      0.10

12:00:07        CPU     %user     %nice   %system   %iowait    %steal     %idle
12:00:08        all     26.84      0.00     30.53      0.00      0.00     42.63

12:00:07    kbmemfree   kbavail kbmemused  %memused kbbuffers  kbcached  kbcommit   %commit  kbactive   kbinact   kbdirty
12:00:08      5544536   7261256    524676      6.45     44032   1864500   1890988     23.26   1020520   1304620       592

12:00:07        IFACE   rxpck/s   txpck/s    rxkB/s    txkB/s   rxcmp/s   txcmp/s  rxmcst/s   %ifutil
12:00:08           lo   6710.00   6710.00   1459.95   1459.95      0.00      0.00      0.00      0.00
12:00:08         ens4   1387.00   1343.00   1022.48    228.73      0.00      0.00      0.00      0.00
12:00:08      docker0   3357.00   3356.00    268.90   1237.22      0.00      0.00      0.00      0.00
12:00:08    veth1f0dbb4   3357.00   3356.00    314.80   1237.22      0.00      0.00      0.00      0.10

12:00:08        CPU     %user     %nice   %system   %iowait    %steal     %idle
12:00:09        all     26.32      0.00     31.58      0.00      1.05     41.05

12:00:08    kbmemfree   kbavail kbmemused  %memused kbbuffers  kbcached  kbcommit   %commit  kbactive   kbinact   kbdirty
12:00:09      5544536   7261376    524508      6.45     44032   1864580   1890988     23.26   1020520   1304740       672

12:00:08        IFACE   rxpck/s   txpck/s    rxkB/s    txkB/s   rxcmp/s   txcmp/s  rxmcst/s   %ifutil
12:00:09           lo   6870.00   6870.00   1494.76   1494.76      0.00      0.00      0.00      0.00
12:00:09         ens4   1402.00   1374.00   1045.72    234.14      0.00      0.00      0.00      0.00
12:00:09      docker0   3432.00   3433.00    274.78   1265.01      0.00      0.00      0.00      0.00
12:00:09    veth1f0dbb4   3432.00   3433.00    321.70   1265.01      0.00      0.00      0.00      0.10

12:00:09        CPU     %user     %nice   %system   %iowait    %steal     %idle
12:00:10        all     26.60      0.00     31.91      0.00      0.00     41.49

12:00:09    kbmemfree   kbavail kbmemused  %memused kbbuffers  kbcached  kbcommit   %commit  kbactive   kbinact   kbdirty
12:00:10      5544536   7261428    524344      6.45     44032   1864656   1890988     23.26   1020528   1304792       748

12:00:09        IFACE   rxpck/s   txpck/s    rxkB/s    txkB/s   rxcmp/s   txcmp/s  rxmcst/s   %ifutil
12:00:10           lo   7010.00   7010.00   1525.22   1525.22      0.00      0.00      0.00      0.00
12:00:10         ens4   1437.00   1401.00   1067.45    238.85      0.00      0.00      0.00      0.00
12:00:10      docker0   3506.00   3506.00    280.72   1294.05      0.00      0.00      0.00      0.00
12:00:10    veth1f0dbb4   3506.00   3506.00    328.66   1294.05      0.00      0.00      0.00      0.11

12:00:10        CPU     %user     %nice   %system   %iowait    %steal     %idle
12:00:11        all     26.84      0.00     34.21      0.00      0.00     38.95

12:00:10    kbmemfree   kbavail kbmemused  %memused kbbuffers  kbcached  kbcommit   %commit  kbactive   kbinact   kbdirty
12:00:11      5546692   7263728    521928      6.42     44032   1864736   1890988     23.26   1020600   1304932       992

12:00:10        IFACE   rxpck/s   txpck/s    rxkB/s    txkB/s   rxcmp/s   txcmp/s  rxmcst/s   %ifutil
12:00:11           lo   7160.00   7160.00   1557.86   1557.86      0.00      0.00      0.00      0.00
12:00:11         ens4   1464.00   1435.00   1091.43    244.24      0.00      0.00      0.00      0.00
12:00:11      docker0   3582.00   3581.00    286.92   1320.19      0.00      0.00      0.00      0.00
12:00:11    veth1f0dbb4   3582.00   3581.00    335.89   1320.19      0.00      0.00      0.00      0.11

12:00:11        CPU     %user     %nice   %system   %iowait    %steal     %idle
12:00:12        all     27.27      0.00     33.69      0.00      0.00     39.04

12:00:11    kbmemfree   kbavail kbmemused  %memused kbbuffers  kbcached  kbcommit   %commit  kbactive   kbinact   kbdirty
12:00:12      5546216   7263320    522148      6.42     44032   1864800   1890988     23.26   1020840   1304992      1056

12:00:11        IFACE   rxpck/s   txpck/s    rxkB/s    txkB/s   rxcmp/s   txcmp/s  rxmcst/s   %ifutil
12:00:12           lo   7320.00   7320.00   1592.67   1592.67      0.00      0.00      0.00      0.00
12:00:12         ens4   1496.00   1463.00   1112.97    249.20      0.00      0.00      0.00      0.00
12:00:12      docker0   3657.00   3658.00    292.79   1347.98      0.00      0.00      0.00      0.00
12:00:12    veth1f0dbb4   3657.00   3658.00    342.79   1347.98      0.00      0.00      0.00      0.11

12:00:12        CPU     %user     %nice   %system   %iowait    %steal     %idle
12:00:13        all     27.66      0.00     33.51      0.00      0.00     38.83

12:00:12    kbmemfree   kbavail kbmemused  %memused kbbuffers  kbcached  kbcommit   %commit  kbactive   kbinact   kbdirty
12:00:13      5546216   7263352    521936      6.42     44040   1864872   1890988     23.26   1020912   1305024      1124

12:00:12        IFACE   rxpck/s   txpck/s    rxkB/s    txkB/s   rxcmp/s   txcmp/s  rxmcst/s   %ifutil
12:00:13           lo   7460.00   7460.00   1623.13   1623.13      0.00      0.00      0.00      0.00
12:00:13         ens4   1528.00   1496.00   1135.87    254.70      0.00      0.00      0.00      0.00
12:00:13      docker0   3731.00   3731.00    298.74   1377.02      0.00      0.00      0.00      0.00
12:00:13    veth1f0dbb4   3731.00   3731.00    349.75   1377.02      0.00      0.00      0.00      0.11

12:00:13        CPU     %user     %nice   %system   %iowait    %steal     %idle
12:00:14        all     29.10      0.00     34.39      0.00      1.06     35.45

12:00:13    kbmemfree   kbavail kbmemused  %memused kbbuffers  kbcached  kbcommit   %commit  kbactive   kbinact   kbdirty
12:00:14      5545248   7262456    522820      6.43     44040   1864960   1890988     23.26   1020912   1305144      1220

12:00:13        IFACE   rxpck/s   txpck/s    rxkB/s    txkB/s   rxcmp/s   txcmp/s  rxmcst/s   %ifutil
12:00:14           lo   7615.00   7615.00   1657.55   1657.55      0.00      0.00      0.00      0.00
12:00:14         ens4   2171.00   2128.00   1201.12    298.99      0.00      0.00      0.00      0.00
12:00:14      docker0   3804.00   3804.00    304.65   1401.52      0.00      0.00      0.00      0.00
12:00:14    veth1f0dbb4   3804.00   3804.00    356.65   1401.52      0.00      0.00      0.00      0.11

12:00:14        CPU     %user     %nice   %system   %iowait    %steal     %idle
12:00:15        all     27.75      0.00     35.60      0.00      0.00     36.65

12:00:14    kbmemfree   kbavail kbmemused  %memused kbbuffers  kbcached  kbcommit   %commit  kbactive   kbinact   kbdirty
12:00:15      5545024   7262344    522744      6.43     44040   1865044   1890988     23.26   1020912   1305204      1304

12:00:14        IFACE   rxpck/s   txpck/s    rxkB/s    txkB/s   rxcmp/s   txcmp/s  rxmcst/s   %ifutil
12:00:15           lo   7769.00   7769.00   1689.00   1689.00      0.00      0.00      0.00      0.00
12:00:15         ens4   1583.00   1554.00   1181.19    264.86      0.00      0.00      0.00      0.00
12:00:15      docker0   3884.00   3883.00    311.04   1432.46      0.00      0.00      0.00      0.00
12:00:15    veth1f0dbb4   3884.00   3883.00    364.15   1432.46      0.00      0.00      0.00      0.12

12:00:15        CPU     %user     %nice   %system   %iowait    %steal     %idle
12:00:16        all     28.19      0.00     36.17      0.00      0.00     35.64

12:00:15    kbmemfree   kbavail kbmemused  %memused kbbuffers  kbcached  kbcommit   %commit  kbactive   kbinact   kbdirty
12:00:16      5545024   7262476    522560      6.43     44040   1865148   1890988     23.26   1020528   1305344      1404

12:00:15        IFACE   rxpck/s   txpck/s    rxkB/s    txkB/s   rxcmp/s   txcmp/s  rxmcst/s   %ifutil
12:00:16           lo   7910.00   7910.00   1721.04   1721.04      0.00      0.00      0.00      0.00
12:00:16         ens4   1612.00   1583.00   1203.88    269.65      0.00      0.00      0.00      0.00
12:00:16      docker0   3957.00   3958.00    316.82   1460.12      0.00      0.00      0.00      0.00
12:00:16    veth1f0dbb4   3957.00   3958.00    370.92   1460.12      0.00      0.00      0.00      0.12

12:00:16        CPU     %user     %nice   %system   %iowait    %steal     %idle
12:00:17        all     32.11      0.00     33.68      0.00      0.00     34.21

12:00:16    kbmemfree   kbavail kbmemused  %memused kbbuffers  kbcached  kbcommit   %commit  kbactive   kbinact   kbdirty
12:00:17      5544548   7262068    522748      6.43     44040   1865232   1890988     23.26   1020528   1305404      1488

12:00:16        IFACE   rxpck/s   txpck/s    rxkB/s    txkB/s   rxcmp/s   txcmp/s  rxmcst/s   %ifutil
12:00:17           lo   8062.00   8062.00   1753.78   1753.78      0.00      0.00      0.00      0.00
12:00:17         ens4   1662.00   1612.00   1229.36    274.70      0.00      0.00      0.00      0.00
12:00:17      docker0   4030.00   4030.00    322.71   1486.06      0.00      0.00      0.00      0.00
12:00:17    veth1f0dbb4   4030.00   4030.00    377.81   1486.06      0.00      0.00      0.00      0.12

12:00:17        CPU     %user     %nice   %system   %iowait    %steal     %idle
12:00:18        all     30.48      0.00     36.36      0.00      0.00     33.16

12:00:17    kbmemfree   kbavail kbmemused  %memused kbbuffers  kbcached  kbcommit   %commit  kbactive   kbinact   kbdirty
12:00:18      5544324   7261912    522860      6.43     44044   1865308   1890988     23.26   1020528   1305484      1568

12:00:17        IFACE   rxpck/s   txpck/s    rxkB/s    txkB/s   rxcmp/s   txcmp/s  rxmcst/s   %ifutil
12:00:18           lo   8210.00   8210.00   1786.32   1786.32      0.00      0.00      0.00      0.00
12:00:18         ens4   1688.00   1642.00   1250.50    279.81      0.00      0.00      0.00      0.00
12:00:18      docker0   4105.00   4105.00    328.72   1513.72      0.00      0.00      0.00      0.00
12:00:18    veth1f0dbb4   4105.00   4105.00    384.84   1513.72      0.00      0.00      0.00      0.12

12:00:18        CPU     %user     %nice   %system   %iowait    %steal     %idle
12:00:19        all     31.94      0.00     36.13      0.00      0.00     31.94

12:00:18    kbmemfree   kbavail kbmemused  %memused kbbuffers  kbcached  kbcommit   %commit  kbactive   kbinact   kbdirty
12:00:19      5544072   7261744    522936      6.43     44044   1865404   1890988     23.26   1020528   1305576      1652

12:00:18        IFACE   rxpck/s   txpck/s    rxkB/s    txkB/s   rxcmp/s   txcmp/s  rxmcst/s   %ifutil
12:00:19           lo   8366.00   8366.00   1819.41   1819.41      0.00      0.00      0.00      0.00
12:00:19         ens4   1717.00   1673.00   1273.23    284.99      0.00      0.00      0.00      0.00
12:00:19      docker0   4182.00   4181.00    334.97   1541.44      0.00      0.00      0.00      0.00
12:00:19    veth1f0dbb4   4182.00   4181.00    392.14   1541.44      0.00      0.00      0.00      0.13

12:00:19        CPU     %user     %nice   %system   %iowait    %steal     %idle
12:00:20        all     32.46      0.00     36.13      0.00      0.00     31.41

12:00:19    kbmemfree   kbavail kbmemused  %memused kbbuffers  kbcached  kbcommit   %commit  kbactive   kbinact   kbdirty
12:00:20      5544072   7261868    522672      6.43     44044   1865496   1890988     23.26   1020540   1305684      1748

12:00:19        IFACE   rxpck/s   txpck/s    rxkB/s    txkB/s   rxcmp/s   txcmp/s  rxmcst/s   %ifutil
12:00:20           lo   8522.00   8522.00   1853.85   1853.85      0.00      0.00      0.00      0.00
12:00:20         ens4   1741.00   1704.00   1295.61    290.36      0.00      0.00      0.00      0.00
12:00:20      docker0   4261.00   4261.00    341.18   1570.94      0.00      0.00      0.00      0.00
12:00:20    veth1f0dbb4   4261.00   4261.00    399.44   1570.94      0.00      0.00      0.00      0.13

12:00:20        CPU     %user     %nice   %system   %iowait    %steal     %idle
12:00:21        all     32.98      0.00     37.17      0.00      1.05     28.80

12:00:20    kbmemfree   kbavail kbmemused  %memused kbbuffers  kbcached  kbcommit   %commit  kbactive   kbinact   kbdirty
12:00:21      5543848   7261800    522548      6.43     44044   1865712   1890988     23.26   1020624   1305732      1964

12:00:20        IFACE   rxpck/s   txpck/s    rxkB/s    txkB/s   rxcmp/s   txcmp/s  rxmcst/s   %ifutil
12:00:21           lo   8667.00   8667.00   1886.25   1886.25      0.00      0.00      0.00      0.00
12:00:21         ens4   1780.00   1739.00   1321.95    298.80      0.00      0.00      0.00      0.00
12:00:21      docker0   4332.00   4333.00    346.99   1598.40      0.00      0.00      0.00      0.00
12:00:21    veth1f0dbb4   4332.00   4333.00    406.21   1598.40      0.00      0.00      0.00      0.13

12:00:21        CPU     %user     %nice   %system   %iowait    %steal     %idle
12:00:22        all     34.74      0.00     37.89      0.00      0.00     27.37

12:00:21    kbmemfree   kbavail kbmemused  %memused kbbuffers  kbcached  kbcommit   %commit  kbactive   kbinact   kbdirty
12:00:22      5543148   7261236    523088      6.43     44044   1865824   1890988     23.26   1020632   1305848      2084

12:00:21        IFACE   rxpck/s   txpck/s    rxkB/s    txkB/s   rxcmp/s   txcmp/s  rxmcst/s   %ifutil
12:00:22           lo   8792.00   8792.00   1914.14   1914.14      0.00      0.00      0.00      0.00
12:00:22         ens4   1812.00   1767.00   1344.02    304.43      0.00      0.00      0.00      0.00
12:00:22      docker0   4397.00   4397.00    352.05   1622.31      0.00      0.00      0.00      0.00
12:00:22    veth1f0dbb4   4397.00   4397.00    412.17   1622.31      0.00      0.00      0.00      0.13

12:00:22        CPU     %user     %nice   %system   %iowait    %steal     %idle
12:00:23        all     45.83      0.00     44.27      0.00      0.00      9.90

12:00:22    kbmemfree   kbavail kbmemused  %memused kbbuffers  kbcached  kbcommit   %commit  kbactive   kbinact   kbdirty
12:00:23      5535892   7254128    529920      6.52     44048   1865920   1895084     23.31   1015180   1306000      2184

12:00:22        IFACE   rxpck/s   txpck/s    rxkB/s    txkB/s   rxcmp/s   txcmp/s  rxmcst/s   %ifutil
12:00:23           lo   8986.00   8986.00   1954.16   1954.16      0.00      0.00      0.00      0.00
12:00:23         ens4   1876.00   1829.00   1368.12    581.85      0.00      0.00      0.00      0.00
12:00:23      docker0   4493.00   4493.00    359.70   1655.88      0.00      0.00      0.00      0.00
12:00:23    veth1f0dbb4   4493.00   4493.00    421.13   1655.88      0.00      0.00      0.00      0.14

12:00:23        CPU     %user     %nice   %system   %iowait    %steal     %idle
12:00:24        all     34.21      0.00     37.37      0.00      0.00     28.42

12:00:23    kbmemfree   kbavail kbmemused  %memused kbbuffers  kbcached  kbcommit   %commit  kbactive   kbinact   kbdirty
12:00:24      5535892   7254196    529720      6.52     44048   1866016   1895084     23.31   1015184   1306056      2288

12:00:23        IFACE   rxpck/s   txpck/s    rxkB/s    txkB/s   rxcmp/s   txcmp/s  rxmcst/s   %ifutil
12:00:24           lo   9120.00   9120.00   1984.31   1984.31      0.00      0.00      0.00      0.00
12:00:24         ens4   1875.00   1825.00   1389.08    310.88      0.00      0.00      0.00      0.00
12:00:24      docker0   4558.00   4557.00    365.05   1679.79      0.00      0.00      0.00      0.00
12:00:24    veth1f0dbb4   4558.00   4557.00    427.36   1679.79      0.00      0.00      0.00      0.14

12:00:24        CPU     %user     %nice   %system   %iowait    %steal     %idle
12:00:25        all     33.68      0.00     38.42      0.00      0.00     27.89

12:00:24    kbmemfree   kbavail kbmemused  %memused kbbuffers  kbcached  kbcommit   %commit  kbactive   kbinact   kbdirty
12:00:25      5535416   7253852    529988      6.52     44048   1866132   1895084     23.31   1015188   1306188      2396

12:00:24        IFACE   rxpck/s   txpck/s    rxkB/s    txkB/s   rxcmp/s   txcmp/s  rxmcst/s   %ifutil
12:00:25           lo   9260.00   9260.00   2014.77   2014.77      0.00      0.00      0.00      0.00
12:00:25         ens4   1947.00   1905.00   1413.25    319.25      0.00      0.00      0.00      0.00
12:00:25      docker0   4632.00   4633.00    370.87   1709.03      0.00      0.00      0.00      0.00
12:00:25    veth1f0dbb4   4632.00   4633.00    434.20   1709.03      0.00      0.00      0.00      0.14

12:00:25        CPU     %user     %nice   %system   %iowait    %steal     %idle
12:00:26        all     33.16      0.00     40.53      0.00      0.00     26.32

12:00:25    kbmemfree   kbavail kbmemused  %memused kbbuffers  kbcached  kbcommit   %commit  kbactive   kbinact   kbdirty
12:00:26      5534968   7253540    530296      6.52     44048   1866224   1895084     23.31   1015188   1306308      2492

12:00:25        IFACE   rxpck/s   txpck/s    rxkB/s    txkB/s   rxcmp/s   txcmp/s  rxmcst/s   %ifutil
12:00:26           lo   9415.00   9415.00   2047.80   2047.80      0.00      0.00      0.00      0.00
12:00:26         ens4   1921.00   1884.00   1432.37    321.03      0.00      0.00      0.00      0.00
12:00:26      docker0   4708.00   4707.00    377.06   1735.10      0.00      0.00      0.00      0.00
12:00:26    veth1f0dbb4   4708.00   4707.00    441.43   1735.10      0.00      0.00      0.00      0.14

12:00:26        CPU     %user     %nice   %system   %iowait    %steal     %idle
12:00:27        all     35.75      0.00     37.82      0.00      0.00     26.42

12:00:26    kbmemfree   kbavail kbmemused  %memused kbbuffers  kbcached  kbcommit   %commit  kbactive   kbinact   kbdirty
12:00:27      5534744   7253384    530460      6.52     44048   1866328   1895084     23.31   1015188   1306404      2588

12:00:26        IFACE   rxpck/s   txpck/s    rxkB/s    txkB/s   rxcmp/s   txcmp/s  rxmcst/s   %ifutil
12:00:27           lo   9565.00   9565.00   2081.83   2081.83      0.00      0.00      0.00      0.00
12:00:27         ens4   1976.00   1913.00   1459.58    325.89      0.00      0.00      0.00      0.00
12:00:27      docker0   4780.00   4781.00    382.78   1762.70      0.00      0.00      0.00      0.00
12:00:27    veth1f0dbb4   4780.00   4781.00    448.13   1762.70      0.00      0.00      0.00      0.14

12:00:27        CPU     %user     %nice   %system   %iowait    %steal     %idle
12:00:28        all     34.74      0.00     39.47      0.00      0.00     25.79

12:00:27    kbmemfree   kbavail kbmemused  %memused kbbuffers  kbcached  kbcommit   %commit  kbactive   kbinact   kbdirty
12:00:28      5534744   7253508    530220      6.52     44052   1866460   1895084     23.31   1015192   1306520      2724

12:00:27        IFACE   rxpck/s   txpck/s    rxkB/s    txkB/s   rxcmp/s   txcmp/s  rxmcst/s   %ifutil
12:00:28           lo   9720.00   9720.00   2114.86   2114.86      0.00      0.00      0.00      0.00
12:00:28         ens4   1994.00   1945.00   1478.82    331.34      0.00      0.00      0.00      0.00
12:00:28      docker0   4861.00   4861.00    389.23   1792.19      0.00      0.00      0.00      0.00
12:00:28    veth1f0dbb4   4861.00   4861.00    455.69   1792.19      0.00      0.00      0.00      0.15

12:00:28        CPU     %user     %nice   %system   %iowait    %steal     %idle
12:00:29        all     34.02      0.00     41.75      0.00      0.52     23.71

12:00:28    kbmemfree   kbavail kbmemused  %memused kbbuffers  kbcached  kbcommit   %commit  kbactive   kbinact   kbdirty
12:00:29      5534744   7253636    530132      6.52     44052   1866552   1895084     23.31   1015192   1306640      2816

12:00:28        IFACE   rxpck/s   txpck/s    rxkB/s    txkB/s   rxcmp/s   txcmp/s  rxmcst/s   %ifutil
12:00:29           lo   9857.00   9857.00   2145.17   2145.17      0.00      0.00      0.00      0.00
12:00:29         ens4   2028.00   1971.00   1501.87    335.98      0.00      0.00      0.00      0.00
12:00:29      docker0   4929.00   4930.00    394.73   1819.45      0.00      0.00      0.00      0.00
12:00:29    veth1f0dbb4   4929.00   4930.00    462.12   1819.45      0.00      0.00      0.00      0.15

12:00:29        CPU     %user     %nice   %system   %iowait    %steal     %idle
12:00:30        all     15.90      0.00     14.87      0.00      0.00     69.23

12:00:29    kbmemfree   kbavail kbmemused  %memused kbbuffers  kbcached  kbcommit   %commit  kbactive   kbinact   kbdirty
12:00:30      5534744   7253628    529936      6.52     44052   1866620   1895084     23.31   1015192   1306640      2884

12:00:29        IFACE   rxpck/s   txpck/s    rxkB/s    txkB/s   rxcmp/s   txcmp/s  rxmcst/s   %ifutil
12:00:30           lo   4102.00   4102.00    890.64    890.64      0.00      0.00      0.00      0.00
12:00:30         ens4    839.00    821.00    622.84    140.01      0.00      0.00      0.00      0.00
12:00:30      docker0   2050.00   2048.00    164.15    754.29      0.00      0.00      0.00      0.00
12:00:30    veth1f0dbb4   2050.00   2048.00    192.18    754.29      0.00      0.00      0.00      0.06

12:00:30        CPU     %user     %nice   %system   %iowait    %steal     %idle
12:00:31        all      0.50      0.00      0.00      0.00      0.00     99.50

12:00:30    kbmemfree   kbavail kbmemused  %memused kbbuffers  kbcached  kbcommit   %commit  kbactive   kbinact   kbdirty
12:00:31      5534744   7253668    529932      6.52     44052   1866624   1895084     23.31   1015192   1306680      2876

12:00:30        IFACE   rxpck/s   txpck/s    rxkB/s    txkB/s   rxcmp/s   txcmp/s  rxmcst/s   %ifutil
12:00:31           lo      0.00      0.00      0.00      0.00      0.00      0.00      0.00      0.00
12:00:31         ens4      0.00      0.00      0.00      0.00      0.00      0.00      0.00      0.00
12:00:31      docker0      0.00      0.00      0.00      0.00      0.00      0.00      0.00      0.00
12:00:31    veth1f0dbb4      0.00      0.00      0.00      0.00      0.00      0.00      0.00      0.00

12:00:31        CPU     %user     %nice   %system   %iowait    %steal     %idle
12:00:32        all      0.50      0.00      0.00      0.00      0.00     99.50

12:00:31    kbmemfree   kbavail kbmemused  %memused kbbuffers  kbcached  kbcommit   %commit  kbactive   kbinact   kbdirty
12:00:32      5534744   7253668    529932      6.52     44052   1866624   1895084     23.31   1015192   1306680       388

12:00:31        IFACE   rxpck/s   txpck/s    rxkB/s    txkB/s   rxcmp/s   txcmp/s  rxmcst/s   %ifutil
12:00:32           lo      0.00      0.00      0.00      0.00      0.00      0.00      0.00      0.00
12:00:32         ens4      1.00      1.00      0.04      0.04      0.00      0.00      0.00      0.00
12:00:32      docker0      0.00      0.00      0.00      0.00      0.00      0.00      0.00      0.00
12:00:32    veth1f0dbb4      0.00      0.00      0.00      0.00      0.00      0.00      0.00      0.00

12:00:32        CPU     %user     %nice   %system   %iowait    %steal     %idle
12:00:33        all      0.00      0.00      0.50      0.50      0.00     99.00

12:00:32    kbmemfree   kbavail kbmemused  %memused kbbuffers  kbcached  kbcommit   %commit  kbactive   kbinact   kbdirty
12:00:33      5534744   7253668    529932      6.52     44060   1866616   1895084     23.31   1015192   1306680       388

12:00:32        IFACE   rxpck/s   txpck/s    rxkB/s    txkB/s   rxcmp/s   txcmp/s  rxmcst/s   %ifutil
12:00:33           lo      0.00      0.00      0.00      0.00      0.00      0.00      0.00      0.00
12:00:33         ens4      0.00      0.00      0.00      0.00      0.00      0.00      0.00      0.00
12:00:33      docker0      0.00      0.00      0.00      0.00      0.00      0.00      0.00      0.00
12:00:33    veth1f0dbb4      0.00      0.00      0.00      0.00      0.00      0.00      0.00      0.00

12:00:33        CPU     %user     %nice   %system   %iowait    %steal     %idle
12:00:34        all      0.00      0.00      0.00      0.00      0.00    100.00

12:00:33    kbmemfree   kbavail kbmemused  %memused kbbuffers  kbcached  kbcommit   %commit  kbactive   kbinact   kbdirty
12:00:34      5534744   7253716    529924      6.52     44060   1866624   1895084     23.31   1015204   1306728       392

12:00:33        IFACE   rxpck/s   txpck/s    rxkB/s    txkB/s   rxcmp/s   txcmp/s  rxmcst/s   %ifutil
12:00:34           lo      0.00      0.00      0.00      0.00      0.00      0.00      0.00      0.00
12:00:34         ens4      0.00      0.00      0.00      0.00      0.00      0.00      0.00      0.00
12:00:34      docker0      0.00      0.00      0.00      0.00      0.00      0.00      0.00      0.00
12:00:34    veth1f0dbb4      0.00      0.00      0.00      0.00      0.00      0.00      0.00      0.00

12:00:34        CPU     %user     %nice   %system   %iowait    %steal     %idle
12:00:35        all      6.60      0.00      5.58      0.00      0.51     87.31

12:00:34    kbmemfree   kbavail kbmemused  %memused kbbuffers  kbcached  kbcommit   %commit  kbactive   kbinact   kbdirty
12:00:35      5534744   7253716    529904      6.52     44060   1866644   1895084     23.31   1015204   1306728       416

12:00:34        IFACE   rxpck/s   txpck/s    rxkB/s    txkB/s   rxcmp/s   txcmp/s  rxmcst/s   %ifutil
12:00:35           lo   1185.00   1185.00    258.53    258.53      0.00      0.00      0.00      0.00
12:00:35         ens4    241.00    237.00    181.02     40.28      0.00      0.00      0.00      0.00
12:00:35      docker0    592.00    593.00     47.36    219.28      0.00      0.00      0.00      0.00
12:00:35    veth1f0dbb4    592.00    593.00     55.45    219.28      0.00      0.00      0.00      0.02

12:00:35        CPU     %user     %nice   %system   %iowait    %steal     %idle
12:00:36        all     10.99      0.00      9.42      0.00      0.00     79.58

12:00:35    kbmemfree   kbavail kbmemused  %memused kbbuffers  kbcached  kbcommit   %commit  kbactive   kbinact   kbdirty
12:00:36      5534492   7253464    530140      6.52     44060   1866656   1895084     23.31   1015204   1306728       428

12:00:35        IFACE   rxpck/s   txpck/s    rxkB/s    txkB/s   rxcmp/s   txcmp/s  rxmcst/s   %ifutil
12:00:36           lo   2000.00   2000.00    435.16    435.16      0.00      0.00      0.00      0.00
12:00:36         ens4    402.00    400.00    304.04     68.16      0.00      0.00      0.00      0.00
12:00:36      docker0    999.00    999.00     80.03    367.17      0.00      0.00      0.00      0.00
12:00:36    veth1f0dbb4    999.00    999.00     93.69    367.17      0.00      0.00      0.00      0.03

12:00:36        CPU     %user     %nice   %system   %iowait    %steal     %idle
12:00:37        all      9.69      0.00     11.73      0.00      0.00     78.57

12:00:36    kbmemfree   kbavail kbmemused  %memused kbbuffers  kbcached  kbcommit   %commit  kbactive   kbinact   kbdirty
12:00:37      5534492   7253488    530100      6.52     44060   1866688   1895084     23.31   1015204   1306748       452

12:00:36        IFACE   rxpck/s   txpck/s    rxkB/s    txkB/s   rxcmp/s   txcmp/s  rxmcst/s   %ifutil
12:00:37           lo   2000.00   2000.00    435.16    435.16      0.00      0.00      0.00      0.00
12:00:37         ens4    403.00    400.00    304.10     68.16      0.00      0.00      0.00      0.00
12:00:37      docker0   1001.00   1001.00     80.13    370.33      0.00      0.00      0.00      0.00
12:00:37    veth1f0dbb4   1001.00   1001.00     93.81    370.33      0.00      0.00      0.00      0.03

12:00:37        CPU     %user     %nice   %system   %iowait    %steal     %idle
12:00:38        all      9.90      0.00     10.42      0.00      0.00     79.69

12:00:37    kbmemfree   kbavail kbmemused  %memused kbbuffers  kbcached  kbcommit   %commit  kbactive   kbinact   kbdirty
12:00:38      5534492   7253488    530084      6.52     44060   1866700   1895084     23.31   1015204   1306748       468

12:00:37        IFACE   rxpck/s   txpck/s    rxkB/s    txkB/s   rxcmp/s   txcmp/s  rxmcst/s   %ifutil
12:00:38           lo   2000.00   2000.00    435.16    435.16      0.00      0.00      0.00      0.00
12:00:38         ens4    405.00    401.00    304.21     68.21      0.00      0.00      0.00      0.00
12:00:38      docker0    998.00    997.00     79.97    367.04      0.00      0.00      0.00      0.00
12:00:38    veth1f0dbb4    998.00    997.00     93.61    367.04      0.00      0.00      0.00      0.03

12:00:38        CPU     %user     %nice   %system   %iowait    %steal     %idle
12:00:39        all      9.69      0.00     11.22      0.51      0.00     78.57

12:00:38    kbmemfree   kbavail kbmemused  %memused kbbuffers  kbcached  kbcommit   %commit  kbactive   kbinact   kbdirty
12:00:39      5534492   7253536    530048      6.52     44064   1866728   1895084     23.31   1015204   1306796       444

12:00:38        IFACE   rxpck/s   txpck/s    rxkB/s    txkB/s   rxcmp/s   txcmp/s  rxmcst/s   %ifutil
12:00:39           lo   2005.00   2005.00    435.55    435.55      0.00      0.00      0.00      0.00
12:00:39         ens4    405.00    400.00    304.23     68.16      0.00      0.00      0.00      0.00
12:00:39      docker0   1004.00   1004.00     80.43    370.53      0.00      0.00      0.00      0.00
12:00:39    veth1f0dbb4   1004.00   1004.00     94.15    370.53      0.00      0.00      0.00      0.03

12:00:39        CPU     %user     %nice   %system   %iowait    %steal     %idle
12:00:40        all      9.84      0.00     11.40      0.00      0.00     78.76

12:00:39    kbmemfree   kbavail kbmemused  %memused kbbuffers  kbcached  kbcommit   %commit  kbactive   kbinact   kbdirty
12:00:40      5534492   7253536    530024      6.52     44064   1866748   1895084     23.31   1015204   1306796       464

12:00:39        IFACE   rxpck/s   txpck/s    rxkB/s    txkB/s   rxcmp/s   txcmp/s  rxmcst/s   %ifutil
12:00:40           lo   1995.00   1995.00    434.76    434.76      0.00      0.00      0.00      0.00
12:00:40         ens4    407.00    400.00    304.36     68.16      0.00      0.00      0.00      0.00
12:00:40      docker0    999.00   1000.00     80.03    368.75      0.00      0.00      0.00      0.00
12:00:40    veth1f0dbb4    999.00   1000.00     93.69    368.75      0.00      0.00      0.00      0.03

12:00:40        CPU     %user     %nice   %system   %iowait    %steal     %idle
12:00:41        all      9.84      0.00     10.88      0.00      0.00     79.27

12:00:40    kbmemfree   kbavail kbmemused  %memused kbbuffers  kbcached  kbcommit   %commit  kbactive   kbinact   kbdirty
12:00:41      5534492   7253620    529992      6.52     44064   1866776   1895084     23.31   1015212   1306880       228

12:00:40        IFACE   rxpck/s   txpck/s    rxkB/s    txkB/s   rxcmp/s   txcmp/s  rxmcst/s   %ifutil
12:00:41           lo   2000.00   2000.00    435.16    435.16      0.00      0.00      0.00      0.00
12:00:41         ens4    402.00    400.00    304.04     68.16      0.00      0.00      0.00      0.00
12:00:41      docker0    999.00    999.00     79.89    368.69      0.00      0.00      0.00      0.00
12:00:41    veth1f0dbb4    999.00    999.00     93.55    368.69      0.00      0.00      0.00      0.03

12:00:41        CPU     %user     %nice   %system   %iowait    %steal     %idle
12:00:42        all      8.76      0.00     11.34      0.00      0.00     79.90

12:00:41    kbmemfree   kbavail kbmemused  %memused kbbuffers  kbcached  kbcommit   %commit  kbactive   kbinact   kbdirty
12:00:42      5534492   7253620    529972      6.52     44064   1866792   1895084     23.31   1015212   1306880       244

12:00:41        IFACE   rxpck/s   txpck/s    rxkB/s    txkB/s   rxcmp/s   txcmp/s  rxmcst/s   %ifutil
12:00:42           lo   2000.00   2000.00    435.16    435.16      0.00      0.00      0.00      0.00
12:00:42         ens4    407.00    400.00    304.36     68.16      0.00      0.00      0.00      0.00
12:00:42      docker0   1000.00   1000.00     80.08    368.75      0.00      0.00      0.00      0.00
12:00:42    veth1f0dbb4   1000.00   1000.00     93.75    368.75      0.00      0.00      0.00      0.03

12:00:42        CPU     %user     %nice   %system   %iowait    %steal     %idle
12:00:43        all     10.31      0.00     11.86      0.00      0.00     77.84

12:00:42    kbmemfree   kbavail kbmemused  %memused kbbuffers  kbcached  kbcommit   %commit  kbactive   kbinact   kbdirty
12:00:43      5534492   7253656    529936      6.52     44064   1866820   1895084     23.31   1015224   1306916       264

12:00:42        IFACE   rxpck/s   txpck/s    rxkB/s    txkB/s   rxcmp/s   txcmp/s  rxmcst/s   %ifutil
12:00:43           lo   2005.00   2005.00    435.55    435.55      0.00      0.00      0.00      0.00
12:00:43         ens4    408.00    404.00    308.05     68.82      0.00      0.00      0.00      0.00
12:00:43      docker0   1002.00   1001.00     80.32    368.81      0.00      0.00      0.00      0.00
12:00:43    veth1f0dbb4   1002.00   1001.00     94.02    368.81      0.00      0.00      0.00      0.03

12:00:43        CPU     %user     %nice   %system   %iowait    %steal     %idle
12:00:44        all     10.36      0.00      9.84      0.00      1.04     78.76

12:00:43    kbmemfree   kbavail kbmemused  %memused kbbuffers  kbcached  kbcommit   %commit  kbactive   kbinact   kbdirty
12:00:44      5534492   7253656    529904      6.52     44072   1866840   1895084     23.31   1015224   1306916       316

12:00:43        IFACE   rxpck/s   txpck/s    rxkB/s    txkB/s   rxcmp/s   txcmp/s  rxmcst/s   %ifutil
12:00:44           lo   2000.00   2000.00    435.16    435.16      0.00      0.00      0.00      0.00
12:00:44         ens4    408.00    403.00    304.40     68.55      0.00      0.00      0.00      0.00
12:00:44      docker0   1001.00   1001.00     80.13    368.81      0.00      0.00      0.00      0.00
12:00:44    veth1f0dbb4   1001.00   1001.00     93.81    368.81      0.00      0.00      0.00      0.03

12:00:44        CPU     %user     %nice   %system   %iowait    %steal     %idle
12:00:45        all     10.42      0.00     10.42      0.00      0.00     79.17

12:00:44    kbmemfree   kbavail kbmemused  %memused kbbuffers  kbcached  kbcommit   %commit  kbactive   kbinact   kbdirty
12:00:45      5534492   7253672    529868      6.52     44072   1866868   1895084     23.31   1015224   1306932       344

12:00:44        IFACE   rxpck/s   txpck/s    rxkB/s    txkB/s   rxcmp/s   txcmp/s  rxmcst/s   %ifutil
12:00:45           lo   2000.00   2000.00    435.16    435.16      0.00      0.00      0.00      0.00
12:00:45         ens4    403.00    400.00    304.10     68.16      0.00      0.00      0.00      0.00
12:00:45      docker0   1000.00   1000.00     80.08    368.75      0.00      0.00      0.00      0.00
12:00:45    veth1f0dbb4   1000.00   1000.00     93.75    368.75      0.00      0.00      0.00      0.03

12:00:45        CPU     %user     %nice   %system   %iowait    %steal     %idle
12:00:46        all      9.84      0.00     10.88      0.00      0.00     79.27

12:00:45    kbmemfree   kbavail kbmemused  %memused kbbuffers  kbcached  kbcommit   %commit  kbactive   kbinact   kbdirty
12:00:46      5534492   7253728    529852      6.52     44072   1866884   1895084     23.31   1015224   1306988       360

12:00:45        IFACE   rxpck/s   txpck/s    rxkB/s    txkB/s   rxcmp/s   txcmp/s  rxmcst/s   %ifutil
12:00:46           lo   2004.00   2004.00    435.36    435.36      0.00      0.00      0.00      0.00
12:00:46         ens4    414.00    400.00    304.81     68.16      0.00      0.00      0.00      0.00
12:00:46      docker0   1000.00   1000.00     80.08    368.75      0.00      0.00      0.00      0.00
12:00:46    veth1f0dbb4   1000.00   1000.00     93.75    368.75      0.00      0.00      0.00      0.03

12:00:46        CPU     %user     %nice   %system   %iowait    %steal     %idle
12:00:47        all      9.28      0.00     10.82      0.00      0.00     79.90

12:00:46    kbmemfree   kbavail kbmemused  %memused kbbuffers  kbcached  kbcommit   %commit  kbactive   kbinact   kbdirty
12:00:47      5534492   7253728    529820      6.52     44072   1866912   1895084     23.31   1015224   1306988       388

12:00:46        IFACE   rxpck/s   txpck/s    rxkB/s    txkB/s   rxcmp/s   txcmp/s  rxmcst/s   %ifutil
12:00:47           lo   2000.00   2000.00    435.16    435.16      0.00      0.00      0.00      0.00
12:00:47         ens4    402.00    400.00    304.04     68.16      0.00      0.00      0.00      0.00
12:00:47      docker0   1000.00   1000.00     80.08    368.75      0.00      0.00      0.00      0.00
12:00:47    veth1f0dbb4   1000.00   1000.00     93.75    368.75      0.00      0.00      0.00      0.03

12:00:47        CPU     %user     %nice   %system   %iowait    %steal     %idle
12:00:48        all      8.90      0.00     10.47      0.00      0.00     80.63

12:00:47    kbmemfree   kbavail kbmemused  %memused kbbuffers  kbcached  kbcommit   %commit  kbactive   kbinact   kbdirty
12:00:48      5534492   7253772    529796      6.52     44072   1866928   1895084     23.31   1015300   1307032       404

12:00:47        IFACE   rxpck/s   txpck/s    rxkB/s    txkB/s   rxcmp/s   txcmp/s  rxmcst/s   %ifutil
12:00:48           lo   2000.00   2000.00    435.16    435.16      0.00      0.00      0.00      0.00
12:00:48         ens4    406.00    400.00    304.29     68.16      0.00      0.00      0.00      0.00
12:00:48      docker0   1000.00   1000.00     80.08    368.75      0.00      0.00      0.00      0.00
12:00:48    veth1f0dbb4   1000.00   1000.00     93.75    368.75      0.00      0.00      0.00      0.03

12:00:48        CPU     %user     %nice   %system   %iowait    %steal     %idle
12:00:49        all     10.42      0.00     11.46      0.00      0.00     78.12

12:00:48    kbmemfree   kbavail kbmemused  %memused kbbuffers  kbcached  kbcommit   %commit  kbactive   kbinact   kbdirty
12:00:49      5534492   7253816    529752      6.52     44076   1866960   1895084     23.31   1015500   1307076       392

12:00:48        IFACE   rxpck/s   txpck/s    rxkB/s    txkB/s   rxcmp/s   txcmp/s  rxmcst/s   %ifutil
12:00:49           lo   2000.00   2000.00    435.16    435.16      0.00      0.00      0.00      0.00
12:00:49         ens4    405.00    400.00    304.23     68.16      0.00      0.00      0.00      0.00
12:00:49      docker0   1000.00   1000.00     80.08    368.75      0.00      0.00      0.00      0.00
12:00:49    veth1f0dbb4   1000.00   1000.00     93.75    368.75      0.00      0.00      0.00      0.03

12:00:49        CPU     %user     %nice   %system   %iowait    %steal     %idle
12:00:50        all     11.28      0.00     10.26      0.00      0.00     78.46

12:00:49    kbmemfree   kbavail kbmemused  %memused kbbuffers  kbcached  kbcommit   %commit  kbactive   kbinact   kbdirty
12:00:50      5534492   7253824    529736      6.52     44076   1866976   1895084     23.31   1015672   1307084       416

12:00:49        IFACE   rxpck/s   txpck/s    rxkB/s    txkB/s   rxcmp/s   txcmp/s  rxmcst/s   %ifutil
12:00:50           lo   2000.00   2000.00    435.16    435.16      0.00      0.00      0.00      0.00
12:00:50         ens4    405.00    401.00    304.21     68.21      0.00      0.00      0.00      0.00
12:00:50      docker0   1000.00   1000.00     80.08    368.75      0.00      0.00      0.00      0.00
12:00:50    veth1f0dbb4   1000.00   1000.00     93.75    368.75      0.00      0.00      0.00      0.03

12:00:50        CPU     %user     %nice   %system   %iowait    %steal     %idle
12:00:51        all     10.31      0.00     10.82      0.00      0.00     78.87

12:00:50    kbmemfree   kbavail kbmemused  %memused kbbuffers  kbcached  kbcommit   %commit  kbactive   kbinact   kbdirty
12:00:51      5534492   7253852    529700      6.52     44076   1867004   1895084     23.31   1015884   1307112       444

12:00:50        IFACE   rxpck/s   txpck/s    rxkB/s    txkB/s   rxcmp/s   txcmp/s  rxmcst/s   %ifutil
12:00:51           lo   2000.00   2000.00    435.16    435.16      0.00      0.00      0.00      0.00
12:00:51         ens4    405.00    400.00    304.23     68.16      0.00      0.00      0.00      0.00
12:00:51      docker0   1000.00   1000.00     80.08    368.75      0.00      0.00      0.00      0.00
12:00:51    veth1f0dbb4   1000.00   1000.00     93.75    368.75      0.00      0.00      0.00      0.03

12:00:51        CPU     %user     %nice   %system   %iowait    %steal     %idle
12:00:52        all     10.36      0.00     11.40      0.00      0.00     78.24

12:00:51    kbmemfree   kbavail kbmemused  %memused kbbuffers  kbcached  kbcommit   %commit  kbactive   kbinact   kbdirty
12:00:52      5534492   7253864    529676      6.52     44076   1867020   1895084     23.31   1015932   1307124       460

12:00:51        IFACE   rxpck/s   txpck/s    rxkB/s    txkB/s   rxcmp/s   txcmp/s  rxmcst/s   %ifutil
12:00:52           lo   2000.00   2000.00    435.16    435.16      0.00      0.00      0.00      0.00
12:00:52         ens4    407.00    400.00    304.36     68.16      0.00      0.00      0.00      0.00
12:00:52      docker0    999.00    999.00     80.03    368.69      0.00      0.00      0.00      0.00
12:00:52    veth1f0dbb4    999.00    999.00     93.69    368.69      0.00      0.00      0.00      0.03

12:00:52        CPU     %user     %nice   %system   %iowait    %steal     %idle
12:00:53        all      9.84      0.00     10.88      0.00      0.00     79.27

12:00:52    kbmemfree   kbavail kbmemused  %memused kbbuffers  kbcached  kbcommit   %commit  kbactive   kbinact   kbdirty
12:00:53      5534492   7253888    529636      6.51     44076   1867052   1895084     23.31   1015972   1307144       492

12:00:52        IFACE   rxpck/s   txpck/s    rxkB/s    txkB/s   rxcmp/s   txcmp/s  rxmcst/s   %ifutil
12:00:53           lo   2000.00   2000.00    435.16    435.16      0.00      0.00      0.00      0.00
12:00:53         ens4    405.00    400.00    304.23     68.16      0.00      0.00      0.00      0.00
12:00:53      docker0   1001.00   1001.00     80.13    368.81      0.00      0.00      0.00      0.00
12:00:53    veth1f0dbb4   1001.00   1001.00     93.81    368.81      0.00      0.00      0.00      0.03

12:00:53        CPU     %user     %nice   %system   %iowait    %steal     %idle
12:00:54        all      8.90      0.00     10.99      0.00      1.05     79.06

12:00:53    kbmemfree   kbavail kbmemused  %memused kbbuffers  kbcached  kbcommit   %commit  kbactive   kbinact   kbdirty
12:00:54      5534492   7253928    529616      6.51     44080   1867068   1895084     23.31   1016116   1307184       492

12:00:53        IFACE   rxpck/s   txpck/s    rxkB/s    txkB/s   rxcmp/s   txcmp/s  rxmcst/s   %ifutil
12:00:54           lo   2000.00   2000.00    435.16    435.16      0.00      0.00      0.00      0.00
12:00:54         ens4    403.00    400.00    304.10     68.16      0.00      0.00      0.00      0.00
12:00:54      docker0   1000.00   1000.00     80.08    368.75      0.00      0.00      0.00      0.00
12:00:54    veth1f0dbb4   1000.00   1000.00     93.75    368.75      0.00      0.00      0.00      0.03

12:00:54        CPU     %user     %nice   %system   %iowait    %steal     %idle
12:00:55        all     11.22      0.00     10.20      0.00      0.00     78.57

12:00:54    kbmemfree   kbavail kbmemused  %memused kbbuffers  kbcached  kbcommit   %commit  kbactive   kbinact   kbdirty
12:00:55      5548508   7267972    515920      6.35     44080   1867096   1895084     23.31   1016284   1307212       528

12:00:54        IFACE   rxpck/s   txpck/s    rxkB/s    txkB/s   rxcmp/s   txcmp/s  rxmcst/s   %ifutil
12:00:55           lo   2000.00   2000.00    435.16    435.16      0.00      0.00      0.00      0.00
12:00:55         ens4    564.00    550.00    314.87     77.98      0.00      0.00      0.00      0.00
12:00:55      docker0   1000.00   1000.00     80.08    368.75      0.00      0.00      0.00      0.00
12:00:55    veth1f0dbb4   1000.00   1000.00     93.75    368.75      0.00      0.00      0.00      0.03

12:00:55        CPU     %user     %nice   %system   %iowait    %steal     %idle
12:00:56        all      9.38      0.00     11.98      0.00      0.00     78.65

12:00:55    kbmemfree   kbavail kbmemused  %memused kbbuffers  kbcached  kbcommit   %commit  kbactive   kbinact   kbdirty
12:00:56      5548032   7267512    516380      6.35     44080   1867112   1895084     23.31   1016388   1307228       548

12:00:55        IFACE   rxpck/s   txpck/s    rxkB/s    txkB/s   rxcmp/s   txcmp/s  rxmcst/s   %ifutil
12:00:56           lo   2000.00   2000.00    435.16    435.16      0.00      0.00      0.00      0.00
12:00:56         ens4    407.00    401.00    304.33     68.21      0.00      0.00      0.00      0.00
12:00:56      docker0   1000.00   1000.00     80.08    368.75      0.00      0.00      0.00      0.00
12:00:56    veth1f0dbb4   1000.00   1000.00     93.75    368.75      0.00      0.00      0.00      0.03

12:00:56        CPU     %user     %nice   %system   %iowait    %steal     %idle
12:00:57        all     10.94      0.00      9.38      0.00      0.00     79.69

12:00:56    kbmemfree   kbavail kbmemused  %memused kbbuffers  kbcached  kbcommit   %commit  kbactive   kbinact   kbdirty
12:00:57      5547528   7267044    516840      6.36     44080   1867140   1895084     23.31   1016772   1307264       576

12:00:56        IFACE   rxpck/s   txpck/s    rxkB/s    txkB/s   rxcmp/s   txcmp/s  rxmcst/s   %ifutil
12:00:57           lo   2000.00   2000.00    435.16    435.16      0.00      0.00      0.00      0.00
12:00:57         ens4    406.00    402.00    304.38     68.43      0.00      0.00      0.00      0.00
12:00:57      docker0   1000.00   1000.00     80.08    368.75      0.00      0.00      0.00      0.00
12:00:57    veth1f0dbb4   1000.00   1000.00     93.75    368.75      0.00      0.00      0.00      0.03

12:00:57        CPU     %user     %nice   %system   %iowait    %steal     %idle
12:00:58        all     10.31      0.00     10.82      0.00      0.00     78.87

12:00:57    kbmemfree   kbavail kbmemused  %memused kbbuffers  kbcached  kbcommit   %commit  kbactive   kbinact   kbdirty
12:00:58      5547528   7267068    516816      6.36     44080   1867164   1895084     23.31   1016988   1307288       600

12:00:57        IFACE   rxpck/s   txpck/s    rxkB/s    txkB/s   rxcmp/s   txcmp/s  rxmcst/s   %ifutil
12:00:58           lo   2000.00   2000.00    435.16    435.16      0.00      0.00      0.00      0.00
12:00:58         ens4    405.00    400.00    304.23     68.16      0.00      0.00      0.00      0.00
12:00:58      docker0   1000.00   1000.00     80.08    368.75      0.00      0.00      0.00      0.00
12:00:58    veth1f0dbb4   1000.00   1000.00     93.75    368.75      0.00      0.00      0.00      0.03

12:00:58        CPU     %user     %nice   %system   %iowait    %steal     %idle
12:00:59        all     10.36      0.00     11.92      0.00      0.00     77.72

12:00:58    kbmemfree   kbavail kbmemused  %memused kbbuffers  kbcached  kbcommit   %commit  kbactive   kbinact   kbdirty
12:00:59      5547276   7266836    517044      6.36     44084   1867180   1895084     23.31   1017204   1307308       588

12:00:58        IFACE   rxpck/s   txpck/s    rxkB/s    txkB/s   rxcmp/s   txcmp/s  rxmcst/s   %ifutil
12:00:59           lo   2000.00   2000.00    435.16    435.16      0.00      0.00      0.00      0.00
12:00:59         ens4    404.00    400.00    304.16     68.16      0.00      0.00      0.00      0.00
12:00:59      docker0   1000.00   1000.00     80.08    368.75      0.00      0.00      0.00      0.00
12:00:59    veth1f0dbb4   1000.00   1000.00     93.75    368.75      0.00      0.00      0.00      0.03

12:00:59        CPU     %user     %nice   %system   %iowait    %steal     %idle
12:01:00        all     13.30      0.00      9.04      0.00      0.00     77.66

12:00:59    kbmemfree   kbavail kbmemused  %memused kbbuffers  kbcached  kbcommit   %commit  kbactive   kbinact   kbdirty
12:01:00      5547024   7266604    517272      6.36     44084   1867204   1895084     23.31   1018984   1307328       612

12:00:59        IFACE   rxpck/s   txpck/s    rxkB/s    txkB/s   rxcmp/s   txcmp/s  rxmcst/s   %ifutil
12:01:00           lo   2005.00   2005.00    443.00    443.00      0.00      0.00      0.00      0.00
12:01:00         ens4    608.00    604.00    317.55     82.88      0.00      0.00      0.00      0.00
12:01:00      docker0   1000.00   1000.00     80.08    368.75      0.00      0.00      0.00      0.00
12:01:00    veth1f0dbb4   1000.00   1000.00     93.75    368.75      0.00      0.00      0.00      0.03

12:01:00        CPU     %user     %nice   %system   %iowait    %steal     %idle
12:01:01        all     10.82      0.00     11.34      0.00      0.00     77.84

12:01:00    kbmemfree   kbavail kbmemused  %memused kbbuffers  kbcached  kbcommit   %commit  kbactive   kbinact   kbdirty
12:01:01      5547024   7266632    517236      6.36     44084   1867232   1895084     23.31   1019180   1307356       632

12:01:00        IFACE   rxpck/s   txpck/s    rxkB/s    txkB/s   rxcmp/s   txcmp/s  rxmcst/s   %ifutil
12:01:01           lo   2017.00   2017.00    459.01    459.01      0.00      0.00      0.00      0.00
12:01:01         ens4    408.00    404.00    304.66     68.84      0.00      0.00      0.00      0.00
12:01:01      docker0   1000.00   1000.00     80.08    368.75      0.00      0.00      0.00      0.00
12:01:01    veth1f0dbb4   1000.00   1000.00     93.75    368.75      0.00      0.00      0.00      0.03

12:01:01        CPU     %user     %nice   %system   %iowait    %steal     %idle
12:01:02        all     10.77      0.00     11.79      0.00      1.03     76.41

12:01:01    kbmemfree   kbavail kbmemused  %memused kbbuffers  kbcached  kbcommit   %commit  kbactive   kbinact   kbdirty
12:01:02      5547024   7266636    517216      6.36     44084   1867252   1895084     23.31   1019236   1307360       656

12:01:01        IFACE   rxpck/s   txpck/s    rxkB/s    txkB/s   rxcmp/s   txcmp/s  rxmcst/s   %ifutil
12:01:02           lo   2000.00   2000.00    435.16    435.16      0.00      0.00      0.00      0.00
12:01:02         ens4    402.00    401.00    304.01     68.21      0.00      0.00      0.00      0.00
12:01:02      docker0   1000.00   1000.00     80.08    368.75      0.00      0.00      0.00      0.00
12:01:02    veth1f0dbb4   1000.00   1000.00     93.75    368.75      0.00      0.00      0.00      0.03

12:01:02        CPU     %user     %nice   %system   %iowait    %steal     %idle
12:01:03        all      9.28      0.00     10.82      0.00      0.00     79.90

12:01:02    kbmemfree   kbavail kbmemused  %memused kbbuffers  kbcached  kbcommit   %commit  kbactive   kbinact   kbdirty
12:01:03      5547024   7266656    517188      6.36     44084   1867276   1895084     23.31   1019276   1307380       680

12:01:02        IFACE   rxpck/s   txpck/s    rxkB/s    txkB/s   rxcmp/s   txcmp/s  rxmcst/s   %ifutil
12:01:03           lo   2000.00   2000.00    435.16    435.16      0.00      0.00      0.00      0.00
12:01:03         ens4    405.00    400.00    304.23     68.16      0.00      0.00      0.00      0.00
12:01:03      docker0   1000.00   1000.00     80.08    368.75      0.00      0.00      0.00      0.00
12:01:03    veth1f0dbb4   1000.00   1000.00     93.75    368.75      0.00      0.00      0.00      0.03

12:01:03        CPU     %user     %nice   %system   %iowait    %steal     %idle
12:01:04        all      9.84      0.00     10.36      0.00      0.00     79.79

12:01:03    kbmemfree   kbavail kbmemused  %memused kbbuffers  kbcached  kbcommit   %commit  kbactive   kbinact   kbdirty
12:01:04      5547024   7266656    517168      6.36     44088   1867292   1895084     23.31   1019276   1307380       720

12:01:03        IFACE   rxpck/s   txpck/s    rxkB/s    txkB/s   rxcmp/s   txcmp/s  rxmcst/s   %ifutil
12:01:04           lo   2000.00   2000.00    435.16    435.16      0.00      0.00      0.00      0.00
12:01:04         ens4    401.00    400.00    303.97     68.16      0.00      0.00      0.00      0.00
12:01:04      docker0   1000.00   1000.00     80.08    368.75      0.00      0.00      0.00      0.00
12:01:04    veth1f0dbb4   1000.00   1000.00     93.75    368.75      0.00      0.00      0.00      0.03

12:01:04        CPU     %user     %nice   %system   %iowait    %steal     %idle
12:01:05        all      4.59      0.00      4.08      0.00      0.00     91.33

12:01:04    kbmemfree   kbavail kbmemused  %memused kbbuffers  kbcached  kbcommit   %commit  kbactive   kbinact   kbdirty
12:01:05      5547024   7266608    517724      6.37     44088   1867308   1895084     23.31   1019276   1307380       736

12:01:04        IFACE   rxpck/s   txpck/s    rxkB/s    txkB/s   rxcmp/s   txcmp/s  rxmcst/s   %ifutil
12:01:05           lo    820.00    820.00    178.41    178.41      0.00      0.00      0.00      0.00
12:01:05         ens4    667.00    414.00    157.02     44.06      0.00      0.00      0.00      0.00
12:01:05      docker0    410.00    410.00     32.83    151.19      0.00      0.00      0.00      0.00
12:01:05    veth1f0dbb4    410.00    410.00     38.44    151.19      0.00      0.00      0.00      0.01

12:01:05        CPU     %user     %nice   %system   %iowait    %steal     %idle
12:01:06        all      0.50      0.00      0.50      0.00      0.00     99.00

12:01:05    kbmemfree   kbavail kbmemused  %memused kbbuffers  kbcached  kbcommit   %commit  kbactive   kbinact   kbdirty
12:01:06      5547024   7266636    517724      6.37     44088   1867308   1895084     23.31   1019284   1307408        76

12:01:05        IFACE   rxpck/s   txpck/s    rxkB/s    txkB/s   rxcmp/s   txcmp/s  rxmcst/s   %ifutil
12:01:06           lo      0.00      0.00      0.00      0.00      0.00      0.00      0.00      0.00
12:01:06         ens4      0.00      0.00      0.00      0.00      0.00      0.00      0.00      0.00
12:01:06      docker0      0.00      0.00      0.00      0.00      0.00      0.00      0.00      0.00
12:01:06    veth1f0dbb4      0.00      0.00      0.00      0.00      0.00      0.00      0.00      0.00

Average:        CPU     %user     %nice   %system   %iowait    %steal     %idle
Average:        all     16.98      0.00     16.97      0.01      0.13     65.91

Average:    kbmemfree   kbavail kbmemused  %memused kbbuffers  kbcached  kbcommit   %commit  kbactive   kbinact   kbdirty
Average:      5544537   7261293    527083      6.48     44020   1864513   1892481     23.28   1018391   1304633       663

Average:        IFACE   rxpck/s   txpck/s    rxkB/s    txkB/s   rxcmp/s   txcmp/s  rxmcst/s   %ifutil
Average:           lo   3514.61   3514.61    765.27    765.27      0.00      0.00      0.00      0.00
Average:         ens4    736.37    716.78    536.25    125.05      0.00      0.00      0.00      0.00
Average:      docker0   1756.93   1756.92    140.69    647.86      0.00      0.00      0.00      0.00
Average:    veth1f0dbb4   1756.93   1756.92    164.71    647.86      0.00      0.00      0.00      0.05