Linux 6.8.0-1054-gcp (zt-service-b)     05/19/26        _x86_64_        (4 CPU)

06:57:59        CPU     %user     %nice   %system   %iowait    %steal     %idle
06:58:00        all     13.38      0.00     10.86      0.00      5.05     70.71

06:57:59    kbmemfree   kbavail kbmemused  %memused kbbuffers  kbcached  kbcommit   %commit  kbactive   kbinact   kbdirty
06:58:00     14096708  15367472    655984      4.01     82108   1430992   2140352     13.07   1335504    712360       320

06:57:59        IFACE   rxpck/s   txpck/s    rxkB/s    txkB/s   rxcmp/s   txcmp/s  rxmcst/s   %ifutil
06:58:00           lo   2005.00   2005.00    446.86    446.86      0.00      0.00      0.00      0.00
06:58:00         ens4    805.00    604.00    526.53    392.25      0.00      0.00      0.00      0.00
06:58:00      docker0   1200.00   1400.00    399.61    590.82      0.00      0.00      0.00      0.00
06:58:00    veth58e3b24   1200.00   1400.00    416.02    590.82      0.00      0.00      0.00      0.05

06:58:00        CPU     %user     %nice   %system   %iowait    %steal     %idle
06:58:01        all     12.09      0.00     11.59      0.00      6.05     70.28

06:58:00    kbmemfree   kbavail kbmemused  %memused kbbuffers  kbcached  kbcommit   %commit  kbactive   kbinact   kbdirty
06:58:01     14096708  15367492    655732      4.00     82108   1431020   2140352     13.07   1335944    712380       344

06:58:00        IFACE   rxpck/s   txpck/s    rxkB/s    txkB/s   rxcmp/s   txcmp/s  rxmcst/s   %ifutil
06:58:01           lo   2000.00   2000.00    438.87    438.87      0.00      0.00      0.00      0.00
06:58:01         ens4    804.00    600.00    526.23    390.43      0.00      0.00      0.00      0.00
06:58:01      docker0   1200.00   1400.00    399.61    590.82      0.00      0.00      0.00      0.00
06:58:01    veth58e3b24   1200.00   1400.00    416.02    590.82      0.00      0.00      0.00      0.05

06:58:01        CPU     %user     %nice   %system   %iowait    %steal     %idle
06:58:02        all     12.32      0.00     12.07      0.00      7.88     67.73

06:58:01    kbmemfree   kbavail kbmemused  %memused kbbuffers  kbcached  kbcommit   %commit  kbactive   kbinact   kbdirty
06:58:02     14096708  15367516    655512      4.00     82112   1431044   2140352     13.07   1336360    712404       280

06:58:01        IFACE   rxpck/s   txpck/s    rxkB/s    txkB/s   rxcmp/s   txcmp/s  rxmcst/s   %ifutil
06:58:02           lo   2017.00   2017.00    462.77    462.77      0.00      0.00      0.00      0.00
06:58:02         ens4    803.00    604.00    526.40    391.11      0.00      0.00      0.00      0.00
06:58:02      docker0   1200.00   1400.00    399.61    590.82      0.00      0.00      0.00      0.00
06:58:02    veth58e3b24   1200.00   1400.00    416.02    590.82      0.00      0.00      0.00      0.05

06:58:02        CPU     %user     %nice   %system   %iowait    %steal     %idle
06:58:03        all     12.38      0.00     11.67      0.00     15.00     60.95

06:58:02    kbmemfree   kbavail kbmemused  %memused kbbuffers  kbcached  kbcommit   %commit  kbactive   kbinact   kbdirty
06:58:03     14096456  15367296    655556      4.00     82112   1431064   2140352     13.07   1336844    712436       300

06:58:02        IFACE   rxpck/s   txpck/s    rxkB/s    txkB/s   rxcmp/s   txcmp/s  rxmcst/s   %ifutil
06:58:03           lo   1980.20   1980.20    434.52    434.52      0.00      0.00      0.00      0.00
06:58:03         ens4    793.07    593.07    520.83    384.75      0.00      0.00      0.00      0.00
06:58:03      docker0   1188.12   1386.14    395.65    584.97      0.00      0.00      0.00      0.00
06:58:03    veth58e3b24   1188.12   1386.14    411.90    584.97      0.00      0.00      0.00      0.05

06:58:03        CPU     %user     %nice   %system   %iowait    %steal     %idle
06:58:04        all     11.74      0.00     11.98      0.00     11.00     65.28

06:58:03    kbmemfree   kbavail kbmemused  %memused kbbuffers  kbcached  kbcommit   %commit  kbactive   kbinact   kbdirty
06:58:04     14096456  15367312    655308      4.00     82112   1431092   2140352     13.07   1337308    712452       328

06:58:03        IFACE   rxpck/s   txpck/s    rxkB/s    txkB/s   rxcmp/s   txcmp/s  rxmcst/s   %ifutil
06:58:04           lo   2000.00   2000.00    438.87    438.87      0.00      0.00      0.00      0.00
06:58:04         ens4    807.00    605.00    527.46    391.04      0.00      0.00      0.00      0.00
06:58:04      docker0   1199.00   1401.00    398.02    591.86      0.00      0.00      0.00      0.00
06:58:04    veth58e3b24   1199.00   1401.00    414.41    591.86      0.00      0.00      0.00      0.05

06:58:04        CPU     %user     %nice   %system   %iowait    %steal     %idle
06:58:05        all     12.53      0.00     11.81      0.00     14.46     61.20

06:58:04    kbmemfree   kbavail kbmemused  %memused kbbuffers  kbcached  kbcommit   %commit  kbactive   kbinact   kbdirty
06:58:05     14095700  15366588    655836      4.01     82112   1431120   2140352     13.07   1337704    712484       348

06:58:04        IFACE   rxpck/s   txpck/s    rxkB/s    txkB/s   rxcmp/s   txcmp/s  rxmcst/s   %ifutil
06:58:05           lo   2005.00   2005.00    439.27    439.27      0.00      0.00      0.00      0.00
06:58:05         ens4    803.00    604.00    526.14    392.42      0.00      0.00      0.00      0.00
06:58:05      docker0   1204.00   1402.00    401.50    590.95      0.00      0.00      0.00      0.00
06:58:05    veth58e3b24   1204.00   1402.00    417.96    590.95      0.00      0.00      0.00      0.05

06:58:05        CPU     %user     %nice   %system   %iowait    %steal     %idle
06:58:06        all     11.90      0.00     10.38      0.00      5.06     72.66

06:58:05    kbmemfree   kbavail kbmemused  %memused kbbuffers  kbcached  kbcommit   %commit  kbactive   kbinact   kbdirty
06:58:06     14095700  15366592    655624      4.00     82112   1431136   2140352     13.07   1337768    712488       368

06:58:05        IFACE   rxpck/s   txpck/s    rxkB/s    txkB/s   rxcmp/s   txcmp/s  rxmcst/s   %ifutil
06:58:06           lo   1995.00   1995.00    438.46    438.46      0.00      0.00      0.00      0.00
06:58:06         ens4    802.00    599.00    526.11    390.14      0.00      0.00      0.00      0.00
06:58:06      docker0   1197.00   1398.00    399.31    590.69      0.00      0.00      0.00      0.00
06:58:06    veth58e3b24   1197.00   1398.00    415.67    590.69      0.00      0.00      0.00      0.05

06:58:06        CPU     %user     %nice   %system   %iowait    %steal     %idle
06:58:07        all     10.71      0.00     10.71      0.00      3.83     74.74

06:58:06    kbmemfree   kbavail kbmemused  %memused kbbuffers  kbcached  kbcommit   %commit  kbactive   kbinact   kbdirty
06:58:07     14095196  15366132    655908      4.01     82112   1431164   2140352     13.07   1338092    712532       400

06:58:06        IFACE   rxpck/s   txpck/s    rxkB/s    txkB/s   rxcmp/s   txcmp/s  rxmcst/s   %ifutil
06:58:07           lo   2000.00   2000.00    438.87    438.87      0.00      0.00      0.00      0.00
06:58:07         ens4    801.00    600.00    526.04    390.43      0.00      0.00      0.00      0.00
06:58:07      docker0   1200.00   1400.00    399.61    590.82      0.00      0.00      0.00      0.00
06:58:07    veth58e3b24   1200.00   1400.00    416.02    590.82      0.00      0.00      0.00      0.05

06:58:07        CPU     %user     %nice   %system   %iowait    %steal     %idle
06:58:08        all     10.78      0.00     11.28      0.00      6.27     71.68

06:58:07    kbmemfree   kbavail kbmemused  %memused kbbuffers  kbcached  kbcommit   %commit  kbactive   kbinact   kbdirty
06:58:08     14094948  15365896    655940      4.01     82112   1431188   2140352     13.07   1338320    712544       424

06:58:07        IFACE   rxpck/s   txpck/s    rxkB/s    txkB/s   rxcmp/s   txcmp/s  rxmcst/s   %ifutil
06:58:08           lo   2000.00   2000.00    438.87    438.87      0.00      0.00      0.00      0.00
06:58:08         ens4    800.00    600.00    525.98    390.43      0.00      0.00      0.00      0.00
06:58:08      docker0   1200.00   1400.00    399.61    590.82      0.00      0.00      0.00      0.00
06:58:08    veth58e3b24   1200.00   1400.00    416.02    590.82      0.00      0.00      0.00      0.05

06:58:08        CPU     %user     %nice   %system   %iowait    %steal     %idle
06:58:09        all     22.72      0.00     12.84      0.49     12.59     51.36

06:58:08    kbmemfree   kbavail kbmemused  %memused kbbuffers  kbcached  kbcommit   %commit  kbactive   kbinact   kbdirty
06:58:09     14087644  15358640    663080      4.05     82112   1431220   2146612     13.11   1344184    712592       492

06:58:08        IFACE   rxpck/s   txpck/s    rxkB/s    txkB/s   rxcmp/s   txcmp/s  rxmcst/s   %ifutil
06:58:09           lo   2000.00   2000.00    438.87    438.87      0.00      0.00      0.00      0.00
06:58:09         ens4    805.00    605.00    528.99    391.16      0.00      0.00      0.00      0.00
06:58:09      docker0   1200.00   1399.00    399.61    589.78      0.00      0.00      0.00      0.00
06:58:09    veth58e3b24   1200.00   1399.00    416.02    589.78      0.00      0.00      0.00      0.05

06:58:09        CPU     %user     %nice   %system   %iowait    %steal     %idle
06:58:10        all     18.59      0.00     12.06      0.00      5.53     63.82

06:58:09    kbmemfree   kbavail kbmemused  %memused kbbuffers  kbcached  kbcommit   %commit  kbactive   kbinact   kbdirty
06:58:10     14085128  15356132    665316      4.06     82112   1431244   2149576     13.13   1345636    712600       624

06:58:09        IFACE   rxpck/s   txpck/s    rxkB/s    txkB/s   rxcmp/s   txcmp/s  rxmcst/s   %ifutil
06:58:10           lo   2005.00   2005.00    439.27    439.27      0.00      0.00      0.00      0.00
06:58:10         ens4    822.00    617.00    529.91    396.63      0.00      0.00      0.00      0.00
06:58:10      docker0   1203.00   1403.00    399.91    591.99      0.00      0.00      0.00      0.00
06:58:10    veth58e3b24   1203.00   1403.00    416.36    591.99      0.00      0.00      0.00      0.05

06:58:10        CPU     %user     %nice   %system   %iowait    %steal     %idle
06:58:11        all     10.55      0.00     11.56      0.00      6.03     71.86

06:58:10    kbmemfree   kbavail kbmemused  %memused kbbuffers  kbcached  kbcommit   %commit  kbactive   kbinact   kbdirty
06:58:11     14087160  15358188    663124      4.05     82112   1431264   2140364     13.07   1338552    712620       664

06:58:10        IFACE   rxpck/s   txpck/s    rxkB/s    txkB/s   rxcmp/s   txcmp/s  rxmcst/s   %ifutil
06:58:11           lo   2005.00   2005.00    440.66    440.66      0.00      0.00      0.00      0.00
06:58:11         ens4    805.00    604.00    527.73    390.89      0.00      0.00      0.00      0.00
06:58:11      docker0   1201.00   1402.00    399.67    590.96      0.00      0.00      0.00      0.00
06:58:11    veth58e3b24   1201.00   1402.00    416.09    590.96      0.00      0.00      0.00      0.05

06:58:11        CPU     %user     %nice   %system   %iowait    %steal     %idle
06:58:12        all      8.88      0.00     10.41      0.00      1.52     79.19

06:58:11    kbmemfree   kbavail kbmemused  %memused kbbuffers  kbcached  kbcommit   %commit  kbactive   kbinact   kbdirty
06:58:12     14086920  15357956    663144      4.05     82112   1431292   2140364     13.07   1338552    712620       696

06:58:11        IFACE   rxpck/s   txpck/s    rxkB/s    txkB/s   rxcmp/s   txcmp/s  rxmcst/s   %ifutil
06:58:12           lo   1990.00   1990.00    436.67    436.67      0.00      0.00      0.00      0.00
06:58:12         ens4    804.00    599.00    526.23    390.14      0.00      0.00      0.00      0.00
06:58:12      docker0   1197.00   1398.00    399.45    590.68      0.00      0.00      0.00      0.00
06:58:12    veth58e3b24   1197.00   1398.00    415.81    590.68      0.00      0.00      0.00      0.05

06:58:12        CPU     %user     %nice   %system   %iowait    %steal     %idle
06:58:13        all     10.26      0.00     10.26      0.00      1.28     78.21

06:58:12    kbmemfree   kbavail kbmemused  %memused kbbuffers  kbcached  kbcommit   %commit  kbactive   kbinact   kbdirty
06:58:13     14082892  15353956    667008      4.07     82112   1431308   2146220     13.11   1342036    712648       712

06:58:12        IFACE   rxpck/s   txpck/s    rxkB/s    txkB/s   rxcmp/s   txcmp/s  rxmcst/s   %ifutil
06:58:13           lo   2006.00   2006.00    439.34    439.34      0.00      0.00      0.00      0.00
06:58:13         ens4    811.00    609.00    527.72    392.71      0.00      0.00      0.00      0.00
06:58:13      docker0   1201.00   1400.00    399.66    590.82      0.00      0.00      0.00      0.00
06:58:13    veth58e3b24   1201.00   1400.00    416.08    590.82      0.00      0.00      0.00      0.05

06:58:13        CPU     %user     %nice   %system   %iowait    %steal     %idle
06:58:14        all      9.56      0.00      9.56      0.00      2.07     78.81

06:58:13    kbmemfree   kbavail kbmemused  %memused kbbuffers  kbcached  kbcommit   %commit  kbactive   kbinact   kbdirty
06:58:14     14087276  15358360    662324      4.04     82112   1431340   2144268     13.10   1340404    712668       780

06:58:13        IFACE   rxpck/s   txpck/s    rxkB/s    txkB/s   rxcmp/s   txcmp/s  rxmcst/s   %ifutil
06:58:14           lo   2003.00   2003.00    440.54    440.54      0.00      0.00      0.00      0.00
06:58:14         ens4    813.00    610.00    527.05    392.27      0.00      0.00      0.00      0.00
06:58:14      docker0   1201.00   1401.00    399.67    590.89      0.00      0.00      0.00      0.00
06:58:14    veth58e3b24   1201.00   1401.00    416.09    590.89      0.00      0.00      0.00      0.05

06:58:14        CPU     %user     %nice   %system   %iowait    %steal     %idle
06:58:15        all      9.23      0.00     10.26      0.00      1.03     79.49

06:58:14    kbmemfree   kbavail kbmemused  %memused kbbuffers  kbcached  kbcommit   %commit  kbactive   kbinact   kbdirty
06:58:15     14087024  15358108    662388      4.05     82112   1431368   2144268     13.10   1340404    712668       808

06:58:14        IFACE   rxpck/s   txpck/s    rxkB/s    txkB/s   rxcmp/s   txcmp/s  rxmcst/s   %ifutil
06:58:15           lo   2005.00   2005.00    439.12    439.12      0.00      0.00      0.00      0.00
06:58:15         ens4    803.00    602.00    526.17    391.87      0.00      0.00      0.00      0.00
06:58:15      docker0   1202.00   1402.00    399.71    592.47      0.00      0.00      0.00      0.00
06:58:15    veth58e3b24   1202.00   1402.00    416.14    592.47      0.00      0.00      0.00      0.05

06:58:15        CPU     %user     %nice   %system   %iowait    %steal     %idle
06:58:16        all     11.22      0.00     10.20      0.00      1.02     77.55

06:58:15    kbmemfree   kbavail kbmemused  %memused kbbuffers  kbcached  kbcommit   %commit  kbactive   kbinact   kbdirty
06:58:16     14086016  15357164    663188      4.05     82112   1431392   2144268     13.10   1340412    712732       832

06:58:15        IFACE   rxpck/s   txpck/s    rxkB/s    txkB/s   rxcmp/s   txcmp/s  rxmcst/s   %ifutil
06:58:16           lo   2000.00   2000.00    438.87    438.87      0.00      0.00      0.00      0.00
06:58:16         ens4    803.00    603.00    526.17    392.79      0.00      0.00      0.00      0.00
06:58:16      docker0   1200.00   1401.00    399.61    590.88      0.00      0.00      0.00      0.00
06:58:16    veth58e3b24   1200.00   1401.00    416.02    590.88      0.00      0.00      0.00      0.05

06:58:16        CPU     %user     %nice   %system   %iowait    %steal     %idle
06:58:17        all     11.42      0.00     10.41      0.00      4.06     74.11

06:58:16    kbmemfree   kbavail kbmemused  %memused kbbuffers  kbcached  kbcommit   %commit  kbactive   kbinact   kbdirty
06:58:17     14085512  15356688    663480      4.05     82112   1431412   2145252     13.10   1341432    712760       740

06:58:16        IFACE   rxpck/s   txpck/s    rxkB/s    txkB/s   rxcmp/s   txcmp/s  rxmcst/s   %ifutil
06:58:17           lo   1995.00   1995.00    436.93    436.93      0.00      0.00      0.00      0.00
06:58:17         ens4    798.00    599.00    523.45    390.12      0.00      0.00      0.00      0.00
06:58:17      docker0   1195.00   1393.00    399.20    587.87      0.00      0.00      0.00      0.00
06:58:17    veth58e3b24   1195.00   1393.00    415.54    587.87      0.00      0.00      0.00      0.05

06:58:17        CPU     %user     %nice   %system   %iowait    %steal     %idle
06:58:18        all     14.82      0.00     11.06      0.00      6.78     67.34

06:58:17    kbmemfree   kbavail kbmemused  %memused kbbuffers  kbcached  kbcommit   %commit  kbactive   kbinact   kbdirty
06:58:18     14081480  15352660    667328      4.08     82112   1431440   2144268     13.10   1340452    712764       772

06:58:17        IFACE   rxpck/s   txpck/s    rxkB/s    txkB/s   rxcmp/s   txcmp/s  rxmcst/s   %ifutil
06:58:18           lo   2005.00   2005.00    440.66    440.66      0.00      0.00      0.00      0.00
06:58:18         ens4    805.00    602.00    528.67    391.64      0.00      0.00      0.00      0.00
06:58:18      docker0   1201.00   1403.00    399.67    591.99      0.00      0.00      0.00      0.00
06:58:18    veth58e3b24   1201.00   1403.00    416.09    591.99      0.00      0.00      0.00      0.05

06:58:18        CPU     %user     %nice   %system   %iowait    %steal     %idle
06:58:19        all      9.79      0.00     10.57      0.00      2.06     77.58

06:58:18    kbmemfree   kbavail kbmemused  %memused kbbuffers  kbcached  kbcommit   %commit  kbactive   kbinact   kbdirty
06:58:19     14081480  15352660    667116      4.07     82112   1431464   2144268     13.10   1340452    712764       936

06:58:18        IFACE   rxpck/s   txpck/s    rxkB/s    txkB/s   rxcmp/s   txcmp/s  rxmcst/s   %ifutil
06:58:19           lo   2005.00   2005.00    439.27    439.27      0.00      0.00      0.00      0.00
06:58:19         ens4    813.00    614.00    529.00    399.16      0.00      0.00      0.00      0.00
06:58:19      docker0   1203.00   1403.00    399.91    591.01      0.00      0.00      0.00      0.00
06:58:19    veth58e3b24   1203.00   1403.00    416.36    591.01      0.00      0.00      0.00      0.05

06:58:19        CPU     %user     %nice   %system   %iowait    %steal     %idle
06:58:20        all     12.56      0.00     13.33      0.00      1.03     73.08

06:58:19    kbmemfree   kbavail kbmemused  %memused kbbuffers  kbcached  kbcommit   %commit  kbactive   kbinact   kbdirty
06:58:20     14080000  15351284    668384      4.08     82112   1431488   2144268     13.10   1341936    712844       960

06:58:19        IFACE   rxpck/s   txpck/s    rxkB/s    txkB/s   rxcmp/s   txcmp/s  rxmcst/s   %ifutil
06:58:20           lo   2000.00   2000.00    438.87    438.87      0.00      0.00      0.00      0.00
06:58:20         ens4    834.00    638.00    529.60    734.17      0.00      0.00      0.00      0.00
06:58:20      docker0   1202.00   1401.00    401.25    592.41      0.00      0.00      0.00      0.00
06:58:20    veth58e3b24   1202.00   1401.00    417.68    592.41      0.00      0.00      0.00      0.05

06:58:20        CPU     %user     %nice   %system   %iowait    %steal     %idle
06:58:21        all      9.95      0.00     11.22      0.00      1.28     77.55

06:58:20    kbmemfree   kbavail kbmemused  %memused kbbuffers  kbcached  kbcommit   %commit  kbactive   kbinact   kbdirty
06:58:21     14086972  15358276    661224      4.04     82112   1431512   2148172     13.12   1343940    712864      1012

06:58:20        IFACE   rxpck/s   txpck/s    rxkB/s    txkB/s   rxcmp/s   txcmp/s  rxmcst/s   %ifutil
06:58:21           lo   2000.00   2000.00    438.87    438.87      0.00      0.00      0.00      0.00
06:58:21         ens4    819.00    620.00    528.46    393.53      0.00      0.00      0.00      0.00
06:58:21      docker0   1199.00   1400.00    398.02    590.82      0.00      0.00      0.00      0.00
06:58:21    veth58e3b24   1199.00   1400.00    414.41    590.82      0.00      0.00      0.00      0.05

06:58:21        CPU     %user     %nice   %system   %iowait    %steal     %idle
06:58:22        all     13.28      0.00      8.59      0.00      0.78     77.34

06:58:21    kbmemfree   kbavail kbmemused  %memused kbbuffers  kbcached  kbcommit   %commit  kbactive   kbinact   kbdirty
06:58:22     14086360  15357672    661736      4.04     82112   1431536   2148172     13.12   1343952    712872      1036

06:58:21        IFACE   rxpck/s   txpck/s    rxkB/s    txkB/s   rxcmp/s   txcmp/s  rxmcst/s   %ifutil
06:58:22           lo   2000.00   2000.00    438.87    438.87      0.00      0.00      0.00      0.00
06:58:22         ens4    978.00    769.00    538.91    404.24      0.00      0.00      0.00      0.00
06:58:22      docker0   1214.00   1413.00    400.34    591.66      0.00      0.00      0.00      0.00
06:58:22    veth58e3b24   1214.00   1413.00    416.94    591.66      0.00      0.00      0.00      0.05

06:58:22        CPU     %user     %nice   %system   %iowait    %steal     %idle
06:58:23        all     10.69      0.00      9.67      0.00      3.56     76.08

06:58:22    kbmemfree   kbavail kbmemused  %memused kbbuffers  kbcached  kbcommit   %commit  kbactive   kbinact   kbdirty
06:58:23     14090632  15361984    657344      4.01     82112   1431564   2140364     13.07   1340276    712924      1084

06:58:22        IFACE   rxpck/s   txpck/s    rxkB/s    txkB/s   rxcmp/s   txcmp/s  rxmcst/s   %ifutil
06:58:23           lo   2000.00   2000.00    438.87    438.87      0.00      0.00      0.00      0.00
06:58:23         ens4    806.00    606.00    526.47    390.86      0.00      0.00      0.00      0.00
06:58:23      docker0   1200.00   1400.00    399.61    590.82      0.00      0.00      0.00      0.00
06:58:23    veth58e3b24   1200.00   1400.00    416.02    590.82      0.00      0.00      0.00      0.05

06:58:23        CPU     %user     %nice   %system   %iowait    %steal     %idle
06:58:24        all      9.44      0.00      9.95      0.00      1.53     79.08

06:58:23    kbmemfree   kbavail kbmemused  %memused kbbuffers  kbcached  kbcommit   %commit  kbactive   kbinact   kbdirty
06:58:24     14090132  15361484    657700      4.02     82112   1431588   2140364     13.07   1340276    712924      1112

06:58:23        IFACE   rxpck/s   txpck/s    rxkB/s    txkB/s   rxcmp/s   txcmp/s  rxmcst/s   %ifutil
06:58:24           lo   2000.00   2000.00    438.87    438.87      0.00      0.00      0.00      0.00
06:58:24         ens4    802.00    601.00    526.11    392.03      0.00      0.00      0.00      0.00
06:58:24      docker0   1201.00   1400.00    401.20    590.82      0.00      0.00      0.00      0.00
06:58:24    veth58e3b24   1201.00   1400.00    417.62    590.82      0.00      0.00      0.00      0.05

06:58:24        CPU     %user     %nice   %system   %iowait    %steal     %idle
06:58:25        all      9.46      0.00      9.72      0.51      1.28     79.03

06:58:24    kbmemfree   kbavail kbmemused  %memused kbbuffers  kbcached  kbcommit   %commit  kbactive   kbinact   kbdirty
06:58:25     14089884  15361244    657788      4.02     82112   1431612   2140364     13.07   1340292    712932       912

06:58:24        IFACE   rxpck/s   txpck/s    rxkB/s    txkB/s   rxcmp/s   txcmp/s  rxmcst/s   %ifutil
06:58:25           lo   2000.00   2000.00    438.87    438.87      0.00      0.00      0.00      0.00
06:58:25         ens4    803.00    600.00    526.17    390.43      0.00      0.00      0.00      0.00
06:58:25      docker0   1200.00   1400.00    399.61    590.82      0.00      0.00      0.00      0.00
06:58:25    veth58e3b24   1200.00   1400.00    416.02    590.82      0.00      0.00      0.00      0.05

06:58:25        CPU     %user     %nice   %system   %iowait    %steal     %idle
06:58:26        all     13.01      0.00     10.46      0.00      3.57     72.96

06:58:25    kbmemfree   kbavail kbmemused  %memused kbbuffers  kbcached  kbcommit   %commit  kbactive   kbinact   kbdirty
06:58:26     14089884  15361304    657660      4.02     82112   1431628   2140364     13.07   1340348    712992       720

06:58:25        IFACE   rxpck/s   txpck/s    rxkB/s    txkB/s   rxcmp/s   txcmp/s  rxmcst/s   %ifutil
06:58:26           lo   2000.00   2000.00    438.87    438.87      0.00      0.00      0.00      0.00
06:58:26         ens4    806.00    600.00    526.36    388.89      0.00      0.00      0.00      0.00
06:58:26      docker0   1200.00   1400.00    399.61    590.82      0.00      0.00      0.00      0.00
06:58:26    veth58e3b24   1200.00   1400.00    416.02    590.82      0.00      0.00      0.00      0.05

06:58:26        CPU     %user     %nice   %system   %iowait    %steal     %idle
06:58:27        all      9.67      0.00     10.18      0.00      1.78     78.37

06:58:26    kbmemfree   kbavail kbmemused  %memused kbbuffers  kbcached  kbcommit   %commit  kbactive   kbinact   kbdirty
06:58:27     14089884  15361304    657456      4.02     82112   1431664   2140364     13.07   1340348    712992       756

06:58:26        IFACE   rxpck/s   txpck/s    rxkB/s    txkB/s   rxcmp/s   txcmp/s  rxmcst/s   %ifutil
06:58:27           lo   2000.00   2000.00    438.87    438.87      0.00      0.00      0.00      0.00
06:58:27         ens4    800.00    601.00    525.98    392.03      0.00      0.00      0.00      0.00
06:58:27      docker0   1200.00   1400.00    399.61    590.82      0.00      0.00      0.00      0.00
06:58:27    veth58e3b24   1200.00   1400.00    416.02    590.82      0.00      0.00      0.00      0.05

06:58:27        CPU     %user     %nice   %system   %iowait    %steal     %idle
06:58:28        all      9.46      0.00     10.23      0.00      1.79     78.52

06:58:27    kbmemfree   kbavail kbmemused  %memused kbbuffers  kbcached  kbcommit   %commit  kbactive   kbinact   kbdirty
06:58:28     14089884  15361304    657308      4.01     82112   1431684   2140364     13.07   1340348    712992       776

06:58:27        IFACE   rxpck/s   txpck/s    rxkB/s    txkB/s   rxcmp/s   txcmp/s  rxmcst/s   %ifutil
06:58:28           lo   2000.00   2000.00    438.87    438.87      0.00      0.00      0.00      0.00
06:58:28         ens4    801.00    600.00    526.04    390.43      0.00      0.00      0.00      0.00
06:58:28      docker0   1200.00   1400.00    399.61    590.82      0.00      0.00      0.00      0.00
06:58:28    veth58e3b24   1200.00   1400.00    416.02    590.82      0.00      0.00      0.00      0.05

06:58:28        CPU     %user     %nice   %system   %iowait    %steal     %idle
06:58:29        all      8.79      0.00     10.08      0.00      1.55     79.59

06:58:28    kbmemfree   kbavail kbmemused  %memused kbbuffers  kbcached  kbcommit   %commit  kbactive   kbinact   kbdirty
06:58:29     14087896  15359384    659124      4.03     82112   1431708   2144268     13.10   1342136    713060       792

06:58:28        IFACE   rxpck/s   txpck/s    rxkB/s    txkB/s   rxcmp/s   txcmp/s  rxmcst/s   %ifutil
06:58:29           lo   2000.00   2000.00    438.87    438.87      0.00      0.00      0.00      0.00
06:58:29         ens4    808.00    606.00    527.41    391.93      0.00      0.00      0.00      0.00
06:58:29      docker0   1200.00   1400.00    399.61    590.82      0.00      0.00      0.00      0.00
06:58:29    veth58e3b24   1200.00   1400.00    416.02    590.82      0.00      0.00      0.00      0.05

06:58:29        CPU     %user     %nice   %system   %iowait    %steal     %idle
06:58:30        all      9.23      0.00     10.26      0.00      1.03     79.49

06:58:29    kbmemfree   kbavail kbmemused  %memused kbbuffers  kbcached  kbcommit   %commit  kbactive   kbinact   kbdirty
06:58:30     14087644  15359152    659204      4.03     82112   1431736   2144456     13.10   1342388    713080       836

06:58:29        IFACE   rxpck/s   txpck/s    rxkB/s    txkB/s   rxcmp/s   txcmp/s  rxmcst/s   %ifutil
06:58:30           lo   2000.00   2000.00    438.87    438.87      0.00      0.00      0.00      0.00
06:58:30         ens4    810.00    608.00    526.81    391.54      0.00      0.00      0.00      0.00
06:58:30      docker0   1200.00   1400.00    399.61    590.82      0.00      0.00      0.00      0.00
06:58:30    veth58e3b24   1200.00   1400.00    416.02    590.82      0.00      0.00      0.00      0.05

06:58:30        CPU     %user     %nice   %system   %iowait    %steal     %idle
06:58:31        all      9.46      0.00      9.72      0.00      1.28     79.54

06:58:30    kbmemfree   kbavail kbmemused  %memused kbbuffers  kbcached  kbcommit   %commit  kbactive   kbinact   kbdirty
06:58:31     14094732  15366260    651972      3.98     82112   1431756   2140364     13.07   1340304    713100       980

06:58:30        IFACE   rxpck/s   txpck/s    rxkB/s    txkB/s   rxcmp/s   txcmp/s  rxmcst/s   %ifutil
06:58:31           lo   2004.00   2004.00    439.07    439.07      0.00      0.00      0.00      0.00
06:58:31         ens4    807.00    603.00    526.49    391.72      0.00      0.00      0.00      0.00
06:58:31      docker0   1200.00   1400.00    399.61    590.82      0.00      0.00      0.00      0.00
06:58:31    veth58e3b24   1200.00   1400.00    416.02    590.82      0.00      0.00      0.00      0.05

06:58:31        CPU     %user     %nice   %system   %iowait    %steal     %idle
06:58:32        all      9.28      0.00     10.31      0.00      1.29     79.12

06:58:31    kbmemfree   kbavail kbmemused  %memused kbbuffers  kbcached  kbcommit   %commit  kbactive   kbinact   kbdirty
06:58:32     14094732  15366288    651840      3.98     82112   1431780   2140364     13.07   1340348    713128      1000

06:58:31        IFACE   rxpck/s   txpck/s    rxkB/s    txkB/s   rxcmp/s   txcmp/s  rxmcst/s   %ifutil
06:58:32           lo   2000.00   2000.00    438.87    438.87      0.00      0.00      0.00      0.00
06:58:32         ens4    805.00    600.00    527.27    390.43      0.00      0.00      0.00      0.00
06:58:32      docker0   1200.00   1401.00    399.61    591.86      0.00      0.00      0.00      0.00
06:58:32    veth58e3b24   1200.00   1401.00    416.02    591.86      0.00      0.00      0.00      0.05

06:58:32        CPU     %user     %nice   %system   %iowait    %steal     %idle
06:58:33        all      9.02      0.00      9.79      0.00      2.32     78.87

06:58:32    kbmemfree   kbavail kbmemused  %memused kbbuffers  kbcached  kbcommit   %commit  kbactive   kbinact   kbdirty
06:58:33     14094732  15366296    651684      3.98     82112   1431808   2140364     13.07   1340348    713136       300

06:58:32        IFACE   rxpck/s   txpck/s    rxkB/s    txkB/s   rxcmp/s   txcmp/s  rxmcst/s   %ifutil
06:58:33           lo   2000.00   2000.00    438.87    438.87      0.00      0.00      0.00      0.00
06:58:33         ens4    803.00    600.00    525.20    390.43      0.00      0.00      0.00      0.00
06:58:33      docker0   1200.00   1399.00    399.61    589.78      0.00      0.00      0.00      0.00
06:58:33    veth58e3b24   1200.00   1399.00    416.02    589.78      0.00      0.00      0.00      0.05

06:58:33        CPU     %user     %nice   %system   %iowait    %steal     %idle
06:58:34        all      9.00      0.00     10.03      0.00      1.03     79.95

06:58:33    kbmemfree   kbavail kbmemused  %memused kbbuffers  kbcached  kbcommit   %commit  kbactive   kbinact   kbdirty
06:58:34     14094732  15366296    651580      3.98     82112   1431832   2140364     13.07   1340348    713136       324

06:58:33        IFACE   rxpck/s   txpck/s    rxkB/s    txkB/s   rxcmp/s   txcmp/s  rxmcst/s   %ifutil
06:58:34           lo   2000.00   2000.00    438.87    438.87      0.00      0.00      0.00      0.00
06:58:34         ens4    802.00    600.00    527.08    390.43      0.00      0.00      0.00      0.00
06:58:34      docker0   1200.00   1401.00    399.61    591.86      0.00      0.00      0.00      0.00
06:58:34    veth58e3b24   1200.00   1401.00    416.02    591.86      0.00      0.00      0.00      0.05

06:58:34        CPU     %user     %nice   %system   %iowait    %steal     %idle
06:58:35        all      9.16      0.00     10.69      0.00      2.04     78.12

06:58:34    kbmemfree   kbavail kbmemused  %memused kbbuffers  kbcached  kbcommit   %commit  kbactive   kbinact   kbdirty
06:58:35     14094484  15366080    651720      3.98     82112   1431856   2140364     13.07   1340348    713168       356

06:58:34        IFACE   rxpck/s   txpck/s    rxkB/s    txkB/s   rxcmp/s   txcmp/s  rxmcst/s   %ifutil
06:58:35           lo   2000.00   2000.00    438.87    438.87      0.00      0.00      0.00      0.00
06:58:35         ens4    802.00    601.00    526.08    390.47      0.00      0.00      0.00      0.00
06:58:35      docker0   1200.00   1400.00    399.61    590.82      0.00      0.00      0.00      0.00
06:58:35    veth58e3b24   1200.00   1400.00    416.02    590.82      0.00      0.00      0.00      0.05

06:58:35        CPU     %user     %nice   %system   %iowait    %steal     %idle
06:58:36        all     10.33      0.00     11.08      0.00      4.03     74.56

06:58:35    kbmemfree   kbavail kbmemused  %memused kbbuffers  kbcached  kbcommit   %commit  kbactive   kbinact   kbdirty
06:58:36     14094484  15366104    651568      3.98     82112   1431884   2140364     13.07   1340356    713192       264

06:58:35        IFACE   rxpck/s   txpck/s    rxkB/s    txkB/s   rxcmp/s   txcmp/s  rxmcst/s   %ifutil
06:58:36           lo   2000.00   2000.00    438.87    438.87      0.00      0.00      0.00      0.00
06:58:36         ens4    803.00    600.00    525.20    390.43      0.00      0.00      0.00      0.00
06:58:36      docker0   1200.00   1399.00    399.61    589.78      0.00      0.00      0.00      0.00
06:58:36    veth58e3b24   1200.00   1399.00    416.02    589.78      0.00      0.00      0.00      0.05

06:58:36        CPU     %user     %nice   %system   %iowait    %steal     %idle
06:58:37        all      2.02      0.00      2.27      0.00      0.51     95.20

06:58:36    kbmemfree   kbavail kbmemused  %memused kbbuffers  kbcached  kbcommit   %commit  kbactive   kbinact   kbdirty
06:58:37     14094484  15366116    651508      3.98     82112   1431892   2140364     13.07   1340356    713204       256

06:58:36        IFACE   rxpck/s   txpck/s    rxkB/s    txkB/s   rxcmp/s   txcmp/s  rxmcst/s   %ifutil
06:58:37           lo    480.00    480.00    103.94    103.94      0.00      0.00      0.00      0.00
06:58:37         ens4    200.00    154.00    126.33     93.05      0.00      0.00      0.00      0.00
06:58:37      docker0    299.00    342.00     95.08    141.63      0.00      0.00      0.00      0.00
06:58:37    veth58e3b24    299.00    342.00     99.17    141.63      0.00      0.00      0.00      0.01

06:58:37        CPU     %user     %nice   %system   %iowait    %steal     %idle
06:58:38        all      0.00      0.00      0.25      0.00      0.25     99.50

06:58:37    kbmemfree   kbavail kbmemused  %memused kbbuffers  kbcached  kbcommit   %commit  kbactive   kbinact   kbdirty
06:58:38     14094484  15366116    651508      3.98     82112   1431892   2140364     13.07   1340356    713204       272

06:58:37        IFACE   rxpck/s   txpck/s    rxkB/s    txkB/s   rxcmp/s   txcmp/s  rxmcst/s   %ifutil
06:58:38           lo      0.00      0.00      0.00      0.00      0.00      0.00      0.00      0.00
06:58:38         ens4      0.00      0.00      0.00      0.00      0.00      0.00      0.00      0.00
06:58:38      docker0      0.00      0.00      0.00      0.00      0.00      0.00      0.00      0.00
06:58:38    veth58e3b24      0.00      0.00      0.00      0.00      0.00      0.00      0.00      0.00

06:58:38        CPU     %user     %nice   %system   %iowait    %steal     %idle
06:58:39        all      0.00      0.00      0.00      0.00      0.25     99.75

06:58:38    kbmemfree   kbavail kbmemused  %memused kbbuffers  kbcached  kbcommit   %commit  kbactive   kbinact   kbdirty
06:58:39     14094484  15366116    651508      3.98     82112   1431892   2140364     13.07   1340356    713204       272

06:58:38        IFACE   rxpck/s   txpck/s    rxkB/s    txkB/s   rxcmp/s   txcmp/s  rxmcst/s   %ifutil
06:58:39           lo      0.00      0.00      0.00      0.00      0.00      0.00      0.00      0.00
06:58:39         ens4      0.00      0.00      0.00      0.00      0.00      0.00      0.00      0.00
06:58:39      docker0      0.00      0.00      0.00      0.00      0.00      0.00      0.00      0.00
06:58:39    veth58e3b24      0.00      0.00      0.00      0.00      0.00      0.00      0.00      0.00

06:58:39        CPU     %user     %nice   %system   %iowait    %steal     %idle
06:58:40        all      0.75      0.00      0.00      0.00      0.00     99.25

06:58:39    kbmemfree   kbavail kbmemused  %memused kbbuffers  kbcached  kbcommit   %commit  kbactive   kbinact   kbdirty
06:58:40     14093984  15365616    652008      3.98     82112   1431892   2144268     13.10   1341924    713204       272

06:58:39        IFACE   rxpck/s   txpck/s    rxkB/s    txkB/s   rxcmp/s   txcmp/s  rxmcst/s   %ifutil
06:58:40           lo      0.00      0.00      0.00      0.00      0.00      0.00      0.00      0.00
06:58:40         ens4      6.00      7.00      0.43      0.51      0.00      0.00      0.00      0.00
06:58:40      docker0      0.00      0.00      0.00      0.00      0.00      0.00      0.00      0.00
06:58:40    veth58e3b24      0.00      0.00      0.00      0.00      0.00      0.00      0.00      0.00

06:58:40        CPU     %user     %nice   %system   %iowait    %steal     %idle
06:58:41        all      0.50      0.00      0.25      0.00      0.00     99.24

06:58:40    kbmemfree   kbavail kbmemused  %memused kbbuffers  kbcached  kbcommit   %commit  kbactive   kbinact   kbdirty
06:58:41     14096128  15367788    649860      3.97     82112   1431896   2140364     13.07   1340372    713232       388

06:58:40        IFACE   rxpck/s   txpck/s    rxkB/s    txkB/s   rxcmp/s   txcmp/s  rxmcst/s   %ifutil
06:58:41           lo      0.00      0.00      0.00      0.00      0.00      0.00      0.00      0.00
06:58:41         ens4     13.00     11.00      2.01      2.39      0.00      0.00      0.00      0.00
06:58:41      docker0      0.00      0.00      0.00      0.00      0.00      0.00      0.00      0.00
06:58:41    veth58e3b24      0.00      0.00      0.00      0.00      0.00      0.00      0.00      0.00

06:58:41        CPU     %user     %nice   %system   %iowait    %steal     %idle
06:58:42        all      7.87      0.00      9.14      0.00      2.03     80.96

06:58:41    kbmemfree   kbavail kbmemused  %memused kbbuffers  kbcached  kbcommit   %commit  kbactive   kbinact   kbdirty
06:58:42     14093424  15365156    652256      3.98     82112   1431912   2142316     13.08   1341956    713280       364

06:58:41        IFACE   rxpck/s   txpck/s    rxkB/s    txkB/s   rxcmp/s   txcmp/s  rxmcst/s   %ifutil
06:58:42           lo   1530.00   1530.00    337.12    337.12      0.00      0.00      0.00      0.00
06:58:42         ens4    929.00    626.00    424.45    312.03      0.00      0.00      0.00      0.00
06:58:42      docker0    925.00   1074.00    307.46    452.73      0.00      0.00      0.00      0.00
06:58:42    veth58e3b24    925.00   1074.00    320.11    452.73      0.00      0.00      0.00      0.04

06:58:42        CPU     %user     %nice   %system   %iowait    %steal     %idle
06:58:43        all      9.46      0.00     10.23      0.00      1.53     78.77

06:58:42    kbmemfree   kbavail kbmemused  %memused kbbuffers  kbcached  kbcommit   %commit  kbactive   kbinact   kbdirty
06:58:43     14092420  15364220    652800      3.99     82112   1431940   2144268     13.10   1342460    713300       384

06:58:42        IFACE   rxpck/s   txpck/s    rxkB/s    txkB/s   rxcmp/s   txcmp/s  rxmcst/s   %ifutil
06:58:43           lo   2100.00   2100.00    460.81    460.81      0.00      0.00      0.00      0.00
06:58:43         ens4    936.00    678.00    559.81    414.48      0.00      0.00      0.00      0.00
06:58:43      docker0   1260.00   1471.00    419.59    621.40      0.00      0.00      0.00      0.00
06:58:43    veth58e3b24   1260.00   1471.00    436.82    621.40      0.00      0.00      0.00      0.05

06:58:43        CPU     %user     %nice   %system   %iowait    %steal     %idle
06:58:44        all      9.77      0.00     10.03      0.00      0.77     79.43

06:58:43    kbmemfree   kbavail kbmemused  %memused kbbuffers  kbcached  kbcommit   %commit  kbactive   kbinact   kbdirty
06:58:44     14092168  15363984    652912      3.99     82112   1431964   2144268     13.10   1342572    713308       408

06:58:43        IFACE   rxpck/s   txpck/s    rxkB/s    txkB/s   rxcmp/s   txcmp/s  rxmcst/s   %ifutil
06:58:44           lo   2170.00   2170.00    476.17    476.17      0.00      0.00      0.00      0.00
06:58:44         ens4    872.00    653.00    569.97    425.92      0.00      0.00      0.00      0.00
06:58:44      docker0   1302.00   1518.00    433.58    640.00      0.00      0.00      0.00      0.00
06:58:44    veth58e3b24   1302.00   1518.00    451.38    640.00      0.00      0.00      0.00      0.05

06:58:44        CPU     %user     %nice   %system   %iowait    %steal     %idle
06:58:45        all     10.20      0.00     10.97      0.00      1.28     77.55

06:58:44    kbmemfree   kbavail kbmemused  %memused kbbuffers  kbcached  kbcommit   %commit  kbactive   kbinact   kbdirty
06:58:45     14091916  15363780    652972      3.99     82112   1431996   2144268     13.10   1342824    713356       448

06:58:44        IFACE   rxpck/s   txpck/s    rxkB/s    txkB/s   rxcmp/s   txcmp/s  rxmcst/s   %ifutil
06:58:45           lo   2240.00   2240.00    491.53    491.53      0.00      0.00      0.00      0.00
06:58:45         ens4    899.00    673.00    589.29    437.35      0.00      0.00      0.00      0.00
06:58:45      docker0   1344.00   1568.00    447.56    661.72      0.00      0.00      0.00      0.00
06:58:45    veth58e3b24   1344.00   1568.00    465.94    661.72      0.00      0.00      0.00      0.05

06:58:45        CPU     %user     %nice   %system   %iowait    %steal     %idle
06:58:46        all     10.23      0.00     11.25      0.00      1.02     77.49

06:58:45    kbmemfree   kbavail kbmemused  %memused kbbuffers  kbcached  kbcommit   %commit  kbactive   kbinact   kbdirty
06:58:46     14091412  15363308    653348      3.99     82112   1432024   2144268     13.10   1342972    713388       476

06:58:45        IFACE   rxpck/s   txpck/s    rxkB/s    txkB/s   rxcmp/s   txcmp/s  rxmcst/s   %ifutil
06:58:46           lo   2324.00   2324.00    509.29    509.29      0.00      0.00      0.00      0.00
06:58:46         ens4    931.00    696.00    610.33    452.45      0.00      0.00      0.00      0.00
06:58:46      docker0   1391.00   1623.00    461.96    685.29      0.00      0.00      0.00      0.00
06:58:46    veth58e3b24   1391.00   1623.00    480.98    685.29      0.00      0.00      0.00      0.06

06:58:46        CPU     %user     %nice   %system   %iowait    %steal     %idle
06:58:47        all     12.21      0.00     10.39      0.00      1.04     76.36

06:58:46    kbmemfree   kbavail kbmemused  %memused kbbuffers  kbcached  kbcommit   %commit  kbactive   kbinact   kbdirty
06:58:47     14091844  15363772    652732      3.99     82112   1432052   2144268     13.10   1340808    713420       524

06:58:46        IFACE   rxpck/s   txpck/s    rxkB/s    txkB/s   rxcmp/s   txcmp/s  rxmcst/s   %ifutil
06:58:47           lo   2390.00   2390.00    524.45    524.45      0.00      0.00      0.00      0.00
06:58:47         ens4    975.00    735.00    630.98    469.48      0.00      0.00      0.00      0.00
06:58:47      docker0   1438.00   1675.00    479.28    706.17      0.00      0.00      0.00      0.00
06:58:47    veth58e3b24   1438.00   1675.00    498.94    706.17      0.00      0.00      0.00      0.06

06:58:47        CPU     %user     %nice   %system   %iowait    %steal     %idle
06:58:48        all     12.15      0.00     12.41      0.00      4.56     70.89

06:58:47    kbmemfree   kbavail kbmemused  %memused kbbuffers  kbcached  kbcommit   %commit  kbactive   kbinact   kbdirty
06:58:48     14091372  15363316    653112      3.99     82112   1432072   2144268     13.10   1340032    713436       548

06:58:47        IFACE   rxpck/s   txpck/s    rxkB/s    txkB/s   rxcmp/s   txcmp/s  rxmcst/s   %ifutil
06:58:48           lo   2458.00   2458.00    539.71    539.71      0.00      0.00      0.00      0.00
06:58:48         ens4    983.00    739.00    646.89    482.69      0.00      0.00      0.00      0.00
06:58:48      docker0   1475.00   1720.00    491.47    726.58      0.00      0.00      0.00      0.00
06:58:48    veth58e3b24   1475.00   1720.00    511.63    726.58      0.00      0.00      0.00      0.06

06:58:48        CPU     %user     %nice   %system   %iowait    %steal     %idle
06:58:49        all     12.02      0.00     12.28      0.00      2.05     73.66

06:58:48    kbmemfree   kbavail kbmemused  %memused kbbuffers  kbcached  kbcommit   %commit  kbactive   kbinact   kbdirty
06:58:49     14091120  15363088    653204      3.99     82112   1432116   2144268     13.10   1339928    713460       592

06:58:48        IFACE   rxpck/s   txpck/s    rxkB/s    txkB/s   rxcmp/s   txcmp/s  rxmcst/s   %ifutil
06:58:49           lo   2542.00   2542.00    557.46    557.46      0.00      0.00      0.00      0.00
06:58:49         ens4   1021.00    765.00    668.32    497.35      0.00      0.00      0.00      0.00
06:58:49      docker0   1525.00   1780.00    507.55    750.47      0.00      0.00      0.00      0.00
06:58:49    veth58e3b24   1525.00   1780.00    528.40    750.47      0.00      0.00      0.00      0.06

06:58:49        CPU     %user     %nice   %system   %iowait    %steal     %idle
06:58:50        all     12.95      0.00     12.18      0.00      1.30     73.58

06:58:49    kbmemfree   kbavail kbmemused  %memused kbbuffers  kbcached  kbcommit   %commit  kbactive   kbinact   kbdirty
06:58:50     14090060  15362076    654060      3.99     82112   1432140   2148380     13.12   1342212    713508       548

06:58:49        IFACE   rxpck/s   txpck/s    rxkB/s    txkB/s   rxcmp/s   txcmp/s  rxmcst/s   %ifutil
06:58:50           lo   2615.00   2615.00    574.51    574.51      0.00      0.00      0.00      0.00
06:58:50         ens4   1066.00    802.00    691.42    514.14      0.00      0.00      0.00      0.00
06:58:50      docker0   1566.00   1827.00    521.49    771.02      0.00      0.00      0.00      0.00
06:58:50    veth58e3b24   1566.00   1827.00    542.90    771.02      0.00      0.00      0.00      0.06

06:58:50        CPU     %user     %nice   %system   %iowait    %steal     %idle
06:58:51        all     12.79      0.00     12.79      0.00      1.79     72.63

06:58:50    kbmemfree   kbavail kbmemused  %memused kbbuffers  kbcached  kbcommit   %commit  kbactive   kbinact   kbdirty
06:58:51     14094052  15366096    649956      3.97     82112   1432172   2148360     13.12   1342140    713536       624

06:58:50        IFACE   rxpck/s   txpck/s    rxkB/s    txkB/s   rxcmp/s   txcmp/s  rxmcst/s   %ifutil
06:58:51           lo   2685.00   2685.00    588.48    588.48      0.00      0.00      0.00      0.00
06:58:51         ens4   1091.00    816.00    708.19    526.94      0.00      0.00      0.00      0.00
06:58:51      docker0   1614.00   1883.00    537.47    794.65      0.00      0.00      0.00      0.00
06:58:51    veth58e3b24   1614.00   1883.00    559.54    794.65      0.00      0.00      0.00      0.07

06:58:51        CPU     %user     %nice   %system   %iowait    %steal     %idle
06:58:52        all     12.08      0.00     13.37      0.00      1.29     73.26

06:58:51    kbmemfree   kbavail kbmemused  %memused kbbuffers  kbcached  kbcommit   %commit  kbactive   kbinact   kbdirty
06:58:52     14099004  15371080    644904      3.94     82112   1432212   2140364     13.07   1338408    713568       696

06:58:51        IFACE   rxpck/s   txpck/s    rxkB/s    txkB/s   rxcmp/s   txcmp/s  rxmcst/s   %ifutil
06:58:52           lo   2755.00   2755.00    605.23    605.23      0.00      0.00      0.00      0.00
06:58:52         ens4   1119.00    836.00    726.15    539.72      0.00      0.00      0.00      0.00
06:58:52      docker0   1653.00   1929.00    551.16    814.17      0.00      0.00      0.00      0.00
06:58:52    veth58e3b24   1653.00   1929.00    573.76    814.17      0.00      0.00      0.00      0.07

06:58:52        CPU     %user     %nice   %system   %iowait    %steal     %idle
06:58:53        all     12.44      0.00     11.92      0.00      1.04     74.61

06:58:52    kbmemfree   kbavail kbmemused  %memused kbbuffers  kbcached  kbcommit   %commit  kbactive   kbinact   kbdirty
06:58:53     14096512  15368620    647200      3.95     82112   1432244   2144268     13.10   1340352    713600       752

06:58:52        IFACE   rxpck/s   txpck/s    rxkB/s    txkB/s   rxcmp/s   txcmp/s  rxmcst/s   %ifutil
06:58:53           lo   2840.00   2840.00    623.19    623.19      0.00      0.00      0.00      0.00
06:58:53         ens4   1147.00    859.00    748.61    554.95      0.00      0.00      0.00      0.00
06:58:53      docker0   1702.00   1986.00    565.81    837.31      0.00      0.00      0.00      0.00
06:58:53    veth58e3b24   1702.00   1986.00    589.08    837.31      0.00      0.00      0.00      0.07

06:58:53        CPU     %user     %nice   %system   %iowait    %steal     %idle
06:58:54        all     12.73      0.00     13.25      0.00      1.56     72.47

06:58:53    kbmemfree   kbavail kbmemused  %memused kbbuffers  kbcached  kbcommit   %commit  kbactive   kbinact   kbdirty
06:58:54     14098624  15370776    644892      3.94     82112   1432284   2140364     13.07   1338684    713640       824

06:58:53        IFACE   rxpck/s   txpck/s    rxkB/s    txkB/s   rxcmp/s   txcmp/s  rxmcst/s   %ifutil
06:58:54           lo   2910.00   2910.00    638.55    638.55      0.00      0.00      0.00      0.00
06:58:54         ens4   1174.00    877.00    766.12    568.43      0.00      0.00      0.00      0.00
06:58:54      docker0   1747.00   2038.00    581.48    861.23      0.00      0.00      0.00      0.00
06:58:54    veth58e3b24   1747.00   2038.00    605.37    861.23      0.00      0.00      0.00      0.07

06:58:54        CPU     %user     %nice   %system   %iowait    %steal     %idle
06:58:55        all     12.21      0.00     12.99      0.00      1.56     73.25

06:58:54    kbmemfree   kbavail kbmemused  %memused kbbuffers  kbcached  kbcommit   %commit  kbactive   kbinact   kbdirty
06:58:55     14097648  15369840    645596      3.94     82112   1432320   2140364     13.07   1338884    713680       896

06:58:54        IFACE   rxpck/s   txpck/s    rxkB/s    txkB/s   rxcmp/s   txcmp/s  rxmcst/s   %ifutil
06:58:55           lo   2975.00   2975.00    652.12    652.12      0.00      0.00      0.00      0.00
06:58:55         ens4   1193.00    894.00    782.37    582.83      0.00      0.00      0.00      0.00
06:58:55      docker0   1786.00   2083.00    595.31    878.60      0.00      0.00      0.00      0.00
06:58:55    veth58e3b24   1786.00   2083.00    619.73    878.60      0.00      0.00      0.00      0.07

06:58:55        CPU     %user     %nice   %system   %iowait    %steal     %idle
06:58:56        all     13.62      0.00     14.14      0.00      2.06     70.18

06:58:55    kbmemfree   kbavail kbmemused  %memused kbbuffers  kbcached  kbcommit   %commit  kbactive   kbinact   kbdirty
06:58:56     14097168  15369360    645864      3.94     82112   1432348   2140364     13.07   1338916    713680       920

06:58:55        IFACE   rxpck/s   txpck/s    rxkB/s    txkB/s   rxcmp/s   txcmp/s  rxmcst/s   %ifutil
06:58:56           lo   3065.00   3065.00    673.26    673.26      0.00      0.00      0.00      0.00
06:58:56         ens4   1238.00    931.00    807.05    598.22      0.00      0.00      0.00      0.00
06:58:56      docker0   1850.00   2154.00    612.14    906.27      0.00      0.00      0.00      0.00
06:58:56    veth58e3b24   1850.00   2154.00    637.44    906.27      0.00      0.00      0.00      0.07

06:58:56        CPU     %user     %nice   %system   %iowait    %steal     %idle
06:58:57        all     13.54      0.00     13.80      0.00      1.82     70.83

06:58:56    kbmemfree   kbavail kbmemused  %memused kbbuffers  kbcached  kbcommit   %commit  kbactive   kbinact   kbdirty
06:58:57     14094396  15366644    648408      3.96     82112   1432388   2144268     13.10   1340836    713736       960

06:58:56        IFACE   rxpck/s   txpck/s    rxkB/s    txkB/s   rxcmp/s   txcmp/s  rxmcst/s   %ifutil
06:58:57           lo   3130.00   3130.00    686.83    686.83      0.00      0.00      0.00      0.00
06:58:57         ens4   1268.00    946.00    825.21    613.13      0.00      0.00      0.00      0.00
06:58:57      docker0   1878.00   2191.00    625.39    924.63      0.00      0.00      0.00      0.00
06:58:57    veth58e3b24   1878.00   2191.00    651.06    924.63      0.00      0.00      0.00      0.08

06:58:57        CPU     %user     %nice   %system   %iowait    %steal     %idle
06:58:58        all     13.14      0.00     14.18      0.00      1.29     71.39

06:58:57    kbmemfree   kbavail kbmemused  %memused kbbuffers  kbcached  kbcommit   %commit  kbactive   kbinact   kbdirty
06:58:58     14097676  15369968    644972      3.94     82112   1432432   2140364     13.07   1339028    713780      1040

06:58:57        IFACE   rxpck/s   txpck/s    rxkB/s    txkB/s   rxcmp/s   txcmp/s  rxmcst/s   %ifutil
06:58:58           lo   3203.00   3203.00    702.49    702.49      0.00      0.00      0.00      0.00
06:58:58         ens4   1298.00    967.00    845.29    626.78      0.00      0.00      0.00      0.00
06:58:58      docker0   1923.00   2242.00    641.21    946.41      0.00      0.00      0.00      0.00
06:58:58    veth58e3b24   1923.00   2242.00    667.50    946.41      0.00      0.00      0.00      0.08

06:58:58        CPU     %user     %nice   %system   %iowait    %steal     %idle
06:58:59        all     14.65      0.00     14.65      0.00      2.31     68.38

06:58:58    kbmemfree   kbavail kbmemused  %memused kbbuffers  kbcached  kbcommit   %commit  kbactive   kbinact   kbdirty
06:58:59     14096684  15369024    645740      3.94     82112   1432476   2140364     13.07   1338236    713824      1072

06:58:58        IFACE   rxpck/s   txpck/s    rxkB/s    txkB/s   rxcmp/s   txcmp/s  rxmcst/s   %ifutil
06:58:59           lo   3277.00   3277.00    719.44    719.44      0.00      0.00      0.00      0.00
06:58:59         ens4   1319.00    988.00    860.67    640.55      0.00      0.00      0.00      0.00
06:58:59      docker0   1969.00   2295.00    655.27    967.92      0.00      0.00      0.00      0.00
06:58:59    veth58e3b24   1969.00   2295.00    682.19    967.92      0.00      0.00      0.00      0.08

06:58:59        CPU     %user     %nice   %system   %iowait    %steal     %idle
06:59:00        all     15.27      0.00     15.52      0.00      5.60     63.61

06:58:59    kbmemfree   kbavail kbmemused  %memused kbbuffers  kbcached  kbcommit   %commit  kbactive   kbinact   kbdirty
06:59:00     14095676  15368036    646640      3.95     82112   1432512   2140364     13.07   1338876    713844      1120

06:58:59        IFACE   rxpck/s   txpck/s    rxkB/s    txkB/s   rxcmp/s   txcmp/s  rxmcst/s   %ifutil
06:59:00           lo   3365.00   3365.00    745.27    745.27      0.00      0.00      0.00      0.00
06:59:00         ens4   1355.00   1013.00    884.59    656.06      0.00      0.00      0.00      0.00
06:59:00      docker0   2016.00   2351.00    669.81    991.00      0.00      0.00      0.00      0.00
06:59:00    veth58e3b24   2016.00   2351.00    697.38    991.00      0.00      0.00      0.00      0.08

06:59:00        CPU     %user     %nice   %system   %iowait    %steal     %idle
06:59:01        all     15.46      0.00     16.24      0.00      2.06     66.24

06:59:00    kbmemfree   kbavail kbmemused  %memused kbbuffers  kbcached  kbcommit   %commit  kbactive   kbinact   kbdirty
06:59:01     14095676  15368036    646508      3.95     82112   1432552   2140364     13.07   1338876    713844      1160

06:59:00        IFACE   rxpck/s   txpck/s    rxkB/s    txkB/s   rxcmp/s   txcmp/s  rxmcst/s   %ifutil
06:59:01           lo   3420.00   3420.00    750.46    750.46      0.00      0.00      0.00      0.00
06:59:01         ens4   1376.00   1030.00    899.93    669.65      0.00      0.00      0.00      0.00
06:59:01      docker0   2056.00   2398.00    685.07   1012.08      0.00      0.00      0.00      0.00
06:59:01    veth58e3b24   2056.00   2398.00    713.18   1012.08      0.00      0.00      0.00      0.08

06:59:01        CPU     %user     %nice   %system   %iowait    %steal     %idle
06:59:02        all     17.25      0.00     15.50      0.00     11.50     55.75

06:59:01    kbmemfree   kbavail kbmemused  %memused kbbuffers  kbcached  kbcommit   %commit  kbactive   kbinact   kbdirty
06:59:02     14095676  15368036    646376      3.95     82112   1432588   2140364     13.07   1338876    713844      1196

06:59:01        IFACE   rxpck/s   txpck/s    rxkB/s    txkB/s   rxcmp/s   txcmp/s  rxmcst/s   %ifutil
06:59:02           lo   3517.00   3517.00    791.92    791.92      0.00      0.00      0.00      0.00
06:59:02         ens4   1405.00   1054.00    922.42    682.39      0.00      0.00      0.00      0.00
06:59:02      docker0   2098.00   2449.00    697.68   1033.87      0.00      0.00      0.00      0.00
06:59:02    veth58e3b24   2098.00   2449.00    726.36   1033.87      0.00      0.00      0.00      0.08

06:59:02        CPU     %user     %nice   %system   %iowait    %steal     %idle
06:59:03        all     18.05      0.00     18.05      0.00     14.15     49.76

06:59:02    kbmemfree   kbavail kbmemused  %memused kbbuffers  kbcached  kbcommit   %commit  kbactive   kbinact   kbdirty
06:59:03     14095424  15367920    646440      3.95     82112   1432644   2140364     13.07   1338780    713980       432

06:59:02        IFACE   rxpck/s   txpck/s    rxkB/s    txkB/s   rxcmp/s   txcmp/s  rxmcst/s   %ifutil
06:59:03           lo   3575.00   3575.00    785.17    785.17      0.00      0.00      0.00      0.00
06:59:03         ens4   1436.00   1075.00    940.36    698.72      0.00      0.00      0.00      0.00
06:59:03      docker0   2149.00   2506.00    715.21   1057.58      0.00      0.00      0.00      0.00
06:59:03    veth58e3b24   2149.00   2506.00    744.59   1057.58      0.00      0.00      0.00      0.09

06:59:03        CPU     %user     %nice   %system   %iowait    %steal     %idle
06:59:04        all     17.05      0.00     17.56      0.00      5.09     60.31

06:59:03    kbmemfree   kbavail kbmemused  %memused kbbuffers  kbcached  kbcommit   %commit  kbactive   kbinact   kbdirty
06:59:04     14095184  15367688    646492      3.95     82112   1432688   2140364     13.07   1338780    713980       476

06:59:03        IFACE   rxpck/s   txpck/s    rxkB/s    txkB/s   rxcmp/s   txcmp/s  rxmcst/s   %ifutil
06:59:04           lo   3655.00   3655.00    801.33    801.33      0.00      0.00      0.00      0.00
06:59:04         ens4   1466.00   1099.00    960.33    714.58      0.00      0.00      0.00      0.00
06:59:04      docker0   2194.00   2557.00    731.18   1078.38      0.00      0.00      0.00      0.00
06:59:04    veth58e3b24   2194.00   2557.00    761.17   1078.38      0.00      0.00      0.00      0.09

06:59:04        CPU     %user     %nice   %system   %iowait    %steal     %idle
06:59:05        all     17.75      0.00     18.25      0.25      9.75     54.00

06:59:04    kbmemfree   kbavail kbmemused  %memused kbbuffers  kbcached  kbcommit   %commit  kbactive   kbinact   kbdirty
06:59:05     14094480  15367068    646980      3.95     82116   1432728   2140364     13.07   1338804    714056       524

06:59:04        IFACE   rxpck/s   txpck/s    rxkB/s    txkB/s   rxcmp/s   txcmp/s  rxmcst/s   %ifutil
06:59:05           lo   3723.00   3723.00    816.46    816.46      0.00      0.00      0.00      0.00
06:59:05         ens4   1493.00   1118.00    980.02    724.33      0.00      0.00      0.00      0.00
06:59:05      docker0   2232.00   2603.00    741.74   1098.87      0.00      0.00      0.00      0.00
06:59:05    veth58e3b24   2232.00   2603.00    772.26   1098.87      0.00      0.00      0.00      0.09

06:59:05        CPU     %user     %nice   %system   %iowait    %steal     %idle
06:59:06        all     18.45      0.00     18.70      0.00      8.98     53.87

06:59:05    kbmemfree   kbavail kbmemused  %memused kbbuffers  kbcached  kbcommit   %commit  kbactive   kbinact   kbdirty
06:59:06     14094480  15367140    646804      3.95     82116   1432776   2140364     13.07   1338836    714128       576

06:59:05        IFACE   rxpck/s   txpck/s    rxkB/s    txkB/s   rxcmp/s   txcmp/s  rxmcst/s   %ifutil
06:59:06           lo   3797.00   3797.00    833.68    833.68      0.00      0.00      0.00      0.00
06:59:06         ens4   1521.00   1142.00    998.02    743.93      0.00      0.00      0.00      0.00
06:59:06      docker0   2283.00   2662.00    760.95   1122.69      0.00      0.00      0.00      0.00
06:59:06    veth58e3b24   2283.00   2662.00    792.16   1122.69      0.00      0.00      0.00      0.09

06:59:06        CPU     %user     %nice   %system   %iowait    %steal     %idle
06:59:07        all     17.90      0.00     18.41      0.00      5.88     57.80

06:59:06    kbmemfree   kbavail kbmemused  %memused kbbuffers  kbcached  kbcommit   %commit  kbactive   kbinact   kbdirty
06:59:07     14092464  15365156    648680      3.96     82116   1432824   2144268     13.10   1340616    714164       624

06:59:06        IFACE   rxpck/s   txpck/s    rxkB/s    txkB/s   rxcmp/s   txcmp/s  rxmcst/s   %ifutil
06:59:07           lo   3868.00   3868.00    848.97    848.97      0.00      0.00      0.00      0.00
06:59:07         ens4   1612.00   1219.00   1024.29    761.23      0.00      0.00      0.00      0.00
06:59:07      docker0   2319.00   2707.00    772.94   1143.11      0.00      0.00      0.00      0.00
06:59:07    veth58e3b24   2319.00   2707.00    804.65   1143.11      0.00      0.00      0.00      0.09

06:59:07        CPU     %user     %nice   %system   %iowait    %steal     %idle
06:59:08        all     18.77      0.00     19.02      0.00      5.14     57.07

06:59:07    kbmemfree   kbavail kbmemused  %memused kbbuffers  kbcached  kbcommit   %commit  kbactive   kbinact   kbdirty
06:59:08     14094188  15366948    646596      3.95     82116   1432872   2144268     13.10   1340960    714232       704

06:59:07        IFACE   rxpck/s   txpck/s    rxkB/s    txkB/s   rxcmp/s   txcmp/s  rxmcst/s   %ifutil
06:59:08           lo   3947.00   3947.00    866.59    866.59      0.00      0.00      0.00      0.00
06:59:08         ens4   1602.00   1195.00   1040.06    772.24      0.00      0.00      0.00      0.00
06:59:08      docker0   2369.00   2764.00    787.64   1166.81      0.00      0.00      0.00      0.00
06:59:08    veth58e3b24   2369.00   2764.00    820.03   1166.81      0.00      0.00      0.00      0.10

06:59:08        CPU     %user     %nice   %system   %iowait    %steal     %idle
06:59:09        all     19.61      0.00     19.12      0.00     15.44     45.83

06:59:08    kbmemfree   kbavail kbmemused  %memused kbbuffers  kbcached  kbcommit   %commit  kbactive   kbinact   kbdirty
06:59:09     14093492  15366316    647088      3.95     82116   1432924   2142316     13.08   1340644    714288       780

06:59:08        IFACE   rxpck/s   txpck/s    rxkB/s    txkB/s   rxcmp/s   txcmp/s  rxmcst/s   %ifutil
06:59:09           lo   4025.00   4025.00    883.92    883.92      0.00      0.00      0.00      0.00
06:59:09         ens4   1632.00   1219.00   1064.99    786.38      0.00      0.00      0.00      0.00
06:59:09      docker0   2415.00   2820.00    803.52   1190.44      0.00      0.00      0.00      0.00
06:59:09    veth58e3b24   2415.00   2820.00    836.54   1190.44      0.00      0.00      0.00      0.10

06:59:09        CPU     %user     %nice   %system   %iowait    %steal     %idle
06:59:10        all     21.04      0.00     20.54      0.25     10.64     47.52

06:59:09    kbmemfree   kbavail kbmemused  %memused kbbuffers  kbcached  kbcommit   %commit  kbactive   kbinact   kbdirty
06:59:10     14092988  15365848    647500      3.95     82116   1432964   2144268     13.10   1340968    714324       820

06:59:09        IFACE   rxpck/s   txpck/s    rxkB/s    txkB/s   rxcmp/s   txcmp/s  rxmcst/s   %ifutil
06:59:10           lo   4150.00   4150.00    910.65    910.65      0.00      0.00      0.00      0.00
06:59:10         ens4   1666.00   1251.00   1090.86    814.24      0.00      0.00      0.00      0.00
06:59:10      docker0   2488.00   2899.00    830.47   1223.06      0.00      0.00      0.00      0.00
06:59:10    veth58e3b24   2488.00   2899.00    864.48   1223.06      0.00      0.00      0.00      0.10

06:59:10        CPU     %user     %nice   %system   %iowait    %steal     %idle
06:59:11        all     20.30      0.00     20.79      0.00     14.11     44.80

06:59:10    kbmemfree   kbavail kbmemused  %memused kbbuffers  kbcached  kbcommit   %commit  kbactive   kbinact   kbdirty
06:59:11     14092512  15365380    647856      3.96     82116   1433024   2144268     13.10   1340972    714328       872

06:59:10        IFACE   rxpck/s   txpck/s    rxkB/s    txkB/s   rxcmp/s   txcmp/s  rxmcst/s   %ifutil
06:59:11           lo   4255.00   4255.00    933.00    933.00      0.00      0.00      0.00      0.00
06:59:11         ens4   1713.00   1280.00   1118.52    831.26      0.00      0.00      0.00      0.00
06:59:11      docker0   2555.00   2981.00    849.58   1255.88      0.00      0.00      0.00      0.00
06:59:11    veth58e3b24   2555.00   2981.00    884.51   1255.88      0.00      0.00      0.00      0.10

06:59:11        CPU     %user     %nice   %system   %iowait    %steal     %idle
06:59:12        all     21.63      0.00     20.36      0.25      8.14     49.62

06:59:11    kbmemfree   kbavail kbmemused  %memused kbbuffers  kbcached  kbcommit   %commit  kbactive   kbinact   kbdirty
06:59:12     14091296  15364228    648860      3.96     82116   1433080   2144268     13.10   1340784    714392       552

06:59:11        IFACE   rxpck/s   txpck/s    rxkB/s    txkB/s   rxcmp/s   txcmp/s  rxmcst/s   %ifutil
06:59:12           lo   4360.00   4360.00    956.73    956.73      0.00      0.00      0.00      0.00
06:59:12         ens4   1763.00   1327.00   1150.26    852.39      0.00      0.00      0.00      0.00
06:59:12      docker0   2634.00   3064.00    872.10   1291.29      0.00      0.00      0.00      0.00
06:59:12    veth58e3b24   2634.00   3064.00    908.11   1291.29      0.00      0.00      0.00      0.11

06:59:12        CPU     %user     %nice   %system   %iowait    %steal     %idle
06:59:13        all     19.80      0.00     21.07      0.00      9.39     49.75

06:59:12    kbmemfree   kbavail kbmemused  %memused kbbuffers  kbcached  kbcommit   %commit  kbactive   kbinact   kbdirty
06:59:13     14091056  15363996    648936      3.96     82116   1433128   2144268     13.10   1340784    714392       600

06:59:12        IFACE   rxpck/s   txpck/s    rxkB/s    txkB/s   rxcmp/s   txcmp/s  rxmcst/s   %ifutil
06:59:13           lo   4475.00   4475.00    982.66    982.66      0.00      0.00      0.00      0.00
06:59:13         ens4   1796.00   1346.00   1176.08    876.63      0.00      0.00      0.00      0.00
06:59:13      docker0   2685.00   3132.00    894.82   1322.21      0.00      0.00      0.00      0.00
06:59:13    veth58e3b24   2685.00   3132.00    931.53   1322.21      0.00      0.00      0.00      0.11

06:59:13        CPU     %user     %nice   %system   %iowait    %steal     %idle
06:59:14        all     18.83      0.00     21.12      0.00      5.09     54.96

06:59:13    kbmemfree   kbavail kbmemused  %memused kbbuffers  kbcached  kbcommit   %commit  kbactive   kbinact   kbdirty
06:59:14     14091056  15364056    648768      3.96     82116   1433188   2144268     13.10   1340784    714452       660

06:59:13        IFACE   rxpck/s   txpck/s    rxkB/s    txkB/s   rxcmp/s   txcmp/s  rxmcst/s   %ifutil
06:59:14           lo   4585.00   4585.00   1005.41   1005.41      0.00      0.00      0.00      0.00
06:59:14         ens4   1838.00   1377.00   1205.85    896.02      0.00      0.00      0.00      0.00
06:59:14      docker0   2752.00   3210.00    916.99   1354.21      0.00      0.00      0.00      0.00
06:59:14    veth58e3b24   2752.00   3210.00    954.62   1354.21      0.00      0.00      0.00      0.11

06:59:14        CPU     %user     %nice   %system   %iowait    %steal     %idle
06:59:15        all     17.78      0.00     21.13      0.00      3.09     57.99

06:59:14    kbmemfree   kbavail kbmemused  %memused kbbuffers  kbcached  kbcommit   %commit  kbactive   kbinact   kbdirty
06:59:15     14090804  15363856    648780      3.96     82120   1433240   2144268     13.10   1340796    714500       716

06:59:14        IFACE   rxpck/s   txpck/s    rxkB/s    txkB/s   rxcmp/s   txcmp/s  rxmcst/s   %ifutil
06:59:15           lo   4695.00   4695.00   1030.94   1030.94      0.00      0.00      0.00      0.00
06:59:15         ens4   1886.00   1410.00   1235.49    915.78      0.00      0.00      0.00      0.00
06:59:15      docker0   2817.00   3288.00    937.39   1387.33      0.00      0.00      0.00      0.00
06:59:15    veth58e3b24   2817.00   3288.00    975.91   1387.33      0.00      0.00      0.00      0.11

06:59:15        CPU     %user     %nice   %system   %iowait    %steal     %idle
06:59:16        all     18.44      0.00     18.96      0.00      1.82     60.78

06:59:15    kbmemfree   kbavail kbmemused  %memused kbbuffers  kbcached  kbcommit   %commit  kbactive   kbinact   kbdirty
06:59:16     14090804  15363908    648552      3.96     82120   1433308   2144268     13.10   1340804    714552       784

06:59:15        IFACE   rxpck/s   txpck/s    rxkB/s    txkB/s   rxcmp/s   txcmp/s  rxmcst/s   %ifutil
06:59:16           lo   4819.00   4819.00   1056.08   1056.08      0.00      0.00      0.00      0.00
06:59:16         ens4   1934.00   1447.00   1265.61    940.55      0.00      0.00      0.00      0.00
06:59:16      docker0   2887.00   3368.00    961.10   1419.46      0.00      0.00      0.00      0.00
06:59:16    veth58e3b24   2888.00   3368.00   1000.65   1419.46      0.00      0.00      0.00      0.12

06:59:16        CPU     %user     %nice   %system   %iowait    %steal     %idle
06:59:17        all     19.43      0.00     17.62      0.00      1.30     61.66

06:59:16    kbmemfree   kbavail kbmemused  %memused kbbuffers  kbcached  kbcommit   %commit  kbactive   kbinact   kbdirty
06:59:17     14090300  15363516    648920      3.96     82120   1433364   2144268     13.10   1340716    714664       828

06:59:16        IFACE   rxpck/s   txpck/s    rxkB/s    txkB/s   rxcmp/s   txcmp/s  rxmcst/s   %ifutil
06:59:17           lo   4920.00   4920.00   1079.46   1079.46      0.00      0.00      0.00      0.00
06:59:17         ens4   1981.00   1476.00   1293.74    959.99      0.00      0.00      0.00      0.00
06:59:17      docker0   2951.00   3444.00    982.85   1452.44      0.00      0.00      0.00      0.00
06:59:17    veth58e3b24   2950.00   3444.00   1023.12   1452.44      0.00      0.00      0.00      0.12

06:59:17        CPU     %user     %nice   %system   %iowait    %steal     %idle
06:59:18        all     34.74      0.00     20.53      0.00      1.84     42.89

06:59:17    kbmemfree   kbavail kbmemused  %memused kbbuffers  kbcached  kbcommit   %commit  kbactive   kbinact   kbdirty
06:59:18     14068092  15341404    671064      4.10     82120   1433424   2223756     13.58   1354752    714772      1056

06:59:17        IFACE   rxpck/s   txpck/s    rxkB/s    txkB/s   rxcmp/s   txcmp/s  rxmcst/s   %ifutil
06:59:18           lo   5030.00   5030.00   1103.75   1103.75      0.00      0.00      0.00      0.00
06:59:18         ens4   2022.00   1517.00   1323.66    982.86      0.00      0.00      0.00      0.00
06:59:18      docker0   3019.00   3517.00   1005.07   1485.66      0.00      0.00      0.00      0.00
06:59:18    veth58e3b24   3019.00   3517.00   1046.34   1485.66      0.00      0.00      0.00      0.12

06:59:18        CPU     %user     %nice   %system   %iowait    %steal     %idle
06:59:19        all     47.06      0.00     26.60      0.00      3.07     23.27

06:59:18    kbmemfree   kbavail kbmemused  %memused kbbuffers  kbcached  kbcommit   %commit  kbactive   kbinact   kbdirty
06:59:19     14030716  15304424    707468      4.32     82120   1433768   2194472     13.40   1379208    715136       764

06:59:18        IFACE   rxpck/s   txpck/s    rxkB/s    txkB/s   rxcmp/s   txcmp/s  rxmcst/s   %ifutil
06:59:19           lo   5144.00   5144.00   1129.45   1129.45      0.00      0.00      0.00      0.00
06:59:19         ens4   2133.00   1629.00   1375.50   1020.10      0.00      0.00      0.00      0.00
06:59:19      docker0   3094.00   3601.00   1027.39   1518.64      0.00      0.00      0.00      0.00
06:59:19    veth58e3b24   3094.00   3601.00   1069.70   1518.64      0.00      0.00      0.00      0.12

06:59:19        CPU     %user     %nice   %system   %iowait    %steal     %idle
06:59:20        all     45.18      0.00     41.62      0.25      5.84      7.11

06:59:19    kbmemfree   kbavail kbmemused  %memused kbbuffers  kbcached  kbcommit   %commit  kbactive   kbinact   kbdirty
06:59:20     14032308  15306192    704744      4.30     82120   1433708   2184432     13.34   1368892    715080       848

06:59:19        IFACE   rxpck/s   txpck/s    rxkB/s    txkB/s   rxcmp/s   txcmp/s  rxmcst/s   %ifutil
06:59:20           lo   5286.00   5286.00   1156.54   1156.54      0.00      0.00      0.00      0.00
06:59:20         ens4   2172.00   1651.00   1393.94   1228.21      0.00      0.00      0.00      0.00
06:59:20      docker0   3183.00   3695.00   1052.52   1555.69      0.00      0.00      0.00      0.00
06:59:20    veth58e3b24   3183.00   3696.00   1096.04   1557.28      0.00      0.00      0.00      0.13

06:59:20        CPU     %user     %nice   %system   %iowait    %steal     %idle
06:59:21        all     31.78      0.00     31.27      0.00      2.07     34.88

06:59:20    kbmemfree   kbavail kbmemused  %memused kbbuffers  kbcached  kbcommit   %commit  kbactive   kbinact   kbdirty
06:59:21     14185104  15324080    688632      4.21     82120   1300220   2222864     13.58   1350256    581588       784

06:59:20        IFACE   rxpck/s   txpck/s    rxkB/s    txkB/s   rxcmp/s   txcmp/s  rxmcst/s   %ifutil
06:59:21           lo   5311.88   5311.88   1164.92   1164.92      0.00      0.00      0.00      0.00
06:59:21         ens4   2159.41   1622.77   1399.15   1205.88      0.00      0.00      0.00      0.00
06:59:21      docker0   3188.12   3717.82   1060.70   1569.42      0.00      0.00      0.00      0.00
06:59:21    veth58e3b24   3188.12   3716.83   1104.29   1567.85      0.00      0.00      0.00      0.13

06:59:21        CPU     %user     %nice   %system   %iowait    %steal     %idle
06:59:22        all     42.09      0.00     19.13      0.00      1.28     37.50

06:59:21    kbmemfree   kbavail kbmemused  %memused kbbuffers  kbcached  kbcommit   %commit  kbactive   kbinact   kbdirty
06:59:22     14168232  15307252    705396      4.31     82120   1300284   2226508     13.60   1380220    581640       848

06:59:21        IFACE   rxpck/s   txpck/s    rxkB/s    txkB/s   rxcmp/s   txcmp/s  rxmcst/s   %ifutil
06:59:22           lo   5480.00   5480.00   1202.50   1202.50      0.00      0.00      0.00      0.00
06:59:22         ens4   2200.00   1644.00   1441.69   1069.78      0.00      0.00      0.00      0.00
06:59:22      docker0   3286.00   3833.00   1094.82   1617.12      0.00      0.00      0.00      0.00
06:59:22    veth58e3b24   3286.00   3833.00   1139.75   1617.12      0.00      0.00      0.00      0.13

06:59:22        CPU     %user     %nice   %system   %iowait    %steal     %idle
06:59:23        all     42.08      0.00     20.00      0.00      1.04     36.88

06:59:22    kbmemfree   kbavail kbmemused  %memused kbbuffers  kbcached  kbcommit   %commit  kbactive   kbinact   kbdirty
06:59:23     14141772  15280820    731704      4.47     82120   1300348   2230908     13.62   1406372    581668       904

06:59:22        IFACE   rxpck/s   txpck/s    rxkB/s    txkB/s   rxcmp/s   txcmp/s  rxmcst/s   %ifutil
06:59:23           lo   5577.00   5577.00   1224.29   1224.29      0.00      0.00      0.00      0.00
06:59:23         ens4   2250.00   1675.00   1470.01   1090.20      0.00      0.00      0.00      0.00
06:59:23      docker0   3349.00   3908.00   1114.97   1650.05      0.00      0.00      0.00      0.00
06:59:23    veth58e3b24   3349.00   3908.00   1160.76   1650.05      0.00      0.00      0.00      0.14

06:59:23        CPU     %user     %nice   %system   %iowait    %steal     %idle
06:59:24        all     42.82      0.00     21.54      0.00      2.82     32.82

06:59:23    kbmemfree   kbavail kbmemused  %memused kbbuffers  kbcached  kbcommit   %commit  kbactive   kbinact   kbdirty
06:59:24     14129452  15268568    743880      4.54     82120   1300424   2231044     13.63   1418864    581736       984

06:59:23        IFACE   rxpck/s   txpck/s    rxkB/s    txkB/s   rxcmp/s   txcmp/s  rxmcst/s   %ifutil
06:59:24           lo   5697.00   5697.00   1250.47   1250.47      0.00      0.00      0.00      0.00
06:59:24         ens4   2293.00   1710.00   1497.49   1112.72      0.00      0.00      0.00      0.00
06:59:24      docker0   3417.00   3986.00   1138.58   1681.07      0.00      0.00      0.00      0.00
06:59:24    veth58e3b24   3417.00   3986.00   1185.29   1681.07      0.00      0.00      0.00      0.14

06:59:24        CPU     %user     %nice   %system   %iowait    %steal     %idle
06:59:25        all     36.57      0.00     28.13      0.00      2.56     32.74

06:59:24    kbmemfree   kbavail kbmemused  %memused kbbuffers  kbcached  kbcommit   %commit  kbactive   kbinact   kbdirty
06:59:25     13988112  15262088    748964      4.57     82128   1433880   2160420     13.19   1347360    715256    134328

06:59:24        IFACE   rxpck/s   txpck/s    rxkB/s    txkB/s   rxcmp/s   txcmp/s  rxmcst/s   %ifutil
06:59:25           lo   5811.00   5811.00   1274.96   1274.96      0.00      0.00      0.00      0.00
06:59:25         ens4   2335.00   1744.00   1528.67   1134.26      0.00      0.00      0.00      0.00
06:59:25      docker0   3486.00   4068.00   1160.87   1716.40      0.00      0.00      0.00      0.00
06:59:25    veth58e3b24   3486.00   4068.00   1208.53   1716.40      0.00      0.00      0.00      0.14

06:59:25        CPU     %user     %nice   %system   %iowait    %steal     %idle
06:59:26        all     41.58      0.00     24.23      0.00      3.06     31.12

06:59:25    kbmemfree   kbavail kbmemused  %memused kbbuffers  kbcached  kbcommit   %commit  kbactive   kbinact   kbdirty
06:59:26     13983904  15257928    753428      4.60     82128   1433968   2266404     13.84   1370768    715324    134356

06:59:25        IFACE   rxpck/s   txpck/s    rxkB/s    txkB/s   rxcmp/s   txcmp/s  rxmcst/s   %ifutil
06:59:26           lo   5915.00   5915.00   1298.64   1298.64      0.00      0.00      0.00      0.00
06:59:26         ens4   2379.00   1775.00   1557.60   1155.39      0.00      0.00      0.00      0.00
06:59:26      docker0   3551.00   4144.00   1182.65   1750.36      0.00      0.00      0.00      0.00
06:59:26    veth58e3b24   3551.00   4144.00   1231.20   1750.36      0.00      0.00      0.00      0.14

06:59:26        CPU     %user     %nice   %system   %iowait    %steal     %idle
06:59:27        all     35.92      9.30     20.16      0.00      2.07     32.56

06:59:26    kbmemfree   kbavail kbmemused  %memused kbbuffers  kbcached  kbcommit   %commit  kbactive   kbinact   kbdirty
06:59:27     13976632  15250728    760484      4.64     82128   1434032   2285920     13.96   1387516    715400    134420

06:59:26        IFACE   rxpck/s   txpck/s    rxkB/s    txkB/s   rxcmp/s   txcmp/s  rxmcst/s   %ifutil
06:59:27           lo   6032.00   6032.00   1323.43   1323.43      0.00      0.00      0.00      0.00
06:59:27         ens4   2436.00   1814.00   1588.40   1175.83      0.00      0.00      0.00      0.00
06:59:27      docker0   3617.00   4221.00   1201.85   1779.80      0.00      0.00      0.00      0.00
06:59:27    veth58e3b24   3617.00   4221.00   1251.30   1779.80      0.00      0.00      0.00      0.15

06:59:27        CPU     %user     %nice   %system   %iowait    %steal     %idle
06:59:28        all     20.26     24.10     21.79      2.05      1.54     30.26

06:59:27    kbmemfree   kbavail kbmemused  %memused kbbuffers  kbcached  kbcommit   %commit  kbactive   kbinact   kbdirty
06:59:28     13986764  15260920    750176      4.58     82128   1434116   2282108     13.94   1385796    715464     81324

06:59:27        IFACE   rxpck/s   txpck/s    rxkB/s    txkB/s   rxcmp/s   txcmp/s  rxmcst/s   %ifutil
06:59:28           lo   6133.00   6133.00   1345.28   1345.28      0.00      0.00      0.00      0.00
06:59:28         ens4   2479.00   1849.00   1614.06   1202.47      0.00      0.00      0.00      0.00
06:59:28      docker0   3683.00   4295.00   1229.67   1812.64      0.00      0.00      0.00      0.00
06:59:28    veth58e3b24   3683.00   4295.00   1280.02   1812.64      0.00      0.00      0.00      0.15

06:59:28        CPU     %user     %nice   %system   %iowait    %steal     %idle
06:59:29        all     20.57     23.91     21.59      0.00      1.80     32.13

06:59:28    kbmemfree   kbavail kbmemused  %memused kbbuffers  kbcached  kbcommit   %commit  kbactive   kbinact   kbdirty
06:59:29     13985784  15260012    750944      4.59     82128   1434172   2282372     13.94   1386032    715532     81372

06:59:28        IFACE   rxpck/s   txpck/s    rxkB/s    txkB/s   rxcmp/s   txcmp/s  rxmcst/s   %ifutil
06:59:29           lo   6260.00   6260.00   1373.65   1373.65      0.00      0.00      0.00      0.00
06:59:29         ens4   2518.00   1884.00   1648.60   1220.89      0.00      0.00      0.00      0.00
06:59:29      docker0   3762.00   4383.00   1251.10   1849.35      0.00      0.00      0.00      0.00
06:59:29    veth58e3b24   3762.00   4383.00   1302.53   1849.35      0.00      0.00      0.00      0.15

06:59:29        CPU     %user     %nice   %system   %iowait    %steal     %idle
06:59:30        all     27.11      6.39     23.02      0.00      2.30     41.18

06:59:29    kbmemfree   kbavail kbmemused  %memused kbbuffers  kbcached  kbcommit   %commit  kbactive   kbinact   kbdirty
06:59:30     13999880  15274208    736508      4.50     82128   1434256   2150148     13.13   1339472    715616     81612

06:59:29        IFACE   rxpck/s   txpck/s    rxkB/s    txkB/s   rxcmp/s   txcmp/s  rxmcst/s   %ifutil
06:59:30           lo   6365.00   6365.00   1397.39   1397.39      0.00      0.00      0.00      0.00
06:59:30         ens4   2565.00   1914.00   1675.11   1244.46      0.00      0.00      0.00      0.00
06:59:30      docker0   3820.00   4457.00   1271.12   1881.63      0.00      0.00      0.00      0.00
06:59:30    veth58e3b24   3820.00   4457.00   1323.34   1881.63      0.00      0.00      0.00      0.15

06:59:30        CPU     %user     %nice   %system   %iowait    %steal     %idle
06:59:31        all     23.24      0.00     22.98      0.00      1.57     52.22

06:59:30    kbmemfree   kbavail kbmemused  %memused kbbuffers  kbcached  kbcommit   %commit  kbactive   kbinact   kbdirty
06:59:31     14017716  15292108    718768      4.39     82128   1434332   2150148     13.13   1339504    715696     81716

06:59:30        IFACE   rxpck/s   txpck/s    rxkB/s    txkB/s   rxcmp/s   txcmp/s  rxmcst/s   %ifutil
06:59:31           lo   6459.00   6459.00   1415.95   1415.95      0.00      0.00      0.00      0.00
06:59:31         ens4   3022.00   2440.00   1726.69   1291.86      0.00      0.00      0.00      0.00
06:59:31      docker0   3872.00   4516.00   1290.38   1905.46      0.00      0.00      0.00      0.00
06:59:31    veth58e3b24   3872.00   4516.00   1343.32   1905.46      0.00      0.00      0.00      0.16

06:59:31        CPU     %user     %nice   %system   %iowait    %steal     %idle
06:59:32        all     20.78      0.00     24.16      0.00      1.04     54.03

06:59:31    kbmemfree   kbavail kbmemused  %memused kbbuffers  kbcached  kbcommit   %commit  kbactive   kbinact   kbdirty
06:59:32     14032068  15306432    704036      4.30     82128   1434420   2150148     13.13   1339504    715696     81804

06:59:31        IFACE   rxpck/s   txpck/s    rxkB/s    txkB/s   rxcmp/s   txcmp/s  rxmcst/s   %ifutil
06:59:32           lo   6610.00   6610.00   1450.46   1450.46      0.00      0.00      0.00      0.00
06:59:32         ens4   2880.00   2096.00   1754.42   1299.38      0.00      0.00      0.00      0.00
06:59:32      docker0   3966.00   4628.00   1320.71   1952.73      0.00      0.00      0.00      0.00
06:59:32    veth58e3b24   3966.00   4628.00   1374.93   1952.73      0.00      0.00      0.00      0.16

06:59:32        CPU     %user     %nice   %system   %iowait    %steal     %idle
06:59:33        all     22.08      0.00     23.64      0.00      1.82     52.47

06:59:32    kbmemfree   kbavail kbmemused  %memused kbbuffers  kbcached  kbcommit   %commit  kbactive   kbinact   kbdirty
06:59:33     14035888  15310348    700004      4.28     82128   1434492   2154052     13.16   1341148    715784     81876

06:59:32        IFACE   rxpck/s   txpck/s    rxkB/s    txkB/s   rxcmp/s   txcmp/s  rxmcst/s   %ifutil
06:59:33           lo   6695.00   6695.00   1468.41   1468.41      0.00      0.00      0.00      0.00
06:59:33         ens4   2701.00   2017.00   1763.39   1309.54      0.00      0.00      0.00      0.00
06:59:33      docker0   4018.00   4690.00   1335.51   1977.71      0.00      0.00      0.00      0.00
06:59:33    veth58e3b24   4018.00   4690.00   1390.44   1977.71      0.00      0.00      0.00      0.16

06:59:33        CPU     %user     %nice   %system   %iowait    %steal     %idle
06:59:34        all     24.08      0.00     25.39      3.66      1.05     45.81

06:59:33    kbmemfree   kbavail kbmemused  %memused kbbuffers  kbcached  kbcommit   %commit  kbactive   kbinact   kbdirty
06:59:34     14040924  15315520    695084      4.24     82128   1434580   2154052     13.16   1341420    715920      1816

06:59:33        IFACE   rxpck/s   txpck/s    rxkB/s    txkB/s   rxcmp/s   txcmp/s  rxmcst/s   %ifutil
06:59:34           lo   6808.00   6808.00   1494.24   1494.24      0.00      0.00      0.00      0.00
06:59:34         ens4   2749.00   2049.00   1793.56   1330.32      0.00      0.00      0.00      0.00
06:59:34      docker0   4088.00   4771.00   1360.77   2011.99      0.00      0.00      0.00      0.00
06:59:34    veth58e3b24   4088.00   4771.00   1416.66   2011.99      0.00      0.00      0.00      0.16

06:59:34        CPU     %user     %nice   %system   %iowait    %steal     %idle
06:59:35        all     23.77      0.00     24.55      0.26      2.58     48.84

06:59:34    kbmemfree   kbavail kbmemused  %memused kbbuffers  kbcached  kbcommit   %commit  kbactive   kbinact   kbdirty
06:59:35     14042968  15317652    692848      4.23     82128   1434656   2156192     13.17   1343484    716008      1780

06:59:34        IFACE   rxpck/s   txpck/s    rxkB/s    txkB/s   rxcmp/s   txcmp/s  rxmcst/s   %ifutil
06:59:35           lo   6922.00   6922.00   1519.97   1519.97      0.00      0.00      0.00      0.00
06:59:35         ens4   2796.00   2084.00   1821.80   1353.07      0.00      0.00      0.00      0.00
06:59:35      docker0   4152.00   4846.00   1384.04   2044.38      0.00      0.00      0.00      0.00
06:59:35    veth58e3b24   4152.00   4846.00   1440.81   2044.38      0.00      0.00      0.00      0.17

06:59:35        CPU     %user     %nice   %system   %iowait    %steal     %idle
06:59:36        all     23.39      0.00     26.74      0.00      2.83     47.04

06:59:35    kbmemfree   kbavail kbmemused  %memused kbbuffers  kbcached  kbcommit   %commit  kbactive   kbinact   kbdirty
06:59:36     14046492  15321248    689148      4.21     82128   1434728   2158144     13.18   1343904    716084      1856

06:59:35        IFACE   rxpck/s   txpck/s    rxkB/s    txkB/s   rxcmp/s   txcmp/s  rxmcst/s   %ifutil
06:59:36           lo   7035.00   7035.00   1543.02   1543.02      0.00      0.00      0.00      0.00
06:59:36         ens4   2832.00   2111.00   1850.12   1374.66      0.00      0.00      0.00      0.00
06:59:36      docker0   4222.00   4924.00   1404.98   2078.45      0.00      0.00      0.00      0.00
06:59:36    veth58e3b24   4222.00   4924.00   1462.70   2078.45      0.00      0.00      0.00      0.17

06:59:36        CPU     %user     %nice   %system   %iowait    %steal     %idle
06:59:37        all     22.28      0.00     24.14      0.00      1.06     52.52

06:59:36    kbmemfree   kbavail kbmemused  %memused kbbuffers  kbcached  kbcommit   %commit  kbactive   kbinact   kbdirty
06:59:37     14064332  15339180    671064      4.10     82128   1434824   2157956     13.18   1343572    716176      1980

06:59:36        IFACE   rxpck/s   txpck/s    rxkB/s    txkB/s   rxcmp/s   txcmp/s  rxmcst/s   %ifutil
06:59:37           lo   7145.00   7145.00   1568.55   1568.55      0.00      0.00      0.00      0.00
06:59:37         ens4   2933.00   2203.00   1886.10   1402.61      0.00      0.00      0.00      0.00
06:59:37      docker0   4287.00   5002.00   1428.30   2111.99      0.00      0.00      0.00      0.00
06:59:37    veth58e3b24   4287.00   5002.00   1486.91   2111.99      0.00      0.00      0.00      0.17

06:59:37        CPU     %user     %nice   %system   %iowait    %steal     %idle
06:59:38        all     23.70      0.00     26.56      0.00      1.56     48.18

06:59:37    kbmemfree   kbavail kbmemused  %memused kbbuffers  kbcached  kbcommit   %commit  kbactive   kbinact   kbdirty
06:59:38     14069180  15344228    665956      4.07     82128   1435044   2154052     13.16   1341504    716272      2124

06:59:37        IFACE   rxpck/s   txpck/s    rxkB/s    txkB/s   rxcmp/s   txcmp/s  rxmcst/s   %ifutil
06:59:38           lo   7255.00   7255.00   1592.69   1592.69      0.00      0.00      0.00      0.00
06:59:38         ens4   2924.00   2185.00   1909.86   1418.33      0.00      0.00      0.00      0.00
06:59:38      docker0   4353.00   5080.00   1450.28   2143.58      0.00      0.00      0.00      0.00
06:59:38    veth58e3b24   4353.00   5080.00   1509.79   2143.58      0.00      0.00      0.00      0.18

06:59:38        CPU     %user     %nice   %system   %iowait    %steal     %idle
06:59:39        all     25.84      0.00     25.58      0.00      3.10     45.48

06:59:38    kbmemfree   kbavail kbmemused  %memused kbbuffers  kbcached  kbcommit   %commit  kbactive   kbinact   kbdirty
06:59:39     14068776  15343856    666180      4.07     82128   1435136   2154052     13.16   1341528    716280      2216

06:59:38        IFACE   rxpck/s   txpck/s    rxkB/s    txkB/s   rxcmp/s   txcmp/s  rxmcst/s   %ifutil
06:59:39           lo   7373.00   7373.00   1617.39   1617.39      0.00      0.00      0.00      0.00
06:59:39         ens4   2964.00   2213.00   1940.65   1439.95      0.00      0.00      0.00      0.00
06:59:39      docker0   4425.00   5163.00   1474.40   2177.43      0.00      0.00      0.00      0.00
06:59:39    veth58e3b24   4425.00   5163.00   1534.90   2177.43      0.00      0.00      0.00      0.18

06:59:39        CPU     %user     %nice   %system   %iowait    %steal     %idle
06:59:40        all     26.67      0.00     27.69      0.00      3.08     42.56

06:59:39    kbmemfree   kbavail kbmemused  %memused kbbuffers  kbcached  kbcommit   %commit  kbactive   kbinact   kbdirty
06:59:40     14068496  15343676    666288      4.07     82128   1435220   2154052     13.16   1341532    716380      2336

06:59:39        IFACE   rxpck/s   txpck/s    rxkB/s    txkB/s   rxcmp/s   txcmp/s  rxmcst/s   %ifutil
06:59:40           lo   7507.00   7507.00   1646.39   1646.39      0.00      0.00      0.00      0.00
06:59:40         ens4   3030.00   2279.00   1973.90   1466.45      0.00      0.00      0.00      0.00
06:59:40      docker0   4530.00   5275.00   1498.72   2218.17      0.00      0.00      0.00      0.00
06:59:40    veth58e3b24   4530.00   5275.00   1560.65   2218.17      0.00      0.00      0.00      0.18

06:59:40        CPU     %user     %nice   %system   %iowait    %steal     %idle
06:59:41        all     28.61      0.00     26.80      0.00      4.90     39.69

06:59:40    kbmemfree   kbavail kbmemused  %memused kbbuffers  kbcached  kbcommit   %commit  kbactive   kbinact   kbdirty
06:59:41     14068528  15343876    666076      4.07     82128   1435324   2154052     13.16   1341588    716548      2432

06:59:40        IFACE   rxpck/s   txpck/s    rxkB/s    txkB/s   rxcmp/s   txcmp/s  rxmcst/s   %ifutil
06:59:41           lo   7614.00   7614.00   1670.25   1670.25      0.00      0.00      0.00      0.00
06:59:41         ens4   3062.00   2286.00   2004.86   1485.32      0.00      0.00      0.00      0.00
06:59:41      docker0   4571.00   5330.00   1520.92   2249.25      0.00      0.00      0.00      0.00
06:59:41    veth58e3b24   4571.00   5330.00   1583.42   2249.25      0.00      0.00      0.00      0.18

06:59:41        CPU     %user     %nice   %system   %iowait    %steal     %idle
06:59:42        all     30.30      0.00     29.04      0.00      8.33     32.32

06:59:41    kbmemfree   kbavail kbmemused  %memused kbbuffers  kbcached  kbcommit   %commit  kbactive   kbinact   kbdirty
06:59:42     14067360  15342776    666908      4.07     82128   1435404   2154180     13.16   1341748    716608      2516

06:59:41        IFACE   rxpck/s   txpck/s    rxkB/s    txkB/s   rxcmp/s   txcmp/s  rxmcst/s   %ifutil
06:59:42           lo   7711.00   7711.00   1693.27   1693.27      0.00      0.00      0.00      0.00
06:59:42         ens4   3110.00   2336.00   2030.76   1511.02      0.00      0.00      0.00      0.00
06:59:42      docker0   4645.00   5406.00   1544.44   2279.77      0.00      0.00      0.00      0.00
06:59:42    veth58e3b24   4646.00   5406.00   1608.01   2279.77      0.00      0.00      0.00      0.19

06:59:42        CPU     %user     %nice   %system   %iowait    %steal     %idle
06:59:43        all     29.01      0.00     30.03      0.00      9.16     31.81

06:59:42    kbmemfree   kbavail kbmemused  %memused kbbuffers  kbcached  kbcommit   %commit  kbactive   kbinact   kbdirty
06:59:43     14067108  15342644    666900      4.07     82128   1435496   2154180     13.16   1341880    716716      2604

06:59:42        IFACE   rxpck/s   txpck/s    rxkB/s    txkB/s   rxcmp/s   txcmp/s  rxmcst/s   %ifutil
06:59:43           lo   7831.00   7831.00   1719.61   1719.61      0.00      0.00      0.00      0.00
06:59:43         ens4   3139.00   2351.00   2060.08   1528.66      0.00      0.00      0.00      0.00
06:59:43      docker0   4698.00   5482.00   1564.33   2313.68      0.00      0.00      0.00      0.00
06:59:43    veth58e3b24   4697.00   5482.00   1628.50   2313.68      0.00      0.00      0.00      0.19

06:59:43        CPU     %user     %nice   %system   %iowait    %steal     %idle
06:59:44        all     30.63      0.00     28.10      0.00      6.58     34.68

06:59:43    kbmemfree   kbavail kbmemused  %memused kbbuffers  kbcached  kbcommit   %commit  kbactive   kbinact   kbdirty
06:59:44     14065132  15340760    668668      4.08     82128   1435608   2158084     13.18   1343492    716808      2716

06:59:43        IFACE   rxpck/s   txpck/s    rxkB/s    txkB/s   rxcmp/s   txcmp/s  rxmcst/s   %ifutil
06:59:44           lo   7970.00   7970.00   1747.50   1747.50      0.00      0.00      0.00      0.00
06:59:44         ens4   3202.00   2398.00   2096.55   1558.19      0.00      0.00      0.00      0.00
06:59:44      docker0   4783.00   5578.00   1592.63   2352.82      0.00      0.00      0.00      0.00
06:59:44    veth58e3b24   4783.00   5578.00   1658.03   2352.82      0.00      0.00      0.00      0.19

06:59:44        CPU     %user     %nice   %system   %iowait    %steal     %idle
06:59:45        all     28.86      0.00     29.11      0.00      8.35     33.67

06:59:44    kbmemfree   kbavail kbmemused  %memused kbbuffers  kbcached  kbcommit   %commit  kbactive   kbinact   kbdirty
06:59:45     14067960  15343684    665720      4.07     82132   1435680   2154180     13.16   1341660    716896      2780

06:59:44        IFACE   rxpck/s   txpck/s    rxkB/s    txkB/s   rxcmp/s   txcmp/s  rxmcst/s   %ifutil
06:59:45           lo   8064.00   8064.00   1770.37   1770.37      0.00      0.00      0.00      0.00
06:59:45         ens4   3250.00   2427.00   2122.99   1572.60      0.00      0.00      0.00      0.00
06:59:45      docker0   4840.00   5643.00   1610.64   2381.09      0.00      0.00      0.00      0.00
06:59:45    veth58e3b24   4840.00   5643.00   1676.82   2381.09      0.00      0.00      0.00      0.20

06:59:45        CPU     %user     %nice   %system   %iowait    %steal     %idle
06:59:46        all     27.79      0.00     28.83      0.00      3.64     39.74

06:59:45    kbmemfree   kbavail kbmemused  %memused kbbuffers  kbcached  kbcommit   %commit  kbactive   kbinact   kbdirty
06:59:46     14067464  15343264    666032      4.07     82132   1435788   2154180     13.16   1341724    716996      2888

06:59:45        IFACE   rxpck/s   txpck/s    rxkB/s    txkB/s   rxcmp/s   txcmp/s  rxmcst/s   %ifutil
06:59:46           lo   8189.00   8189.00   1796.96   1796.96      0.00      0.00      0.00      0.00
06:59:46         ens4   3300.00   2459.00   2154.98   1600.25      0.00      0.00      0.00      0.00
06:59:46      docker0   4913.00   5737.00   1636.34   2420.62      0.00      0.00      0.00      0.00
06:59:46    veth58e3b24   4913.00   5737.00   1703.51   2420.62      0.00      0.00      0.00      0.20

06:59:46        CPU     %user     %nice   %system   %iowait    %steal     %idle
06:59:47        all     28.13      0.00     28.39      0.00      3.32     40.15

06:59:46    kbmemfree   kbavail kbmemused  %memused kbbuffers  kbcached  kbcommit   %commit  kbactive   kbinact   kbdirty
06:59:47     14066964  15342888    666388      4.07     82132   1435904   2154180     13.16   1342096    717112      2992

06:59:46        IFACE   rxpck/s   txpck/s    rxkB/s    txkB/s   rxcmp/s   txcmp/s  rxmcst/s   %ifutil
06:59:47           lo   8310.00   8310.00   1822.10   1822.10      0.00      0.00      0.00      0.00
06:59:47         ens4   3341.00   2493.00   2185.11   1620.67      0.00      0.00      0.00      0.00
06:59:47      docker0   4986.00   5816.00   1658.84   2453.27      0.00      0.00      0.00      0.00
06:59:47    veth58e3b24   4986.00   5816.00   1727.01   2453.27      0.00      0.00      0.00      0.20

06:59:47        CPU     %user     %nice   %system   %iowait    %steal     %idle
06:59:48        all     30.53      0.00     29.01      0.25      5.34     34.86

06:59:47    kbmemfree   kbavail kbmemused  %memused kbbuffers  kbcached  kbcommit   %commit  kbactive   kbinact   kbdirty
06:59:48     14068244  15344316    664984      4.06     82132   1435996   2152228     13.14   1341120    717248      2544

06:59:47        IFACE   rxpck/s   txpck/s    rxkB/s    txkB/s   rxcmp/s   txcmp/s  rxmcst/s   %ifutil
06:59:48           lo   8390.00   8390.00   1843.83   1843.83      0.00      0.00      0.00      0.00
06:59:48         ens4   3376.00   2521.00   2210.12   1639.07      0.00      0.00      0.00      0.00
06:59:48      docker0   5036.00   5873.00   1677.87   2481.13      0.00      0.00      0.00      0.00
06:59:48    veth58e3b24   5036.00   5873.00   1746.72   2481.13      0.00      0.00      0.00      0.20

06:59:48        CPU     %user     %nice   %system   %iowait    %steal     %idle
06:59:49        all     28.39      0.00     30.69      0.00      3.58     37.34

06:59:48    kbmemfree   kbavail kbmemused  %memused kbbuffers  kbcached  kbcommit   %commit  kbactive   kbinact   kbdirty
06:59:49     14065024  15341164    668004      4.08     82132   1436092   2156132     13.17   1343384    717324        52

06:59:48        IFACE   rxpck/s   txpck/s    rxkB/s    txkB/s   rxcmp/s   txcmp/s  rxmcst/s   %ifutil
06:59:49           lo   8560.00   8560.00   1876.96   1876.96      0.00      0.00      0.00      0.00
06:59:49         ens4   3451.00   2575.00   2251.07   1673.93      0.00      0.00      0.00      0.00
06:59:49      docker0   5133.00   5991.00   1708.63   2525.59      0.00      0.00      0.00      0.00
06:59:49    veth58e3b24   5133.00   5991.00   1778.81   2525.59      0.00      0.00      0.00      0.21

06:59:49        CPU     %user     %nice   %system   %iowait    %steal     %idle
06:59:50        all     31.97      0.00     31.20      0.00     11.25     25.58

06:59:49    kbmemfree   kbavail kbmemused  %memused kbbuffers  kbcached  kbcommit   %commit  kbactive   kbinact   kbdirty
06:59:50     14063788  15340064    668860      4.08     82132   1436192   2160432     13.19   1343784    717444       200

06:59:49        IFACE   rxpck/s   txpck/s    rxkB/s    txkB/s   rxcmp/s   txcmp/s  rxmcst/s   %ifutil
06:59:50           lo   8651.00   8651.00   1898.30   1898.30      0.00      0.00      0.00      0.00
06:59:50         ens4   3484.00   2617.00   2278.56   1690.66      0.00      0.00      0.00      0.00
06:59:50      docker0   5207.00   6063.00   1729.36   2557.80      0.00      0.00      0.00      0.00
06:59:50    veth58e3b24   5207.00   6063.00   1800.55   2557.80      0.00      0.00      0.00      0.21

06:59:50        CPU     %user     %nice   %system   %iowait    %steal     %idle
06:59:51        all     29.37      0.00     30.89      0.00      7.09     32.66

06:59:50    kbmemfree   kbavail kbmemused  %memused kbbuffers  kbcached  kbcommit   %commit  kbactive   kbinact   kbdirty
06:59:51     14072912  15349272    659656      4.03     82132   1436304   2156340     13.17   1341828    717536       424

06:59:50        IFACE   rxpck/s   txpck/s    rxkB/s    txkB/s   rxcmp/s   txcmp/s  rxmcst/s   %ifutil
06:59:51           lo   8749.00   8749.00   1921.23   1921.23      0.00      0.00      0.00      0.00
06:59:51         ens4   3519.00   2631.00   2301.88   1708.29      0.00      0.00      0.00      0.00
06:59:51      docker0   5247.00   6122.00   1747.85   2584.23      0.00      0.00      0.00      0.00
06:59:51    veth58e3b24   5247.00   6122.00   1819.59   2584.23      0.00      0.00      0.00      0.21

06:59:51        CPU     %user     %nice   %system   %iowait    %steal     %idle
06:59:52        all     30.51      0.00     31.28      0.00      8.21     30.00

06:59:51    kbmemfree   kbavail kbmemused  %memused kbbuffers  kbcached  kbcommit   %commit  kbactive   kbinact   kbdirty
06:59:52     14072912  15349324    659536      4.03     82132   1436412   2156340     13.17   1340476    717588       532

06:59:51        IFACE   rxpck/s   txpck/s    rxkB/s    txkB/s   rxcmp/s   txcmp/s  rxmcst/s   %ifutil
06:59:52           lo   8885.00   8885.00   1948.97   1948.97      0.00      0.00      0.00      0.00
06:59:52         ens4   3612.00   2761.00   2341.15   1739.98      0.00      0.00      0.00      0.00
06:59:52      docker0   5329.00   6218.00   1774.46   2623.79      0.00      0.00      0.00      0.00
06:59:52    veth58e3b24   5329.00   6218.00   1847.31   2623.79      0.00      0.00      0.00      0.21

06:59:52        CPU     %user     %nice   %system   %iowait    %steal     %idle
06:59:53        all     32.32      0.00     31.31      0.00      9.85     26.52

06:59:52    kbmemfree   kbavail kbmemused  %memused kbbuffers  kbcached  kbcommit   %commit  kbactive   kbinact   kbdirty
06:59:53     14073220  15349728    659392      4.03     82132   1436524   2156340     13.17   1340520    717680       636

06:59:52        IFACE   rxpck/s   txpck/s    rxkB/s    txkB/s   rxcmp/s   txcmp/s  rxmcst/s   %ifutil
06:59:53           lo   9010.00   9010.00   1975.71   1975.71      0.00      0.00      0.00      0.00
06:59:53         ens4   3621.00   2703.00   2368.22   1758.86      0.00      0.00      0.00      0.00
06:59:53      docker0   5407.00   6304.00   1800.43   2660.47      0.00      0.00      0.00      0.00
06:59:53    veth58e3b24   5407.00   6304.00   1874.36   2660.47      0.00      0.00      0.00      0.22

06:59:53        CPU     %user     %nice   %system   %iowait    %steal     %idle
06:59:54        all     30.39      0.00     30.39      0.00      4.16     35.06

06:59:53    kbmemfree   kbavail kbmemused  %memused kbbuffers  kbcached  kbcommit   %commit  kbactive   kbinact   kbdirty
06:59:54     14072996  15349640    659496      4.03     82132   1436608   2156340     13.17   1340624    717816       724

06:59:53        IFACE   rxpck/s   txpck/s    rxkB/s    txkB/s   rxcmp/s   txcmp/s  rxmcst/s   %ifutil
06:59:54           lo   9105.00   9105.00   1998.64   1998.64      0.00      0.00      0.00      0.00
06:59:54         ens4   3664.00   2733.00   2396.14   1779.94      0.00      0.00      0.00      0.00
06:59:54      docker0   5465.00   6375.00   1821.56   2690.08      0.00      0.00      0.00      0.00
06:59:54    veth58e3b24   5465.00   6375.00   1896.28   2690.08      0.00      0.00      0.00      0.22

06:59:54        CPU     %user     %nice   %system   %iowait    %steal     %idle
06:59:55        all     27.53      0.00     30.65      0.26      2.34     39.22

06:59:54    kbmemfree   kbavail kbmemused  %memused kbbuffers  kbcached  kbcommit   %commit  kbactive   kbinact   kbdirty
06:59:55     14072748  15349460    659596      4.03     82132   1436732   2156340     13.17   1340664    717884       804

06:59:54        IFACE   rxpck/s   txpck/s    rxkB/s    txkB/s   rxcmp/s   txcmp/s  rxmcst/s   %ifutil
06:59:55           lo   9216.00   9216.00   2021.44   2021.44      0.00      0.00      0.00      0.00
06:59:55         ens4   3719.00   2767.00   2427.73   1799.95      0.00      0.00      0.00      0.00
06:59:55      docker0   5532.00   6455.00   1842.20   2724.72      0.00      0.00      0.00      0.00
06:59:55    veth58e3b24   5532.00   6455.00   1917.83   2724.72      0.00      0.00      0.00      0.22

06:59:55        CPU     %user     %nice   %system   %iowait    %steal     %idle
06:59:56        all     31.63      0.00     32.40      0.00      6.12     29.85

06:59:55    kbmemfree   kbavail kbmemused  %memused kbbuffers  kbcached  kbcommit   %commit  kbactive   kbinact   kbdirty
06:59:56     14070792  15347672    661468      4.04     82132   1436852   2160244     13.19   1342340    718048       924

06:59:55        IFACE   rxpck/s   txpck/s    rxkB/s    txkB/s   rxcmp/s   txcmp/s  rxmcst/s   %ifutil
06:59:56           lo   9339.00   9339.00   2049.45   2049.45      0.00      0.00      0.00      0.00
06:59:56         ens4   3959.00   3151.00   2470.76   1843.31      0.00      0.00      0.00      0.00
06:59:56      docker0   5603.00   6536.00   1864.59   2758.03      0.00      0.00      0.00      0.00
06:59:56    veth58e3b24   5603.00   6536.00   1941.19   2758.03      0.00      0.00      0.00      0.23

06:59:56        CPU     %user     %nice   %system   %iowait    %steal     %idle
06:59:57        all     29.05      0.00     32.90      0.00      4.37     33.68

06:59:56    kbmemfree   kbavail kbmemused  %memused kbbuffers  kbcached  kbcommit   %commit  kbactive   kbinact   kbdirty
06:59:57     14077888  15354888    654036      3.99     82132   1436964   2156340     13.17   1340508    718176      1064

06:59:56        IFACE   rxpck/s   txpck/s    rxkB/s    txkB/s   rxcmp/s   txcmp/s  rxmcst/s   %ifutil
06:59:57           lo   9440.00   9440.00   2075.62   2075.62      0.00      0.00      0.00      0.00
06:59:57         ens4   4230.00   3097.00   2514.46   1865.61      0.00      0.00      0.00      0.00
06:59:57      docker0   5663.00   6611.00   1890.29   2789.99      0.00      0.00      0.00      0.00
06:59:57    veth58e3b24   5663.00   6611.00   1967.72   2789.99      0.00      0.00      0.00      0.23

06:59:57        CPU     %user     %nice   %system   %iowait    %steal     %idle
06:59:58        all     30.91      0.00     32.21      0.00      4.94     31.95

06:59:57    kbmemfree   kbavail kbmemused  %memused kbbuffers  kbcached  kbcommit   %commit  kbactive   kbinact   kbdirty
06:59:58     14077412  15354476    654428      4.00     82132   1437068   2156340     13.17   1340464    718240      1168

06:59:57        IFACE   rxpck/s   txpck/s    rxkB/s    txkB/s   rxcmp/s   txcmp/s  rxmcst/s   %ifutil
06:59:58           lo   9590.00   9590.00   2101.59   2101.59      0.00      0.00      0.00      0.00
06:59:58         ens4   3867.00   2882.00   2523.17   1868.26      0.00      0.00      0.00      0.00
06:59:58      docker0   5759.00   6723.00   1912.05   2832.48      0.00      0.00      0.00      0.00
06:59:58    veth58e3b24   5759.00   6723.00   1990.79   2832.48      0.00      0.00      0.00      0.23

06:59:58        CPU     %user     %nice   %system   %iowait    %steal     %idle
06:59:59        all     34.52      0.00     32.23      0.00      8.88     24.37

06:59:58    kbmemfree   kbavail kbmemused  %memused kbbuffers  kbcached  kbcommit   %commit  kbactive   kbinact   kbdirty
06:59:59     14077172  15354424    654480      4.00     82132   1437200   2156340     13.17   1340732    718428      1292

06:59:58        IFACE   rxpck/s   txpck/s    rxkB/s    txkB/s   rxcmp/s   txcmp/s  rxmcst/s   %ifutil
06:59:59           lo   9680.00   9680.00   2124.12   2124.12      0.00      0.00      0.00      0.00
06:59:59         ens4   3891.00   2907.00   2546.93   1889.64      0.00      0.00      0.00      0.00
06:59:59      docker0   5812.00   6780.00   1932.78   2861.35      0.00      0.00      0.00      0.00
06:59:59    veth58e3b24   5812.00   6780.00   2012.24   2861.35      0.00      0.00      0.00      0.23

06:59:59        CPU     %user     %nice   %system   %iowait    %steal     %idle
07:00:00        all     33.33      0.00     31.04      0.00     11.70     23.92

06:59:59    kbmemfree   kbavail kbmemused  %memused kbbuffers  kbcached  kbcommit   %commit  kbactive   kbinact   kbdirty
07:00:00     14073676  15351028    657084      4.01     82132   1437296   2160348     13.19   1342896    718520      1424

06:59:59        IFACE   rxpck/s   txpck/s    rxkB/s    txkB/s   rxcmp/s   txcmp/s  rxmcst/s   %ifutil
07:00:00           lo   9600.00   9600.00   2140.53   2140.53      0.00      0.00      0.00      0.00
07:00:00         ens4   3859.00   2889.00   2545.11   1850.01      0.00      0.00      0.00      0.00
07:00:00      docker0   5715.00   6697.00   1891.48   2837.57      0.00      0.00      0.00      0.00
07:00:00    veth58e3b24   5715.00   6697.00   1969.61   2837.57      0.00      0.00      0.00      0.23

07:00:00        CPU     %user     %nice   %system   %iowait    %steal     %idle
07:00:01        all     33.16      0.00     33.92      0.00     10.89     22.03

07:00:00    kbmemfree   kbavail kbmemused  %memused kbbuffers  kbcached  kbcommit   %commit  kbactive   kbinact   kbdirty
07:00:01     14071168  15348680    658760      4.02     82132   1437416   2174304     13.28   1344556    718652      1392

07:00:00        IFACE   rxpck/s   txpck/s    rxkB/s    txkB/s   rxcmp/s   txcmp/s  rxmcst/s   %ifutil
07:00:01           lo  10115.00  10115.00   2195.25   2195.25      0.00      0.00      0.00      0.00
07:00:01         ens4   4102.00   3105.00   2644.85   2004.81      0.00      0.00      0.00      0.00
07:00:01      docker0   6171.00   7130.00   2048.05   2988.13      0.00      0.00      0.00      0.00
07:00:01    veth58e3b24   6171.00   7130.00   2132.42   2988.13      0.00      0.00      0.00      0.24

07:00:01        CPU     %user     %nice   %system   %iowait    %steal     %idle
07:00:02        all      8.48      0.00      6.98      0.00      3.49     81.05

07:00:01    kbmemfree   kbavail kbmemused  %memused kbbuffers  kbcached  kbcommit   %commit  kbactive   kbinact   kbdirty
07:00:02     14071168  15348752    658660      4.02     82132   1437472   2174304     13.28   1344720    718724      1448

07:00:01        IFACE   rxpck/s   txpck/s    rxkB/s    txkB/s   rxcmp/s   txcmp/s  rxmcst/s   %ifutil
07:00:02           lo   2282.00   2282.00    511.89    511.89      0.00      0.00      0.00      0.00
07:00:02         ens4    927.00    712.00    593.51    447.74      0.00      0.00      0.00      0.00
07:00:02      docker0   1391.00   1587.00    454.33    664.60      0.00      0.00      0.00      0.00
07:00:02    veth58e3b24   1391.00   1587.00    473.35    664.60      0.00      0.00      0.00      0.05

07:00:02        CPU     %user     %nice   %system   %iowait    %steal     %idle
07:00:03        all      0.25      0.00      0.00      0.00      0.00     99.75

07:00:02    kbmemfree   kbavail kbmemused  %memused kbbuffers  kbcached  kbcommit   %commit  kbactive   kbinact   kbdirty
07:00:03     14071168  15348752    658660      4.02     82132   1437472   2174304     13.28   1344720    718724      1448

07:00:02        IFACE   rxpck/s   txpck/s    rxkB/s    txkB/s   rxcmp/s   txcmp/s  rxmcst/s   %ifutil
07:00:03           lo      0.00      0.00      0.00      0.00      0.00      0.00      0.00      0.00
07:00:03         ens4      0.00      1.00      0.00      1.15      0.00      0.00      0.00      0.00
07:00:03      docker0      0.00      0.00      0.00      0.00      0.00      0.00      0.00      0.00
07:00:03    veth58e3b24      0.00      0.00      0.00      0.00      0.00      0.00      0.00      0.00

07:00:03        CPU     %user     %nice   %system   %iowait    %steal     %idle
07:00:04        all      0.00      0.00      0.00      0.00      0.00    100.00

07:00:03    kbmemfree   kbavail kbmemused  %memused kbbuffers  kbcached  kbcommit   %commit  kbactive   kbinact   kbdirty
07:00:04     14071168  15348752    658660      4.02     82132   1437472   2174304     13.28   1344720    718724      1436

07:00:03        IFACE   rxpck/s   txpck/s    rxkB/s    txkB/s   rxcmp/s   txcmp/s  rxmcst/s   %ifutil
07:00:04           lo      0.00      0.00      0.00      0.00      0.00      0.00      0.00      0.00
07:00:04         ens4      3.00      3.00      0.24      0.24      0.00      0.00      0.00      0.00
07:00:04      docker0      0.00      0.00      0.00      0.00      0.00      0.00      0.00      0.00
07:00:04    veth58e3b24      0.00      0.00      0.00      0.00      0.00      0.00      0.00      0.00

07:00:04        CPU     %user     %nice   %system   %iowait    %steal     %idle
07:00:05        all      0.00      0.00      0.50      0.25      0.00     99.25

07:00:04    kbmemfree   kbavail kbmemused  %memused kbbuffers  kbcached  kbcommit   %commit  kbactive   kbinact   kbdirty
07:00:05     14071168  15348756    658656      4.02     82132   1437476   2174304     13.28   1344720    718728      1400

07:00:04        IFACE   rxpck/s   txpck/s    rxkB/s    txkB/s   rxcmp/s   txcmp/s  rxmcst/s   %ifutil
07:00:05           lo      0.00      0.00      0.00      0.00      0.00      0.00      0.00      0.00
07:00:05         ens4      1.00      4.00      0.04      2.41      0.00      0.00      0.00      0.00
07:00:05      docker0      0.00      0.00      0.00      0.00      0.00      0.00      0.00      0.00
07:00:05    veth58e3b24      0.00      0.00      0.00      0.00      0.00      0.00      0.00      0.00

07:00:05        CPU     %user     %nice   %system   %iowait    %steal     %idle
07:00:06        all      0.00      0.00      0.00      0.00      0.00    100.00

07:00:05    kbmemfree   kbavail kbmemused  %memused kbbuffers  kbcached  kbcommit   %commit  kbactive   kbinact   kbdirty
07:00:06     14071168  15348756    658656      4.02     82132   1437476   2174304     13.28   1344720    718728      1404

07:00:05        IFACE   rxpck/s   txpck/s    rxkB/s    txkB/s   rxcmp/s   txcmp/s  rxmcst/s   %ifutil
07:00:06           lo      0.00      0.00      0.00      0.00      0.00      0.00      0.00      0.00
07:00:06         ens4      0.00      0.00      0.00      0.00      0.00      0.00      0.00      0.00
07:00:06      docker0      0.00      0.00      0.00      0.00      0.00      0.00      0.00      0.00
07:00:06    veth58e3b24      0.00      0.00      0.00      0.00      0.00      0.00      0.00      0.00

07:00:06        CPU     %user     %nice   %system   %iowait    %steal     %idle
07:00:07        all      7.83      0.00      9.34      0.00      3.28     79.55

07:00:06    kbmemfree   kbavail kbmemused  %memused kbbuffers  kbcached  kbcommit   %commit  kbactive   kbinact   kbdirty
07:00:07     14071168  15348756    658624      4.02     82132   1437492   2174304     13.28   1344720    718728      1428

07:00:06        IFACE   rxpck/s   txpck/s    rxkB/s    txkB/s   rxcmp/s   txcmp/s  rxmcst/s   %ifutil
07:00:07           lo   1555.00   1555.00    341.91    341.91      0.00      0.00      0.00      0.00
07:00:07         ens4    720.00    671.00    415.87    317.57      0.00      0.00      0.00      0.00
07:00:07      docker0   1088.00   1088.00    319.27    459.61      0.00      0.00      0.00      0.00
07:00:07    veth58e3b24   1088.00   1088.00    334.14    459.61      0.00      0.00      0.00      0.04

07:00:07        CPU     %user     %nice   %system   %iowait    %steal     %idle
07:00:08        all     10.28      0.00     11.28      0.00      4.76     73.68

07:00:07    kbmemfree   kbavail kbmemused  %memused kbbuffers  kbcached  kbcommit   %commit  kbactive   kbinact   kbdirty
07:00:08     14071168  15348772    658588      4.02     82132   1437516   2174304     13.28   1344824    718744      1452

07:00:07        IFACE   rxpck/s   txpck/s    rxkB/s    txkB/s   rxcmp/s   txcmp/s  rxmcst/s   %ifutil
07:00:08           lo   1995.00   1995.00    438.46    438.46      0.00      0.00      0.00      0.00
07:00:08         ens4    803.00    800.00    526.17    403.32      0.00      0.00      0.00      0.00
07:00:08      docker0   1399.00   1399.00    409.71    590.76      0.00      0.00      0.00      0.00
07:00:08    veth58e3b24   1399.00   1399.00    428.84    590.76      0.00      0.00      0.00      0.05

07:00:08        CPU     %user     %nice   %system   %iowait    %steal     %idle
07:00:09        all     10.61      0.00     12.12      0.00      3.03     74.24

07:00:08    kbmemfree   kbavail kbmemused  %memused kbbuffers  kbcached  kbcommit   %commit  kbactive   kbinact   kbdirty
07:00:09     14072080  15349720    657640      4.02     82132   1437536   2174304     13.28   1344936    718780      1596

07:00:08        IFACE   rxpck/s   txpck/s    rxkB/s    txkB/s   rxcmp/s   txcmp/s  rxmcst/s   %ifutil
07:00:09           lo   2000.00   2000.00    438.87    438.87      0.00      0.00      0.00      0.00
07:00:09         ens4    816.00    812.00    529.04    407.23      0.00      0.00      0.00      0.00
07:00:09      docker0   1398.00   1399.00    409.52    590.76      0.00      0.00      0.00      0.00
07:00:09    veth58e3b24   1398.00   1399.00    428.63    590.76      0.00      0.00      0.00      0.05

07:00:09        CPU     %user     %nice   %system   %iowait    %steal     %idle
07:00:10        all     10.13      0.00      9.35      0.00      2.08     78.44

07:00:09    kbmemfree   kbavail kbmemused  %memused kbbuffers  kbcached  kbcommit   %commit  kbactive   kbinact   kbdirty
07:00:10     14071444  15349112    658224      4.02     82132   1437564   2174304     13.28   1344736    718804      1692

07:00:09        IFACE   rxpck/s   txpck/s    rxkB/s    txkB/s   rxcmp/s   txcmp/s  rxmcst/s   %ifutil
07:00:10           lo   2006.00   2006.00    439.34    439.34      0.00      0.00      0.00      0.00
07:00:10         ens4    811.00    805.00    530.34    404.04      0.00      0.00      0.00      0.00
07:00:10      docker0   1402.00   1401.00    410.02    590.88      0.00      0.00      0.00      0.00
07:00:10    veth58e3b24   1402.00   1401.00    429.18    590.88      0.00      0.00      0.00      0.05

07:00:10        CPU     %user     %nice   %system   %iowait    %steal     %idle
07:00:11        all      9.82      0.00     11.59      0.00      3.27     75.31

07:00:10    kbmemfree   kbavail kbmemused  %memused kbbuffers  kbcached  kbcommit   %commit  kbactive   kbinact   kbdirty
07:00:11     14071444  15349124    658200      4.02     82132   1437588   2174304     13.28   1344736    718816      1708

07:00:10        IFACE   rxpck/s   txpck/s    rxkB/s    txkB/s   rxcmp/s   txcmp/s  rxmcst/s   %ifutil
07:00:11           lo   1996.00   1996.00    438.52    438.52      0.00      0.00      0.00      0.00
07:00:11         ens4    802.00    800.00    525.11    403.30      0.00      0.00      0.00      0.00
07:00:11      docker0   1397.00   1398.00    409.46    589.72      0.00      0.00      0.00      0.00
07:00:11    veth58e3b24   1397.00   1398.00    428.56    589.72      0.00      0.00      0.00      0.05

07:00:11        CPU     %user     %nice   %system   %iowait    %steal     %idle
07:00:12        all     11.08      0.00     11.59      0.00      3.78     73.55

07:00:11    kbmemfree   kbavail kbmemused  %memused kbbuffers  kbcached  kbcommit   %commit  kbactive   kbinact   kbdirty
07:00:12     14071444  15349124    658176      4.02     82132   1437612   2174304     13.28   1344736    718816      1736

07:00:11        IFACE   rxpck/s   txpck/s    rxkB/s    txkB/s   rxcmp/s   txcmp/s  rxmcst/s   %ifutil
07:00:12           lo   2008.00   2008.00    440.94    440.94      0.00      0.00      0.00      0.00
07:00:12         ens4    804.00    802.00    527.21    403.67      0.00      0.00      0.00      0.00
07:00:12      docker0   1404.00   1403.00    410.12    591.99      0.00      0.00      0.00      0.00
07:00:12    veth58e3b24   1404.00   1403.00    429.31    591.99      0.00      0.00      0.00      0.05

07:00:12        CPU     %user     %nice   %system   %iowait    %steal     %idle
07:00:13        all     11.06      0.00     11.79      0.00      8.85     68.30

07:00:12    kbmemfree   kbavail kbmemused  %memused kbbuffers  kbcached  kbcommit   %commit  kbactive   kbinact   kbdirty
07:00:13     14074112  15351832    656232      4.01     82132   1437640   2170400     13.25   1342180    718864      1764

07:00:12        IFACE   rxpck/s   txpck/s    rxkB/s    txkB/s   rxcmp/s   txcmp/s  rxmcst/s   %ifutil
07:00:13           lo   1990.00   1990.00    436.67    436.67      0.00      0.00      0.00      0.00
07:00:13         ens4    799.00    799.00    524.51    403.03      0.00      0.00      0.00      0.00
07:00:13      docker0   1398.00   1399.00    409.66    590.76      0.00      0.00      0.00      0.00
07:00:13    veth58e3b24   1399.00   1399.00    428.84    590.76      0.00      0.00      0.00      0.05

07:00:13        CPU     %user     %nice   %system   %iowait    %steal     %idle
07:00:14        all     11.08      0.00     12.56      0.00      9.36     67.00

07:00:13    kbmemfree   kbavail kbmemused  %memused kbbuffers  kbcached  kbcommit   %commit  kbactive   kbinact   kbdirty
07:00:14     14073860  15351580    656452      4.01     82132   1437668   2170400     13.25   1342180    718864      1792

07:00:13        IFACE   rxpck/s   txpck/s    rxkB/s    txkB/s   rxcmp/s   txcmp/s  rxmcst/s   %ifutil
07:00:14           lo   2006.00   2006.00    439.33    439.33      0.00      0.00      0.00      0.00
07:00:14         ens4    805.00    805.00    527.73    403.90      0.00      0.00      0.00      0.00
07:00:14      docker0   1402.00   1401.00    409.87    590.88      0.00      0.00      0.00      0.00
07:00:14    veth58e3b24   1401.00   1401.00    428.97    590.88      0.00      0.00      0.00      0.05

07:00:14        CPU     %user     %nice   %system   %iowait    %steal     %idle
07:00:15        all     11.52      0.00     12.99      0.00     11.76     63.73

07:00:14    kbmemfree   kbavail kbmemused  %memused kbbuffers  kbcached  kbcommit   %commit  kbactive   kbinact   kbdirty
07:00:15     14073860  15351608    656396      4.01     82132   1437692   2170400     13.25   1342212    718892      1672

07:00:14        IFACE   rxpck/s   txpck/s    rxkB/s    txkB/s   rxcmp/s   txcmp/s  rxmcst/s   %ifutil
07:00:15           lo   1996.00   1996.00    438.52    438.52      0.00      0.00      0.00      0.00
07:00:15         ens4    806.00    800.00    526.36    403.10      0.00      0.00      0.00      0.00
07:00:15      docker0   1397.00   1398.00    409.46    590.69      0.00      0.00      0.00      0.00
07:00:15    veth58e3b24   1397.00   1398.00    428.56    590.69      0.00      0.00      0.00      0.05

07:00:15        CPU     %user     %nice   %system   %iowait    %steal     %idle
07:00:16        all     12.25      0.00     11.76      0.00      9.56     66.42

07:00:15    kbmemfree   kbavail kbmemused  %memused kbbuffers  kbcached  kbcommit   %commit  kbactive   kbinact   kbdirty
07:00:16     14073860  15351608    656376      4.01     82132   1437712   2170400     13.25   1342212    718892      1692

07:00:15        IFACE   rxpck/s   txpck/s    rxkB/s    txkB/s   rxcmp/s   txcmp/s  rxmcst/s   %ifutil
07:00:16           lo   2005.00   2005.00    439.12    439.12      0.00      0.00      0.00      0.00
07:00:16         ens4    801.00    800.00    526.04    403.32      0.00      0.00      0.00      0.00
07:00:16      docker0   1400.00   1400.00    409.77    590.82      0.00      0.00      0.00      0.00
07:00:16    veth58e3b24   1400.00   1400.00    428.91    590.82      0.00      0.00      0.00      0.05

07:00:16        CPU     %user     %nice   %system   %iowait    %steal     %idle
07:00:17        all     11.82      0.00     12.56      0.00      9.11     66.50

07:00:16    kbmemfree   kbavail kbmemused  %memused kbbuffers  kbcached  kbcommit   %commit  kbactive   kbinact   kbdirty
07:00:17     14073860  15351636    656344      4.01     82132   1437740   2170400     13.25   1342212    718920      1712

07:00:16        IFACE   rxpck/s   txpck/s    rxkB/s    txkB/s   rxcmp/s   txcmp/s  rxmcst/s   %ifutil
07:00:17           lo   2012.00   2012.00    441.15    441.15      0.00      0.00      0.00      0.00
07:00:17         ens4    806.00    802.00    526.34    403.65      0.00      0.00      0.00      0.00
07:00:17      docker0   1405.00   1405.00    410.18    592.67      0.00      0.00      0.00      0.00
07:00:17    veth58e3b24   1405.00   1405.00    429.38    592.67      0.00      0.00      0.00      0.05

07:00:17        CPU     %user     %nice   %system   %iowait    %steal     %idle
07:00:18        all     12.83      0.00     12.11      0.00     16.86     58.19

07:00:17    kbmemfree   kbavail kbmemused  %memused kbbuffers  kbcached  kbcommit   %commit  kbactive   kbinact   kbdirty
07:00:18     14071848  15349668    658340      4.02     82132   1437756   2174304     13.28   1343892    718964      1732

07:00:17        IFACE   rxpck/s   txpck/s    rxkB/s    txkB/s   rxcmp/s   txcmp/s  rxmcst/s   %ifutil
07:00:18           lo   1995.00   1995.00    438.46    438.46      0.00      0.00      0.00      0.00
07:00:18         ens4    801.00    801.00    525.10    404.08      0.00      0.00      0.00      0.00
07:00:18      docker0   1396.00   1397.00    409.41    589.65      0.00      0.00      0.00      0.00
07:00:18    veth58e3b24   1396.00   1397.00    428.50    589.65      0.00      0.00      0.00      0.05

07:00:18        CPU     %user     %nice   %system   %iowait    %steal     %idle
07:00:19        all     12.23      0.00     11.99      0.00     17.51     58.27

07:00:18    kbmemfree   kbavail kbmemused  %memused kbbuffers  kbcached  kbcommit   %commit  kbactive   kbinact   kbdirty
07:00:19     14071848  15349724    658312      4.02     82132   1437796   2174304     13.28   1344064    719020      1960

07:00:18        IFACE   rxpck/s   txpck/s    rxkB/s    txkB/s   rxcmp/s   txcmp/s  rxmcst/s   %ifutil
07:00:19           lo   2005.00   2005.00    439.27    439.27      0.00      0.00      0.00      0.00
07:00:19         ens4    822.00    822.00    531.65    414.46      0.00      0.00      0.00      0.00
07:00:19      docker0   1404.00   1403.00    410.12    591.99      0.00      0.00      0.00      0.00
07:00:19    veth58e3b24   1404.00   1403.00    429.31    591.99      0.00      0.00      0.00      0.05

07:00:19        CPU     %user     %nice   %system   %iowait    %steal     %idle
07:00:20        all     20.05      0.00     19.31      0.25      9.65     50.74

07:00:19    kbmemfree   kbavail kbmemused  %memused kbbuffers  kbcached  kbcommit   %commit  kbactive   kbinact   kbdirty
07:00:20     14067844  15345788    662296      4.04     82132   1437824   2170400     13.25   1350464    719076       400

07:00:19        IFACE   rxpck/s   txpck/s    rxkB/s    txkB/s   rxcmp/s   txcmp/s  rxmcst/s   %ifutil
07:00:20           lo   2000.00   2000.00    438.87    438.87      0.00      0.00      0.00      0.00
07:00:20         ens4    882.00    879.00    532.64    758.57      0.00      0.00      0.00      0.00
07:00:20      docker0   1401.00   1400.00    411.35    590.82      0.00      0.00      0.00      0.00
07:00:20    veth58e3b24   1401.00   1400.00    430.51    590.82      0.00      0.00      0.00      0.05

07:00:20        CPU     %user     %nice   %system   %iowait    %steal     %idle
07:00:21        all     12.03      0.00     12.03      0.00      6.27     69.67

07:00:20    kbmemfree   kbavail kbmemused  %memused kbbuffers  kbcached  kbcommit   %commit  kbactive   kbinact   kbdirty
07:00:21     14066080  15344036    664040      4.06     82132   1437840   2174304     13.28   1352488    719088       416

07:00:20        IFACE   rxpck/s   txpck/s    rxkB/s    txkB/s   rxcmp/s   txcmp/s  rxmcst/s   %ifutil
07:00:21           lo   2000.00   2000.00    438.87    438.87      0.00      0.00      0.00      0.00
07:00:21         ens4    811.00    808.00    527.95    404.01      0.00      0.00      0.00      0.00
07:00:21      docker0   1399.00   1400.00    408.18    590.82      0.00      0.00      0.00      0.00
07:00:21    veth58e3b24   1399.00   1400.00    427.30    590.82      0.00      0.00      0.00      0.05

07:00:21        CPU     %user     %nice   %system   %iowait    %steal     %idle
07:00:22        all     10.28      0.00     12.03      0.00      4.26     73.43

07:00:21    kbmemfree   kbavail kbmemused  %memused kbbuffers  kbcached  kbcommit   %commit  kbactive   kbinact   kbdirty
07:00:22     14068852  15346840    661220      4.04     82132   1437872   2170400     13.25   1350648    719120       484

07:00:21        IFACE   rxpck/s   txpck/s    rxkB/s    txkB/s   rxcmp/s   txcmp/s  rxmcst/s   %ifutil
07:00:22           lo   2000.00   2000.00    438.87    438.87      0.00      0.00      0.00      0.00
07:00:22         ens4    811.00    805.00    526.87    405.28      0.00      0.00      0.00      0.00
07:00:22      docker0   1401.00   1401.00    411.35    590.88      0.00      0.00      0.00      0.00
07:00:22    veth58e3b24   1401.00   1401.00    430.51    590.88      0.00      0.00      0.00      0.05

07:00:22        CPU     %user     %nice   %system   %iowait    %steal     %idle
07:00:23        all      9.51      0.00     10.28      0.00      2.57     77.63

07:00:22    kbmemfree   kbavail kbmemused  %memused kbbuffers  kbcached  kbcommit   %commit  kbactive   kbinact   kbdirty
07:00:23     14068600  15346588    661444      4.04     82132   1437892   2170400     13.25   1350648    719120       504

07:00:22        IFACE   rxpck/s   txpck/s    rxkB/s    txkB/s   rxcmp/s   txcmp/s  rxmcst/s   %ifutil
07:00:23           lo   2000.00   2000.00    438.87    438.87      0.00      0.00      0.00      0.00
07:00:23         ens4    804.00    803.00    526.21    404.58      0.00      0.00      0.00      0.00
07:00:23      docker0   1400.00   1402.00    409.77    590.94      0.00      0.00      0.00      0.00
07:00:23    veth58e3b24   1400.00   1402.00    428.91    590.94      0.00      0.00      0.00      0.05

07:00:23        CPU     %user     %nice   %system   %iowait    %steal     %idle
07:00:24        all     10.41      0.00     11.17      0.25      2.79     75.38

07:00:23    kbmemfree   kbavail kbmemused  %memused kbbuffers  kbcached  kbcommit   %commit  kbactive   kbinact   kbdirty
07:00:24     14067620  15345652    662404      4.05     82132   1437924   2174304     13.28   1352568    719164       260

07:00:23        IFACE   rxpck/s   txpck/s    rxkB/s    txkB/s   rxcmp/s   txcmp/s  rxmcst/s   %ifutil
07:00:24           lo   2000.00   2000.00    438.87    438.87      0.00      0.00      0.00      0.00
07:00:24         ens4    813.00    810.00    527.91    405.67      0.00      0.00      0.00      0.00
07:00:24      docker0   1400.00   1400.00    409.77    590.82      0.00      0.00      0.00      0.00
07:00:24    veth58e3b24   1400.00   1400.00    428.91    590.82      0.00      0.00      0.00      0.05

07:00:24        CPU     %user     %nice   %system   %iowait    %steal     %idle
07:00:25        all     10.18      0.00     10.69      0.25      2.04     76.84

07:00:24    kbmemfree   kbavail kbmemused  %memused kbbuffers  kbcached  kbcommit   %commit  kbactive   kbinact   kbdirty
07:00:25     14068624  15346688    661376      4.04     82132   1437940   2174304     13.28   1352708    719196       288

07:00:24        IFACE   rxpck/s   txpck/s    rxkB/s    txkB/s   rxcmp/s   txcmp/s  rxmcst/s   %ifutil
07:00:25           lo   2000.00   2000.00    438.87    438.87      0.00      0.00      0.00      0.00
07:00:25         ens4    818.00    813.00    528.38    405.93      0.00      0.00      0.00      0.00
07:00:25      docker0   1400.00   1400.00    409.77    590.82      0.00      0.00      0.00      0.00
07:00:25    veth58e3b24   1400.00   1400.00    428.91    590.82      0.00      0.00      0.00      0.05

07:00:25        CPU     %user     %nice   %system   %iowait    %steal     %idle
07:00:26        all     10.43      0.00     10.69      0.00      3.56     75.32

07:00:25    kbmemfree   kbavail kbmemused  %memused kbbuffers  kbcached  kbcommit   %commit  kbactive   kbinact   kbdirty
07:00:26     14072396  15350496    658576      4.02     82132   1437972   2170400     13.25   1351084    719232       344

07:00:25        IFACE   rxpck/s   txpck/s    rxkB/s    txkB/s   rxcmp/s   txcmp/s  rxmcst/s   %ifutil
07:00:26           lo   1980.20   1980.20    434.52    434.52      0.00      0.00      0.00      0.00
07:00:26         ens4    799.01    794.06    521.35    399.50      0.00      0.00      0.00      0.00
07:00:26      docker0   1386.14   1386.14    405.71    584.97      0.00      0.00      0.00      0.00
07:00:26    veth58e3b24   1386.14   1386.14    424.66    584.97      0.00      0.00      0.00      0.05

07:00:26        CPU     %user     %nice   %system   %iowait    %steal     %idle
07:00:27        all     10.86      0.00     11.11      0.00      5.81     72.22

07:00:26    kbmemfree   kbavail kbmemused  %memused kbbuffers  kbcached  kbcommit   %commit  kbactive   kbinact   kbdirty
07:00:27     14072144  15350256    658812      4.02     82132   1437988   2170400     13.25   1351312    719244       360

07:00:26        IFACE   rxpck/s   txpck/s    rxkB/s    txkB/s   rxcmp/s   txcmp/s  rxmcst/s   %ifutil
07:00:27           lo   2000.00   2000.00    438.87    438.87      0.00      0.00      0.00      0.00
07:00:27         ens4    802.00    800.00    526.11    403.11      0.00      0.00      0.00      0.00
07:00:27      docker0   1400.00   1400.00    409.77    590.82      0.00      0.00      0.00      0.00
07:00:27    veth58e3b24   1400.00   1400.00    428.91    590.82      0.00      0.00      0.00      0.05

07:00:27        CPU     %user     %nice   %system   %iowait    %steal     %idle
07:00:28        all     10.33      0.00     11.08      0.00      6.30     72.29

07:00:27    kbmemfree   kbavail kbmemused  %memused kbbuffers  kbcached  kbcommit   %commit  kbactive   kbinact   kbdirty
07:00:28     14069880  15348028    661032      4.04     82132   1438024   2172352     13.27   1353248    719276       396

07:00:27        IFACE   rxpck/s   txpck/s    rxkB/s    txkB/s   rxcmp/s   txcmp/s  rxmcst/s   %ifutil
07:00:28           lo   2000.00   2000.00    438.87    438.87      0.00      0.00      0.00      0.00
07:00:28         ens4    804.00    802.00    526.23    403.71      0.00      0.00      0.00      0.00
07:00:28      docker0   1400.00   1400.00    409.77    590.82      0.00      0.00      0.00      0.00
07:00:28    veth58e3b24   1400.00   1400.00    428.91    590.82      0.00      0.00      0.00      0.05

07:00:28        CPU     %user     %nice   %system   %iowait    %steal     %idle
07:00:29        all     12.41      0.00     11.93      0.00     15.27     60.38

07:00:28    kbmemfree   kbavail kbmemused  %memused kbbuffers  kbcached  kbcommit   %commit  kbactive   kbinact   kbdirty
07:00:29     14066376  15344552    664436      4.06     82132   1438044   2178208     13.30   1355528    719304       416

07:00:28        IFACE   rxpck/s   txpck/s    rxkB/s    txkB/s   rxcmp/s   txcmp/s  rxmcst/s   %ifutil
07:00:29           lo   2000.00   2000.00    438.87    438.87      0.00      0.00      0.00      0.00
07:00:29         ens4    814.00    812.00    527.92    406.93      0.00      0.00      0.00      0.00
07:00:29      docker0   1399.00   1400.00    408.18    590.82      0.00      0.00      0.00      0.00
07:00:29    veth58e3b24   1399.00   1400.00    427.30    590.82      0.00      0.00      0.00      0.05

07:00:29        CPU     %user     %nice   %system   %iowait    %steal     %idle
07:00:30        all     12.68      0.00     13.38      0.23     17.84     55.87

07:00:29    kbmemfree   kbavail kbmemused  %memused kbbuffers  kbcached  kbcommit   %commit  kbactive   kbinact   kbdirty
07:00:30     14068584  15346784    662116      4.04     82132   1438072   2178208     13.30   1345064    719332       424

07:00:29        IFACE   rxpck/s   txpck/s    rxkB/s    txkB/s   rxcmp/s   txcmp/s  rxmcst/s   %ifutil
07:00:30           lo   1995.00   1995.00    438.46    438.46      0.00      0.00      0.00      0.00
07:00:30         ens4    818.00    814.00    528.33    408.88      0.00      0.00      0.00      0.00
07:00:30      docker0   1397.00   1398.00    411.00    590.69      0.00      0.00      0.00      0.00
07:00:30    veth58e3b24   1397.00   1398.00    430.10    590.69      0.00      0.00      0.00      0.05

07:00:30        CPU     %user     %nice   %system   %iowait    %steal     %idle
07:00:31        all     12.00      0.00     13.18      0.00     16.71     58.12

07:00:30    kbmemfree   kbavail kbmemused  %memused kbbuffers  kbcached  kbcommit   %commit  kbactive   kbinact   kbdirty
07:00:31     14075760  15353976    654972      4.00     82132   1438092   2174304     13.28   1343036    719348       472

07:00:30        IFACE   rxpck/s   txpck/s    rxkB/s    txkB/s   rxcmp/s   txcmp/s  rxmcst/s   %ifutil
07:00:31           lo   2009.00   2009.00    439.47    439.47      0.00      0.00      0.00      0.00
07:00:31         ens4    817.00    815.00    528.21    404.57      0.00      0.00      0.00      0.00
07:00:31      docker0   1405.00   1403.00    410.17    591.99      0.00      0.00      0.00      0.00
07:00:31    veth58e3b24   1405.00   1403.00    429.38    591.99      0.00      0.00      0.00      0.05

07:00:31        CPU     %user     %nice   %system   %iowait    %steal     %idle
07:00:32        all     11.42      0.00     11.42      0.00     21.91     55.24

07:00:31    kbmemfree   kbavail kbmemused  %memused kbbuffers  kbcached  kbcommit   %commit  kbactive   kbinact   kbdirty
07:00:32     14075508  15353720    655236      4.00     82132   1438120   2174304     13.28   1343036    719348       500

07:00:31        IFACE   rxpck/s   txpck/s    rxkB/s    txkB/s   rxcmp/s   txcmp/s  rxmcst/s   %ifutil
07:00:32           lo   2000.00   2000.00    438.87    438.87      0.00      0.00      0.00      0.00
07:00:32         ens4   1157.00   1143.00    548.40    426.68      0.00      0.00      0.00      0.00
07:00:32      docker0   1399.00   1399.00    409.71    589.78      0.00      0.00      0.00      0.00
07:00:32    veth58e3b24   1399.00   1399.00    428.84    589.78      0.00      0.00      0.00      0.05

07:00:32        CPU     %user     %nice   %system   %iowait    %steal     %idle
07:00:33        all     11.16      0.00     11.39      0.00     21.87     55.58

07:00:32    kbmemfree   kbavail kbmemused  %memused kbbuffers  kbcached  kbcommit   %commit  kbactive   kbinact   kbdirty
07:00:33     14075508  15353720    655212      4.00     82132   1438140   2174304     13.28   1343036    719348       520

07:00:32        IFACE   rxpck/s   txpck/s    rxkB/s    txkB/s   rxcmp/s   txcmp/s  rxmcst/s   %ifutil
07:00:33           lo   1995.00   1995.00    438.46    438.46      0.00      0.00      0.00      0.00
07:00:33         ens4    801.00    800.00    527.44    404.18      0.00      0.00      0.00      0.00
07:00:33      docker0   1397.00   1397.00    409.46    590.63      0.00      0.00      0.00      0.00
07:00:33    veth58e3b24   1397.00   1397.00    428.56    590.63      0.00      0.00      0.00      0.05

07:00:33        CPU     %user     %nice   %system   %iowait    %steal     %idle
07:00:34        all     11.00      0.00     12.44      0.00     14.59     61.96

07:00:33    kbmemfree   kbavail kbmemused  %memused kbbuffers  kbcached  kbcommit   %commit  kbactive   kbinact   kbdirty
07:00:34     14075256  15353528    655432      4.00     82132   1438168   2174304     13.28   1343156    719408       548

07:00:33        IFACE   rxpck/s   txpck/s    rxkB/s    txkB/s   rxcmp/s   txcmp/s  rxmcst/s   %ifutil
07:00:34           lo   2005.00   2005.00    439.27    439.27      0.00      0.00      0.00      0.00
07:00:34         ens4    804.00    802.00    527.21    403.68      0.00      0.00      0.00      0.00
07:00:34      docker0   1403.00   1403.00    410.07    591.01      0.00      0.00      0.00      0.00
07:00:34    veth58e3b24   1403.00   1403.00    429.25    591.01      0.00      0.00      0.00      0.05

07:00:34        CPU     %user     %nice   %system   %iowait    %steal     %idle
07:00:35        all     12.59      0.00     12.83      0.24     12.83     61.50

07:00:34    kbmemfree   kbavail kbmemused  %memused kbbuffers  kbcached  kbcommit   %commit  kbactive   kbinact   kbdirty
07:00:35     14073240  15351532    657400      4.01     82132   1438192   2178208     13.30   1344980    719428       572

07:00:34        IFACE   rxpck/s   txpck/s    rxkB/s    txkB/s   rxcmp/s   txcmp/s  rxmcst/s   %ifutil
07:00:35           lo   2000.00   2000.00    438.87    438.87      0.00      0.00      0.00      0.00
07:00:35         ens4    811.00    811.00    526.43    405.70      0.00      0.00      0.00      0.00
07:00:35      docker0   1402.00   1402.00    410.02    591.92      0.00      0.00      0.00      0.00
07:00:35    veth58e3b24   1402.00   1402.00    429.18    591.92      0.00      0.00      0.00      0.05

07:00:35        CPU     %user     %nice   %system   %iowait    %steal     %idle
07:00:36        all     12.25      0.00     11.76      0.00      9.80     66.18

07:00:35    kbmemfree   kbavail kbmemused  %memused kbbuffers  kbcached  kbcommit   %commit  kbactive   kbinact   kbdirty
07:00:36     14075356  15353672    655312      4.00     82132   1438220   2174304     13.28   1343180    719452       628

07:00:35        IFACE   rxpck/s   txpck/s    rxkB/s    txkB/s   rxcmp/s   txcmp/s  rxmcst/s   %ifutil
07:00:36           lo   2000.00   2000.00    438.87    438.87      0.00      0.00      0.00      0.00
07:00:36         ens4    805.00    803.00    526.35    404.65      0.00      0.00      0.00      0.00
07:00:36      docker0   1399.00   1399.00    409.57    590.76      0.00      0.00      0.00      0.00
07:00:36    veth58e3b24   1399.00   1399.00    428.69    590.76      0.00      0.00      0.00      0.05

07:00:36        CPU     %user     %nice   %system   %iowait    %steal     %idle
07:00:37        all     10.61      0.00     11.87      0.00      6.31     71.21

07:00:36    kbmemfree   kbavail kbmemused  %memused kbbuffers  kbcached  kbcommit   %commit  kbactive   kbinact   kbdirty
07:00:37     14075356  15353672    655296      4.00     82132   1438236   2174304     13.28   1343180    719452       644

07:00:36        IFACE   rxpck/s   txpck/s    rxkB/s    txkB/s   rxcmp/s   txcmp/s  rxmcst/s   %ifutil
07:00:37           lo   2010.00   2010.00    441.06    441.06      0.00      0.00      0.00      0.00
07:00:37         ens4    806.00    801.00    527.76    403.38      0.00      0.00      0.00      0.00
07:00:37      docker0   1404.00   1404.00    410.12    592.61      0.00      0.00      0.00      0.00
07:00:37    veth58e3b24   1404.00   1404.00    429.32    592.61      0.00      0.00      0.00      0.05

07:00:37        CPU     %user     %nice   %system   %iowait    %steal     %idle
07:00:38        all     11.95      0.00     11.95      0.00     10.00     66.10

07:00:37    kbmemfree   kbavail kbmemused  %memused kbbuffers  kbcached  kbcommit   %commit  kbactive   kbinact   kbdirty
07:00:38     14075104  15353440    655532      4.00     82132   1438268   2174304     13.28   1342860    719472       676

07:00:37        IFACE   rxpck/s   txpck/s    rxkB/s    txkB/s   rxcmp/s   txcmp/s  rxmcst/s   %ifutil
07:00:38           lo   1992.00   1992.00    436.79    436.79      0.00      0.00      0.00      0.00
07:00:38         ens4    801.00    800.00    526.04    403.32      0.00      0.00      0.00      0.00
07:00:38      docker0   1396.00   1396.00    409.41    589.03      0.00      0.00      0.00      0.00
07:00:38    veth58e3b24   1396.00   1396.00    428.49    589.03      0.00      0.00      0.00      0.05

07:00:38        CPU     %user     %nice   %system   %iowait    %steal     %idle
07:00:39        all     11.76      0.00     11.76      0.00     16.00     60.47

07:00:38    kbmemfree   kbavail kbmemused  %memused kbbuffers  kbcached  kbcommit   %commit  kbactive   kbinact   kbdirty
07:00:39     14074864  15353200    655732      4.00     82132   1438292   2174304     13.28   1342860    719472       700

07:00:38        IFACE   rxpck/s   txpck/s    rxkB/s    txkB/s   rxcmp/s   txcmp/s  rxmcst/s   %ifutil
07:00:39           lo   2001.00   2001.00    438.92    438.92      0.00      0.00      0.00      0.00
07:00:39         ens4    803.00    798.00    526.17    402.97      0.00      0.00      0.00      0.00
07:00:39      docker0   1402.00   1401.00    410.02    590.88      0.00      0.00      0.00      0.00
07:00:39    veth58e3b24   1402.00   1401.00    429.18    590.88      0.00      0.00      0.00      0.05

07:00:39        CPU     %user     %nice   %system   %iowait    %steal     %idle
07:00:40        all     10.20      0.00     10.97      0.00      3.57     75.26

07:00:39    kbmemfree   kbavail kbmemused  %memused kbbuffers  kbcached  kbcommit   %commit  kbactive   kbinact   kbdirty
07:00:40     14074864  15353248    655708      4.00     82132   1438316   2174304     13.28   1342892    719520       720

07:00:39        IFACE   rxpck/s   txpck/s    rxkB/s    txkB/s   rxcmp/s   txcmp/s  rxmcst/s   %ifutil
07:00:40           lo   2007.00   2007.00    440.89    440.89      0.00      0.00      0.00      0.00
07:00:40         ens4    807.00    805.00    526.40    404.06      0.00      0.00      0.00      0.00
07:00:40      docker0   1403.00   1405.00    409.93    592.67      0.00      0.00      0.00      0.00
07:00:40    veth58e3b24   1403.00   1405.00    429.11    592.67      0.00      0.00      0.00      0.05

07:00:40        CPU     %user     %nice   %system   %iowait    %steal     %idle
07:00:41        all      9.85      0.00     12.12      0.00      4.29     73.74

07:00:40    kbmemfree   kbavail kbmemused  %memused kbbuffers  kbcached  kbcommit   %commit  kbactive   kbinact   kbdirty
07:00:41     14074864  15353300    655684      4.00     82132   1438336   2174304     13.28   1342900    719572       668

07:00:40        IFACE   rxpck/s   txpck/s    rxkB/s    txkB/s   rxcmp/s   txcmp/s  rxmcst/s   %ifutil
07:00:41           lo   2000.00   2000.00    438.87    438.87      0.00      0.00      0.00      0.00
07:00:41         ens4    804.00    800.00    526.21    403.30      0.00      0.00      0.00      0.00
07:00:41      docker0   1400.00   1400.00    409.77    590.82      0.00      0.00      0.00      0.00
07:00:41    veth58e3b24   1400.00   1400.00    428.91    590.82      0.00      0.00      0.00      0.05

07:00:41        CPU     %user     %nice   %system   %iowait    %steal     %idle
07:00:42        all     10.08      0.00      9.04      0.00      1.81     79.07

07:00:41    kbmemfree   kbavail kbmemused  %memused kbbuffers  kbcached  kbcommit   %commit  kbactive   kbinact   kbdirty
07:00:42     14075372  15353844    655176      4.00     82132   1438364   2170400     13.25   1341152    719608       696

07:00:41        IFACE   rxpck/s   txpck/s    rxkB/s    txkB/s   rxcmp/s   txcmp/s  rxmcst/s   %ifutil
07:00:42           lo   2000.00   2000.00    438.87    438.87      0.00      0.00      0.00      0.00
07:00:42         ens4    804.00    802.00    526.23    403.45      0.00      0.00      0.00      0.00
07:00:42      docker0   1400.00   1400.00    409.77    590.82      0.00      0.00      0.00      0.00
07:00:42    veth58e3b24   1400.00   1400.00    428.91    590.82      0.00      0.00      0.00      0.05

07:00:42        CPU     %user     %nice   %system   %iowait    %steal     %idle
07:00:43        all      8.88      0.00     10.91      0.00      1.27     78.93

07:00:42    kbmemfree   kbavail kbmemused  %memused kbbuffers  kbcached  kbcommit   %commit  kbactive   kbinact   kbdirty
07:00:43     14075372  15353864    655148      4.00     82132   1438392   2170400     13.25   1341192    719628       724

07:00:42        IFACE   rxpck/s   txpck/s    rxkB/s    txkB/s   rxcmp/s   txcmp/s  rxmcst/s   %ifutil
07:00:43           lo   2000.00   2000.00    438.87    438.87      0.00      0.00      0.00      0.00
07:00:43         ens4    802.00    800.00    526.11    403.32      0.00      0.00      0.00      0.00
07:00:43      docker0   1400.00   1400.00    409.77    590.82      0.00      0.00      0.00      0.00
07:00:43    veth58e3b24   1400.00   1400.00    428.91    590.82      0.00      0.00      0.00      0.05

07:00:43        CPU     %user     %nice   %system   %iowait    %steal     %idle
07:00:44        all      9.33      0.00      9.59      0.00      0.78     80.31

07:00:43    kbmemfree   kbavail kbmemused  %memused kbbuffers  kbcached  kbcommit   %commit  kbactive   kbinact   kbdirty
07:00:44     14075372  15353868    655124      4.00     82132   1438412   2170400     13.25   1341192    719628       744

07:00:43        IFACE   rxpck/s   txpck/s    rxkB/s    txkB/s   rxcmp/s   txcmp/s  rxmcst/s   %ifutil
07:00:44           lo   2000.00   2000.00    438.87    438.87      0.00      0.00      0.00      0.00
07:00:44         ens4    805.00    802.00    526.30    404.54      0.00      0.00      0.00      0.00
07:00:44      docker0   1401.00   1400.00    411.35    590.82      0.00      0.00      0.00      0.00
07:00:44    veth58e3b24   1401.00   1400.00    430.51    590.82      0.00      0.00      0.00      0.05

07:00:44        CPU     %user     %nice   %system   %iowait    %steal     %idle
07:00:45        all      9.46      0.00     10.74      0.00      2.30     77.49

07:00:44    kbmemfree   kbavail kbmemused  %memused kbbuffers  kbcached  kbcommit   %commit  kbactive   kbinact   kbdirty
07:00:45     14075372  15353936    655092      4.00     82132   1438444   2170400     13.25   1341304    719696       788

07:00:44        IFACE   rxpck/s   txpck/s    rxkB/s    txkB/s   rxcmp/s   txcmp/s  rxmcst/s   %ifutil
07:00:45           lo   2000.00   2000.00    438.87    438.87      0.00      0.00      0.00      0.00
07:00:45         ens4    802.00    801.00    526.11    404.92      0.00      0.00      0.00      0.00
07:00:45      docker0   1400.00   1400.00    409.77    590.82      0.00      0.00      0.00      0.00
07:00:45    veth58e3b24   1400.00   1400.00    428.91    590.82      0.00      0.00      0.00      0.05

07:00:45        CPU     %user     %nice   %system   %iowait    %steal     %idle
07:00:46        all      9.72      0.00     10.49      0.00      2.05     77.75

07:00:45    kbmemfree   kbavail kbmemused  %memused kbbuffers  kbcached  kbcommit   %commit  kbactive   kbinact   kbdirty
07:00:46     14075372  15353952    655072      4.00     82132   1438464   2170400     13.25   1341352    719712       632

07:00:45        IFACE   rxpck/s   txpck/s    rxkB/s    txkB/s   rxcmp/s   txcmp/s  rxmcst/s   %ifutil
07:00:46           lo   2004.00   2004.00    439.07    439.07      0.00      0.00      0.00      0.00
07:00:46         ens4    803.00    801.00    526.17    403.38      0.00      0.00      0.00      0.00
07:00:46      docker0   1400.00   1399.00    409.77    590.76      0.00      0.00      0.00      0.00
07:00:46    veth58e3b24   1400.00   1400.00    428.91    590.82      0.00      0.00      0.00      0.05

07:00:46        CPU     %user     %nice   %system   %iowait    %steal     %idle
07:00:47        all      2.26      0.00      2.51      0.00      0.75     94.47

07:00:46    kbmemfree   kbavail kbmemused  %memused kbbuffers  kbcached  kbcommit   %commit  kbactive   kbinact   kbdirty
07:00:47     14074632  15353188    655996      4.01     82132   1438472   2169868     13.25   1340952    719716       640

07:00:46        IFACE   rxpck/s   txpck/s    rxkB/s    txkB/s   rxcmp/s   txcmp/s  rxmcst/s   %ifutil
07:00:47           lo    430.00    430.00     92.97     92.97      0.00      0.00      0.00      0.00
07:00:47         ens4    677.00    423.00    145.18    101.55      0.00      0.00      0.00      0.00
07:00:47      docker0    302.00    302.00     86.75    126.53      0.00      0.00      0.00      0.00
07:00:47    veth58e3b24    302.00    301.00     90.88    126.47      0.00      0.00      0.00      0.01

07:00:47        CPU     %user     %nice   %system   %iowait    %steal     %idle
07:00:48        all      0.50      0.00      0.50      0.00      0.00     99.00

07:00:47    kbmemfree   kbavail kbmemused  %memused kbbuffers  kbcached  kbcommit   %commit  kbactive   kbinact   kbdirty
07:00:48     14074632  15353188    655996      4.01     82132   1438472   2169868     13.25   1340952    719716       640

07:00:47        IFACE   rxpck/s   txpck/s    rxkB/s    txkB/s   rxcmp/s   txcmp/s  rxmcst/s   %ifutil
07:00:48           lo      0.00      0.00      0.00      0.00      0.00      0.00      0.00      0.00
07:00:48         ens4      0.00      0.00      0.00      0.00      0.00      0.00      0.00      0.00
07:00:48      docker0      0.00      0.00      0.00      0.00      0.00      0.00      0.00      0.00
07:00:48    veth58e3b24      0.00      0.00      0.00      0.00      0.00      0.00      0.00      0.00

07:00:48        CPU     %user     %nice   %system   %iowait    %steal     %idle
07:00:49        all      0.25      0.00      0.50      0.00      0.00     99.25

07:00:48    kbmemfree   kbavail kbmemused  %memused kbbuffers  kbcached  kbcommit   %commit  kbactive   kbinact   kbdirty
07:00:49     14074632  15353196    655996      4.01     82132   1438472   2169868     13.25   1340828    719724       612

07:00:48        IFACE   rxpck/s   txpck/s    rxkB/s    txkB/s   rxcmp/s   txcmp/s  rxmcst/s   %ifutil
07:00:49           lo      0.00      0.00      0.00      0.00      0.00      0.00      0.00      0.00
07:00:49         ens4      0.00      0.00      0.00      0.00      0.00      0.00      0.00      0.00
07:00:49      docker0      0.00      0.00      0.00      0.00      0.00      0.00      0.00      0.00
07:00:49    veth58e3b24      0.00      0.00      0.00      0.00      0.00      0.00      0.00      0.00

07:00:49        CPU     %user     %nice   %system   %iowait    %steal     %idle
07:00:50        all      0.00      0.00      0.00      0.25      0.00     99.75

07:00:49    kbmemfree   kbavail kbmemused  %memused kbbuffers  kbcached  kbcommit   %commit  kbactive   kbinact   kbdirty
07:00:50     14074632  15353196    655992      4.01     82132   1438476   2169868     13.25   1340828    719724       632

07:00:49        IFACE   rxpck/s   txpck/s    rxkB/s    txkB/s   rxcmp/s   txcmp/s  rxmcst/s   %ifutil
07:00:50           lo      0.00      0.00      0.00      0.00      0.00      0.00      0.00      0.00
07:00:50         ens4      0.00      0.00      0.00      0.00      0.00      0.00      0.00      0.00
07:00:50      docker0      0.00      0.00      0.00      0.00      0.00      0.00      0.00      0.00
07:00:50    veth58e3b24      0.00      0.00      0.00      0.00      0.00      0.00      0.00      0.00

07:00:50        CPU     %user     %nice   %system   %iowait    %steal     %idle
07:00:51        all      0.00      0.00      0.25      0.00      0.00     99.75

07:00:50    kbmemfree   kbavail kbmemused  %memused kbbuffers  kbcached  kbcommit   %commit  kbactive   kbinact   kbdirty
07:00:51     14074632  15353196    655992      4.01     82132   1438476   2169868     13.25   1340828    719724       604

07:00:50        IFACE   rxpck/s   txpck/s    rxkB/s    txkB/s   rxcmp/s   txcmp/s  rxmcst/s   %ifutil
07:00:51           lo      0.00      0.00      0.00      0.00      0.00      0.00      0.00      0.00
07:00:51         ens4      0.00      0.00      0.00      0.00      0.00      0.00      0.00      0.00
07:00:51      docker0      0.00      0.00      0.00      0.00      0.00      0.00      0.00      0.00
07:00:51    veth58e3b24      0.00      0.00      0.00      0.00      0.00      0.00      0.00      0.00

07:00:51        CPU     %user     %nice   %system   %iowait    %steal     %idle
07:00:52        all      0.00      0.00      0.00      0.00      0.00    100.00

07:00:51    kbmemfree   kbavail kbmemused  %memused kbbuffers  kbcached  kbcommit   %commit  kbactive   kbinact   kbdirty
07:00:52     14074632  15353196    655992      4.01     82132   1438476   2169868     13.25   1340828    719724       604

07:00:51        IFACE   rxpck/s   txpck/s    rxkB/s    txkB/s   rxcmp/s   txcmp/s  rxmcst/s   %ifutil
07:00:52           lo      0.00      0.00      0.00      0.00      0.00      0.00      0.00      0.00
07:00:52         ens4      1.00      1.00      0.07      0.07      0.00      0.00      0.00      0.00
07:00:52      docker0      0.00      0.00      0.00      0.00      0.00      0.00      0.00      0.00
07:00:52    veth58e3b24      0.00      0.00      0.00      0.00      0.00      0.00      0.00      0.00

07:00:52        CPU     %user     %nice   %system   %iowait    %steal     %idle
07:00:53        all      0.25      0.00      0.25      0.00      0.00     99.50

07:00:52    kbmemfree   kbavail kbmemused  %memused kbbuffers  kbcached  kbcommit   %commit  kbactive   kbinact   kbdirty
07:00:53     14074380  15352944    656244      4.01     82132   1438476   2171820     13.26   1342200    719724       604

07:00:52        IFACE   rxpck/s   txpck/s    rxkB/s    txkB/s   rxcmp/s   txcmp/s  rxmcst/s   %ifutil
07:00:53           lo      0.00      0.00      0.00      0.00      0.00      0.00      0.00      0.00
07:00:53         ens4      3.00      2.00      0.17      0.15      0.00      0.00      0.00      0.00
07:00:53      docker0      0.00      0.00      0.00      0.00      0.00      0.00      0.00      0.00
07:00:53    veth58e3b24      0.00      0.00      0.00      0.00      0.00      0.00      0.00      0.00

07:00:53        CPU     %user     %nice   %system   %iowait    %steal     %idle
07:00:54        all      0.00      0.00      0.00      0.00      0.00    100.00

07:00:53    kbmemfree   kbavail kbmemused  %memused kbbuffers  kbcached  kbcommit   %commit  kbactive   kbinact   kbdirty
07:00:54     14074380  15352952    656264      4.01     82132   1438480   2173772     13.28   1342640    719732       608

07:00:53        IFACE   rxpck/s   txpck/s    rxkB/s    txkB/s   rxcmp/s   txcmp/s  rxmcst/s   %ifutil
07:00:54           lo      0.00      0.00      0.00      0.00      0.00      0.00      0.00      0.00
07:00:54         ens4      1.00      2.00      0.09      1.21      0.00      0.00      0.00      0.00
07:00:54      docker0      0.00      0.00      0.00      0.00      0.00      0.00      0.00      0.00
07:00:54    veth58e3b24      0.00      0.00      0.00      0.00      0.00      0.00      0.00      0.00

Average:        CPU     %user     %nice   %system   %iowait    %steal     %idle
Average:        all     15.73      0.36     15.07      0.06      4.91     63.88

Average:    kbmemfree   kbavail kbmemused  %memused kbbuffers  kbcached  kbcommit   %commit  kbactive   kbinact   kbdirty
Average:     14078210  15349701    663235      4.05     82122   1431574   2160348     13.19   1344451    712862      5972

Average:        IFACE   rxpck/s   txpck/s    rxkB/s    txkB/s   rxcmp/s   txcmp/s  rxmcst/s   %ifutil
Average:           lo   3457.16   3457.16    759.01    759.01      0.00      0.00      0.00      0.00
Average:         ens4   1410.77   1103.09    911.29    685.86      0.00      0.00      0.00      0.00
Average:      docker0   2121.20   2420.38    692.99   1021.09      0.00      0.00      0.00      0.00
Average:    veth58e3b24   2121.20   2420.38    721.99   1021.09      0.00      0.00      0.00      0.08