Linux 6.8.0-90-generic (zt-keycloak) 	05/19/2026 	_x86_64_	(4 CPU)

07:09:26 AM     CPU     %user     %nice   %system   %iowait    %steal     %idle
07:09:27 AM     all      0.25      0.00      0.25      0.00      0.00     99.50

07:09:26 AM kbmemfree   kbavail kbmemused  %memused kbbuffers  kbcached  kbcommit   %commit  kbactive   kbinact   kbdirty
07:09:27 AM   3057152   5772280   1768696     22.30     85344   2801052   5445572     68.66   1893164   2670516        20

07:09:26 AM     IFACE   rxpck/s   txpck/s    rxkB/s    txkB/s   rxcmp/s   txcmp/s  rxmcst/s   %ifutil
07:09:27 AM        lo      0.00      0.00      0.00      0.00      0.00      0.00      0.00      0.00
07:09:27 AM      eth0     68.00     34.00      5.75      3.56      0.00      0.00      0.00      0.00
07:09:27 AM   docker0      0.00      0.00      0.00      0.00      0.00      0.00      0.00      0.00
07:09:27 AM veth927c207      0.00      0.00      0.00      0.00      0.00      0.00      0.00      0.00

07:09:27 AM     CPU     %user     %nice   %system   %iowait    %steal     %idle
07:09:28 AM     all      0.25      0.00      0.00      0.00      0.00     99.75

07:09:27 AM kbmemfree   kbavail kbmemused  %memused kbbuffers  kbcached  kbcommit   %commit  kbactive   kbinact   kbdirty
07:09:28 AM   3057152   5772280   1768696     22.30     85344   2801052   5445572     68.66   1893164   2670516        16

07:09:27 AM     IFACE   rxpck/s   txpck/s    rxkB/s    txkB/s   rxcmp/s   txcmp/s  rxmcst/s   %ifutil
07:09:28 AM        lo      0.00      0.00      0.00      0.00      0.00      0.00      0.00      0.00
07:09:28 AM      eth0     38.00     18.00      3.48      2.21      0.00      0.00      0.00      0.00
07:09:28 AM   docker0      0.00      0.00      0.00      0.00      0.00      0.00      0.00      0.00
07:09:28 AM veth927c207      0.00      0.00      0.00      0.00      0.00      0.00      0.00      0.00

07:09:28 AM     CPU     %user     %nice   %system   %iowait    %steal     %idle
07:09:29 AM     all      0.00      0.00      0.25      0.00      0.00     99.75

07:09:28 AM kbmemfree   kbavail kbmemused  %memused kbbuffers  kbcached  kbcommit   %commit  kbactive   kbinact   kbdirty
07:09:29 AM   3057152   5772280   1768696     22.30     85344   2801052   5445572     68.66   1893164   2670516        16

07:09:28 AM     IFACE   rxpck/s   txpck/s    rxkB/s    txkB/s   rxcmp/s   txcmp/s  rxmcst/s   %ifutil
07:09:29 AM        lo      0.00      0.00      0.00      0.00      0.00      0.00      0.00      0.00
07:09:29 AM      eth0      0.00      0.00      0.00      0.00      0.00      0.00      0.00      0.00
07:09:29 AM   docker0      0.00      0.00      0.00      0.00      0.00      0.00      0.00      0.00
07:09:29 AM veth927c207      0.00      0.00      0.00      0.00      0.00      0.00      0.00      0.00

07:09:29 AM     CPU     %user     %nice   %system   %iowait    %steal     %idle
07:09:30 AM     all      0.00      0.00      0.00      0.00      0.00    100.00

07:09:29 AM kbmemfree   kbavail kbmemused  %memused kbbuffers  kbcached  kbcommit   %commit  kbactive   kbinact   kbdirty
07:09:30 AM   3057152   5772280   1768696     22.30     85344   2801052   5445572     68.66   1893164   2670516        16

07:09:29 AM     IFACE   rxpck/s   txpck/s    rxkB/s    txkB/s   rxcmp/s   txcmp/s  rxmcst/s   %ifutil
07:09:30 AM        lo      0.00      0.00      0.00      0.00      0.00      0.00      0.00      0.00
07:09:30 AM      eth0      0.00      0.00      0.00      0.00      0.00      0.00      0.00      0.00
07:09:30 AM   docker0      0.00      0.00      0.00      0.00      0.00      0.00      0.00      0.00
07:09:30 AM veth927c207      0.00      0.00      0.00      0.00      0.00      0.00      0.00      0.00

07:09:30 AM     CPU     %user     %nice   %system   %iowait    %steal     %idle
07:09:31 AM     all      0.00      0.00      0.00      0.00      0.00    100.00

07:09:30 AM kbmemfree   kbavail kbmemused  %memused kbbuffers  kbcached  kbcommit   %commit  kbactive   kbinact   kbdirty
07:09:31 AM   3057152   5772280   1768696     22.30     85344   2801052   5445572     68.66   1893164   2670516        16

07:09:30 AM     IFACE   rxpck/s   txpck/s    rxkB/s    txkB/s   rxcmp/s   txcmp/s  rxmcst/s   %ifutil
07:09:31 AM        lo      0.00      0.00      0.00      0.00      0.00      0.00      0.00      0.00
07:09:31 AM      eth0      0.00      0.00      0.00      0.00      0.00      0.00      0.00      0.00
07:09:31 AM   docker0      0.00      0.00      0.00      0.00      0.00      0.00      0.00      0.00
07:09:31 AM veth927c207      0.00      0.00      0.00      0.00      0.00      0.00      0.00      0.00

07:09:31 AM     CPU     %user     %nice   %system   %iowait    %steal     %idle
07:09:32 AM     all      0.00      0.00      0.25      0.00      0.00     99.75

07:09:31 AM kbmemfree   kbavail kbmemused  %memused kbbuffers  kbcached  kbcommit   %commit  kbactive   kbinact   kbdirty
07:09:32 AM   3056900   5772028   1768948     22.30     85344   2801052   5445572     68.66   1893164   2670516        16

07:09:31 AM     IFACE   rxpck/s   txpck/s    rxkB/s    txkB/s   rxcmp/s   txcmp/s  rxmcst/s   %ifutil
07:09:32 AM        lo      0.00      0.00      0.00      0.00      0.00      0.00      0.00      0.00
07:09:32 AM      eth0      0.00      0.00      0.00      0.00      0.00      0.00      0.00      0.00
07:09:32 AM   docker0      0.00      0.00      0.00      0.00      0.00      0.00      0.00      0.00
07:09:32 AM veth927c207      0.00      0.00      0.00      0.00      0.00      0.00      0.00      0.00

07:09:32 AM     CPU     %user     %nice   %system   %iowait    %steal     %idle
07:09:33 AM     all      0.00      0.00      0.25      0.00      0.00     99.75

07:09:32 AM kbmemfree   kbavail kbmemused  %memused kbbuffers  kbcached  kbcommit   %commit  kbactive   kbinact   kbdirty
07:09:33 AM   3058564   5773696   1768064     22.29     85344   2801056   5445572     68.66   1892628   2670520        36

07:09:32 AM     IFACE   rxpck/s   txpck/s    rxkB/s    txkB/s   rxcmp/s   txcmp/s  rxmcst/s   %ifutil
07:09:33 AM        lo      0.00      0.00      0.00      0.00      0.00      0.00      0.00      0.00
07:09:33 AM      eth0      0.00      0.00      0.00      0.00      0.00      0.00      0.00      0.00
07:09:33 AM   docker0      0.00      0.00      0.00      0.00      0.00      0.00      0.00      0.00
07:09:33 AM veth927c207      0.00      0.00      0.00      0.00      0.00      0.00      0.00      0.00

07:09:33 AM     CPU     %user     %nice   %system   %iowait    %steal     %idle
07:09:34 AM     all      0.25      0.00      0.00      0.00      0.00     99.75

07:09:33 AM kbmemfree   kbavail kbmemused  %memused kbbuffers  kbcached  kbcommit   %commit  kbactive   kbinact   kbdirty
07:09:34 AM   3058564   5773696   1768064     22.29     85344   2801056   5445572     68.66   1892628   2670520        36

07:09:33 AM     IFACE   rxpck/s   txpck/s    rxkB/s    txkB/s   rxcmp/s   txcmp/s  rxmcst/s   %ifutil
07:09:34 AM        lo      0.00      0.00      0.00      0.00      0.00      0.00      0.00      0.00
07:09:34 AM      eth0      0.00      0.00      0.00      0.00      0.00      0.00      0.00      0.00
07:09:34 AM   docker0      0.00      0.00      0.00      0.00      0.00      0.00      0.00      0.00
07:09:34 AM veth927c207      0.00      0.00      0.00      0.00      0.00      0.00      0.00      0.00

07:09:34 AM     CPU     %user     %nice   %system   %iowait    %steal     %idle
07:09:35 AM     all      0.00      0.00      0.00      0.00      0.00    100.00

07:09:34 AM kbmemfree   kbavail kbmemused  %memused kbbuffers  kbcached  kbcommit   %commit  kbactive   kbinact   kbdirty
07:09:35 AM   3058564   5773696   1768064     22.29     85344   2801056   5445572     68.66   1892628   2670520        36

07:09:34 AM     IFACE   rxpck/s   txpck/s    rxkB/s    txkB/s   rxcmp/s   txcmp/s  rxmcst/s   %ifutil
07:09:35 AM        lo      0.00      0.00      0.00      0.00      0.00      0.00      0.00      0.00
07:09:35 AM      eth0      0.00      0.00      0.00      0.00      0.00      0.00      0.00      0.00
07:09:35 AM   docker0      0.00      0.00      0.00      0.00      0.00      0.00      0.00      0.00
07:09:35 AM veth927c207      0.00      0.00      0.00      0.00      0.00      0.00      0.00      0.00

07:09:35 AM     CPU     %user     %nice   %system   %iowait    %steal     %idle
07:09:36 AM     all      0.00      0.00      0.00      0.00      0.00    100.00

07:09:35 AM kbmemfree   kbavail kbmemused  %memused kbbuffers  kbcached  kbcommit   %commit  kbactive   kbinact   kbdirty
07:09:36 AM   3058564   5773696   1768060     22.29     85344   2801060   5445572     68.66   1892628   2670520        40

07:09:35 AM     IFACE   rxpck/s   txpck/s    rxkB/s    txkB/s   rxcmp/s   txcmp/s  rxmcst/s   %ifutil
07:09:36 AM        lo      0.00      0.00      0.00      0.00      0.00      0.00      0.00      0.00
07:09:36 AM      eth0      0.00      0.00      0.00      0.00      0.00      0.00      0.00      0.00
07:09:36 AM   docker0      0.00      0.00      0.00      0.00      0.00      0.00      0.00      0.00
07:09:36 AM veth927c207      0.00      0.00      0.00      0.00      0.00      0.00      0.00      0.00

07:09:36 AM     CPU     %user     %nice   %system   %iowait    %steal     %idle
07:09:37 AM     all      0.00      0.00      0.00      0.00      0.00    100.00

07:09:36 AM kbmemfree   kbavail kbmemused  %memused kbbuffers  kbcached  kbcommit   %commit  kbactive   kbinact   kbdirty
07:09:37 AM   3058564   5773696   1768060     22.29     85344   2801060   5445572     68.66   1892640   2670520        20

07:09:36 AM     IFACE   rxpck/s   txpck/s    rxkB/s    txkB/s   rxcmp/s   txcmp/s  rxmcst/s   %ifutil
07:09:37 AM        lo      0.00      0.00      0.00      0.00      0.00      0.00      0.00      0.00
07:09:37 AM      eth0      0.00      0.00      0.00      0.00      0.00      0.00      0.00      0.00
07:09:37 AM   docker0      0.00      0.00      0.00      0.00      0.00      0.00      0.00      0.00
07:09:37 AM veth927c207      0.00      0.00      0.00      0.00      0.00      0.00      0.00      0.00

07:09:37 AM     CPU     %user     %nice   %system   %iowait    %steal     %idle
07:09:38 AM     all      0.25      0.00      0.25      0.00      0.00     99.50

07:09:37 AM kbmemfree   kbavail kbmemused  %memused kbbuffers  kbcached  kbcommit   %commit  kbactive   kbinact   kbdirty
07:09:38 AM   3058564   5773696   1768060     22.29     85344   2801060   5445572     68.66   1892640   2670520        20

07:09:37 AM     IFACE   rxpck/s   txpck/s    rxkB/s    txkB/s   rxcmp/s   txcmp/s  rxmcst/s   %ifutil
07:09:38 AM        lo      0.00      0.00      0.00      0.00      0.00      0.00      0.00      0.00
07:09:38 AM      eth0      1.00      1.00      0.06      0.09      0.00      0.00      0.00      0.00
07:09:38 AM   docker0      0.00      0.00      0.00      0.00      0.00      0.00      0.00      0.00
07:09:38 AM veth927c207      0.00      0.00      0.00      0.00      0.00      0.00      0.00      0.00

07:09:38 AM     CPU     %user     %nice   %system   %iowait    %steal     %idle
07:09:39 AM     all      0.25      0.00      0.00      0.00      0.00     99.75

07:09:38 AM kbmemfree   kbavail kbmemused  %memused kbbuffers  kbcached  kbcommit   %commit  kbactive   kbinact   kbdirty
07:09:39 AM   3058564   5773696   1768060     22.29     85344   2801060   5445572     68.66   1892640   2670520        24

07:09:38 AM     IFACE   rxpck/s   txpck/s    rxkB/s    txkB/s   rxcmp/s   txcmp/s  rxmcst/s   %ifutil
07:09:39 AM        lo      0.00      0.00      0.00      0.00      0.00      0.00      0.00      0.00
07:09:39 AM      eth0      2.00      1.00      0.11      0.05      0.00      0.00      0.00      0.00
07:09:39 AM   docker0      0.00      0.00      0.00      0.00      0.00      0.00      0.00      0.00
07:09:39 AM veth927c207      0.00      0.00      0.00      0.00      0.00      0.00      0.00      0.00

07:09:39 AM     CPU     %user     %nice   %system   %iowait    %steal     %idle
07:09:40 AM     all      0.25      0.00      0.50      0.00      0.00     99.25

07:09:39 AM kbmemfree   kbavail kbmemused  %memused kbbuffers  kbcached  kbcommit   %commit  kbactive   kbinact   kbdirty
07:09:40 AM   3058564   5773696   1768060     22.29     85344   2801060   5445572     68.66   1892640   2670520        24

07:09:39 AM     IFACE   rxpck/s   txpck/s    rxkB/s    txkB/s   rxcmp/s   txcmp/s  rxmcst/s   %ifutil
07:09:40 AM        lo      0.00      0.00      0.00      0.00      0.00      0.00      0.00      0.00
07:09:40 AM      eth0      3.00      1.00      0.16      0.06      0.00      0.00      0.00      0.00
07:09:40 AM   docker0      0.00      0.00      0.00      0.00      0.00      0.00      0.00      0.00
07:09:40 AM veth927c207      0.00      0.00      0.00      0.00      0.00      0.00      0.00      0.00

07:09:40 AM     CPU     %user     %nice   %system   %iowait    %steal     %idle
07:09:41 AM     all      0.00      0.00      0.00      0.00      0.00    100.00

07:09:40 AM kbmemfree   kbavail kbmemused  %memused kbbuffers  kbcached  kbcommit   %commit  kbactive   kbinact   kbdirty
07:09:41 AM   3058564   5773696   1768056     22.29     85344   2801064   5445572     68.66   1892640   2670520        28

07:09:40 AM     IFACE   rxpck/s   txpck/s    rxkB/s    txkB/s   rxcmp/s   txcmp/s  rxmcst/s   %ifutil
07:09:41 AM        lo      0.00      0.00      0.00      0.00      0.00      0.00      0.00      0.00
07:09:41 AM      eth0      0.00      0.00      0.00      0.00      0.00      0.00      0.00      0.00
07:09:41 AM   docker0      0.00      0.00      0.00      0.00      0.00      0.00      0.00      0.00
07:09:41 AM veth927c207      0.00      0.00      0.00      0.00      0.00      0.00      0.00      0.00

07:09:41 AM     CPU     %user     %nice   %system   %iowait    %steal     %idle
07:09:42 AM     all      0.00      0.00      0.00      0.00      0.00    100.00

07:09:41 AM kbmemfree   kbavail kbmemused  %memused kbbuffers  kbcached  kbcommit   %commit  kbactive   kbinact   kbdirty
07:09:42 AM   3058312   5773444   1768308     22.29     85344   2801064   5445572     68.66   1892640   2670520        28

07:09:41 AM     IFACE   rxpck/s   txpck/s    rxkB/s    txkB/s   rxcmp/s   txcmp/s  rxmcst/s   %ifutil
07:09:42 AM        lo      0.00      0.00      0.00      0.00      0.00      0.00      0.00      0.00
07:09:42 AM      eth0      0.00      0.00      0.00      0.00      0.00      0.00      0.00      0.00
07:09:42 AM   docker0      0.00      0.00      0.00      0.00      0.00      0.00      0.00      0.00
07:09:42 AM veth927c207      0.00      0.00      0.00      0.00      0.00      0.00      0.00      0.00

07:09:42 AM     CPU     %user     %nice   %system   %iowait    %steal     %idle
07:09:43 AM     all      0.00      0.00      0.00      0.00      0.00    100.00

07:09:42 AM kbmemfree   kbavail kbmemused  %memused kbbuffers  kbcached  kbcommit   %commit  kbactive   kbinact   kbdirty
07:09:43 AM   3058312   5773452   1768308     22.29     85344   2801064   5445572     68.66   1892640   2670528        36

07:09:42 AM     IFACE   rxpck/s   txpck/s    rxkB/s    txkB/s   rxcmp/s   txcmp/s  rxmcst/s   %ifutil
07:09:43 AM        lo      0.00      0.00      0.00      0.00      0.00      0.00      0.00      0.00
07:09:43 AM      eth0      0.00      0.00      0.00      0.00      0.00      0.00      0.00      0.00
07:09:43 AM   docker0      0.00      0.00      0.00      0.00      0.00      0.00      0.00      0.00
07:09:43 AM veth927c207      0.00      0.00      0.00      0.00      0.00      0.00      0.00      0.00

07:09:43 AM     CPU     %user     %nice   %system   %iowait    %steal     %idle
07:09:44 AM     all      0.00      0.00      0.00      0.00      0.00    100.00

07:09:43 AM kbmemfree   kbavail kbmemused  %memused kbbuffers  kbcached  kbcommit   %commit  kbactive   kbinact   kbdirty
07:09:44 AM   3058312   5773452   1768308     22.29     85344   2801064   5445572     68.66   1892660   2670528        28

07:09:43 AM     IFACE   rxpck/s   txpck/s    rxkB/s    txkB/s   rxcmp/s   txcmp/s  rxmcst/s   %ifutil
07:09:44 AM        lo      0.00      0.00      0.00      0.00      0.00      0.00      0.00      0.00
07:09:44 AM      eth0      0.00      0.00      0.00      0.00      0.00      0.00      0.00      0.00
07:09:44 AM   docker0      0.00      0.00      0.00      0.00      0.00      0.00      0.00      0.00
07:09:44 AM veth927c207      0.00      0.00      0.00      0.00      0.00      0.00      0.00      0.00

07:09:44 AM     CPU     %user     %nice   %system   %iowait    %steal     %idle
07:09:45 AM     all      0.50      0.00      0.50      0.00      0.00     99.00

07:09:44 AM kbmemfree   kbavail kbmemused  %memused kbbuffers  kbcached  kbcommit   %commit  kbactive   kbinact   kbdirty
07:09:45 AM   3056828   5771968   1769792     22.31     85344   2801064   5449024     68.70   1894096   2670528       184

07:09:44 AM     IFACE   rxpck/s   txpck/s    rxkB/s    txkB/s   rxcmp/s   txcmp/s  rxmcst/s   %ifutil
07:09:45 AM        lo      0.00      0.00      0.00      0.00      0.00      0.00      0.00      0.00
07:09:45 AM      eth0     12.00     11.00      2.15      2.50      0.00      0.00      0.00      0.00
07:09:45 AM   docker0      0.00      0.00      0.00      0.00      0.00      0.00      0.00      0.00
07:09:45 AM veth927c207      0.00      0.00      0.00      0.00      0.00      0.00      0.00      0.00

07:09:45 AM     CPU     %user     %nice   %system   %iowait    %steal     %idle
07:09:46 AM     all      0.00      0.00      0.00      0.00      0.00    100.00

07:09:45 AM kbmemfree   kbavail kbmemused  %memused kbbuffers  kbcached  kbcommit   %commit  kbactive   kbinact   kbdirty
07:09:46 AM   3056576   5771720   1770040     22.32     85344   2801068   5449024     68.70   1894380   2670532       216

07:09:45 AM     IFACE   rxpck/s   txpck/s    rxkB/s    txkB/s   rxcmp/s   txcmp/s  rxmcst/s   %ifutil
07:09:46 AM        lo      0.00      0.00      0.00      0.00      0.00      0.00      0.00      0.00
07:09:46 AM      eth0      0.00      0.00      0.00      0.00      0.00      0.00      0.00      0.00
07:09:46 AM   docker0      0.00      0.00      0.00      0.00      0.00      0.00      0.00      0.00
07:09:46 AM veth927c207      0.00      0.00      0.00      0.00      0.00      0.00      0.00      0.00

07:09:46 AM     CPU     %user     %nice   %system   %iowait    %steal     %idle
07:09:47 AM     all      0.00      0.00      0.00      0.00      0.00    100.00

07:09:46 AM kbmemfree   kbavail kbmemused  %memused kbbuffers  kbcached  kbcommit   %commit  kbactive   kbinact   kbdirty
07:09:47 AM   3056576   5771720   1770040     22.32     85344   2801068   5449024     68.70   1894380   2670532       216

07:09:46 AM     IFACE   rxpck/s   txpck/s    rxkB/s    txkB/s   rxcmp/s   txcmp/s  rxmcst/s   %ifutil
07:09:47 AM        lo      0.00      0.00      0.00      0.00      0.00      0.00      0.00      0.00
07:09:47 AM      eth0      0.00      0.00      0.00      0.00      0.00      0.00      0.00      0.00
07:09:47 AM   docker0      0.00      0.00      0.00      0.00      0.00      0.00      0.00      0.00
07:09:47 AM veth927c207      0.00      0.00      0.00      0.00      0.00      0.00      0.00      0.00

07:09:47 AM     CPU     %user     %nice   %system   %iowait    %steal     %idle
07:09:48 AM     all      0.50      0.00      0.00      0.00      0.00     99.50

07:09:47 AM kbmemfree   kbavail kbmemused  %memused kbbuffers  kbcached  kbcommit   %commit  kbactive   kbinact   kbdirty
07:09:48 AM   3059012   5774156   1767604     22.29     85344   2801068   5445572     68.66   1892700   2670532       136

07:09:47 AM     IFACE   rxpck/s   txpck/s    rxkB/s    txkB/s   rxcmp/s   txcmp/s  rxmcst/s   %ifutil
07:09:48 AM        lo      0.00      0.00      0.00      0.00      0.00      0.00      0.00      0.00
07:09:48 AM      eth0      2.00      2.00      0.13      0.18      0.00      0.00      0.00      0.00
07:09:48 AM   docker0      0.00      0.00      0.00      0.00      0.00      0.00      0.00      0.00
07:09:48 AM veth927c207      0.00      0.00      0.00      0.00      0.00      0.00      0.00      0.00

07:09:48 AM     CPU     %user     %nice   %system   %iowait    %steal     %idle
07:09:49 AM     all      0.00      0.00      0.00      0.00      0.00    100.00

07:09:48 AM kbmemfree   kbavail kbmemused  %memused kbbuffers  kbcached  kbcommit   %commit  kbactive   kbinact   kbdirty
07:09:49 AM   3059036   5774180   1767580     22.29     85344   2801068   5445572     68.66   1892660   2670532       136

07:09:48 AM     IFACE   rxpck/s   txpck/s    rxkB/s    txkB/s   rxcmp/s   txcmp/s  rxmcst/s   %ifutil
07:09:49 AM        lo      0.00      0.00      0.00      0.00      0.00      0.00      0.00      0.00
07:09:49 AM      eth0      0.00      0.00      0.00      0.00      0.00      0.00      0.00      0.00
07:09:49 AM   docker0      0.00      0.00      0.00      0.00      0.00      0.00      0.00      0.00
07:09:49 AM veth927c207      0.00      0.00      0.00      0.00      0.00      0.00      0.00      0.00

07:09:49 AM     CPU     %user     %nice   %system   %iowait    %steal     %idle
07:09:50 AM     all      0.00      0.00      0.00      0.00      0.00    100.00

07:09:49 AM kbmemfree   kbavail kbmemused  %memused kbbuffers  kbcached  kbcommit   %commit  kbactive   kbinact   kbdirty
07:09:50 AM   3058784   5773928   1767828     22.29     85344   2801072   5445572     68.66   1892660   2670532       128

07:09:49 AM     IFACE   rxpck/s   txpck/s    rxkB/s    txkB/s   rxcmp/s   txcmp/s  rxmcst/s   %ifutil
07:09:50 AM        lo      0.00      0.00      0.00      0.00      0.00      0.00      0.00      0.00
07:09:50 AM      eth0      0.00      0.00      0.00      0.00      0.00      0.00      0.00      0.00
07:09:50 AM   docker0      0.00      0.00      0.00      0.00      0.00      0.00      0.00      0.00
07:09:50 AM veth927c207      0.00      0.00      0.00      0.00      0.00      0.00      0.00      0.00

07:09:50 AM     CPU     %user     %nice   %system   %iowait    %steal     %idle
07:09:51 AM     all      0.00      0.00      0.50      0.00      0.00     99.50

07:09:50 AM kbmemfree   kbavail kbmemused  %memused kbbuffers  kbcached  kbcommit   %commit  kbactive   kbinact   kbdirty
07:09:51 AM   3058280   5773424   1768332     22.29     85344   2801072   5445572     68.66   1892660   2670532       128

07:09:50 AM     IFACE   rxpck/s   txpck/s    rxkB/s    txkB/s   rxcmp/s   txcmp/s  rxmcst/s   %ifutil
07:09:51 AM        lo      0.00      0.00      0.00      0.00      0.00      0.00      0.00      0.00
07:09:51 AM      eth0      0.00      0.00      0.00      0.00      0.00      0.00      0.00      0.00
07:09:51 AM   docker0      0.00      0.00      0.00      0.00      0.00      0.00      0.00      0.00
07:09:51 AM veth927c207      0.00      0.00      0.00      0.00      0.00      0.00      0.00      0.00

07:09:51 AM     CPU     %user     %nice   %system   %iowait    %steal     %idle
07:09:52 AM     all      0.00      0.00      0.00      0.00      0.00    100.00

07:09:51 AM kbmemfree   kbavail kbmemused  %memused kbbuffers  kbcached  kbcommit   %commit  kbactive   kbinact   kbdirty
07:09:52 AM   3058280   5773428   1768332     22.29     85344   2801072   5445572     68.66   1892660   2670536       152

07:09:51 AM     IFACE   rxpck/s   txpck/s    rxkB/s    txkB/s   rxcmp/s   txcmp/s  rxmcst/s   %ifutil
07:09:52 AM        lo      0.00      0.00      0.00      0.00      0.00      0.00      0.00      0.00
07:09:52 AM      eth0      0.00      0.00      0.00      0.00      0.00      0.00      0.00      0.00
07:09:52 AM   docker0      0.00      0.00      0.00      0.00      0.00      0.00      0.00      0.00
07:09:52 AM veth927c207      0.00      0.00      0.00      0.00      0.00      0.00      0.00      0.00

07:09:52 AM     CPU     %user     %nice   %system   %iowait    %steal     %idle
07:09:53 AM     all      0.00      0.00      0.00      0.00      0.00    100.00

07:09:52 AM kbmemfree   kbavail kbmemused  %memused kbbuffers  kbcached  kbcommit   %commit  kbactive   kbinact   kbdirty
07:09:53 AM   3058280   5773428   1768332     22.29     85344   2801072   5445572     68.66   1892660   2670536       152

07:09:52 AM     IFACE   rxpck/s   txpck/s    rxkB/s    txkB/s   rxcmp/s   txcmp/s  rxmcst/s   %ifutil
07:09:53 AM        lo      0.00      0.00      0.00      0.00      0.00      0.00      0.00      0.00
07:09:53 AM      eth0      0.00      0.00      0.00      0.00      0.00      0.00      0.00      0.00
07:09:53 AM   docker0      0.00      0.00      0.00      0.00      0.00      0.00      0.00      0.00
07:09:53 AM veth927c207      0.00      0.00      0.00      0.00      0.00      0.00      0.00      0.00

07:09:53 AM     CPU     %user     %nice   %system   %iowait    %steal     %idle
07:09:54 AM     all      0.25      0.00      0.00      0.00      0.00     99.75

07:09:53 AM kbmemfree   kbavail kbmemused  %memused kbbuffers  kbcached  kbcommit   %commit  kbactive   kbinact   kbdirty
07:09:54 AM   3058280   5773428   1768328     22.29     85344   2801076   5445572     68.66   1892672   2670536        48

07:09:53 AM     IFACE   rxpck/s   txpck/s    rxkB/s    txkB/s   rxcmp/s   txcmp/s  rxmcst/s   %ifutil
07:09:54 AM        lo      0.00      0.00      0.00      0.00      0.00      0.00      0.00      0.00
07:09:54 AM      eth0      3.00      2.00      0.16      0.11      0.00      0.00      0.00      0.00
07:09:54 AM   docker0      0.00      0.00      0.00      0.00      0.00      0.00      0.00      0.00
07:09:54 AM veth927c207      0.00      0.00      0.00      0.00      0.00      0.00      0.00      0.00

07:09:54 AM     CPU     %user     %nice   %system   %iowait    %steal     %idle
07:09:55 AM     all      0.00      0.00      0.25      0.00      0.00     99.75

07:09:54 AM kbmemfree   kbavail kbmemused  %memused kbbuffers  kbcached  kbcommit   %commit  kbactive   kbinact   kbdirty
07:09:55 AM   3058280   5773428   1768328     22.29     85344   2801076   5445572     68.66   1892540   2670536        48

07:09:54 AM     IFACE   rxpck/s   txpck/s    rxkB/s    txkB/s   rxcmp/s   txcmp/s  rxmcst/s   %ifutil
07:09:55 AM        lo      0.00      0.00      0.00      0.00      0.00      0.00      0.00      0.00
07:09:55 AM      eth0      0.00      0.00      0.00      0.00      0.00      0.00      0.00      0.00
07:09:55 AM   docker0      0.00      0.00      0.00      0.00      0.00      0.00      0.00      0.00
07:09:55 AM veth927c207      0.00      0.00      0.00      0.00      0.00      0.00      0.00      0.00

07:09:55 AM     CPU     %user     %nice   %system   %iowait    %steal     %idle
07:09:56 AM     all      0.00      0.00      0.25      0.00      0.00     99.75

07:09:55 AM kbmemfree   kbavail kbmemused  %memused kbbuffers  kbcached  kbcommit   %commit  kbactive   kbinact   kbdirty
07:09:56 AM   3058280   5773428   1768328     22.29     85344   2801076   5445572     68.66   1892540   2670536        52

07:09:55 AM     IFACE   rxpck/s   txpck/s    rxkB/s    txkB/s   rxcmp/s   txcmp/s  rxmcst/s   %ifutil
07:09:56 AM        lo      0.00      0.00      0.00      0.00      0.00      0.00      0.00      0.00
07:09:56 AM      eth0      0.00      0.00      0.00      0.00      0.00      0.00      0.00      0.00
07:09:56 AM   docker0      0.00      0.00      0.00      0.00      0.00      0.00      0.00      0.00
07:09:56 AM veth927c207      0.00      0.00      0.00      0.00      0.00      0.00      0.00      0.00

07:09:56 AM     CPU     %user     %nice   %system   %iowait    %steal     %idle
07:09:57 AM     all      0.00      0.00      0.00      0.00      0.00    100.00

07:09:56 AM kbmemfree   kbavail kbmemused  %memused kbbuffers  kbcached  kbcommit   %commit  kbactive   kbinact   kbdirty
07:09:57 AM   3058280   5773432   1768328     22.29     85344   2801076   5445572     68.66   1892540   2670540        16

07:09:56 AM     IFACE   rxpck/s   txpck/s    rxkB/s    txkB/s   rxcmp/s   txcmp/s  rxmcst/s   %ifutil
07:09:57 AM        lo      0.00      0.00      0.00      0.00      0.00      0.00      0.00      0.00
07:09:57 AM      eth0      2.00      1.00      0.11      0.05      0.00      0.00      0.00      0.00
07:09:57 AM   docker0      0.00      0.00      0.00      0.00      0.00      0.00      0.00      0.00
07:09:57 AM veth927c207      0.00      0.00      0.00      0.00      0.00      0.00      0.00      0.00

07:09:57 AM     CPU     %user     %nice   %system   %iowait    %steal     %idle
07:09:58 AM     all      0.25      0.00      0.25      0.00      0.00     99.50

07:09:57 AM kbmemfree   kbavail kbmemused  %memused kbbuffers  kbcached  kbcommit   %commit  kbactive   kbinact   kbdirty
07:09:58 AM   3058280   5773432   1768328     22.29     85344   2801076   5445572     68.66   1892540   2670540        16

07:09:57 AM     IFACE   rxpck/s   txpck/s    rxkB/s    txkB/s   rxcmp/s   txcmp/s  rxmcst/s   %ifutil
07:09:58 AM        lo      0.00      0.00      0.00      0.00      0.00      0.00      0.00      0.00
07:09:58 AM      eth0      0.00      0.00      0.00      0.00      0.00      0.00      0.00      0.00
07:09:58 AM   docker0      0.00      0.00      0.00      0.00      0.00      0.00      0.00      0.00
07:09:58 AM veth927c207      0.00      0.00      0.00      0.00      0.00      0.00      0.00      0.00

07:09:58 AM     CPU     %user     %nice   %system   %iowait    %steal     %idle
07:09:59 AM     all      0.00      0.00      0.00      0.00      0.00    100.00

07:09:58 AM kbmemfree   kbavail kbmemused  %memused kbbuffers  kbcached  kbcommit   %commit  kbactive   kbinact   kbdirty
07:09:59 AM   3058280   5773432   1768324     22.29     85344   2801080   5445572     68.66   1892540   2670540        20

07:09:58 AM     IFACE   rxpck/s   txpck/s    rxkB/s    txkB/s   rxcmp/s   txcmp/s  rxmcst/s   %ifutil
07:09:59 AM        lo      0.00      0.00      0.00      0.00      0.00      0.00      0.00      0.00
07:09:59 AM      eth0      0.00      0.00      0.00      0.00      0.00      0.00      0.00      0.00
07:09:59 AM   docker0      0.00      0.00      0.00      0.00      0.00      0.00      0.00      0.00
07:09:59 AM veth927c207      0.00      0.00      0.00      0.00      0.00      0.00      0.00      0.00

07:09:59 AM     CPU     %user     %nice   %system   %iowait    %steal     %idle
07:10:00 AM     all      0.00      0.00      0.00      0.00      0.00    100.00

07:09:59 AM kbmemfree   kbavail kbmemused  %memused kbbuffers  kbcached  kbcommit   %commit  kbactive   kbinact   kbdirty
07:10:00 AM   3058028   5773180   1768576     22.30     85344   2801080   5445572     68.66   1892540   2670540        20

07:09:59 AM     IFACE   rxpck/s   txpck/s    rxkB/s    txkB/s   rxcmp/s   txcmp/s  rxmcst/s   %ifutil
07:10:00 AM        lo      0.00      0.00      0.00      0.00      0.00      0.00      0.00      0.00
07:10:00 AM      eth0      0.00      0.00      0.00      0.00      0.00      0.00      0.00      0.00
07:10:00 AM   docker0      0.00      0.00      0.00      0.00      0.00      0.00      0.00      0.00
07:10:00 AM veth927c207      0.00      0.00      0.00      0.00      0.00      0.00      0.00      0.00

07:10:00 AM     CPU     %user     %nice   %system   %iowait    %steal     %idle
07:10:01 AM     all      0.00      0.00      0.25      0.00      0.00     99.75

07:10:00 AM kbmemfree   kbavail kbmemused  %memused kbbuffers  kbcached  kbcommit   %commit  kbactive   kbinact   kbdirty
07:10:01 AM   3058028   5773180   1768576     22.30     85344   2801080   5445572     68.66   1892540   2670540        20

07:10:00 AM     IFACE   rxpck/s   txpck/s    rxkB/s    txkB/s   rxcmp/s   txcmp/s  rxmcst/s   %ifutil
07:10:01 AM        lo      0.00      0.00      0.00      0.00      0.00      0.00      0.00      0.00
07:10:01 AM      eth0      0.00      0.00      0.00      0.00      0.00      0.00      0.00      0.00
07:10:01 AM   docker0      0.00      0.00      0.00      0.00      0.00      0.00      0.00      0.00
07:10:01 AM veth927c207      0.00      0.00      0.00      0.00      0.00      0.00      0.00      0.00

07:10:01 AM     CPU     %user     %nice   %system   %iowait    %steal     %idle
07:10:02 AM     all      0.25      0.00      0.00      0.00      0.00     99.75

07:10:01 AM kbmemfree   kbavail kbmemused  %memused kbbuffers  kbcached  kbcommit   %commit  kbactive   kbinact   kbdirty
07:10:02 AM   3058028   5773180   1768576     22.30     85344   2801080   5445572     68.66   1892540   2670540        28

07:10:01 AM     IFACE   rxpck/s   txpck/s    rxkB/s    txkB/s   rxcmp/s   txcmp/s  rxmcst/s   %ifutil
07:10:02 AM        lo      0.00      0.00      0.00      0.00      0.00      0.00      0.00      0.00
07:10:02 AM      eth0      0.00      0.00      0.00      0.00      0.00      0.00      0.00      0.00
07:10:02 AM   docker0      0.00      0.00      0.00      0.00      0.00      0.00      0.00      0.00
07:10:02 AM veth927c207      0.00      0.00      0.00      0.00      0.00      0.00      0.00      0.00

07:10:02 AM     CPU     %user     %nice   %system   %iowait    %steal     %idle
07:10:03 AM     all      0.25      0.00      0.00      0.00      0.00     99.75

07:10:02 AM kbmemfree   kbavail kbmemused  %memused kbbuffers  kbcached  kbcommit   %commit  kbactive   kbinact   kbdirty
07:10:03 AM   3058028   5773180   1768572     22.30     85344   2801084   5445572     68.66   1892540   2670540        48

07:10:02 AM     IFACE   rxpck/s   txpck/s    rxkB/s    txkB/s   rxcmp/s   txcmp/s  rxmcst/s   %ifutil
07:10:03 AM        lo      0.00      0.00      0.00      0.00      0.00      0.00      0.00      0.00
07:10:03 AM      eth0      0.00      0.00      0.00      0.00      0.00      0.00      0.00      0.00
07:10:03 AM   docker0      0.00      0.00      0.00      0.00      0.00      0.00      0.00      0.00
07:10:03 AM veth927c207      0.00      0.00      0.00      0.00      0.00      0.00      0.00      0.00

07:10:03 AM     CPU     %user     %nice   %system   %iowait    %steal     %idle
07:10:04 AM     all      0.25      0.00      0.50      0.00      0.00     99.25

07:10:03 AM kbmemfree   kbavail kbmemused  %memused kbbuffers  kbcached  kbcommit   %commit  kbactive   kbinact   kbdirty
07:10:04 AM   3055516   5770676   1771080     22.33     85344   2801088   5445572     68.66   1892524   2670548       204

07:10:03 AM     IFACE   rxpck/s   txpck/s    rxkB/s    txkB/s   rxcmp/s   txcmp/s  rxmcst/s   %ifutil
07:10:04 AM        lo      0.00      0.00      0.00      0.00      0.00      0.00      0.00      0.00
07:10:04 AM      eth0      1.00      1.00      0.06      0.05      0.00      0.00      0.00      0.00
07:10:04 AM   docker0      0.00      0.00      0.00      0.00      0.00      0.00      0.00      0.00
07:10:04 AM veth927c207      0.00      0.00      0.00      0.00      0.00      0.00      0.00      0.00

07:10:04 AM     CPU     %user     %nice   %system   %iowait    %steal     %idle
07:10:05 AM     all      0.00      0.00      0.25      0.00      0.00     99.75

07:10:04 AM kbmemfree   kbavail kbmemused  %memused kbbuffers  kbcached  kbcommit   %commit  kbactive   kbinact   kbdirty
07:10:05 AM   3055516   5770676   1771080     22.33     85344   2801088   5445572     68.66   1892524   2670548       204

07:10:04 AM     IFACE   rxpck/s   txpck/s    rxkB/s    txkB/s   rxcmp/s   txcmp/s  rxmcst/s   %ifutil
07:10:05 AM        lo      0.00      0.00      0.00      0.00      0.00      0.00      0.00      0.00
07:10:05 AM      eth0      0.00      0.00      0.00      0.00      0.00      0.00      0.00      0.00
07:10:05 AM   docker0      0.00      0.00      0.00      0.00      0.00      0.00      0.00      0.00
07:10:05 AM veth927c207      0.00      0.00      0.00      0.00      0.00      0.00      0.00      0.00

07:10:05 AM     CPU     %user     %nice   %system   %iowait    %steal     %idle
07:10:06 AM     all      0.00      0.00      0.00      0.00      0.00    100.00

07:10:05 AM kbmemfree   kbavail kbmemused  %memused kbbuffers  kbcached  kbcommit   %commit  kbactive   kbinact   kbdirty
07:10:06 AM   3055516   5770676   1771080     22.33     85344   2801088   5445572     68.66   1892524   2670548       204

07:10:05 AM     IFACE   rxpck/s   txpck/s    rxkB/s    txkB/s   rxcmp/s   txcmp/s  rxmcst/s   %ifutil
07:10:06 AM        lo      0.00      0.00      0.00      0.00      0.00      0.00      0.00      0.00
07:10:06 AM      eth0      0.00      0.00      0.00      0.00      0.00      0.00      0.00      0.00
07:10:06 AM   docker0      0.00      0.00      0.00      0.00      0.00      0.00      0.00      0.00
07:10:06 AM veth927c207      0.00      0.00      0.00      0.00      0.00      0.00      0.00      0.00

07:10:06 AM     CPU     %user     %nice   %system   %iowait    %steal     %idle
07:10:07 AM     all      0.00      0.00      0.00      0.00      0.00    100.00

07:10:06 AM kbmemfree   kbavail kbmemused  %memused kbbuffers  kbcached  kbcommit   %commit  kbactive   kbinact   kbdirty
07:10:07 AM   3055516   5770680   1771080     22.33     85344   2801088   5445572     68.66   1892524   2670552       188

07:10:06 AM     IFACE   rxpck/s   txpck/s    rxkB/s    txkB/s   rxcmp/s   txcmp/s  rxmcst/s   %ifutil
07:10:07 AM        lo      0.00      0.00      0.00      0.00      0.00      0.00      0.00      0.00
07:10:07 AM      eth0      0.00      0.00      0.00      0.00      0.00      0.00      0.00      0.00
07:10:07 AM   docker0      0.00      0.00      0.00      0.00      0.00      0.00      0.00      0.00
07:10:07 AM veth927c207      0.00      0.00      0.00      0.00      0.00      0.00      0.00      0.00

07:10:07 AM     CPU     %user     %nice   %system   %iowait    %steal     %idle
07:10:08 AM     all      0.25      0.00      0.00      0.00      0.00     99.75

07:10:07 AM kbmemfree   kbavail kbmemused  %memused kbbuffers  kbcached  kbcommit   %commit  kbactive   kbinact   kbdirty
07:10:08 AM   3055516   5770680   1771076     22.33     85344   2801092   5445572     68.66   1892524   2670552       228

07:10:07 AM     IFACE   rxpck/s   txpck/s    rxkB/s    txkB/s   rxcmp/s   txcmp/s  rxmcst/s   %ifutil
07:10:08 AM        lo      0.00      0.00      0.00      0.00      0.00      0.00      0.00      0.00
07:10:08 AM      eth0      0.00      0.00      0.00      0.00      0.00      0.00      0.00      0.00
07:10:08 AM   docker0      0.00      0.00      0.00      0.00      0.00      0.00      0.00      0.00
07:10:08 AM veth927c207      0.00      0.00      0.00      0.00      0.00      0.00      0.00      0.00

07:10:08 AM     CPU     %user     %nice   %system   %iowait    %steal     %idle
07:10:09 AM     all      0.00      0.00      0.00      0.25      0.00     99.75

07:10:08 AM kbmemfree   kbavail kbmemused  %memused kbbuffers  kbcached  kbcommit   %commit  kbactive   kbinact   kbdirty
07:10:09 AM   3055516   5770680   1771076     22.33     85344   2801092   5445572     68.66   1892524   2670552        64

07:10:08 AM     IFACE   rxpck/s   txpck/s    rxkB/s    txkB/s   rxcmp/s   txcmp/s  rxmcst/s   %ifutil
07:10:09 AM        lo      0.00      0.00      0.00      0.00      0.00      0.00      0.00      0.00
07:10:09 AM      eth0      0.00      0.00      0.00      0.00      0.00      0.00      0.00      0.00
07:10:09 AM   docker0      0.00      0.00      0.00      0.00      0.00      0.00      0.00      0.00
07:10:09 AM veth927c207      0.00      0.00      0.00      0.00      0.00      0.00      0.00      0.00

07:10:09 AM     CPU     %user     %nice   %system   %iowait    %steal     %idle
07:10:10 AM     all      0.00      0.00      0.00      0.00      0.00    100.00

07:10:09 AM kbmemfree   kbavail kbmemused  %memused kbbuffers  kbcached  kbcommit   %commit  kbactive   kbinact   kbdirty
07:10:10 AM   3055516   5770684   1771076     22.33     85344   2801092   5445572     68.66   1892552   2670556        56

07:10:09 AM     IFACE   rxpck/s   txpck/s    rxkB/s    txkB/s   rxcmp/s   txcmp/s  rxmcst/s   %ifutil
07:10:10 AM        lo      0.00      0.00      0.00      0.00      0.00      0.00      0.00      0.00
07:10:10 AM      eth0      0.00      0.00      0.00      0.00      0.00      0.00      0.00      0.00
07:10:10 AM   docker0      0.00      0.00      0.00      0.00      0.00      0.00      0.00      0.00
07:10:10 AM veth927c207      0.00      0.00      0.00      0.00      0.00      0.00      0.00      0.00

07:10:10 AM     CPU     %user     %nice   %system   %iowait    %steal     %idle
07:10:11 AM     all      0.00      0.00      0.25      0.00      0.00     99.75

07:10:10 AM kbmemfree   kbavail kbmemused  %memused kbbuffers  kbcached  kbcommit   %commit  kbactive   kbinact   kbdirty
07:10:11 AM   3055516   5770684   1771076     22.33     85344   2801092   5445572     68.66   1892552   2670556        56

07:10:10 AM     IFACE   rxpck/s   txpck/s    rxkB/s    txkB/s   rxcmp/s   txcmp/s  rxmcst/s   %ifutil
07:10:11 AM        lo      0.00      0.00      0.00      0.00      0.00      0.00      0.00      0.00
07:10:11 AM      eth0      0.00      0.00      0.00      0.00      0.00      0.00      0.00      0.00
07:10:11 AM   docker0      0.00      0.00      0.00      0.00      0.00      0.00      0.00      0.00
07:10:11 AM veth927c207      0.00      0.00      0.00      0.00      0.00      0.00      0.00      0.00

07:10:11 AM     CPU     %user     %nice   %system   %iowait    %steal     %idle
07:10:12 AM     all      0.00      0.00      0.25      0.00      0.00     99.75

07:10:11 AM kbmemfree   kbavail kbmemused  %memused kbbuffers  kbcached  kbcommit   %commit  kbactive   kbinact   kbdirty
07:10:12 AM   3055516   5770684   1771072     22.33     85344   2801096   5445572     68.66   1892564   2670556        24

07:10:11 AM     IFACE   rxpck/s   txpck/s    rxkB/s    txkB/s   rxcmp/s   txcmp/s  rxmcst/s   %ifutil
07:10:12 AM        lo      0.00      0.00      0.00      0.00      0.00      0.00      0.00      0.00
07:10:12 AM      eth0      0.00      0.00      0.00      0.00      0.00      0.00      0.00      0.00
07:10:12 AM   docker0      0.00      0.00      0.00      0.00      0.00      0.00      0.00      0.00
07:10:12 AM veth927c207      0.00      0.00      0.00      0.00      0.00      0.00      0.00      0.00

07:10:12 AM     CPU     %user     %nice   %system   %iowait    %steal     %idle
07:10:13 AM     all      0.00      0.00      0.00      0.00      0.00    100.00

07:10:12 AM kbmemfree   kbavail kbmemused  %memused kbbuffers  kbcached  kbcommit   %commit  kbactive   kbinact   kbdirty
07:10:13 AM   3055516   5770684   1771072     22.33     85344   2801096   5445572     68.66   1892564   2670556        64

07:10:12 AM     IFACE   rxpck/s   txpck/s    rxkB/s    txkB/s   rxcmp/s   txcmp/s  rxmcst/s   %ifutil
07:10:13 AM        lo      0.00      0.00      0.00      0.00      0.00      0.00      0.00      0.00
07:10:13 AM      eth0      0.00      0.00      0.00      0.00      0.00      0.00      0.00      0.00
07:10:13 AM   docker0      0.00      0.00      0.00      0.00      0.00      0.00      0.00      0.00
07:10:13 AM veth927c207      0.00      0.00      0.00      0.00      0.00      0.00      0.00      0.00

07:10:13 AM     CPU     %user     %nice   %system   %iowait    %steal     %idle
07:10:14 AM     all      0.25      0.00      0.00      0.00      0.00     99.75

07:10:13 AM kbmemfree   kbavail kbmemused  %memused kbbuffers  kbcached  kbcommit   %commit  kbactive   kbinact   kbdirty
07:10:14 AM   3055516   5770684   1771072     22.33     85344   2801096   5445572     68.66   1892564   2670556        64

07:10:13 AM     IFACE   rxpck/s   txpck/s    rxkB/s    txkB/s   rxcmp/s   txcmp/s  rxmcst/s   %ifutil
07:10:14 AM        lo      0.00      0.00      0.00      0.00      0.00      0.00      0.00      0.00
07:10:14 AM      eth0      1.00      1.00      0.05      0.05      0.00      0.00      0.00      0.00
07:10:14 AM   docker0      0.00      0.00      0.00      0.00      0.00      0.00      0.00      0.00
07:10:14 AM veth927c207      0.00      0.00      0.00      0.00      0.00      0.00      0.00      0.00

07:10:14 AM     CPU     %user     %nice   %system   %iowait    %steal     %idle
07:10:15 AM     all      0.00      0.00      0.00      0.00      0.00    100.00

07:10:14 AM kbmemfree   kbavail kbmemused  %memused kbbuffers  kbcached  kbcommit   %commit  kbactive   kbinact   kbdirty
07:10:15 AM   3055516   5770688   1771072     22.33     85344   2801096   5445572     68.66   1892564   2670560        60

07:10:14 AM     IFACE   rxpck/s   txpck/s    rxkB/s    txkB/s   rxcmp/s   txcmp/s  rxmcst/s   %ifutil
07:10:15 AM        lo      0.00      0.00      0.00      0.00      0.00      0.00      0.00      0.00
07:10:15 AM      eth0      0.00      0.00      0.00      0.00      0.00      0.00      0.00      0.00
07:10:15 AM   docker0      0.00      0.00      0.00      0.00      0.00      0.00      0.00      0.00
07:10:15 AM veth927c207      0.00      0.00      0.00      0.00      0.00      0.00      0.00      0.00

07:10:15 AM     CPU     %user     %nice   %system   %iowait    %steal     %idle
07:10:16 AM     all      0.00      0.00      0.00      0.00      0.00    100.00

07:10:15 AM kbmemfree   kbavail kbmemused  %memused kbbuffers  kbcached  kbcommit   %commit  kbactive   kbinact   kbdirty
07:10:16 AM   3055516   5770688   1771068     22.33     85344   2801100   5445572     68.66   1892564   2670560        64

07:10:15 AM     IFACE   rxpck/s   txpck/s    rxkB/s    txkB/s   rxcmp/s   txcmp/s  rxmcst/s   %ifutil
07:10:16 AM        lo      0.00      0.00      0.00      0.00      0.00      0.00      0.00      0.00
07:10:16 AM      eth0      0.00      0.00      0.00      0.00      0.00      0.00      0.00      0.00
07:10:16 AM   docker0      0.00      0.00      0.00      0.00      0.00      0.00      0.00      0.00
07:10:16 AM veth927c207      0.00      0.00      0.00      0.00      0.00      0.00      0.00      0.00

07:10:16 AM     CPU     %user     %nice   %system   %iowait    %steal     %idle
07:10:17 AM     all      0.25      0.00      0.00      0.00      0.00     99.75

07:10:16 AM kbmemfree   kbavail kbmemused  %memused kbbuffers  kbcached  kbcommit   %commit  kbactive   kbinact   kbdirty
07:10:17 AM   3055516   5770688   1771068     22.33     85344   2801100   5445572     68.66   1892564   2670560        64

07:10:16 AM     IFACE   rxpck/s   txpck/s    rxkB/s    txkB/s   rxcmp/s   txcmp/s  rxmcst/s   %ifutil
07:10:17 AM        lo      0.00      0.00      0.00      0.00      0.00      0.00      0.00      0.00
07:10:17 AM      eth0      0.00      0.00      0.00      0.00      0.00      0.00      0.00      0.00
07:10:17 AM   docker0      0.00      0.00      0.00      0.00      0.00      0.00      0.00      0.00
07:10:17 AM veth927c207      0.00      0.00      0.00      0.00      0.00      0.00      0.00      0.00

07:10:17 AM     CPU     %user     %nice   %system   %iowait    %steal     %idle
07:10:18 AM     all      0.00      0.00      0.50      0.25      0.00     99.25

07:10:17 AM kbmemfree   kbavail kbmemused  %memused kbbuffers  kbcached  kbcommit   %commit  kbactive   kbinact   kbdirty
07:10:18 AM   3055516   5770688   1771068     22.33     85344   2801100   5445572     68.66   1892564   2670560        24

07:10:17 AM     IFACE   rxpck/s   txpck/s    rxkB/s    txkB/s   rxcmp/s   txcmp/s  rxmcst/s   %ifutil
07:10:18 AM        lo      0.00      0.00      0.00      0.00      0.00      0.00      0.00      0.00
07:10:18 AM      eth0      0.00      0.00      0.00      0.00      0.00      0.00      0.00      0.00
07:10:18 AM   docker0      0.00      0.00      0.00      0.00      0.00      0.00      0.00      0.00
07:10:18 AM veth927c207      0.00      0.00      0.00      0.00      0.00      0.00      0.00      0.00

07:10:18 AM     CPU     %user     %nice   %system   %iowait    %steal     %idle
07:10:19 AM     all      0.00      0.00      0.00      0.00      0.00    100.00

07:10:18 AM kbmemfree   kbavail kbmemused  %memused kbbuffers  kbcached  kbcommit   %commit  kbactive   kbinact   kbdirty
07:10:19 AM   3055516   5770692   1771068     22.33     85344   2801100   5445572     68.66   1892564   2670564        24

07:10:18 AM     IFACE   rxpck/s   txpck/s    rxkB/s    txkB/s   rxcmp/s   txcmp/s  rxmcst/s   %ifutil
07:10:19 AM        lo      0.00      0.00      0.00      0.00      0.00      0.00      0.00      0.00
07:10:19 AM      eth0      1.00      1.00      0.04      0.04      0.00      0.00      0.00      0.00
07:10:19 AM   docker0      0.00      0.00      0.00      0.00      0.00      0.00      0.00      0.00
07:10:19 AM veth927c207      0.00      0.00      0.00      0.00      0.00      0.00      0.00      0.00

07:10:19 AM     CPU     %user     %nice   %system   %iowait    %steal     %idle
07:10:20 AM     all      0.00      0.00      0.00      0.00      0.00    100.00

07:10:19 AM kbmemfree   kbavail kbmemused  %memused kbbuffers  kbcached  kbcommit   %commit  kbactive   kbinact   kbdirty
07:10:20 AM   3055516   5770692   1771068     22.33     85344   2801100   5445572     68.66   1892564   2670564        16

07:10:19 AM     IFACE   rxpck/s   txpck/s    rxkB/s    txkB/s   rxcmp/s   txcmp/s  rxmcst/s   %ifutil
07:10:20 AM        lo      0.00      0.00      0.00      0.00      0.00      0.00      0.00      0.00
07:10:20 AM      eth0      0.00      0.00      0.00      0.00      0.00      0.00      0.00      0.00
07:10:20 AM   docker0      0.00      0.00      0.00      0.00      0.00      0.00      0.00      0.00
07:10:20 AM veth927c207      0.00      0.00      0.00      0.00      0.00      0.00      0.00      0.00

07:10:20 AM     CPU     %user     %nice   %system   %iowait    %steal     %idle
07:10:21 AM     all      0.00      0.00      0.00      0.00      0.00    100.00

07:10:20 AM kbmemfree   kbavail kbmemused  %memused kbbuffers  kbcached  kbcommit   %commit  kbactive   kbinact   kbdirty
07:10:21 AM   3055516   5770692   1771068     22.33     85344   2801100   5445572     68.66   1892564   2670564        16

07:10:20 AM     IFACE   rxpck/s   txpck/s    rxkB/s    txkB/s   rxcmp/s   txcmp/s  rxmcst/s   %ifutil
07:10:21 AM        lo      0.00      0.00      0.00      0.00      0.00      0.00      0.00      0.00
07:10:21 AM      eth0      2.00      1.00      0.11      0.05      0.00      0.00      0.00      0.00
07:10:21 AM   docker0      0.00      0.00      0.00      0.00      0.00      0.00      0.00      0.00
07:10:21 AM veth927c207      0.00      0.00      0.00      0.00      0.00      0.00      0.00      0.00

07:10:21 AM     CPU     %user     %nice   %system   %iowait    %steal     %idle
07:10:22 AM     all      0.00      0.00      0.00      0.00      0.00    100.00

07:10:21 AM kbmemfree   kbavail kbmemused  %memused kbbuffers  kbcached  kbcommit   %commit  kbactive   kbinact   kbdirty
07:10:22 AM   3055516   5770692   1771064     22.33     85344   2801104   5445572     68.66   1892564   2670564        24

07:10:21 AM     IFACE   rxpck/s   txpck/s    rxkB/s    txkB/s   rxcmp/s   txcmp/s  rxmcst/s   %ifutil
07:10:22 AM        lo      0.00      0.00      0.00      0.00      0.00      0.00      0.00      0.00
07:10:22 AM      eth0      0.00      0.00      0.00      0.00      0.00      0.00      0.00      0.00
07:10:22 AM   docker0      0.00      0.00      0.00      0.00      0.00      0.00      0.00      0.00
07:10:22 AM veth927c207      0.00      0.00      0.00      0.00      0.00      0.00      0.00      0.00

07:10:22 AM     CPU     %user     %nice   %system   %iowait    %steal     %idle
07:10:23 AM     all      0.00      0.00      0.00      0.00      0.00    100.00

07:10:22 AM kbmemfree   kbavail kbmemused  %memused kbbuffers  kbcached  kbcommit   %commit  kbactive   kbinact   kbdirty
07:10:23 AM   3055516   5770692   1771064     22.33     85344   2801104   5445572     68.66   1892564   2670564        24

07:10:22 AM     IFACE   rxpck/s   txpck/s    rxkB/s    txkB/s   rxcmp/s   txcmp/s  rxmcst/s   %ifutil
07:10:23 AM        lo      0.00      0.00      0.00      0.00      0.00      0.00      0.00      0.00
07:10:23 AM      eth0      0.00      0.00      0.00      0.00      0.00      0.00      0.00      0.00
07:10:23 AM   docker0      0.00      0.00      0.00      0.00      0.00      0.00      0.00      0.00
07:10:23 AM veth927c207      0.00      0.00      0.00      0.00      0.00      0.00      0.00      0.00

07:10:23 AM     CPU     %user     %nice   %system   %iowait    %steal     %idle
07:10:24 AM     all      0.25      0.00      0.25      0.00      0.00     99.50

07:10:23 AM kbmemfree   kbavail kbmemused  %memused kbbuffers  kbcached  kbcommit   %commit  kbactive   kbinact   kbdirty
07:10:24 AM   3055516   5770696   1771064     22.33     85344   2801104   5445572     68.66   1892564   2670568        44

07:10:23 AM     IFACE   rxpck/s   txpck/s    rxkB/s    txkB/s   rxcmp/s   txcmp/s  rxmcst/s   %ifutil
07:10:24 AM        lo      0.00      0.00      0.00      0.00      0.00      0.00      0.00      0.00
07:10:24 AM      eth0      0.00      0.00      0.00      0.00      0.00      0.00      0.00      0.00
07:10:24 AM   docker0      0.00      0.00      0.00      0.00      0.00      0.00      0.00      0.00
07:10:24 AM veth927c207      0.00      0.00      0.00      0.00      0.00      0.00      0.00      0.00

07:10:24 AM     CPU     %user     %nice   %system   %iowait    %steal     %idle
07:10:25 AM     all      0.00      0.00      0.00      0.00      0.00    100.00

07:10:24 AM kbmemfree   kbavail kbmemused  %memused kbbuffers  kbcached  kbcommit   %commit  kbactive   kbinact   kbdirty
07:10:25 AM   3055516   5770696   1771064     22.33     85344   2801104   5445572     68.66   1892564   2670568        44

07:10:24 AM     IFACE   rxpck/s   txpck/s    rxkB/s    txkB/s   rxcmp/s   txcmp/s  rxmcst/s   %ifutil
07:10:25 AM        lo      0.00      0.00      0.00      0.00      0.00      0.00      0.00      0.00
07:10:25 AM      eth0      0.00      0.00      0.00      0.00      0.00      0.00      0.00      0.00
07:10:25 AM   docker0      0.00      0.00      0.00      0.00      0.00      0.00      0.00      0.00
07:10:25 AM veth927c207      0.00      0.00      0.00      0.00      0.00      0.00      0.00      0.00

07:10:25 AM     CPU     %user     %nice   %system   %iowait    %steal     %idle
07:10:26 AM     all      0.00      0.00      0.25      0.00      0.00     99.75

07:10:25 AM kbmemfree   kbavail kbmemused  %memused kbbuffers  kbcached  kbcommit   %commit  kbactive   kbinact   kbdirty
07:10:26 AM   3055516   5770700   1771060     22.33     85344   2801108   5445572     68.66   1892564   2670572        36

07:10:25 AM     IFACE   rxpck/s   txpck/s    rxkB/s    txkB/s   rxcmp/s   txcmp/s  rxmcst/s   %ifutil
07:10:26 AM        lo      0.00      0.00      0.00      0.00      0.00      0.00      0.00      0.00
07:10:26 AM      eth0      0.00      0.00      0.00      0.00      0.00      0.00      0.00      0.00
07:10:26 AM   docker0      0.00      0.00      0.00      0.00      0.00      0.00      0.00      0.00
07:10:26 AM veth927c207      0.00      0.00      0.00      0.00      0.00      0.00      0.00      0.00

07:10:26 AM     CPU     %user     %nice   %system   %iowait    %steal     %idle
07:10:27 AM     all      0.00      0.00      0.25      0.00      0.00     99.75

07:10:26 AM kbmemfree   kbavail kbmemused  %memused kbbuffers  kbcached  kbcommit   %commit  kbactive   kbinact   kbdirty
07:10:27 AM   3055516   5770700   1771060     22.33     85344   2801108   5445572     68.66   1892564   2670572        40

07:10:26 AM     IFACE   rxpck/s   txpck/s    rxkB/s    txkB/s   rxcmp/s   txcmp/s  rxmcst/s   %ifutil
07:10:27 AM        lo      0.00      0.00      0.00      0.00      0.00      0.00      0.00      0.00
07:10:27 AM      eth0      0.00      0.00      0.00      0.00      0.00      0.00      0.00      0.00
07:10:27 AM   docker0      0.00      0.00      0.00      0.00      0.00      0.00      0.00      0.00
07:10:27 AM veth927c207      0.00      0.00      0.00      0.00      0.00      0.00      0.00      0.00

07:10:27 AM     CPU     %user     %nice   %system   %iowait    %steal     %idle
07:10:28 AM     all      0.00      0.00      0.00      0.00      0.00    100.00

07:10:27 AM kbmemfree   kbavail kbmemused  %memused kbbuffers  kbcached  kbcommit   %commit  kbactive   kbinact   kbdirty
07:10:28 AM   3055516   5770700   1771060     22.33     85344   2801108   5445572     68.66   1892564   2670572        40

07:10:27 AM     IFACE   rxpck/s   txpck/s    rxkB/s    txkB/s   rxcmp/s   txcmp/s  rxmcst/s   %ifutil
07:10:28 AM        lo      0.00      0.00      0.00      0.00      0.00      0.00      0.00      0.00
07:10:28 AM      eth0      2.00      1.00      0.11      0.05      0.00      0.00      0.00      0.00
07:10:28 AM   docker0      0.00      0.00      0.00      0.00      0.00      0.00      0.00      0.00
07:10:28 AM veth927c207      0.00      0.00      0.00      0.00      0.00      0.00      0.00      0.00

07:10:28 AM     CPU     %user     %nice   %system   %iowait    %steal     %idle
07:10:29 AM     all      0.50      0.00      0.00      0.00      0.00     99.50

07:10:28 AM kbmemfree   kbavail kbmemused  %memused kbbuffers  kbcached  kbcommit   %commit  kbactive   kbinact   kbdirty
07:10:29 AM   3055516   5770700   1771060     22.33     85344   2801108   5445572     68.66   1892564   2670572        48

07:10:28 AM     IFACE   rxpck/s   txpck/s    rxkB/s    txkB/s   rxcmp/s   txcmp/s  rxmcst/s   %ifutil
07:10:29 AM        lo      0.00      0.00      0.00      0.00      0.00      0.00      0.00      0.00
07:10:29 AM      eth0      0.00      0.00      0.00      0.00      0.00      0.00      0.00      0.00
07:10:29 AM   docker0      0.00      0.00      0.00      0.00      0.00      0.00      0.00      0.00
07:10:29 AM veth927c207      0.00      0.00      0.00      0.00      0.00      0.00      0.00      0.00

07:10:29 AM     CPU     %user     %nice   %system   %iowait    %steal     %idle
07:10:30 AM     all      0.25      0.00      0.00      0.00      0.00     99.75

07:10:29 AM kbmemfree   kbavail kbmemused  %memused kbbuffers  kbcached  kbcommit   %commit  kbactive   kbinact   kbdirty
07:10:30 AM   3055264   5770448   1771308     22.33     85344   2801112   5445572     68.66   1892576   2670572        40

07:10:29 AM     IFACE   rxpck/s   txpck/s    rxkB/s    txkB/s   rxcmp/s   txcmp/s  rxmcst/s   %ifutil
07:10:30 AM        lo      0.00      0.00      0.00      0.00      0.00      0.00      0.00      0.00
07:10:30 AM      eth0      0.00      0.00      0.00      0.00      0.00      0.00      0.00      0.00
07:10:30 AM   docker0      0.00      0.00      0.00      0.00      0.00      0.00      0.00      0.00
07:10:30 AM veth927c207      0.00      0.00      0.00      0.00      0.00      0.00      0.00      0.00

07:10:30 AM     CPU     %user     %nice   %system   %iowait    %steal     %idle
07:10:31 AM     all      0.00      0.00      0.00      0.00      0.00    100.00

07:10:30 AM kbmemfree   kbavail kbmemused  %memused kbbuffers  kbcached  kbcommit   %commit  kbactive   kbinact   kbdirty
07:10:31 AM   3055264   5770448   1771308     22.33     85344   2801112   5445572     68.66   1892576   2670572        40

07:10:30 AM     IFACE   rxpck/s   txpck/s    rxkB/s    txkB/s   rxcmp/s   txcmp/s  rxmcst/s   %ifutil
07:10:31 AM        lo      0.00      0.00      0.00      0.00      0.00      0.00      0.00      0.00
07:10:31 AM      eth0      0.00      0.00      0.00      0.00      0.00      0.00      0.00      0.00
07:10:31 AM   docker0      0.00      0.00      0.00      0.00      0.00      0.00      0.00      0.00
07:10:31 AM veth927c207      0.00      0.00      0.00      0.00      0.00      0.00      0.00      0.00

07:10:31 AM     CPU     %user     %nice   %system   %iowait    %steal     %idle
07:10:32 AM     all      0.00      0.00      0.25      0.00      0.00     99.75

07:10:31 AM kbmemfree   kbavail kbmemused  %memused kbbuffers  kbcached  kbcommit   %commit  kbactive   kbinact   kbdirty
07:10:32 AM   3055264   5770448   1771308     22.33     85344   2801112   5445572     68.66   1892576   2670572        32

07:10:31 AM     IFACE   rxpck/s   txpck/s    rxkB/s    txkB/s   rxcmp/s   txcmp/s  rxmcst/s   %ifutil
07:10:32 AM        lo      0.00      0.00      0.00      0.00      0.00      0.00      0.00      0.00
07:10:32 AM      eth0      1.00      1.00      0.05      0.05      0.00      0.00      0.00      0.00
07:10:32 AM   docker0      0.00      0.00      0.00      0.00      0.00      0.00      0.00      0.00
07:10:32 AM veth927c207      0.00      0.00      0.00      0.00      0.00      0.00      0.00      0.00

07:10:32 AM     CPU     %user     %nice   %system   %iowait    %steal     %idle
07:10:33 AM     all      0.00      0.00      0.00      0.00      0.00    100.00

07:10:32 AM kbmemfree   kbavail kbmemused  %memused kbbuffers  kbcached  kbcommit   %commit  kbactive   kbinact   kbdirty
07:10:33 AM   3055264   5770448   1771316     22.33     85344   2801112   5445572     68.66   1892576   2670572        36

07:10:32 AM     IFACE   rxpck/s   txpck/s    rxkB/s    txkB/s   rxcmp/s   txcmp/s  rxmcst/s   %ifutil
07:10:33 AM        lo      0.00      0.00      0.00      0.00      0.00      0.00      0.00      0.00
07:10:33 AM      eth0      2.00      1.00      0.11      0.05      0.00      0.00      0.00      0.00
07:10:33 AM   docker0      0.00      0.00      0.00      0.00      0.00      0.00      0.00      0.00
07:10:33 AM veth927c207      0.00      0.00      0.00      0.00      0.00      0.00      0.00      0.00

07:10:33 AM     CPU     %user     %nice   %system   %iowait    %steal     %idle
07:10:34 AM     all      0.25      0.00      0.25      0.00      0.00     99.50

07:10:33 AM kbmemfree   kbavail kbmemused  %memused kbbuffers  kbcached  kbcommit   %commit  kbactive   kbinact   kbdirty
07:10:34 AM   3055264   5770456   1771312     22.33     85344   2801116   5445572     68.66   1892584   2670580        24

07:10:33 AM     IFACE   rxpck/s   txpck/s    rxkB/s    txkB/s   rxcmp/s   txcmp/s  rxmcst/s   %ifutil
07:10:34 AM        lo      0.00      0.00      0.00      0.00      0.00      0.00      0.00      0.00
07:10:34 AM      eth0      0.00      0.00      0.00      0.00      0.00      0.00      0.00      0.00
07:10:34 AM   docker0      0.00      0.00      0.00      0.00      0.00      0.00      0.00      0.00
07:10:34 AM veth927c207      0.00      0.00      0.00      0.00      0.00      0.00      0.00      0.00

07:10:34 AM     CPU     %user     %nice   %system   %iowait    %steal     %idle
07:10:35 AM     all      0.25      0.00      0.25      0.00      0.00     99.50

07:10:34 AM kbmemfree   kbavail kbmemused  %memused kbbuffers  kbcached  kbcommit   %commit  kbactive   kbinact   kbdirty
07:10:35 AM   3055264   5770456   1771312     22.33     85344   2801116   5445572     68.66   1892584   2670580        20

07:10:34 AM     IFACE   rxpck/s   txpck/s    rxkB/s    txkB/s   rxcmp/s   txcmp/s  rxmcst/s   %ifutil
07:10:35 AM        lo      0.00      0.00      0.00      0.00      0.00      0.00      0.00      0.00
07:10:35 AM      eth0      0.00      0.00      0.00      0.00      0.00      0.00      0.00      0.00
07:10:35 AM   docker0      0.00      0.00      0.00      0.00      0.00      0.00      0.00      0.00
07:10:35 AM veth927c207      0.00      0.00      0.00      0.00      0.00      0.00      0.00      0.00

07:10:35 AM     CPU     %user     %nice   %system   %iowait    %steal     %idle
07:10:36 AM     all      0.00      0.00      0.00      0.00      0.00    100.00

07:10:35 AM kbmemfree   kbavail kbmemused  %memused kbbuffers  kbcached  kbcommit   %commit  kbactive   kbinact   kbdirty
07:10:36 AM   3055264   5770456   1771312     22.33     85344   2801116   5445572     68.66   1892584   2670580        20

07:10:35 AM     IFACE   rxpck/s   txpck/s    rxkB/s    txkB/s   rxcmp/s   txcmp/s  rxmcst/s   %ifutil
07:10:36 AM        lo      0.00      0.00      0.00      0.00      0.00      0.00      0.00      0.00
07:10:36 AM      eth0      0.00      0.00      0.00      0.00      0.00      0.00      0.00      0.00
07:10:36 AM   docker0      0.00      0.00      0.00      0.00      0.00      0.00      0.00      0.00
07:10:36 AM veth927c207      0.00      0.00      0.00      0.00      0.00      0.00      0.00      0.00

07:10:36 AM     CPU     %user     %nice   %system   %iowait    %steal     %idle
07:10:37 AM     all      0.00      0.00      0.00      0.00      0.00    100.00

07:10:36 AM kbmemfree   kbavail kbmemused  %memused kbbuffers  kbcached  kbcommit   %commit  kbactive   kbinact   kbdirty
07:10:37 AM   3055264   5770456   1771312     22.33     85344   2801116   5445572     68.66   1892584   2670580        20

07:10:36 AM     IFACE   rxpck/s   txpck/s    rxkB/s    txkB/s   rxcmp/s   txcmp/s  rxmcst/s   %ifutil
07:10:37 AM        lo      0.00      0.00      0.00      0.00      0.00      0.00      0.00      0.00
07:10:37 AM      eth0      0.00      0.00      0.00      0.00      0.00      0.00      0.00      0.00
07:10:37 AM   docker0      0.00      0.00      0.00      0.00      0.00      0.00      0.00      0.00
07:10:37 AM veth927c207      0.00      0.00      0.00      0.00      0.00      0.00      0.00      0.00

07:10:37 AM     CPU     %user     %nice   %system   %iowait    %steal     %idle
07:10:38 AM     all      0.25      0.00      0.00      0.00      0.00     99.75

07:10:37 AM kbmemfree   kbavail kbmemused  %memused kbbuffers  kbcached  kbcommit   %commit  kbactive   kbinact   kbdirty
07:10:38 AM   3055264   5770456   1771312     22.33     85344   2801116   5445572     68.66   1892584   2670580        12

07:10:37 AM     IFACE   rxpck/s   txpck/s    rxkB/s    txkB/s   rxcmp/s   txcmp/s  rxmcst/s   %ifutil
07:10:38 AM        lo      0.00      0.00      0.00      0.00      0.00      0.00      0.00      0.00
07:10:38 AM      eth0      0.00      0.00      0.00      0.00      0.00      0.00      0.00      0.00
07:10:38 AM   docker0      0.00      0.00      0.00      0.00      0.00      0.00      0.00      0.00
07:10:38 AM veth927c207      0.00      0.00      0.00      0.00      0.00      0.00      0.00      0.00

07:10:38 AM     CPU     %user     %nice   %system   %iowait    %steal     %idle
07:10:39 AM     all      0.00      0.00      0.00      0.00      0.00    100.00

07:10:38 AM kbmemfree   kbavail kbmemused  %memused kbbuffers  kbcached  kbcommit   %commit  kbactive   kbinact   kbdirty
07:10:39 AM   3055264   5770456   1771312     22.33     85344   2801116   5445572     68.66   1892584   2670580        12

07:10:38 AM     IFACE   rxpck/s   txpck/s    rxkB/s    txkB/s   rxcmp/s   txcmp/s  rxmcst/s   %ifutil
07:10:39 AM        lo      0.00      0.00      0.00      0.00      0.00      0.00      0.00      0.00
07:10:39 AM      eth0      1.00      1.00      0.05      0.06      0.00      0.00      0.00      0.00
07:10:39 AM   docker0      0.00      0.00      0.00      0.00      0.00      0.00      0.00      0.00
07:10:39 AM veth927c207      0.00      0.00      0.00      0.00      0.00      0.00      0.00      0.00

07:10:39 AM     CPU     %user     %nice   %system   %iowait    %steal     %idle
07:10:40 AM     all      0.00      0.00      0.00      0.00      0.00    100.00

07:10:39 AM kbmemfree   kbavail kbmemused  %memused kbbuffers  kbcached  kbcommit   %commit  kbactive   kbinact   kbdirty
07:10:40 AM   3055264   5770460   1771308     22.33     85344   2801120   5445572     68.66   1892584   2670584        36

07:10:39 AM     IFACE   rxpck/s   txpck/s    rxkB/s    txkB/s   rxcmp/s   txcmp/s  rxmcst/s   %ifutil
07:10:40 AM        lo      0.00      0.00      0.00      0.00      0.00      0.00      0.00      0.00
07:10:40 AM      eth0      0.00      0.00      0.00      0.00      0.00      0.00      0.00      0.00
07:10:40 AM   docker0      0.00      0.00      0.00      0.00      0.00      0.00      0.00      0.00
07:10:40 AM veth927c207      0.00      0.00      0.00      0.00      0.00      0.00      0.00      0.00

07:10:40 AM     CPU     %user     %nice   %system   %iowait    %steal     %idle
07:10:41 AM     all      0.25      0.00      0.25      0.00      0.00     99.50

07:10:40 AM kbmemfree   kbavail kbmemused  %memused kbbuffers  kbcached  kbcommit   %commit  kbactive   kbinact   kbdirty
07:10:41 AM   3055264   5770460   1771308     22.33     85344   2801120   5445572     68.66   1892584   2670584        36

07:10:40 AM     IFACE   rxpck/s   txpck/s    rxkB/s    txkB/s   rxcmp/s   txcmp/s  rxmcst/s   %ifutil
07:10:41 AM        lo      0.00      0.00      0.00      0.00      0.00      0.00      0.00      0.00
07:10:41 AM      eth0      0.00      0.00      0.00      0.00      0.00      0.00      0.00      0.00
07:10:41 AM   docker0      0.00      0.00      0.00      0.00      0.00      0.00      0.00      0.00
07:10:41 AM veth927c207      0.00      0.00      0.00      0.00      0.00      0.00      0.00      0.00

07:10:41 AM     CPU     %user     %nice   %system   %iowait    %steal     %idle
07:10:42 AM     all      0.00      0.00      0.00      0.00      0.00    100.00

07:10:41 AM kbmemfree   kbavail kbmemused  %memused kbbuffers  kbcached  kbcommit   %commit  kbactive   kbinact   kbdirty
07:10:42 AM   3055264   5770460   1771308     22.33     85344   2801120   5445572     68.66   1892584   2670584        36

07:10:41 AM     IFACE   rxpck/s   txpck/s    rxkB/s    txkB/s   rxcmp/s   txcmp/s  rxmcst/s   %ifutil
07:10:42 AM        lo      0.00      0.00      0.00      0.00      0.00      0.00      0.00      0.00
07:10:42 AM      eth0      0.00      0.00      0.00      0.00      0.00      0.00      0.00      0.00
07:10:42 AM   docker0      0.00      0.00      0.00      0.00      0.00      0.00      0.00      0.00
07:10:42 AM veth927c207      0.00      0.00      0.00      0.00      0.00      0.00      0.00      0.00

07:10:42 AM     CPU     %user     %nice   %system   %iowait    %steal     %idle
07:10:43 AM     all      0.00      0.00      0.00      0.00      0.00    100.00

07:10:42 AM kbmemfree   kbavail kbmemused  %memused kbbuffers  kbcached  kbcommit   %commit  kbactive   kbinact   kbdirty
07:10:43 AM   3055264   5770460   1771308     22.33     85344   2801120   5445572     68.66   1892584   2670584        36

07:10:42 AM     IFACE   rxpck/s   txpck/s    rxkB/s    txkB/s   rxcmp/s   txcmp/s  rxmcst/s   %ifutil
07:10:43 AM        lo      0.00      0.00      0.00      0.00      0.00      0.00      0.00      0.00
07:10:43 AM      eth0      0.00      0.00      0.00      0.00      0.00      0.00      0.00      0.00
07:10:43 AM   docker0      0.00      0.00      0.00      0.00      0.00      0.00      0.00      0.00
07:10:43 AM veth927c207      0.00      0.00      0.00      0.00      0.00      0.00      0.00      0.00

07:10:43 AM     CPU     %user     %nice   %system   %iowait    %steal     %idle
07:10:44 AM     all      0.00      0.00      0.00      0.00      0.00    100.00

07:10:43 AM kbmemfree   kbavail kbmemused  %memused kbbuffers  kbcached  kbcommit   %commit  kbactive   kbinact   kbdirty
07:10:44 AM   3055264   5770464   1771304     22.33     85344   2801124   5445572     68.66   1892596   2670588        12

07:10:43 AM     IFACE   rxpck/s   txpck/s    rxkB/s    txkB/s   rxcmp/s   txcmp/s  rxmcst/s   %ifutil
07:10:44 AM        lo      0.00      0.00      0.00      0.00      0.00      0.00      0.00      0.00
07:10:44 AM      eth0      0.00      0.00      0.00      0.00      0.00      0.00      0.00      0.00
07:10:44 AM   docker0      0.00      0.00      0.00      0.00      0.00      0.00      0.00      0.00
07:10:44 AM veth927c207      0.00      0.00      0.00      0.00      0.00      0.00      0.00      0.00

07:10:44 AM     CPU     %user     %nice   %system   %iowait    %steal     %idle
07:10:45 AM     all      0.25      0.00      0.00      0.00      0.00     99.75

07:10:44 AM kbmemfree   kbavail kbmemused  %memused kbbuffers  kbcached  kbcommit   %commit  kbactive   kbinact   kbdirty
07:10:45 AM   3055264   5770464   1771304     22.33     85344   2801124   5445572     68.66   1892596   2670588        16

07:10:44 AM     IFACE   rxpck/s   txpck/s    rxkB/s    txkB/s   rxcmp/s   txcmp/s  rxmcst/s   %ifutil
07:10:45 AM        lo      0.00      0.00      0.00      0.00      0.00      0.00      0.00      0.00
07:10:45 AM      eth0      0.00      0.00      0.00      0.00      0.00      0.00      0.00      0.00
07:10:45 AM   docker0      0.00      0.00      0.00      0.00      0.00      0.00      0.00      0.00
07:10:45 AM veth927c207      0.00      0.00      0.00      0.00      0.00      0.00      0.00      0.00

07:10:45 AM     CPU     %user     %nice   %system   %iowait    %steal     %idle
07:10:46 AM     all      0.00      0.00      0.25      0.00      0.00     99.75

07:10:45 AM kbmemfree   kbavail kbmemused  %memused kbbuffers  kbcached  kbcommit   %commit  kbactive   kbinact   kbdirty
07:10:46 AM   3055264   5770464   1771304     22.33     85344   2801124   5445572     68.66   1892596   2670588        16

07:10:45 AM     IFACE   rxpck/s   txpck/s    rxkB/s    txkB/s   rxcmp/s   txcmp/s  rxmcst/s   %ifutil
07:10:46 AM        lo      0.00      0.00      0.00      0.00      0.00      0.00      0.00      0.00
07:10:46 AM      eth0      0.00      0.00      0.00      0.00      0.00      0.00      0.00      0.00
07:10:46 AM   docker0      0.00      0.00      0.00      0.00      0.00      0.00      0.00      0.00
07:10:46 AM veth927c207      0.00      0.00      0.00      0.00      0.00      0.00      0.00      0.00

07:10:46 AM     CPU     %user     %nice   %system   %iowait    %steal     %idle
07:10:47 AM     all      0.00      0.00      0.00      0.00      0.00    100.00

07:10:46 AM kbmemfree   kbavail kbmemused  %memused kbbuffers  kbcached  kbcommit   %commit  kbactive   kbinact   kbdirty
07:10:47 AM   3055264   5770464   1771304     22.33     85344   2801124   5445572     68.66   1892596   2670588        16

07:10:46 AM     IFACE   rxpck/s   txpck/s    rxkB/s    txkB/s   rxcmp/s   txcmp/s  rxmcst/s   %ifutil
07:10:47 AM        lo      0.00      0.00      0.00      0.00      0.00      0.00      0.00      0.00
07:10:47 AM      eth0      0.00      0.00      0.00      0.00      0.00      0.00      0.00      0.00
07:10:47 AM   docker0      0.00      0.00      0.00      0.00      0.00      0.00      0.00      0.00
07:10:47 AM veth927c207      0.00      0.00      0.00      0.00      0.00      0.00      0.00      0.00

07:10:47 AM     CPU     %user     %nice   %system   %iowait    %steal     %idle
07:10:48 AM     all      0.00      0.00      0.00      0.00      0.00    100.00

07:10:47 AM kbmemfree   kbavail kbmemused  %memused kbbuffers  kbcached  kbcommit   %commit  kbactive   kbinact   kbdirty
07:10:48 AM   3055264   5770464   1771300     22.33     85344   2801128   5445572     68.66   1892596   2670588        20

07:10:47 AM     IFACE   rxpck/s   txpck/s    rxkB/s    txkB/s   rxcmp/s   txcmp/s  rxmcst/s   %ifutil
07:10:48 AM        lo      0.00      0.00      0.00      0.00      0.00      0.00      0.00      0.00
07:10:48 AM      eth0      0.00      0.00      0.00      0.00      0.00      0.00      0.00      0.00
07:10:48 AM   docker0      0.00      0.00      0.00      0.00      0.00      0.00      0.00      0.00
07:10:48 AM veth927c207      0.00      0.00      0.00      0.00      0.00      0.00      0.00      0.00

07:10:48 AM     CPU     %user     %nice   %system   %iowait    %steal     %idle
07:10:49 AM     all      0.00      0.00      0.50      0.00      0.00     99.50

07:10:48 AM kbmemfree   kbavail kbmemused  %memused kbbuffers  kbcached  kbcommit   %commit  kbactive   kbinact   kbdirty
07:10:49 AM   3055264   5770464   1771300     22.33     85344   2801128   5445572     68.66   1892596   2670588        20

07:10:48 AM     IFACE   rxpck/s   txpck/s    rxkB/s    txkB/s   rxcmp/s   txcmp/s  rxmcst/s   %ifutil
07:10:49 AM        lo      0.00      0.00      0.00      0.00      0.00      0.00      0.00      0.00
07:10:49 AM      eth0      0.00      0.00      0.00      0.00      0.00      0.00      0.00      0.00
07:10:49 AM   docker0      0.00      0.00      0.00      0.00      0.00      0.00      0.00      0.00
07:10:49 AM veth927c207      0.00      0.00      0.00      0.00      0.00      0.00      0.00      0.00

07:10:49 AM     CPU     %user     %nice   %system   %iowait    %steal     %idle
07:10:50 AM     all      0.00      0.00      0.00      0.00      0.00    100.00

07:10:49 AM kbmemfree   kbavail kbmemused  %memused kbbuffers  kbcached  kbcommit   %commit  kbactive   kbinact   kbdirty
07:10:50 AM   3055264   5770468   1771300     22.33     85344   2801128   5445572     68.66   1892596   2670592        32

07:10:49 AM     IFACE   rxpck/s   txpck/s    rxkB/s    txkB/s   rxcmp/s   txcmp/s  rxmcst/s   %ifutil
07:10:50 AM        lo      0.00      0.00      0.00      0.00      0.00      0.00      0.00      0.00
07:10:50 AM      eth0      1.00      1.00      0.06      0.05      0.00      0.00      0.00      0.00
07:10:50 AM   docker0      0.00      0.00      0.00      0.00      0.00      0.00      0.00      0.00
07:10:50 AM veth927c207      0.00      0.00      0.00      0.00      0.00      0.00      0.00      0.00

07:10:50 AM     CPU     %user     %nice   %system   %iowait    %steal     %idle
07:10:51 AM     all      0.50      0.00      0.00      0.00      0.00     99.50

07:10:50 AM kbmemfree   kbavail kbmemused  %memused kbbuffers  kbcached  kbcommit   %commit  kbactive   kbinact   kbdirty
07:10:51 AM   3055264   5770468   1771300     22.33     85344   2801128   5445572     68.66   1892596   2670592        36

07:10:50 AM     IFACE   rxpck/s   txpck/s    rxkB/s    txkB/s   rxcmp/s   txcmp/s  rxmcst/s   %ifutil
07:10:51 AM        lo      0.00      0.00      0.00      0.00      0.00      0.00      0.00      0.00
07:10:51 AM      eth0      0.00      0.00      0.00      0.00      0.00      0.00      0.00      0.00
07:10:51 AM   docker0      0.00      0.00      0.00      0.00      0.00      0.00      0.00      0.00
07:10:51 AM veth927c207      0.00      0.00      0.00      0.00      0.00      0.00      0.00      0.00

07:10:51 AM     CPU     %user     %nice   %system   %iowait    %steal     %idle
07:10:52 AM     all      0.00      0.00      0.00      0.00      0.00    100.00

07:10:51 AM kbmemfree   kbavail kbmemused  %memused kbbuffers  kbcached  kbcommit   %commit  kbactive   kbinact   kbdirty
07:10:52 AM   3055264   5770468   1771296     22.33     85344   2801132   5445572     68.66   1892596   2670592        40

07:10:51 AM     IFACE   rxpck/s   txpck/s    rxkB/s    txkB/s   rxcmp/s   txcmp/s  rxmcst/s   %ifutil
07:10:52 AM        lo      0.00      0.00      0.00      0.00      0.00      0.00      0.00      0.00
07:10:52 AM      eth0      1.00      1.00      0.05      0.05      0.00      0.00      0.00      0.00
07:10:52 AM   docker0      0.00      0.00      0.00      0.00      0.00      0.00      0.00      0.00
07:10:52 AM veth927c207      0.00      0.00      0.00      0.00      0.00      0.00      0.00      0.00

07:10:52 AM     CPU     %user     %nice   %system   %iowait    %steal     %idle
07:10:53 AM     all      0.00      0.00      0.25      0.00      0.00     99.75

07:10:52 AM kbmemfree   kbavail kbmemused  %memused kbbuffers  kbcached  kbcommit   %commit  kbactive   kbinact   kbdirty
07:10:53 AM   3055264   5770468   1771296     22.33     85344   2801132   5445572     68.66   1892596   2670592        40

07:10:52 AM     IFACE   rxpck/s   txpck/s    rxkB/s    txkB/s   rxcmp/s   txcmp/s  rxmcst/s   %ifutil
07:10:53 AM        lo      0.00      0.00      0.00      0.00      0.00      0.00      0.00      0.00
07:10:53 AM      eth0      2.00      1.00      0.11      0.05      0.00      0.00      0.00      0.00
07:10:53 AM   docker0      0.00      0.00      0.00      0.00      0.00      0.00      0.00      0.00
07:10:53 AM veth927c207      0.00      0.00      0.00      0.00      0.00      0.00      0.00      0.00

07:10:53 AM     CPU     %user     %nice   %system   %iowait    %steal     %idle
07:10:54 AM     all      0.25      0.00      0.00      0.00      0.00     99.75

07:10:53 AM kbmemfree   kbavail kbmemused  %memused kbbuffers  kbcached  kbcommit   %commit  kbactive   kbinact   kbdirty
07:10:54 AM   3055264   5770468   1771296     22.33     85344   2801132   5445572     68.66   1892596   2670592        40

07:10:53 AM     IFACE   rxpck/s   txpck/s    rxkB/s    txkB/s   rxcmp/s   txcmp/s  rxmcst/s   %ifutil
07:10:54 AM        lo      0.00      0.00      0.00      0.00      0.00      0.00      0.00      0.00
07:10:54 AM      eth0      0.00      0.00      0.00      0.00      0.00      0.00      0.00      0.00
07:10:54 AM   docker0      0.00      0.00      0.00      0.00      0.00      0.00      0.00      0.00
07:10:54 AM veth927c207      0.00      0.00      0.00      0.00      0.00      0.00      0.00      0.00

07:10:54 AM     CPU     %user     %nice   %system   %iowait    %steal     %idle
07:10:55 AM     all      0.00      0.00      0.25      0.00      0.00     99.75

07:10:54 AM kbmemfree   kbavail kbmemused  %memused kbbuffers  kbcached  kbcommit   %commit  kbactive   kbinact   kbdirty
07:10:55 AM   3055264   5770472   1771296     22.33     85344   2801132   5445572     68.66   1892596   2670596        44

07:10:54 AM     IFACE   rxpck/s   txpck/s    rxkB/s    txkB/s   rxcmp/s   txcmp/s  rxmcst/s   %ifutil
07:10:55 AM        lo      0.00      0.00      0.00      0.00      0.00      0.00      0.00      0.00
07:10:55 AM      eth0      0.00      0.00      0.00      0.00      0.00      0.00      0.00      0.00
07:10:55 AM   docker0      0.00      0.00      0.00      0.00      0.00      0.00      0.00      0.00
07:10:55 AM veth927c207      0.00      0.00      0.00      0.00      0.00      0.00      0.00      0.00

07:10:55 AM     CPU     %user     %nice   %system   %iowait    %steal     %idle
07:10:56 AM     all      0.25      0.00      0.50      0.00      0.00     99.25

07:10:55 AM kbmemfree   kbavail kbmemused  %memused kbbuffers  kbcached  kbcommit   %commit  kbactive   kbinact   kbdirty
07:10:56 AM   3055264   5770472   1771296     22.33     85344   2801132   5445572     68.66   1892596   2670596        44

07:10:55 AM     IFACE   rxpck/s   txpck/s    rxkB/s    txkB/s   rxcmp/s   txcmp/s  rxmcst/s   %ifutil
07:10:56 AM        lo      0.00      0.00      0.00      0.00      0.00      0.00      0.00      0.00
07:10:56 AM      eth0      0.00      0.00      0.00      0.00      0.00      0.00      0.00      0.00
07:10:56 AM   docker0      0.00      0.00      0.00      0.00      0.00      0.00      0.00      0.00
07:10:56 AM veth927c207      0.00      0.00      0.00      0.00      0.00      0.00      0.00      0.00

07:10:56 AM     CPU     %user     %nice   %system   %iowait    %steal     %idle
07:10:57 AM     all      0.25      0.00      0.00      0.00      0.00     99.75

07:10:56 AM kbmemfree   kbavail kbmemused  %memused kbbuffers  kbcached  kbcommit   %commit  kbactive   kbinact   kbdirty
07:10:57 AM   3055264   5770472   1771292     22.33     85344   2801136   5445572     68.66   1892596   2670596        44

07:10:56 AM     IFACE   rxpck/s   txpck/s    rxkB/s    txkB/s   rxcmp/s   txcmp/s  rxmcst/s   %ifutil
07:10:57 AM        lo      0.00      0.00      0.00      0.00      0.00      0.00      0.00      0.00
07:10:57 AM      eth0      0.00      0.00      0.00      0.00      0.00      0.00      0.00      0.00
07:10:57 AM   docker0      0.00      0.00      0.00      0.00      0.00      0.00      0.00      0.00
07:10:57 AM veth927c207      0.00      0.00      0.00      0.00      0.00      0.00      0.00      0.00

07:10:57 AM     CPU     %user     %nice   %system   %iowait    %steal     %idle
07:10:58 AM     all      0.00      0.00      0.00      0.00      0.00    100.00

07:10:57 AM kbmemfree   kbavail kbmemused  %memused kbbuffers  kbcached  kbcommit   %commit  kbactive   kbinact   kbdirty
07:10:58 AM   3055264   5770472   1771292     22.33     85344   2801136   5445572     68.66   1892596   2670596        44

07:10:57 AM     IFACE   rxpck/s   txpck/s    rxkB/s    txkB/s   rxcmp/s   txcmp/s  rxmcst/s   %ifutil
07:10:58 AM        lo      0.00      0.00      0.00      0.00      0.00      0.00      0.00      0.00
07:10:58 AM      eth0      0.00      0.00      0.00      0.00      0.00      0.00      0.00      0.00
07:10:58 AM   docker0      0.00      0.00      0.00      0.00      0.00      0.00      0.00      0.00
07:10:58 AM veth927c207      0.00      0.00      0.00      0.00      0.00      0.00      0.00      0.00

07:10:58 AM     CPU     %user     %nice   %system   %iowait    %steal     %idle
07:10:59 AM     all      0.00      0.00      0.00      0.00      0.00    100.00

07:10:58 AM kbmemfree   kbavail kbmemused  %memused kbbuffers  kbcached  kbcommit   %commit  kbactive   kbinact   kbdirty
07:10:59 AM   3055264   5770472   1771292     22.33     85344   2801136   5445572     68.66   1892596   2670596        44

07:10:58 AM     IFACE   rxpck/s   txpck/s    rxkB/s    txkB/s   rxcmp/s   txcmp/s  rxmcst/s   %ifutil
07:10:59 AM        lo      0.00      0.00      0.00      0.00      0.00      0.00      0.00      0.00
07:10:59 AM      eth0      0.00      0.00      0.00      0.00      0.00      0.00      0.00      0.00
07:10:59 AM   docker0      0.00      0.00      0.00      0.00      0.00      0.00      0.00      0.00
07:10:59 AM veth927c207      0.00      0.00      0.00      0.00      0.00      0.00      0.00      0.00

07:10:59 AM     CPU     %user     %nice   %system   %iowait    %steal     %idle
07:11:00 AM     all      0.00      0.00      0.00      0.00      0.00    100.00

07:10:59 AM kbmemfree   kbavail kbmemused  %memused kbbuffers  kbcached  kbcommit   %commit  kbactive   kbinact   kbdirty
07:11:00 AM   3055264   5770476   1771292     22.33     85344   2801136   5445572     68.66   1892596   2670600        36

07:10:59 AM     IFACE   rxpck/s   txpck/s    rxkB/s    txkB/s   rxcmp/s   txcmp/s  rxmcst/s   %ifutil
07:11:00 AM        lo      0.00      0.00      0.00      0.00      0.00      0.00      0.00      0.00
07:11:00 AM      eth0      0.00      0.00      0.00      0.00      0.00      0.00      0.00      0.00
07:11:00 AM   docker0      0.00      0.00      0.00      0.00      0.00      0.00      0.00      0.00
07:11:00 AM veth927c207      0.00      0.00      0.00      0.00      0.00      0.00      0.00      0.00

07:11:00 AM     CPU     %user     %nice   %system   %iowait    %steal     %idle
07:11:01 AM     all      0.25      0.00      0.00      0.00      0.00     99.75

07:11:00 AM kbmemfree   kbavail kbmemused  %memused kbbuffers  kbcached  kbcommit   %commit  kbactive   kbinact   kbdirty
07:11:01 AM   3055264   5770476   1771288     22.33     85344   2801140   5445572     68.66   1892596   2670600        40

07:11:00 AM     IFACE   rxpck/s   txpck/s    rxkB/s    txkB/s   rxcmp/s   txcmp/s  rxmcst/s   %ifutil
07:11:01 AM        lo      0.00      0.00      0.00      0.00      0.00      0.00      0.00      0.00
07:11:01 AM      eth0      0.00      0.00      0.00      0.00      0.00      0.00      0.00      0.00
07:11:01 AM   docker0      0.00      0.00      0.00      0.00      0.00      0.00      0.00      0.00
07:11:01 AM veth927c207      0.00      0.00      0.00      0.00      0.00      0.00      0.00      0.00

07:11:01 AM     CPU     %user     %nice   %system   %iowait    %steal     %idle
07:11:02 AM     all      0.00      0.00      0.00      0.00      0.00    100.00

07:11:01 AM kbmemfree   kbavail kbmemused  %memused kbbuffers  kbcached  kbcommit   %commit  kbactive   kbinact   kbdirty
07:11:02 AM   3055264   5770476   1771288     22.33     85344   2801140   5445572     68.66   1892596   2670600        28

07:11:01 AM     IFACE   rxpck/s   txpck/s    rxkB/s    txkB/s   rxcmp/s   txcmp/s  rxmcst/s   %ifutil
07:11:02 AM        lo      0.00      0.00      0.00      0.00      0.00      0.00      0.00      0.00
07:11:02 AM      eth0      0.00      0.00      0.00      0.00      0.00      0.00      0.00      0.00
07:11:02 AM   docker0      0.00      0.00      0.00      0.00      0.00      0.00      0.00      0.00
07:11:02 AM veth927c207      0.00      0.00      0.00      0.00      0.00      0.00      0.00      0.00

07:11:02 AM     CPU     %user     %nice   %system   %iowait    %steal     %idle
07:11:03 AM     all      0.00      0.00      0.00      0.00      0.00    100.00

07:11:02 AM kbmemfree   kbavail kbmemused  %memused kbbuffers  kbcached  kbcommit   %commit  kbactive   kbinact   kbdirty
07:11:03 AM   3055264   5770476   1771288     22.33     85344   2801140   5445572     68.66   1892596   2670600        32

07:11:02 AM     IFACE   rxpck/s   txpck/s    rxkB/s    txkB/s   rxcmp/s   txcmp/s  rxmcst/s   %ifutil
07:11:03 AM        lo      0.00      0.00      0.00      0.00      0.00      0.00      0.00      0.00
07:11:03 AM      eth0      4.00      2.00      0.23      0.11      0.00      0.00      0.00      0.00
07:11:03 AM   docker0      0.00      0.00      0.00      0.00      0.00      0.00      0.00      0.00
07:11:03 AM veth927c207      0.00      0.00      0.00      0.00      0.00      0.00      0.00      0.00

07:11:03 AM     CPU     %user     %nice   %system   %iowait    %steal     %idle
07:11:04 AM     all      0.00      0.00      0.00      0.00      0.00    100.00

07:11:03 AM kbmemfree   kbavail kbmemused  %memused kbbuffers  kbcached  kbcommit   %commit  kbactive   kbinact   kbdirty
07:11:04 AM   3055264   5770476   1771288     22.33     85344   2801140   5445572     68.66   1892596   2670600        32

07:11:03 AM     IFACE   rxpck/s   txpck/s    rxkB/s    txkB/s   rxcmp/s   txcmp/s  rxmcst/s   %ifutil
07:11:04 AM        lo      0.00      0.00      0.00      0.00      0.00      0.00      0.00      0.00
07:11:04 AM      eth0      0.00      0.00      0.00      0.00      0.00      0.00      0.00      0.00
07:11:04 AM   docker0      0.00      0.00      0.00      0.00      0.00      0.00      0.00      0.00
07:11:04 AM veth927c207      0.00      0.00      0.00      0.00      0.00      0.00      0.00      0.00

07:11:04 AM     CPU     %user     %nice   %system   %iowait    %steal     %idle
07:11:05 AM     all      0.50      0.00      0.50      0.00      0.00     99.00

07:11:04 AM kbmemfree   kbavail kbmemused  %memused kbbuffers  kbcached  kbcommit   %commit  kbactive   kbinact   kbdirty
07:11:05 AM   3053024   5768252   1773516     22.36     85344   2801148   5449024     68.70   1894260   2670612        52

07:11:04 AM     IFACE   rxpck/s   txpck/s    rxkB/s    txkB/s   rxcmp/s   txcmp/s  rxmcst/s   %ifutil
07:11:05 AM        lo      0.00      0.00      0.00      0.00      0.00      0.00      0.00      0.00
07:11:05 AM      eth0     10.00     10.00      2.04      2.45      0.00      0.00      0.00      0.00
07:11:05 AM   docker0      0.00      0.00      0.00      0.00      0.00      0.00      0.00      0.00
07:11:05 AM veth927c207      0.00      0.00      0.00      0.00      0.00      0.00      0.00      0.00

07:11:05 AM     CPU     %user     %nice   %system   %iowait    %steal     %idle
07:11:06 AM     all      0.50      0.00      0.25      0.00      0.00     99.25

07:11:05 AM kbmemfree   kbavail kbmemused  %memused kbbuffers  kbcached  kbcommit   %commit  kbactive   kbinact   kbdirty
07:11:06 AM   3053024   5768252   1773516     22.36     85344   2801148   5451876     68.74   1895464   2670612       220

07:11:05 AM     IFACE   rxpck/s   txpck/s    rxkB/s    txkB/s   rxcmp/s   txcmp/s  rxmcst/s   %ifutil
07:11:06 AM        lo      0.00      0.00      0.00      0.00      0.00      0.00      0.00      0.00
07:11:06 AM      eth0      6.00      5.00      1.37      1.47      0.00      0.00      0.00      0.00
07:11:06 AM   docker0      0.00      0.00      0.00      0.00      0.00      0.00      0.00      0.00
07:11:06 AM veth927c207      0.00      0.00      0.00      0.00      0.00      0.00      0.00      0.00

07:11:06 AM     CPU     %user     %nice   %system   %iowait    %steal     %idle
07:11:07 AM     all      0.25      0.00      0.50      0.00      0.00     99.25

07:11:06 AM kbmemfree   kbavail kbmemused  %memused kbbuffers  kbcached  kbcommit   %commit  kbactive   kbinact   kbdirty
07:11:07 AM   3053024   5768252   1773516     22.36     85344   2801148   5452212     68.74   1895924   2670612       220

07:11:06 AM     IFACE   rxpck/s   txpck/s    rxkB/s    txkB/s   rxcmp/s   txcmp/s  rxmcst/s   %ifutil
07:11:07 AM        lo      0.00      0.00      0.00      0.00      0.00      0.00      0.00      0.00
07:11:07 AM      eth0      6.00      6.00      0.58      0.93      0.00      0.00      0.00      0.00
07:11:07 AM   docker0      0.00      0.00      0.00      0.00      0.00      0.00      0.00      0.00
07:11:07 AM veth927c207      0.00      0.00      0.00      0.00      0.00      0.00      0.00      0.00

07:11:07 AM     CPU     %user     %nice   %system   %iowait    %steal     %idle
07:11:08 AM     all      0.00      0.00      0.25      0.00      0.00     99.75

07:11:07 AM kbmemfree   kbavail kbmemused  %memused kbbuffers  kbcached  kbcommit   %commit  kbactive   kbinact   kbdirty
07:11:08 AM   3053024   5768252   1773516     22.36     85344   2801148   5452212     68.74   1895980   2670612       268

07:11:07 AM     IFACE   rxpck/s   txpck/s    rxkB/s    txkB/s   rxcmp/s   txcmp/s  rxmcst/s   %ifutil
07:11:08 AM        lo      0.00      0.00      0.00      0.00      0.00      0.00      0.00      0.00
07:11:08 AM      eth0      0.00      0.00      0.00      0.00      0.00      0.00      0.00      0.00
07:11:08 AM   docker0      0.00      0.00      0.00      0.00      0.00      0.00      0.00      0.00
07:11:08 AM veth927c207      0.00      0.00      0.00      0.00      0.00      0.00      0.00      0.00

07:11:08 AM     CPU     %user     %nice   %system   %iowait    %steal     %idle
07:11:09 AM     all      0.50      0.00      0.00      0.00      0.00     99.50

07:11:08 AM kbmemfree   kbavail kbmemused  %memused kbbuffers  kbcached  kbcommit   %commit  kbactive   kbinact   kbdirty
07:11:09 AM   3052084   5767316   1774452     22.37     85344   2801152   5451612     68.73   1895648   2670616       296

07:11:08 AM     IFACE   rxpck/s   txpck/s    rxkB/s    txkB/s   rxcmp/s   txcmp/s  rxmcst/s   %ifutil
07:11:09 AM        lo      0.00      0.00      0.00      0.00      0.00      0.00      0.00      0.00
07:11:09 AM      eth0      7.00      6.00      1.58      1.58      0.00      0.00      0.00      0.00
07:11:09 AM   docker0      0.00      0.00      0.00      0.00      0.00      0.00      0.00      0.00
07:11:09 AM veth927c207      0.00      0.00      0.00      0.00      0.00      0.00      0.00      0.00

07:11:09 AM     CPU     %user     %nice   %system   %iowait    %steal     %idle
07:11:10 AM     all      0.50      0.00      0.00      0.00      0.00     99.50

07:11:09 AM kbmemfree   kbavail kbmemused  %memused kbbuffers  kbcached  kbcommit   %commit  kbactive   kbinact   kbdirty
07:11:10 AM   3055224   5770460   1771308     22.33     85344   2801156   5449024     68.70   1894340   2670620       324

07:11:09 AM     IFACE   rxpck/s   txpck/s    rxkB/s    txkB/s   rxcmp/s   txcmp/s  rxmcst/s   %ifutil
07:11:10 AM        lo      0.00      0.00      0.00      0.00      0.00      0.00      0.00      0.00
07:11:10 AM      eth0     10.00      9.00      0.96      1.29      0.00      0.00      0.00      0.00
07:11:10 AM   docker0      0.00      0.00      0.00      0.00      0.00      0.00      0.00      0.00
07:11:10 AM veth927c207      0.00      0.00      0.00      0.00      0.00      0.00      0.00      0.00

07:11:10 AM     CPU     %user     %nice   %system   %iowait    %steal     %idle
07:11:11 AM     all      0.00      0.00      0.25      0.00      0.00     99.75

07:11:10 AM kbmemfree   kbavail kbmemused  %memused kbbuffers  kbcached  kbcommit   %commit  kbactive   kbinact   kbdirty
07:11:11 AM   3055224   5770460   1771308     22.33     85344   2801156   5449024     68.70   1894340   2670620        40

07:11:10 AM     IFACE   rxpck/s   txpck/s    rxkB/s    txkB/s   rxcmp/s   txcmp/s  rxmcst/s   %ifutil
07:11:11 AM        lo      0.00      0.00      0.00      0.00      0.00      0.00      0.00      0.00
07:11:11 AM      eth0      2.00      1.00      0.11      0.05      0.00      0.00      0.00      0.00
07:11:11 AM   docker0      0.00      0.00      0.00      0.00      0.00      0.00      0.00      0.00
07:11:11 AM veth927c207      0.00      0.00      0.00      0.00      0.00      0.00      0.00      0.00

07:11:11 AM     CPU     %user     %nice   %system   %iowait    %steal     %idle
07:11:12 AM     all      0.25      0.00      0.25      0.00      0.00     99.50

07:11:11 AM kbmemfree   kbavail kbmemused  %memused kbbuffers  kbcached  kbcommit   %commit  kbactive   kbinact   kbdirty
07:11:12 AM   3055224   5770460   1771308     22.33     85344   2801156   5449024     68.70   1894340   2670620       172

07:11:11 AM     IFACE   rxpck/s   txpck/s    rxkB/s    txkB/s   rxcmp/s   txcmp/s  rxmcst/s   %ifutil
07:11:12 AM        lo      0.00      0.00      0.00      0.00      0.00      0.00      0.00      0.00
07:11:12 AM      eth0      0.00      0.00      0.00      0.00      0.00      0.00      0.00      0.00
07:11:12 AM   docker0      0.00      0.00      0.00      0.00      0.00      0.00      0.00      0.00
07:11:12 AM veth927c207      0.00      0.00      0.00      0.00      0.00      0.00      0.00      0.00

07:11:12 AM     CPU     %user     %nice   %system   %iowait    %steal     %idle
07:11:13 AM     all      0.00      0.00      0.25      0.00      0.00     99.75

07:11:12 AM kbmemfree   kbavail kbmemused  %memused kbbuffers  kbcached  kbcommit   %commit  kbactive   kbinact   kbdirty
07:11:13 AM   3057928   5773164   1768604     22.30     85344   2801156   5445572     68.66   1892792   2670620       172

07:11:12 AM     IFACE   rxpck/s   txpck/s    rxkB/s    txkB/s   rxcmp/s   txcmp/s  rxmcst/s   %ifutil
07:11:13 AM        lo      0.00      0.00      0.00      0.00      0.00      0.00      0.00      0.00
07:11:13 AM      eth0      2.00      2.00      0.13      0.18      0.00      0.00      0.00      0.00
07:11:13 AM   docker0      0.00      0.00      0.00      0.00      0.00      0.00      0.00      0.00
07:11:13 AM veth927c207      0.00      0.00      0.00      0.00      0.00      0.00      0.00      0.00

07:11:13 AM     CPU     %user     %nice   %system   %iowait    %steal     %idle
07:11:14 AM     all      0.00      0.00      0.25      0.00      0.00     99.75

07:11:13 AM kbmemfree   kbavail kbmemused  %memused kbbuffers  kbcached  kbcommit   %commit  kbactive   kbinact   kbdirty
07:11:14 AM   3057724   5772960   1768804     22.30     85344   2801160   5445572     68.66   1892620   2670620       180

07:11:13 AM     IFACE   rxpck/s   txpck/s    rxkB/s    txkB/s   rxcmp/s   txcmp/s  rxmcst/s   %ifutil
07:11:14 AM        lo      0.00      0.00      0.00      0.00      0.00      0.00      0.00      0.00
07:11:14 AM      eth0      0.00      0.00      0.00      0.00      0.00      0.00      0.00      0.00
07:11:14 AM   docker0      0.00      0.00      0.00      0.00      0.00      0.00      0.00      0.00
07:11:14 AM veth927c207      0.00      0.00      0.00      0.00      0.00      0.00      0.00      0.00

07:11:14 AM     CPU     %user     %nice   %system   %iowait    %steal     %idle
07:11:15 AM     all      0.00      0.00      0.00      0.00      0.00    100.00

07:11:14 AM kbmemfree   kbavail kbmemused  %memused kbbuffers  kbcached  kbcommit   %commit  kbactive   kbinact   kbdirty
07:11:15 AM   3057724   5772960   1768804     22.30     85344   2801160   5445572     68.66   1892620   2670620       172

07:11:14 AM     IFACE   rxpck/s   txpck/s    rxkB/s    txkB/s   rxcmp/s   txcmp/s  rxmcst/s   %ifutil
07:11:15 AM        lo      0.00      0.00      0.00      0.00      0.00      0.00      0.00      0.00
07:11:15 AM      eth0      0.00      0.00      0.00      0.00      0.00      0.00      0.00      0.00
07:11:15 AM   docker0      0.00      0.00      0.00      0.00      0.00      0.00      0.00      0.00
07:11:15 AM veth927c207      0.00      0.00      0.00      0.00      0.00      0.00      0.00      0.00

07:11:15 AM     CPU     %user     %nice   %system   %iowait    %steal     %idle
07:11:16 AM     all      0.50      0.00      0.00      0.00      0.00     99.50

07:11:15 AM kbmemfree   kbavail kbmemused  %memused kbbuffers  kbcached  kbcommit   %commit  kbactive   kbinact   kbdirty
07:11:16 AM   3057724   5772960   1768804     22.30     85344   2801160   5445572     68.66   1892620   2670620       204

07:11:15 AM     IFACE   rxpck/s   txpck/s    rxkB/s    txkB/s   rxcmp/s   txcmp/s  rxmcst/s   %ifutil
07:11:16 AM        lo      0.00      0.00      0.00      0.00      0.00      0.00      0.00      0.00
07:11:16 AM      eth0      1.00      1.00      0.05      0.05      0.00      0.00      0.00      0.00
07:11:16 AM   docker0      0.00      0.00      0.00      0.00      0.00      0.00      0.00      0.00
07:11:16 AM veth927c207      0.00      0.00      0.00      0.00      0.00      0.00      0.00      0.00

07:11:16 AM     CPU     %user     %nice   %system   %iowait    %steal     %idle
07:11:17 AM     all      0.00      0.00      0.00      0.00      0.00    100.00

07:11:16 AM kbmemfree   kbavail kbmemused  %memused kbbuffers  kbcached  kbcommit   %commit  kbactive   kbinact   kbdirty
07:11:17 AM   3057724   5772960   1768804     22.30     85344   2801160   5445572     68.66   1892620   2670620       200

07:11:16 AM     IFACE   rxpck/s   txpck/s    rxkB/s    txkB/s   rxcmp/s   txcmp/s  rxmcst/s   %ifutil
07:11:17 AM        lo      0.00      0.00      0.00      0.00      0.00      0.00      0.00      0.00
07:11:17 AM      eth0      0.00      0.00      0.00      0.00      0.00      0.00      0.00      0.00
07:11:17 AM   docker0      0.00      0.00      0.00      0.00      0.00      0.00      0.00      0.00
07:11:17 AM veth927c207      0.00      0.00      0.00      0.00      0.00      0.00      0.00      0.00

07:11:17 AM     CPU     %user     %nice   %system   %iowait    %steal     %idle
07:11:18 AM     all      0.00      0.00      0.00      0.00      0.00    100.00

07:11:17 AM kbmemfree   kbavail kbmemused  %memused kbbuffers  kbcached  kbcommit   %commit  kbactive   kbinact   kbdirty
07:11:18 AM   3057724   5772964   1768804     22.30     85344   2801160   5445572     68.66   1892620   2670624       196

07:11:17 AM     IFACE   rxpck/s   txpck/s    rxkB/s    txkB/s   rxcmp/s   txcmp/s  rxmcst/s   %ifutil
07:11:18 AM        lo      0.00      0.00      0.00      0.00      0.00      0.00      0.00      0.00
07:11:18 AM      eth0      0.00      0.00      0.00      0.00      0.00      0.00      0.00      0.00
07:11:18 AM   docker0      0.00      0.00      0.00      0.00      0.00      0.00      0.00      0.00
07:11:18 AM veth927c207      0.00      0.00      0.00      0.00      0.00      0.00      0.00      0.00

07:11:18 AM     CPU     %user     %nice   %system   %iowait    %steal     %idle
07:11:19 AM     all      0.00      0.00      0.25      0.00      0.00     99.75

07:11:18 AM kbmemfree   kbavail kbmemused  %memused kbbuffers  kbcached  kbcommit   %commit  kbactive   kbinact   kbdirty
07:11:19 AM   3057724   5772964   1768800     22.30     85344   2801164   5445572     68.66   1892620   2670624       200

07:11:18 AM     IFACE   rxpck/s   txpck/s    rxkB/s    txkB/s   rxcmp/s   txcmp/s  rxmcst/s   %ifutil
07:11:19 AM        lo      0.00      0.00      0.00      0.00      0.00      0.00      0.00      0.00
07:11:19 AM      eth0      1.00      1.00      0.05      0.05      0.00      0.00      0.00      0.00
07:11:19 AM   docker0      0.00      0.00      0.00      0.00      0.00      0.00      0.00      0.00
07:11:19 AM veth927c207      0.00      0.00      0.00      0.00      0.00      0.00      0.00      0.00

07:11:19 AM     CPU     %user     %nice   %system   %iowait    %steal     %idle
07:11:20 AM     all      0.25      0.00      0.00      0.00      0.00     99.75

07:11:19 AM kbmemfree   kbavail kbmemused  %memused kbbuffers  kbcached  kbcommit   %commit  kbactive   kbinact   kbdirty
07:11:20 AM   3057724   5772964   1768800     22.30     85344   2801164   5445572     68.66   1892620   2670624       200

07:11:19 AM     IFACE   rxpck/s   txpck/s    rxkB/s    txkB/s   rxcmp/s   txcmp/s  rxmcst/s   %ifutil
07:11:20 AM        lo      0.00      0.00      0.00      0.00      0.00      0.00      0.00      0.00
07:11:20 AM      eth0      4.00      2.00      0.22      0.11      0.00      0.00      0.00      0.00
07:11:20 AM   docker0      0.00      0.00      0.00      0.00      0.00      0.00      0.00      0.00
07:11:20 AM veth927c207      0.00      0.00      0.00      0.00      0.00      0.00      0.00      0.00

07:11:20 AM     CPU     %user     %nice   %system   %iowait    %steal     %idle
07:11:21 AM     all      0.00      0.00      0.00      0.00      0.00    100.00

07:11:20 AM kbmemfree   kbavail kbmemused  %memused kbbuffers  kbcached  kbcommit   %commit  kbactive   kbinact   kbdirty
07:11:21 AM   3057724   5772968   1768800     22.30     85344   2801164   5445572     68.66   1892620   2670628       140

07:11:20 AM     IFACE   rxpck/s   txpck/s    rxkB/s    txkB/s   rxcmp/s   txcmp/s  rxmcst/s   %ifutil
07:11:21 AM        lo      0.00      0.00      0.00      0.00      0.00      0.00      0.00      0.00
07:11:21 AM      eth0      1.00      1.00      0.07      0.09      0.00      0.00      0.00      0.00
07:11:21 AM   docker0      0.00      0.00      0.00      0.00      0.00      0.00      0.00      0.00
07:11:21 AM veth927c207      0.00      0.00      0.00      0.00      0.00      0.00      0.00      0.00

07:11:21 AM     CPU     %user     %nice   %system   %iowait    %steal     %idle
07:11:22 AM     all      0.00      0.00      0.00      0.25      0.00     99.75

07:11:21 AM kbmemfree   kbavail kbmemused  %memused kbbuffers  kbcached  kbcommit   %commit  kbactive   kbinact   kbdirty
07:11:22 AM   3057724   5772968   1768800     22.30     85344   2801164   5445572     68.66   1892620   2670628       156

07:11:21 AM     IFACE   rxpck/s   txpck/s    rxkB/s    txkB/s   rxcmp/s   txcmp/s  rxmcst/s   %ifutil
07:11:22 AM        lo      0.00      0.00      0.00      0.00      0.00      0.00      0.00      0.00
07:11:22 AM      eth0      0.00      0.00      0.00      0.00      0.00      0.00      0.00      0.00
07:11:22 AM   docker0      0.00      0.00      0.00      0.00      0.00      0.00      0.00      0.00
07:11:22 AM veth927c207      0.00      0.00      0.00      0.00      0.00      0.00      0.00      0.00

07:11:22 AM     CPU     %user     %nice   %system   %iowait    %steal     %idle
07:11:23 AM     all      0.25      0.00      0.00      0.00      0.00     99.75

07:11:22 AM kbmemfree   kbavail kbmemused  %memused kbbuffers  kbcached  kbcommit   %commit  kbactive   kbinact   kbdirty
07:11:23 AM   3057724   5772968   1768796     22.30     85344   2801168   5445572     68.66   1892620   2670628       160

07:11:22 AM     IFACE   rxpck/s   txpck/s    rxkB/s    txkB/s   rxcmp/s   txcmp/s  rxmcst/s   %ifutil
07:11:23 AM        lo      0.00      0.00      0.00      0.00      0.00      0.00      0.00      0.00
07:11:23 AM      eth0      0.00      0.00      0.00      0.00      0.00      0.00      0.00      0.00
07:11:23 AM   docker0      0.00      0.00      0.00      0.00      0.00      0.00      0.00      0.00
07:11:23 AM veth927c207      0.00      0.00      0.00      0.00      0.00      0.00      0.00      0.00

07:11:23 AM     CPU     %user     %nice   %system   %iowait    %steal     %idle
07:11:24 AM     all      0.00      0.00      0.00      0.00      0.00    100.00

07:11:23 AM kbmemfree   kbavail kbmemused  %memused kbbuffers  kbcached  kbcommit   %commit  kbactive   kbinact   kbdirty
07:11:24 AM   3057724   5772968   1768796     22.30     85344   2801168   5445572     68.66   1892620   2670628       160

07:11:23 AM     IFACE   rxpck/s   txpck/s    rxkB/s    txkB/s   rxcmp/s   txcmp/s  rxmcst/s   %ifutil
07:11:24 AM        lo      0.00      0.00      0.00      0.00      0.00      0.00      0.00      0.00
07:11:24 AM      eth0      0.00      0.00      0.00      0.00      0.00      0.00      0.00      0.00
07:11:24 AM   docker0      0.00      0.00      0.00      0.00      0.00      0.00      0.00      0.00
07:11:24 AM veth927c207      0.00      0.00      0.00      0.00      0.00      0.00      0.00      0.00

07:11:24 AM     CPU     %user     %nice   %system   %iowait    %steal     %idle
07:11:25 AM     all      0.00      0.00      0.00      0.00      0.00    100.00

07:11:24 AM kbmemfree   kbavail kbmemused  %memused kbbuffers  kbcached  kbcommit   %commit  kbactive   kbinact   kbdirty
07:11:25 AM   3057724   5772968   1768796     22.30     85344   2801168   5445572     68.66   1892620   2670628       160

07:11:24 AM     IFACE   rxpck/s   txpck/s    rxkB/s    txkB/s   rxcmp/s   txcmp/s  rxmcst/s   %ifutil
07:11:25 AM        lo      0.00      0.00      0.00      0.00      0.00      0.00      0.00      0.00
07:11:25 AM      eth0      0.00      0.00      0.00      0.00      0.00      0.00      0.00      0.00
07:11:25 AM   docker0      0.00      0.00      0.00      0.00      0.00      0.00      0.00      0.00
07:11:25 AM veth927c207      0.00      0.00      0.00      0.00      0.00      0.00      0.00      0.00

07:11:25 AM     CPU     %user     %nice   %system   %iowait    %steal     %idle
07:11:26 AM     all      0.25      0.00      0.25      0.00      0.00     99.50

07:11:25 AM kbmemfree   kbavail kbmemused  %memused kbbuffers  kbcached  kbcommit   %commit  kbactive   kbinact   kbdirty
07:11:26 AM   3057724   5772968   1768796     22.30     85344   2801168   5445572     68.66   1892628   2670628       152

07:11:25 AM     IFACE   rxpck/s   txpck/s    rxkB/s    txkB/s   rxcmp/s   txcmp/s  rxmcst/s   %ifutil
07:11:26 AM        lo      0.00      0.00      0.00      0.00      0.00      0.00      0.00      0.00
07:11:26 AM      eth0      0.00      0.00      0.00      0.00      0.00      0.00      0.00      0.00
07:11:26 AM   docker0      0.00      0.00      0.00      0.00      0.00      0.00      0.00      0.00
07:11:26 AM veth927c207      0.00      0.00      0.00      0.00      0.00      0.00      0.00      0.00

07:11:26 AM     CPU     %user     %nice   %system   %iowait    %steal     %idle
07:11:27 AM     all      0.25      0.00      0.00      0.00      0.00     99.75

07:11:26 AM kbmemfree   kbavail kbmemused  %memused kbbuffers  kbcached  kbcommit   %commit  kbactive   kbinact   kbdirty
07:11:27 AM   3057724   5772968   1768796     22.30     85344   2801168   5445572     68.66   1892628   2670628       140

07:11:26 AM     IFACE   rxpck/s   txpck/s    rxkB/s    txkB/s   rxcmp/s   txcmp/s  rxmcst/s   %ifutil
07:11:27 AM        lo      0.00      0.00      0.00      0.00      0.00      0.00      0.00      0.00
07:11:27 AM      eth0      0.00      0.00      0.00      0.00      0.00      0.00      0.00      0.00
07:11:27 AM   docker0      0.00      0.00      0.00      0.00      0.00      0.00      0.00      0.00
07:11:27 AM veth927c207      0.00      0.00      0.00      0.00      0.00      0.00      0.00      0.00

07:11:27 AM     CPU     %user     %nice   %system   %iowait    %steal     %idle
07:11:28 AM     all      0.00      0.00      0.25      0.00      0.00     99.75

07:11:27 AM kbmemfree   kbavail kbmemused  %memused kbbuffers  kbcached  kbcommit   %commit  kbactive   kbinact   kbdirty
07:11:28 AM   3057724   5772968   1768792     22.30     85344   2801172   5445572     68.66   1892628   2670628       144

07:11:27 AM     IFACE   rxpck/s   txpck/s    rxkB/s    txkB/s   rxcmp/s   txcmp/s  rxmcst/s   %ifutil
07:11:28 AM        lo      0.00      0.00      0.00      0.00      0.00      0.00      0.00      0.00
07:11:28 AM      eth0      1.00      1.00      0.07      0.07      0.00      0.00      0.00      0.00
07:11:28 AM   docker0      0.00      0.00      0.00      0.00      0.00      0.00      0.00      0.00
07:11:28 AM veth927c207      0.00      0.00      0.00      0.00      0.00      0.00      0.00      0.00

07:11:28 AM     CPU     %user     %nice   %system   %iowait    %steal     %idle
07:11:29 AM     all      0.25      0.00      0.25      0.00      0.00     99.50

07:11:28 AM kbmemfree   kbavail kbmemused  %memused kbbuffers  kbcached  kbcommit   %commit  kbactive   kbinact   kbdirty
07:11:29 AM   3055484   5770728   1771032     22.33     85344   2801172   5449020     68.70   1894176   2670628       144

07:11:28 AM     IFACE   rxpck/s   txpck/s    rxkB/s    txkB/s   rxcmp/s   txcmp/s  rxmcst/s   %ifutil
07:11:29 AM        lo      0.00      0.00      0.00      0.00      0.00      0.00      0.00      0.00
07:11:29 AM      eth0     11.00     12.00      1.90      2.56      0.00      0.00      0.00      0.00
07:11:29 AM   docker0      0.00      0.00      0.00      0.00      0.00      0.00      0.00      0.00
07:11:29 AM veth927c207      0.00      0.00      0.00      0.00      0.00      0.00      0.00      0.00

07:11:29 AM     CPU     %user     %nice   %system   %iowait    %steal     %idle
07:11:30 AM     all      0.00      0.00      0.00      0.00      0.00    100.00

07:11:29 AM kbmemfree   kbavail kbmemused  %memused kbbuffers  kbcached  kbcommit   %commit  kbactive   kbinact   kbdirty
07:11:30 AM   3055484   5770736   1771032     22.33     85344   2801172   5449020     68.70   1894320   2670636       212

07:11:29 AM     IFACE   rxpck/s   txpck/s    rxkB/s    txkB/s   rxcmp/s   txcmp/s  rxmcst/s   %ifutil
07:11:30 AM        lo      0.00      0.00      0.00      0.00      0.00      0.00      0.00      0.00
07:11:30 AM      eth0      1.00      1.00      0.05      0.05      0.00      0.00      0.00      0.00
07:11:30 AM   docker0      0.00      0.00      0.00      0.00      0.00      0.00      0.00      0.00
07:11:30 AM veth927c207      0.00      0.00      0.00      0.00      0.00      0.00      0.00      0.00

07:11:30 AM     CPU     %user     %nice   %system   %iowait    %steal     %idle
07:11:31 AM     all      0.25      0.00      0.25      0.00      0.00     99.50

07:11:30 AM kbmemfree   kbavail kbmemused  %memused kbbuffers  kbcached  kbcommit   %commit  kbactive   kbinact   kbdirty
07:11:31 AM   3055484   5770736   1771032     22.33     85344   2801172   5449020     68.70   1894320   2670636       212

07:11:30 AM     IFACE   rxpck/s   txpck/s    rxkB/s    txkB/s   rxcmp/s   txcmp/s  rxmcst/s   %ifutil
07:11:31 AM        lo      0.00      0.00      0.00      0.00      0.00      0.00      0.00      0.00
07:11:31 AM      eth0      0.00      0.00      0.00      0.00      0.00      0.00      0.00      0.00
07:11:31 AM   docker0      0.00      0.00      0.00      0.00      0.00      0.00      0.00      0.00
07:11:31 AM veth927c207      0.00      0.00      0.00      0.00      0.00      0.00      0.00      0.00

07:11:31 AM     CPU     %user     %nice   %system   %iowait    %steal     %idle
07:11:32 AM     all      0.00      0.00      0.00      0.00      0.00    100.00

07:11:31 AM kbmemfree   kbavail kbmemused  %memused kbbuffers  kbcached  kbcommit   %commit  kbactive   kbinact   kbdirty
07:11:32 AM   3055484   5770736   1771028     22.33     85344   2801176   5449020     68.70   1894320   2670636       228

07:11:31 AM     IFACE   rxpck/s   txpck/s    rxkB/s    txkB/s   rxcmp/s   txcmp/s  rxmcst/s   %ifutil
07:11:32 AM        lo      0.00      0.00      0.00      0.00      0.00      0.00      0.00      0.00
07:11:32 AM      eth0      0.00      0.00      0.00      0.00      0.00      0.00      0.00      0.00
07:11:32 AM   docker0      0.00      0.00      0.00      0.00      0.00      0.00      0.00      0.00
07:11:32 AM veth927c207      0.00      0.00      0.00      0.00      0.00      0.00      0.00      0.00

07:11:32 AM     CPU     %user     %nice   %system   %iowait    %steal     %idle
07:11:33 AM     all      0.50      0.00      0.00      0.00      0.00     99.50

07:11:32 AM kbmemfree   kbavail kbmemused  %memused kbbuffers  kbcached  kbcommit   %commit  kbactive   kbinact   kbdirty
07:11:33 AM   3055484   5770736   1771028     22.33     85344   2801176   5449020     68.70   1894320   2670636       244

07:11:32 AM     IFACE   rxpck/s   txpck/s    rxkB/s    txkB/s   rxcmp/s   txcmp/s  rxmcst/s   %ifutil
07:11:33 AM        lo      0.00      0.00      0.00      0.00      0.00      0.00      0.00      0.00
07:11:33 AM      eth0      0.00      0.00      0.00      0.00      0.00      0.00      0.00      0.00
07:11:33 AM   docker0      0.00      0.00      0.00      0.00      0.00      0.00      0.00      0.00
07:11:33 AM veth927c207      0.00      0.00      0.00      0.00      0.00      0.00      0.00      0.00

07:11:33 AM     CPU     %user     %nice   %system   %iowait    %steal     %idle
07:11:34 AM     all      0.00      0.00      0.00      0.00      0.00    100.00

07:11:33 AM kbmemfree   kbavail kbmemused  %memused kbbuffers  kbcached  kbcommit   %commit  kbactive   kbinact   kbdirty
07:11:34 AM   3055484   5770736   1771028     22.33     85344   2801176   5445572     68.66   1892772   2670636       244

07:11:33 AM     IFACE   rxpck/s   txpck/s    rxkB/s    txkB/s   rxcmp/s   txcmp/s  rxmcst/s   %ifutil
07:11:34 AM        lo      0.00      0.00      0.00      0.00      0.00      0.00      0.00      0.00
07:11:34 AM      eth0      2.00      2.00      0.13      0.18      0.00      0.00      0.00      0.00
07:11:34 AM   docker0      0.00      0.00      0.00      0.00      0.00      0.00      0.00      0.00
07:11:34 AM veth927c207      0.00      0.00      0.00      0.00      0.00      0.00      0.00      0.00

07:11:34 AM     CPU     %user     %nice   %system   %iowait    %steal     %idle
07:11:35 AM     all      0.25      0.00      0.00      0.00      0.00     99.75

07:11:34 AM kbmemfree   kbavail kbmemused  %memused kbbuffers  kbcached  kbcommit   %commit  kbactive   kbinact   kbdirty
07:11:35 AM   3055484   5770740   1771032     22.33     85344   2801176   5445572     68.66   1892668   2670640       252

07:11:34 AM     IFACE   rxpck/s   txpck/s    rxkB/s    txkB/s   rxcmp/s   txcmp/s  rxmcst/s   %ifutil
07:11:35 AM        lo      0.00      0.00      0.00      0.00      0.00      0.00      0.00      0.00
07:11:35 AM      eth0      0.00      0.00      0.00      0.00      0.00      0.00      0.00      0.00
07:11:35 AM   docker0      0.00      0.00      0.00      0.00      0.00      0.00      0.00      0.00
07:11:35 AM veth927c207      0.00      0.00      0.00      0.00      0.00      0.00      0.00      0.00

07:11:35 AM     CPU     %user     %nice   %system   %iowait    %steal     %idle
07:11:36 AM     all      0.00      0.00      0.00      0.00      0.00    100.00

07:11:35 AM kbmemfree   kbavail kbmemused  %memused kbbuffers  kbcached  kbcommit   %commit  kbactive   kbinact   kbdirty
07:11:36 AM   3055484   5770740   1771032     22.33     85344   2801176   5445572     68.66   1892668   2670640       252

07:11:35 AM     IFACE   rxpck/s   txpck/s    rxkB/s    txkB/s   rxcmp/s   txcmp/s  rxmcst/s   %ifutil
07:11:36 AM        lo      0.00      0.00      0.00      0.00      0.00      0.00      0.00      0.00
07:11:36 AM      eth0      0.00      0.00      0.00      0.00      0.00      0.00      0.00      0.00
07:11:36 AM   docker0      0.00      0.00      0.00      0.00      0.00      0.00      0.00      0.00
07:11:36 AM veth927c207      0.00      0.00      0.00      0.00      0.00      0.00      0.00      0.00

07:11:36 AM     CPU     %user     %nice   %system   %iowait    %steal     %idle
07:11:37 AM     all      0.25      0.00      0.25      0.00      0.00     99.50

07:11:36 AM kbmemfree   kbavail kbmemused  %memused kbbuffers  kbcached  kbcommit   %commit  kbactive   kbinact   kbdirty
07:11:37 AM   3055232   5770492   1771276     22.33     85344   2801180   5445572     68.66   1892668   2670644       268

07:11:36 AM     IFACE   rxpck/s   txpck/s    rxkB/s    txkB/s   rxcmp/s   txcmp/s  rxmcst/s   %ifutil
07:11:37 AM        lo      0.00      0.00      0.00      0.00      0.00      0.00      0.00      0.00
07:11:37 AM      eth0      0.00      0.00      0.00      0.00      0.00      0.00      0.00      0.00
07:11:37 AM   docker0      0.00      0.00      0.00      0.00      0.00      0.00      0.00      0.00
07:11:37 AM veth927c207      0.00      0.00      0.00      0.00      0.00      0.00      0.00      0.00

07:11:37 AM     CPU     %user     %nice   %system   %iowait    %steal     %idle
07:11:38 AM     all      0.00      0.00      0.00      0.00      0.00    100.00

07:11:37 AM kbmemfree   kbavail kbmemused  %memused kbbuffers  kbcached  kbcommit   %commit  kbactive   kbinact   kbdirty
07:11:38 AM   3055232   5770492   1771276     22.33     85344   2801180   5445572     68.66   1892668   2670644       260

07:11:37 AM     IFACE   rxpck/s   txpck/s    rxkB/s    txkB/s   rxcmp/s   txcmp/s  rxmcst/s   %ifutil
07:11:38 AM        lo      0.00      0.00      0.00      0.00      0.00      0.00      0.00      0.00
07:11:38 AM      eth0      0.00      0.00      0.00      0.00      0.00      0.00      0.00      0.00
07:11:38 AM   docker0      0.00      0.00      0.00      0.00      0.00      0.00      0.00      0.00
07:11:38 AM veth927c207      0.00      0.00      0.00      0.00      0.00      0.00      0.00      0.00

07:11:38 AM     CPU     %user     %nice   %system   %iowait    %steal     %idle
07:11:39 AM     all      0.00      0.00      0.00      0.00      0.00    100.00

07:11:38 AM kbmemfree   kbavail kbmemused  %memused kbbuffers  kbcached  kbcommit   %commit  kbactive   kbinact   kbdirty
07:11:39 AM   3055232   5770492   1771276     22.33     85344   2801180   5445572     68.66   1892668   2670644       264

07:11:38 AM     IFACE   rxpck/s   txpck/s    rxkB/s    txkB/s   rxcmp/s   txcmp/s  rxmcst/s   %ifutil
07:11:39 AM        lo      0.00      0.00      0.00      0.00      0.00      0.00      0.00      0.00
07:11:39 AM      eth0      0.00      0.00      0.00      0.00      0.00      0.00      0.00      0.00
07:11:39 AM   docker0      0.00      0.00      0.00      0.00      0.00      0.00      0.00      0.00
07:11:39 AM veth927c207      0.00      0.00      0.00      0.00      0.00      0.00      0.00      0.00

07:11:39 AM     CPU     %user     %nice   %system   %iowait    %steal     %idle
07:11:40 AM     all      0.00      0.00      0.00      0.00      0.00    100.00

07:11:39 AM kbmemfree   kbavail kbmemused  %memused kbbuffers  kbcached  kbcommit   %commit  kbactive   kbinact   kbdirty
07:11:40 AM   3055232   5770492   1771276     22.33     85344   2801180   5445572     68.66   1892668   2670644       264

07:11:39 AM     IFACE   rxpck/s   txpck/s    rxkB/s    txkB/s   rxcmp/s   txcmp/s  rxmcst/s   %ifutil
07:11:40 AM        lo      0.00      0.00      0.00      0.00      0.00      0.00      0.00      0.00
07:11:40 AM      eth0      1.00      1.00      0.07      0.05      0.00      0.00      0.00      0.00
07:11:40 AM   docker0      0.00      0.00      0.00      0.00      0.00      0.00      0.00      0.00
07:11:40 AM veth927c207      0.00      0.00      0.00      0.00      0.00      0.00      0.00      0.00

07:11:40 AM     CPU     %user     %nice   %system   %iowait    %steal     %idle
07:11:41 AM     all      0.25      0.00      0.00      0.00      0.00     99.75

07:11:40 AM kbmemfree   kbavail kbmemused  %memused kbbuffers  kbcached  kbcommit   %commit  kbactive   kbinact   kbdirty
07:11:41 AM   3055232   5770492   1771272     22.33     85344   2801184   5445572     68.66   1892668   2670644       268

07:11:40 AM     IFACE   rxpck/s   txpck/s    rxkB/s    txkB/s   rxcmp/s   txcmp/s  rxmcst/s   %ifutil
07:11:41 AM        lo      0.00      0.00      0.00      0.00      0.00      0.00      0.00      0.00
07:11:41 AM      eth0      0.00      0.00      0.00      0.00      0.00      0.00      0.00      0.00
07:11:41 AM   docker0      0.00      0.00      0.00      0.00      0.00      0.00      0.00      0.00
07:11:41 AM veth927c207      0.00      0.00      0.00      0.00      0.00      0.00      0.00      0.00

07:11:41 AM     CPU     %user     %nice   %system   %iowait    %steal     %idle
07:11:42 AM     all      0.00      0.00      0.00      0.00      0.00    100.00

07:11:41 AM kbmemfree   kbavail kbmemused  %memused kbbuffers  kbcached  kbcommit   %commit  kbactive   kbinact   kbdirty
07:11:42 AM   3055232   5770492   1771272     22.33     85344   2801184   5445572     68.66   1892680   2670644       232

07:11:41 AM     IFACE   rxpck/s   txpck/s    rxkB/s    txkB/s   rxcmp/s   txcmp/s  rxmcst/s   %ifutil
07:11:42 AM        lo      0.00      0.00      0.00      0.00      0.00      0.00      0.00      0.00
07:11:42 AM      eth0      0.00      0.00      0.00      0.00      0.00      0.00      0.00      0.00
07:11:42 AM   docker0      0.00      0.00      0.00      0.00      0.00      0.00      0.00      0.00
07:11:42 AM veth927c207      0.00      0.00      0.00      0.00      0.00      0.00      0.00      0.00

07:11:42 AM     CPU     %user     %nice   %system   %iowait    %steal     %idle
07:11:43 AM     all      0.00      0.00      0.25      0.25      0.00     99.50

07:11:42 AM kbmemfree   kbavail kbmemused  %memused kbbuffers  kbcached  kbcommit   %commit  kbactive   kbinact   kbdirty
07:11:43 AM   3055232   5770492   1771272     22.33     85344   2801184   5445572     68.66   1892680   2670644        80

07:11:42 AM     IFACE   rxpck/s   txpck/s    rxkB/s    txkB/s   rxcmp/s   txcmp/s  rxmcst/s   %ifutil
07:11:43 AM        lo      0.00      0.00      0.00      0.00      0.00      0.00      0.00      0.00
07:11:43 AM      eth0      1.98      0.99      0.10      0.05      0.00      0.00      0.00      0.00
07:11:43 AM   docker0      0.00      0.00      0.00      0.00      0.00      0.00      0.00      0.00
07:11:43 AM veth927c207      0.00      0.00      0.00      0.00      0.00      0.00      0.00      0.00

07:11:43 AM     CPU     %user     %nice   %system   %iowait    %steal     %idle
07:11:44 AM     all      0.00      0.00      0.00      0.00      0.00    100.00

07:11:43 AM kbmemfree   kbavail kbmemused  %memused kbbuffers  kbcached  kbcommit   %commit  kbactive   kbinact   kbdirty
07:11:44 AM   3055232   5770492   1771272     22.33     85344   2801184   5445572     68.66   1892692   2670644        32

07:11:43 AM     IFACE   rxpck/s   txpck/s    rxkB/s    txkB/s   rxcmp/s   txcmp/s  rxmcst/s   %ifutil
07:11:44 AM        lo      0.00      0.00      0.00      0.00      0.00      0.00      0.00      0.00
07:11:44 AM      eth0      1.00      1.00      0.06      0.05      0.00      0.00      0.00      0.00
07:11:44 AM   docker0      0.00      0.00      0.00      0.00      0.00      0.00      0.00      0.00
07:11:44 AM veth927c207      0.00      0.00      0.00      0.00      0.00      0.00      0.00      0.00

07:11:44 AM     CPU     %user     %nice   %system   %iowait    %steal     %idle
07:11:45 AM     all      0.00      0.00      0.00      0.00      0.00    100.00

07:11:44 AM kbmemfree   kbavail kbmemused  %memused kbbuffers  kbcached  kbcommit   %commit  kbactive   kbinact   kbdirty
07:11:45 AM   3055232   5770492   1771272     22.33     85344   2801184   5445572     68.66   1892692   2670644        36

07:11:44 AM     IFACE   rxpck/s   txpck/s    rxkB/s    txkB/s   rxcmp/s   txcmp/s  rxmcst/s   %ifutil
07:11:45 AM        lo      0.00      0.00      0.00      0.00      0.00      0.00      0.00      0.00
07:11:45 AM      eth0      0.00      0.00      0.00      0.00      0.00      0.00      0.00      0.00
07:11:45 AM   docker0      0.00      0.00      0.00      0.00      0.00      0.00      0.00      0.00
07:11:45 AM veth927c207      0.00      0.00      0.00      0.00      0.00      0.00      0.00      0.00

07:11:45 AM     CPU     %user     %nice   %system   %iowait    %steal     %idle
07:11:46 AM     all      0.50      0.00      0.75      0.00      0.00     98.74

07:11:45 AM kbmemfree   kbavail kbmemused  %memused kbbuffers  kbcached  kbcommit   %commit  kbactive   kbinact   kbdirty
07:11:46 AM   3053468   5768728   1773032     22.35     85344   2801188   5448760     68.70   1894300   2670644        44

07:11:45 AM     IFACE   rxpck/s   txpck/s    rxkB/s    txkB/s   rxcmp/s   txcmp/s  rxmcst/s   %ifutil
07:11:46 AM        lo      0.00      0.00      0.00      0.00      0.00      0.00      0.00      0.00
07:11:46 AM      eth0      9.00     11.00      1.76      2.39      0.00      0.00      0.00      0.00
07:11:46 AM   docker0      0.00      0.00      0.00      0.00      0.00      0.00      0.00      0.00
07:11:46 AM veth927c207      0.00      0.00      0.00      0.00      0.00      0.00      0.00      0.00

07:11:46 AM     CPU     %user     %nice   %system   %iowait    %steal     %idle
07:11:47 AM     all      0.25      0.00      0.25      0.00      0.00     99.50

07:11:46 AM kbmemfree   kbavail kbmemused  %memused kbbuffers  kbcached  kbcommit   %commit  kbactive   kbinact   kbdirty
07:11:47 AM   3053468   5768736   1773032     22.35     85344   2801188   5448760     68.70   1894352   2670652       168

07:11:46 AM     IFACE   rxpck/s   txpck/s    rxkB/s    txkB/s   rxcmp/s   txcmp/s  rxmcst/s   %ifutil
07:11:47 AM        lo      0.00      0.00      0.00      0.00      0.00      0.00      0.00      0.00
07:11:47 AM      eth0      0.00      0.00      0.00      0.00      0.00      0.00      0.00      0.00
07:11:47 AM   docker0      0.00      0.00      0.00      0.00      0.00      0.00      0.00      0.00
07:11:47 AM veth927c207      0.00      0.00      0.00      0.00      0.00      0.00      0.00      0.00

07:11:47 AM     CPU     %user     %nice   %system   %iowait    %steal     %idle
07:11:48 AM     all      0.00      0.00      0.00      0.25      0.00     99.75

07:11:47 AM kbmemfree   kbavail kbmemused  %memused kbbuffers  kbcached  kbcommit   %commit  kbactive   kbinact   kbdirty
07:11:48 AM   3053468   5768736   1773032     22.35     85344   2801188   5448760     68.70   1894352   2670652       148

07:11:47 AM     IFACE   rxpck/s   txpck/s    rxkB/s    txkB/s   rxcmp/s   txcmp/s  rxmcst/s   %ifutil
07:11:48 AM        lo      0.00      0.00      0.00      0.00      0.00      0.00      0.00      0.00
07:11:48 AM      eth0      0.00      0.00      0.00      0.00      0.00      0.00      0.00      0.00
07:11:48 AM   docker0      0.00      0.00      0.00      0.00      0.00      0.00      0.00      0.00
07:11:48 AM veth927c207      0.00      0.00      0.00      0.00      0.00      0.00      0.00      0.00

07:11:48 AM     CPU     %user     %nice   %system   %iowait    %steal     %idle
07:11:49 AM     all      0.00      0.00      0.25      0.00      0.00     99.75

07:11:48 AM kbmemfree   kbavail kbmemused  %memused kbbuffers  kbcached  kbcommit   %commit  kbactive   kbinact   kbdirty
07:11:49 AM   3056076   5771344   1770424     22.32     85344   2801188   5445572     68.66   1892804   2670652       148

07:11:48 AM     IFACE   rxpck/s   txpck/s    rxkB/s    txkB/s   rxcmp/s   txcmp/s  rxmcst/s   %ifutil
07:11:49 AM        lo      0.00      0.00      0.00      0.00      0.00      0.00      0.00      0.00
07:11:49 AM      eth0      3.00      3.00      0.24      0.24      0.00      0.00      0.00      0.00
07:11:49 AM   docker0      0.00      0.00      0.00      0.00      0.00      0.00      0.00      0.00
07:11:49 AM veth927c207      0.00      0.00      0.00      0.00      0.00      0.00      0.00      0.00

07:11:49 AM     CPU     %user     %nice   %system   %iowait    %steal     %idle
07:11:50 AM     all      0.25      0.00      0.00      0.00      0.00     99.75

07:11:49 AM kbmemfree   kbavail kbmemused  %memused kbbuffers  kbcached  kbcommit   %commit  kbactive   kbinact   kbdirty
07:11:50 AM   3055856   5771124   1770640     22.32     85344   2801192   5445572     68.66   1892660   2670652       228

07:11:49 AM     IFACE   rxpck/s   txpck/s    rxkB/s    txkB/s   rxcmp/s   txcmp/s  rxmcst/s   %ifutil
07:11:50 AM        lo      0.00      0.00      0.00      0.00      0.00      0.00      0.00      0.00
07:11:50 AM      eth0      0.00      0.00      0.00      0.00      0.00      0.00      0.00      0.00
07:11:50 AM   docker0      0.00      0.00      0.00      0.00      0.00      0.00      0.00      0.00
07:11:50 AM veth927c207      0.00      0.00      0.00      0.00      0.00      0.00      0.00      0.00

07:11:50 AM     CPU     %user     %nice   %system   %iowait    %steal     %idle
07:11:51 AM     all      0.00      0.00      0.00      0.00      0.00    100.00

07:11:50 AM kbmemfree   kbavail kbmemused  %memused kbbuffers  kbcached  kbcommit   %commit  kbactive   kbinact   kbdirty
07:11:51 AM   3055856   5771124   1770640     22.32     85344   2801192   5445572     68.66   1892660   2670652       232

07:11:50 AM     IFACE   rxpck/s   txpck/s    rxkB/s    txkB/s   rxcmp/s   txcmp/s  rxmcst/s   %ifutil
07:11:51 AM        lo      0.00      0.00      0.00      0.00      0.00      0.00      0.00      0.00
07:11:51 AM      eth0      2.00      1.00      0.11      0.05      0.00      0.00      0.00      0.00
07:11:51 AM   docker0      0.00      0.00      0.00      0.00      0.00      0.00      0.00      0.00
07:11:51 AM veth927c207      0.00      0.00      0.00      0.00      0.00      0.00      0.00      0.00

07:11:51 AM     CPU     %user     %nice   %system   %iowait    %steal     %idle
07:11:52 AM     all      0.00      0.00      0.00      0.00      0.00    100.00

07:11:51 AM kbmemfree   kbavail kbmemused  %memused kbbuffers  kbcached  kbcommit   %commit  kbactive   kbinact   kbdirty
07:11:52 AM   3055856   5771124   1770640     22.32     85344   2801192   5445572     68.66   1892660   2670652       228

07:11:51 AM     IFACE   rxpck/s   txpck/s    rxkB/s    txkB/s   rxcmp/s   txcmp/s  rxmcst/s   %ifutil
07:11:52 AM        lo      0.00      0.00      0.00      0.00      0.00      0.00      0.00      0.00
07:11:52 AM      eth0      1.00      1.00      0.05      0.05      0.00      0.00      0.00      0.00
07:11:52 AM   docker0      0.00      0.00      0.00      0.00      0.00      0.00      0.00      0.00
07:11:52 AM veth927c207      0.00      0.00      0.00      0.00      0.00      0.00      0.00      0.00

07:11:52 AM     CPU     %user     %nice   %system   %iowait    %steal     %idle
07:11:53 AM     all      0.25      0.00      0.00      0.00      0.00     99.75

07:11:52 AM kbmemfree   kbavail kbmemused  %memused kbbuffers  kbcached  kbcommit   %commit  kbactive   kbinact   kbdirty
07:11:53 AM   3055856   5771124   1770640     22.32     85344   2801192   5445572     68.66   1892660   2670652       228

07:11:52 AM     IFACE   rxpck/s   txpck/s    rxkB/s    txkB/s   rxcmp/s   txcmp/s  rxmcst/s   %ifutil
07:11:53 AM        lo      0.00      0.00      0.00      0.00      0.00      0.00      0.00      0.00
07:11:53 AM      eth0      0.00      0.00      0.00      0.00      0.00      0.00      0.00      0.00
07:11:53 AM   docker0      0.00      0.00      0.00      0.00      0.00      0.00      0.00      0.00
07:11:53 AM veth927c207      0.00      0.00      0.00      0.00      0.00      0.00      0.00      0.00

07:11:53 AM     CPU     %user     %nice   %system   %iowait    %steal     %idle
07:11:54 AM     all      0.00      0.00      0.00      0.00      0.00    100.00

07:11:53 AM kbmemfree   kbavail kbmemused  %memused kbbuffers  kbcached  kbcommit   %commit  kbactive   kbinact   kbdirty
07:11:54 AM   3055856   5771128   1770640     22.32     85344   2801192   5445572     68.66   1892672   2670656       196

07:11:53 AM     IFACE   rxpck/s   txpck/s    rxkB/s    txkB/s   rxcmp/s   txcmp/s  rxmcst/s   %ifutil
07:11:54 AM        lo      0.00      0.00      0.00      0.00      0.00      0.00      0.00      0.00
07:11:54 AM      eth0      0.00      0.00      0.00      0.00      0.00      0.00      0.00      0.00
07:11:54 AM   docker0      0.00      0.00      0.00      0.00      0.00      0.00      0.00      0.00
07:11:54 AM veth927c207      0.00      0.00      0.00      0.00      0.00      0.00      0.00      0.00

07:11:54 AM     CPU     %user     %nice   %system   %iowait    %steal     %idle
07:11:55 AM     all      0.25      0.00      0.00      0.00      0.00     99.75

07:11:54 AM kbmemfree   kbavail kbmemused  %memused kbbuffers  kbcached  kbcommit   %commit  kbactive   kbinact   kbdirty
07:11:55 AM   3055856   5771128   1770636     22.32     85344   2801196   5445572     68.66   1892540   2670656       200

07:11:54 AM     IFACE   rxpck/s   txpck/s    rxkB/s    txkB/s   rxcmp/s   txcmp/s  rxmcst/s   %ifutil
07:11:55 AM        lo      0.00      0.00      0.00      0.00      0.00      0.00      0.00      0.00
07:11:55 AM      eth0      1.00      1.00      0.07      0.05      0.00      0.00      0.00      0.00
07:11:55 AM   docker0      0.00      0.00      0.00      0.00      0.00      0.00      0.00      0.00
07:11:55 AM veth927c207      0.00      0.00      0.00      0.00      0.00      0.00      0.00      0.00

07:11:55 AM     CPU     %user     %nice   %system   %iowait    %steal     %idle
07:11:56 AM     all      0.00      0.00      0.00      0.00      0.00    100.00

07:11:55 AM kbmemfree   kbavail kbmemused  %memused kbbuffers  kbcached  kbcommit   %commit  kbactive   kbinact   kbdirty
07:11:56 AM   3055856   5771132   1770636     22.32     85344   2801196   5445572     68.66   1892540   2670660       192

07:11:55 AM     IFACE   rxpck/s   txpck/s    rxkB/s    txkB/s   rxcmp/s   txcmp/s  rxmcst/s   %ifutil
07:11:56 AM        lo      0.00      0.00      0.00      0.00      0.00      0.00      0.00      0.00
07:11:56 AM      eth0      0.00      0.00      0.00      0.00      0.00      0.00      0.00      0.00
07:11:56 AM   docker0      0.00      0.00      0.00      0.00      0.00      0.00      0.00      0.00
07:11:56 AM veth927c207      0.00      0.00      0.00      0.00      0.00      0.00      0.00      0.00

07:11:56 AM     CPU     %user     %nice   %system   %iowait    %steal     %idle
07:11:57 AM     all      0.00      0.00      0.25      0.00      0.00     99.75

07:11:56 AM kbmemfree   kbavail kbmemused  %memused kbbuffers  kbcached  kbcommit   %commit  kbactive   kbinact   kbdirty
07:11:57 AM   3055856   5771132   1770636     22.32     85344   2801196   5445572     68.66   1892540   2670660       196

07:11:56 AM     IFACE   rxpck/s   txpck/s    rxkB/s    txkB/s   rxcmp/s   txcmp/s  rxmcst/s   %ifutil
07:11:57 AM        lo      0.00      0.00      0.00      0.00      0.00      0.00      0.00      0.00
07:11:57 AM      eth0      0.00      0.00      0.00      0.00      0.00      0.00      0.00      0.00
07:11:57 AM   docker0      0.00      0.00      0.00      0.00      0.00      0.00      0.00      0.00
07:11:57 AM veth927c207      0.00      0.00      0.00      0.00      0.00      0.00      0.00      0.00

07:11:57 AM     CPU     %user     %nice   %system   %iowait    %steal     %idle
07:11:58 AM     all      0.00      0.00      0.75      0.00      0.00     99.25

07:11:57 AM kbmemfree   kbavail kbmemused  %memused kbbuffers  kbcached  kbcommit   %commit  kbactive   kbinact   kbdirty
07:11:58 AM   3055856   5771132   1770636     22.32     85344   2801196   5445572     68.66   1892540   2670660       196

07:11:57 AM     IFACE   rxpck/s   txpck/s    rxkB/s    txkB/s   rxcmp/s   txcmp/s  rxmcst/s   %ifutil
07:11:58 AM        lo      0.00      0.00      0.00      0.00      0.00      0.00      0.00      0.00
07:11:58 AM      eth0      0.00      0.00      0.00      0.00      0.00      0.00      0.00      0.00
07:11:58 AM   docker0      0.00      0.00      0.00      0.00      0.00      0.00      0.00      0.00
07:11:58 AM veth927c207      0.00      0.00      0.00      0.00      0.00      0.00      0.00      0.00

07:11:58 AM     CPU     %user     %nice   %system   %iowait    %steal     %idle
07:11:59 AM     all      0.00      0.00      0.00      0.00      0.00    100.00

07:11:58 AM kbmemfree   kbavail kbmemused  %memused kbbuffers  kbcached  kbcommit   %commit  kbactive   kbinact   kbdirty
07:11:59 AM   3055856   5771132   1770636     22.32     85344   2801196   5445572     68.66   1892540   2670660       196

07:11:58 AM     IFACE   rxpck/s   txpck/s    rxkB/s    txkB/s   rxcmp/s   txcmp/s  rxmcst/s   %ifutil
07:11:59 AM        lo      0.00      0.00      0.00      0.00      0.00      0.00      0.00      0.00
07:11:59 AM      eth0      0.00      0.00      0.00      0.00      0.00      0.00      0.00      0.00
07:11:59 AM   docker0      0.00      0.00      0.00      0.00      0.00      0.00      0.00      0.00
07:11:59 AM veth927c207      0.00      0.00      0.00      0.00      0.00      0.00      0.00      0.00

07:11:59 AM     CPU     %user     %nice   %system   %iowait    %steal     %idle
07:12:00 AM     all      0.25      0.00      0.25      0.00      0.00     99.50

07:11:59 AM kbmemfree   kbavail kbmemused  %memused kbbuffers  kbcached  kbcommit   %commit  kbactive   kbinact   kbdirty
07:12:00 AM   3055856   5771132   1770632     22.32     85344   2801200   5445572     68.66   1892540   2670660       216

07:11:59 AM     IFACE   rxpck/s   txpck/s    rxkB/s    txkB/s   rxcmp/s   txcmp/s  rxmcst/s   %ifutil
07:12:00 AM        lo      0.00      0.00      0.00      0.00      0.00      0.00      0.00      0.00
07:12:00 AM      eth0      2.00      1.00      0.11      0.05      0.00      0.00      0.00      0.00
07:12:00 AM   docker0      0.00      0.00      0.00      0.00      0.00      0.00      0.00      0.00
07:12:00 AM veth927c207      0.00      0.00      0.00      0.00      0.00      0.00      0.00      0.00

07:12:00 AM     CPU     %user     %nice   %system   %iowait    %steal     %idle
07:12:01 AM     all      0.25      0.00      0.00      0.00      0.00     99.75

07:12:00 AM kbmemfree   kbavail kbmemused  %memused kbbuffers  kbcached  kbcommit   %commit  kbactive   kbinact   kbdirty
07:12:01 AM   3055856   5771132   1770632     22.32     85344   2801200   5445572     68.66   1892540   2670660       216

07:12:00 AM     IFACE   rxpck/s   txpck/s    rxkB/s    txkB/s   rxcmp/s   txcmp/s  rxmcst/s   %ifutil
07:12:01 AM        lo      0.00      0.00      0.00      0.00      0.00      0.00      0.00      0.00
07:12:01 AM      eth0      0.00      0.00      0.00      0.00      0.00      0.00      0.00      0.00
07:12:01 AM   docker0      0.00      0.00      0.00      0.00      0.00      0.00      0.00      0.00
07:12:01 AM veth927c207      0.00      0.00      0.00      0.00      0.00      0.00      0.00      0.00

07:12:01 AM     CPU     %user     %nice   %system   %iowait    %steal     %idle
07:12:02 AM     all      0.00      0.00      0.00      0.00      0.00    100.00

07:12:01 AM kbmemfree   kbavail kbmemused  %memused kbbuffers  kbcached  kbcommit   %commit  kbactive   kbinact   kbdirty
07:12:02 AM   3055856   5771132   1770632     22.32     85344   2801200   5445572     68.66   1892540   2670660       208

07:12:01 AM     IFACE   rxpck/s   txpck/s    rxkB/s    txkB/s   rxcmp/s   txcmp/s  rxmcst/s   %ifutil
07:12:02 AM        lo      0.00      0.00      0.00      0.00      0.00      0.00      0.00      0.00
07:12:02 AM      eth0      0.00      0.00      0.00      0.00      0.00      0.00      0.00      0.00
07:12:02 AM   docker0      0.00      0.00      0.00      0.00      0.00      0.00      0.00      0.00
07:12:02 AM veth927c207      0.00      0.00      0.00      0.00      0.00      0.00      0.00      0.00

07:12:02 AM     CPU     %user     %nice   %system   %iowait    %steal     %idle
07:12:03 AM     all      0.00      0.00      0.00      0.00      0.00    100.00

07:12:02 AM kbmemfree   kbavail kbmemused  %memused kbbuffers  kbcached  kbcommit   %commit  kbactive   kbinact   kbdirty
07:12:03 AM   3055856   5771132   1770628     22.32     85344   2801204   5445572     68.66   1892540   2670660       216

07:12:02 AM     IFACE   rxpck/s   txpck/s    rxkB/s    txkB/s   rxcmp/s   txcmp/s  rxmcst/s   %ifutil
07:12:03 AM        lo      0.00      0.00      0.00      0.00      0.00      0.00      0.00      0.00
07:12:03 AM      eth0      0.00      0.00      0.00      0.00      0.00      0.00      0.00      0.00
07:12:03 AM   docker0      0.00      0.00      0.00      0.00      0.00      0.00      0.00      0.00
07:12:03 AM veth927c207      0.00      0.00      0.00      0.00      0.00      0.00      0.00      0.00

07:12:03 AM     CPU     %user     %nice   %system   %iowait    %steal     %idle
07:12:04 AM     all      0.25      0.00      0.00      0.00      0.00     99.75

07:12:03 AM kbmemfree   kbavail kbmemused  %memused kbbuffers  kbcached  kbcommit   %commit  kbactive   kbinact   kbdirty
07:12:04 AM   3055856   5771132   1770628     22.32     85344   2801204   5445572     68.66   1892540   2670660       220

07:12:03 AM     IFACE   rxpck/s   txpck/s    rxkB/s    txkB/s   rxcmp/s   txcmp/s  rxmcst/s   %ifutil
07:12:04 AM        lo      0.00      0.00      0.00      0.00      0.00      0.00      0.00      0.00
07:12:04 AM      eth0      0.00      0.00      0.00      0.00      0.00      0.00      0.00      0.00
07:12:04 AM   docker0      0.00      0.00      0.00      0.00      0.00      0.00      0.00      0.00
07:12:04 AM veth927c207      0.00      0.00      0.00      0.00      0.00      0.00      0.00      0.00

07:12:04 AM     CPU     %user     %nice   %system   %iowait    %steal     %idle
07:12:05 AM     all      0.00      0.00      0.25      0.00      0.00     99.75

07:12:04 AM kbmemfree   kbavail kbmemused  %memused kbbuffers  kbcached  kbcommit   %commit  kbactive   kbinact   kbdirty
07:12:05 AM   3055856   5771132   1770628     22.32     85344   2801204   5445572     68.66   1892540   2670660       200

07:12:04 AM     IFACE   rxpck/s   txpck/s    rxkB/s    txkB/s   rxcmp/s   txcmp/s  rxmcst/s   %ifutil
07:12:05 AM        lo      0.00      0.00      0.00      0.00      0.00      0.00      0.00      0.00
07:12:05 AM      eth0      0.00      0.00      0.00      0.00      0.00      0.00      0.00      0.00
07:12:05 AM   docker0      0.00      0.00      0.00      0.00      0.00      0.00      0.00      0.00
07:12:05 AM veth927c207      0.00      0.00      0.00      0.00      0.00      0.00      0.00      0.00

07:12:05 AM     CPU     %user     %nice   %system   %iowait    %steal     %idle
07:12:06 AM     all      0.00      0.00      0.00      0.00      0.00    100.00

07:12:05 AM kbmemfree   kbavail kbmemused  %memused kbbuffers  kbcached  kbcommit   %commit  kbactive   kbinact   kbdirty
07:12:06 AM   3055856   5771132   1770628     22.32     85344   2801204   5445572     68.66   1892540   2670660       200

07:12:05 AM     IFACE   rxpck/s   txpck/s    rxkB/s    txkB/s   rxcmp/s   txcmp/s  rxmcst/s   %ifutil
07:12:06 AM        lo      0.00      0.00      0.00      0.00      0.00      0.00      0.00      0.00
07:12:06 AM      eth0      0.00      0.00      0.00      0.00      0.00      0.00      0.00      0.00
07:12:06 AM   docker0      0.00      0.00      0.00      0.00      0.00      0.00      0.00      0.00
07:12:06 AM veth927c207      0.00      0.00      0.00      0.00      0.00      0.00      0.00      0.00

07:12:06 AM     CPU     %user     %nice   %system   %iowait    %steal     %idle
07:12:07 AM     all      0.25      0.00      0.00      0.00      0.00     99.75

07:12:06 AM kbmemfree   kbavail kbmemused  %memused kbbuffers  kbcached  kbcommit   %commit  kbactive   kbinact   kbdirty
07:12:07 AM   3055856   5771132   1770628     22.32     85344   2801204   5445572     68.66   1892540   2670660       200

07:12:06 AM     IFACE   rxpck/s   txpck/s    rxkB/s    txkB/s   rxcmp/s   txcmp/s  rxmcst/s   %ifutil
07:12:07 AM        lo      0.00      0.00      0.00      0.00      0.00      0.00      0.00      0.00
07:12:07 AM      eth0      0.00      0.00      0.00      0.00      0.00      0.00      0.00      0.00
07:12:07 AM   docker0      0.00      0.00      0.00      0.00      0.00      0.00      0.00      0.00
07:12:07 AM veth927c207      0.00      0.00      0.00      0.00      0.00      0.00      0.00      0.00

07:12:07 AM     CPU     %user     %nice   %system   %iowait    %steal     %idle
07:12:08 AM     all      0.00      0.00      0.00      0.00      0.00    100.00

07:12:07 AM kbmemfree   kbavail kbmemused  %memused kbbuffers  kbcached  kbcommit   %commit  kbactive   kbinact   kbdirty
07:12:08 AM   3055856   5771132   1770624     22.32     85344   2801208   5445572     68.66   1892540   2670660       192

07:12:07 AM     IFACE   rxpck/s   txpck/s    rxkB/s    txkB/s   rxcmp/s   txcmp/s  rxmcst/s   %ifutil
07:12:08 AM        lo      0.00      0.00      0.00      0.00      0.00      0.00      0.00      0.00
07:12:08 AM      eth0      0.00      0.00      0.00      0.00      0.00      0.00      0.00      0.00
07:12:08 AM   docker0      0.00      0.00      0.00      0.00      0.00      0.00      0.00      0.00
07:12:08 AM veth927c207      0.00      0.00      0.00      0.00      0.00      0.00      0.00      0.00

07:12:08 AM     CPU     %user     %nice   %system   %iowait    %steal     %idle
07:12:09 AM     all      0.00      0.00      0.50      0.00      0.00     99.50

07:12:08 AM kbmemfree   kbavail kbmemused  %memused kbbuffers  kbcached  kbcommit   %commit  kbactive   kbinact   kbdirty
07:12:09 AM   3055856   5771132   1770624     22.32     85344   2801208   5445572     68.66   1892540   2670660       196

07:12:08 AM     IFACE   rxpck/s   txpck/s    rxkB/s    txkB/s   rxcmp/s   txcmp/s  rxmcst/s   %ifutil
07:12:09 AM        lo      0.00      0.00      0.00      0.00      0.00      0.00      0.00      0.00
07:12:09 AM      eth0      0.00      0.00      0.00      0.00      0.00      0.00      0.00      0.00
07:12:09 AM   docker0      0.00      0.00      0.00      0.00      0.00      0.00      0.00      0.00
07:12:09 AM veth927c207      0.00      0.00      0.00      0.00      0.00      0.00      0.00      0.00

07:12:09 AM     CPU     %user     %nice   %system   %iowait    %steal     %idle
07:12:10 AM     all      0.25      0.00      0.00      0.00      0.00     99.75

07:12:09 AM kbmemfree   kbavail kbmemused  %memused kbbuffers  kbcached  kbcommit   %commit  kbactive   kbinact   kbdirty
07:12:10 AM   3055856   5771132   1770624     22.32     85344   2801208   5445572     68.66   1892540   2670660       224

07:12:09 AM     IFACE   rxpck/s   txpck/s    rxkB/s    txkB/s   rxcmp/s   txcmp/s  rxmcst/s   %ifutil
07:12:10 AM        lo      0.00      0.00      0.00      0.00      0.00      0.00      0.00      0.00
07:12:10 AM      eth0      0.00      0.00      0.00      0.00      0.00      0.00      0.00      0.00
07:12:10 AM   docker0      0.00      0.00      0.00      0.00      0.00      0.00      0.00      0.00
07:12:10 AM veth927c207      0.00      0.00      0.00      0.00      0.00      0.00      0.00      0.00

07:12:10 AM     CPU     %user     %nice   %system   %iowait    %steal     %idle
07:12:11 AM     all      0.50      0.00      0.25      0.00      0.00     99.25

07:12:10 AM kbmemfree   kbavail kbmemused  %memused kbbuffers  kbcached  kbcommit   %commit  kbactive   kbinact   kbdirty
07:12:11 AM   3053368   5768644   1773112     22.36     85344   2801208   5448760     68.70   1893916   2670660       224

07:12:10 AM     IFACE   rxpck/s   txpck/s    rxkB/s    txkB/s   rxcmp/s   txcmp/s  rxmcst/s   %ifutil
07:12:11 AM        lo      0.00      0.00      0.00      0.00      0.00      0.00      0.00      0.00
07:12:11 AM      eth0     13.00     15.00      2.50      2.65      0.00      0.00      0.00      0.00
07:12:11 AM   docker0      0.00      0.00      0.00      0.00      0.00      0.00      0.00      0.00
07:12:11 AM veth927c207      0.00      0.00      0.00      0.00      0.00      0.00      0.00      0.00

07:12:11 AM     CPU     %user     %nice   %system   %iowait    %steal     %idle
07:12:12 AM     all      0.00      0.00      0.00      0.00      0.00    100.00

07:12:11 AM kbmemfree   kbavail kbmemused  %memused kbbuffers  kbcached  kbcommit   %commit  kbactive   kbinact   kbdirty
07:12:12 AM   3053368   5768656   1773108     22.35     85344   2801212   5448760     68.70   1894196   2670672       256

07:12:11 AM     IFACE   rxpck/s   txpck/s    rxkB/s    txkB/s   rxcmp/s   txcmp/s  rxmcst/s   %ifutil
07:12:12 AM        lo      0.00      0.00      0.00      0.00      0.00      0.00      0.00      0.00
07:12:12 AM      eth0      0.00      0.00      0.00      0.00      0.00      0.00      0.00      0.00
07:12:12 AM   docker0      0.00      0.00      0.00      0.00      0.00      0.00      0.00      0.00
07:12:12 AM veth927c207      0.00      0.00      0.00      0.00      0.00      0.00      0.00      0.00

07:12:12 AM     CPU     %user     %nice   %system   %iowait    %steal     %idle
07:12:13 AM     all      0.00      0.00      0.00      0.00      0.00    100.00

07:12:12 AM kbmemfree   kbavail kbmemused  %memused kbbuffers  kbcached  kbcommit   %commit  kbactive   kbinact   kbdirty
07:12:13 AM   3053368   5768656   1773108     22.35     85344   2801212   5448760     68.70   1894196   2670672       256

07:12:12 AM     IFACE   rxpck/s   txpck/s    rxkB/s    txkB/s   rxcmp/s   txcmp/s  rxmcst/s   %ifutil
07:12:13 AM        lo      0.00      0.00      0.00      0.00      0.00      0.00      0.00      0.00
07:12:13 AM      eth0      0.00      0.00      0.00      0.00      0.00      0.00      0.00      0.00
07:12:13 AM   docker0      0.00      0.00      0.00      0.00      0.00      0.00      0.00      0.00
07:12:13 AM veth927c207      0.00      0.00      0.00      0.00      0.00      0.00      0.00      0.00

07:12:13 AM     CPU     %user     %nice   %system   %iowait    %steal     %idle
07:12:14 AM     all      0.00      0.00      0.25      0.00      0.00     99.75

07:12:13 AM kbmemfree   kbavail kbmemused  %memused kbbuffers  kbcached  kbcommit   %commit  kbactive   kbinact   kbdirty
07:12:14 AM   3053368   5768660   1773108     22.35     85344   2801212   5448760     68.70   1894256   2670676       236

07:12:13 AM     IFACE   rxpck/s   txpck/s    rxkB/s    txkB/s   rxcmp/s   txcmp/s  rxmcst/s   %ifutil
07:12:14 AM        lo      0.00      0.00      0.00      0.00      0.00      0.00      0.00      0.00
07:12:14 AM      eth0      1.00      2.00      0.15      0.18      0.00      0.00      0.00      0.00
07:12:14 AM   docker0      0.00      0.00      0.00      0.00      0.00      0.00      0.00      0.00
07:12:14 AM veth927c207      0.00      0.00      0.00      0.00      0.00      0.00      0.00      0.00

07:12:14 AM     CPU     %user     %nice   %system   %iowait    %steal     %idle
07:12:15 AM     all      0.00      0.00      0.25      0.25      0.00     99.50

07:12:14 AM kbmemfree   kbavail kbmemused  %memused kbbuffers  kbcached  kbcommit   %commit  kbactive   kbinact   kbdirty
07:12:15 AM   3053368   5768660   1773108     22.35     85344   2801212   5448760     68.70   1894256   2670676       272

07:12:14 AM     IFACE   rxpck/s   txpck/s    rxkB/s    txkB/s   rxcmp/s   txcmp/s  rxmcst/s   %ifutil
07:12:15 AM        lo      0.00      0.00      0.00      0.00      0.00      0.00      0.00      0.00
07:12:15 AM      eth0      0.00      0.00      0.00      0.00      0.00      0.00      0.00      0.00
07:12:15 AM   docker0      0.00      0.00      0.00      0.00      0.00      0.00      0.00      0.00
07:12:15 AM veth927c207      0.00      0.00      0.00      0.00      0.00      0.00      0.00      0.00

07:12:15 AM     CPU     %user     %nice   %system   %iowait    %steal     %idle
07:12:16 AM     all      0.00      0.00      0.00      0.00      0.00    100.00

07:12:15 AM kbmemfree   kbavail kbmemused  %memused kbbuffers  kbcached  kbcommit   %commit  kbactive   kbinact   kbdirty
07:12:16 AM   3053368   5768660   1773108     22.35     85344   2801212   5448760     68.70   1894256   2670676       280

07:12:15 AM     IFACE   rxpck/s   txpck/s    rxkB/s    txkB/s   rxcmp/s   txcmp/s  rxmcst/s   %ifutil
07:12:16 AM        lo      0.00      0.00      0.00      0.00      0.00      0.00      0.00      0.00
07:12:16 AM      eth0      0.00      0.00      0.00      0.00      0.00      0.00      0.00      0.00
07:12:16 AM   docker0      0.00      0.00      0.00      0.00      0.00      0.00      0.00      0.00
07:12:16 AM veth927c207      0.00      0.00      0.00      0.00      0.00      0.00      0.00      0.00

07:12:16 AM     CPU     %user     %nice   %system   %iowait    %steal     %idle
07:12:17 AM     all      0.25      0.00      0.00      0.00      0.00     99.75

07:12:16 AM kbmemfree   kbavail kbmemused  %memused kbbuffers  kbcached  kbcommit   %commit  kbactive   kbinact   kbdirty
07:12:17 AM   3053368   5768660   1773104     22.35     85344   2801216   5448760     68.70   1894272   2670676        56

07:12:16 AM     IFACE   rxpck/s   txpck/s    rxkB/s    txkB/s   rxcmp/s   txcmp/s  rxmcst/s   %ifutil
07:12:17 AM        lo      0.00      0.00      0.00      0.00      0.00      0.00      0.00      0.00
07:12:17 AM      eth0      1.00      2.00      0.15      0.18      0.00      0.00      0.00      0.00
07:12:17 AM   docker0      0.00      0.00      0.00      0.00      0.00      0.00      0.00      0.00
07:12:17 AM veth927c207      0.00      0.00      0.00      0.00      0.00      0.00      0.00      0.00

07:12:17 AM     CPU     %user     %nice   %system   %iowait    %steal     %idle
07:12:18 AM     all      0.25      0.00      0.25      0.00      0.00     99.50

07:12:17 AM kbmemfree   kbavail kbmemused  %memused kbbuffers  kbcached  kbcommit   %commit  kbactive   kbinact   kbdirty
07:12:18 AM   3053368   5768660   1773104     22.35     85344   2801216   5448760     68.70   1894272   2670676        56

07:12:17 AM     IFACE   rxpck/s   txpck/s    rxkB/s    txkB/s   rxcmp/s   txcmp/s  rxmcst/s   %ifutil
07:12:18 AM        lo      0.00      0.00      0.00      0.00      0.00      0.00      0.00      0.00
07:12:18 AM      eth0      2.00      1.00      0.11      0.05      0.00      0.00      0.00      0.00
07:12:18 AM   docker0      0.00      0.00      0.00      0.00      0.00      0.00      0.00      0.00
07:12:18 AM veth927c207      0.00      0.00      0.00      0.00      0.00      0.00      0.00      0.00

07:12:18 AM     CPU     %user     %nice   %system   %iowait    %steal     %idle
07:12:19 AM     all      0.00      0.00      0.00      0.00      0.00    100.00

07:12:18 AM kbmemfree   kbavail kbmemused  %memused kbbuffers  kbcached  kbcommit   %commit  kbactive   kbinact   kbdirty
07:12:19 AM   3053368   5768660   1773104     22.35     85344   2801216   5448760     68.70   1894272   2670676        52

07:12:18 AM     IFACE   rxpck/s   txpck/s    rxkB/s    txkB/s   rxcmp/s   txcmp/s  rxmcst/s   %ifutil
07:12:19 AM        lo      0.00      0.00      0.00      0.00      0.00      0.00      0.00      0.00
07:12:19 AM      eth0      0.00      0.00      0.00      0.00      0.00      0.00      0.00      0.00
07:12:19 AM   docker0      0.00      0.00      0.00      0.00      0.00      0.00      0.00      0.00
07:12:19 AM veth927c207      0.00      0.00      0.00      0.00      0.00      0.00      0.00      0.00

07:12:19 AM     CPU     %user     %nice   %system   %iowait    %steal     %idle
07:12:20 AM     all      0.25      0.00      0.00      0.00      0.00     99.75

07:12:19 AM kbmemfree   kbavail kbmemused  %memused kbbuffers  kbcached  kbcommit   %commit  kbactive   kbinact   kbdirty
07:12:20 AM   3053368   5768664   1773104     22.35     85344   2801216   5448760     68.70   1894272   2670680       124

07:12:19 AM     IFACE   rxpck/s   txpck/s    rxkB/s    txkB/s   rxcmp/s   txcmp/s  rxmcst/s   %ifutil
07:12:20 AM        lo      0.00      0.00      0.00      0.00      0.00      0.00      0.00      0.00
07:12:20 AM      eth0      1.00      2.00      0.14      0.18      0.00      0.00      0.00      0.00
07:12:20 AM   docker0      0.00      0.00      0.00      0.00      0.00      0.00      0.00      0.00
07:12:20 AM veth927c207      0.00      0.00      0.00      0.00      0.00      0.00      0.00      0.00

07:12:20 AM     CPU     %user     %nice   %system   %iowait    %steal     %idle
07:12:21 AM     all      0.25      0.00      0.00      0.00      0.00     99.75

07:12:20 AM kbmemfree   kbavail kbmemused  %memused kbbuffers  kbcached  kbcommit   %commit  kbactive   kbinact   kbdirty
07:12:21 AM   3053368   5768668   1773100     22.35     85344   2801220   5448760     68.70   1894272   2670684       120

07:12:20 AM     IFACE   rxpck/s   txpck/s    rxkB/s    txkB/s   rxcmp/s   txcmp/s  rxmcst/s   %ifutil
07:12:21 AM        lo      0.00      0.00      0.00      0.00      0.00      0.00      0.00      0.00
07:12:21 AM      eth0      1.00      1.00      0.05      0.05      0.00      0.00      0.00      0.00
07:12:21 AM   docker0      0.00      0.00      0.00      0.00      0.00      0.00      0.00      0.00
07:12:21 AM veth927c207      0.00      0.00      0.00      0.00      0.00      0.00      0.00      0.00

Average:        CPU     %user     %nice   %system   %iowait    %steal     %idle
Average:        all      0.10      0.00      0.10      0.01      0.00     99.79

Average:    kbmemfree   kbavail kbmemused  %memused kbbuffers  kbcached  kbcommit   %commit  kbactive   kbinact   kbdirty
Average:      3055982   5771192   1770544     22.32     85344   2801135   5446210     68.66   1892939   2670596       113

Average:        IFACE   rxpck/s   txpck/s    rxkB/s    txkB/s   rxcmp/s   txcmp/s  rxmcst/s   %ifutil
Average:           lo      0.00      0.00      0.00      0.00      0.00      0.00      0.00      0.00
Average:         eth0      1.46      1.07      0.16      0.15      0.00      0.00      0.00      0.00
Average:      docker0      0.00      0.00      0.00      0.00      0.00      0.00      0.00      0.00
Average:    veth927c207      0.00      0.00      0.00      0.00      0.00      0.00      0.00      0.00