Linux 6.8.0-1054-gcp (zt-service-b)     05/19/26        _x86_64_        (4 CPU)

07:09:28        CPU     %user     %nice   %system   %iowait    %steal     %idle
07:09:29        all      7.44      0.00      9.23      0.00      0.77     82.56

07:09:28    kbmemfree   kbavail kbmemused  %memused kbbuffers  kbcached  kbcommit   %commit  kbactive   kbinact   kbdirty
07:09:29     14088888  15374760    648540      3.96     82212   1445692   2130276     13.01   1337128    726764       188

07:09:28        IFACE   rxpck/s   txpck/s    rxkB/s    txkB/s   rxcmp/s   txcmp/s  rxmcst/s   %ifutil
07:09:29           lo   2000.00   2000.00    260.55    260.55      0.00      0.00      0.00      0.00
07:09:29         ens4    406.00    206.00    130.80     56.58      0.00      0.00      0.00      0.00
07:09:29      docker0   1000.00   1000.00     79.88    194.34      0.00      0.00      0.00      0.00
07:09:29    veth58e3b24   1000.00   1000.00     93.55    194.34      0.00      0.00      0.00      0.02

07:09:29        CPU     %user     %nice   %system   %iowait    %steal     %idle
07:09:30        all      6.99      0.00      8.55      0.00      0.52     83.94

07:09:29    kbmemfree   kbavail kbmemused  %memused kbbuffers  kbcached  kbcommit   %commit  kbactive   kbinact   kbdirty
07:09:30     14088636  15374536    648620      3.96     82216   1445708   2130464     13.01   1337512    726792       228

07:09:29        IFACE   rxpck/s   txpck/s    rxkB/s    txkB/s   rxcmp/s   txcmp/s  rxmcst/s   %ifutil
07:09:30           lo   2004.00   2004.00    260.75    260.75      0.00      0.00      0.00      0.00
07:09:30         ens4    408.00    206.00    130.71     56.06      0.00      0.00      0.00      0.00
07:09:30      docker0   1000.00   1000.00     79.88    194.34      0.00      0.00      0.00      0.00
07:09:30    veth58e3b24   1000.00   1000.00     93.55    194.34      0.00      0.00      0.00      0.02

07:09:30        CPU     %user     %nice   %system   %iowait    %steal     %idle
07:09:31        all      7.18      0.00      8.21      0.00      0.77     83.85

07:09:30    kbmemfree   kbavail kbmemused  %memused kbbuffers  kbcached  kbcommit   %commit  kbactive   kbinact   kbdirty
07:09:31     14094864  15380768    642144      3.92     82216   1445732   2126372     12.99   1335432    726796       380

07:09:30        IFACE   rxpck/s   txpck/s    rxkB/s    txkB/s   rxcmp/s   txcmp/s  rxmcst/s   %ifutil
07:09:31           lo   2000.00   2000.00    260.55    260.55      0.00      0.00      0.00      0.00
07:09:31         ens4    402.00    201.00    129.15     55.14      0.00      0.00      0.00      0.00
07:09:31      docker0   1000.00   1000.00     79.88    194.34      0.00      0.00      0.00      0.00
07:09:31    veth58e3b24   1000.00   1000.00     93.55    194.34      0.00      0.00      0.00      0.02

07:09:31        CPU     %user     %nice   %system   %iowait    %steal     %idle
07:09:32        all      7.22      0.00      7.99      0.00      0.77     84.02

07:09:31    kbmemfree   kbavail kbmemused  %memused kbbuffers  kbcached  kbcommit   %commit  kbactive   kbinact   kbdirty
07:09:32     14094864  15380784    641948      3.92     82216   1445756   2126372     12.99   1335448    726808       404

07:09:31        IFACE   rxpck/s   txpck/s    rxkB/s    txkB/s   rxcmp/s   txcmp/s  rxmcst/s   %ifutil
07:09:32           lo   2000.00   2000.00    260.55    260.55      0.00      0.00      0.00      0.00
07:09:32         ens4    401.00    201.00    129.55     55.13      0.00      0.00      0.00      0.00
07:09:32      docker0   1000.00   1000.00     79.88    194.34      0.00      0.00      0.00      0.00
07:09:32    veth58e3b24   1000.00   1000.00     93.55    194.34      0.00      0.00      0.00      0.02

07:09:32        CPU     %user     %nice   %system   %iowait    %steal     %idle
07:09:33        all      7.24      0.00      8.01      0.00      1.03     83.72

07:09:32    kbmemfree   kbavail kbmemused  %memused kbbuffers  kbcached  kbcommit   %commit  kbactive   kbinact   kbdirty
07:09:33     14094864  15380836    641728      3.92     82216   1445776   2126372     12.99   1335560    726860       424

07:09:32        IFACE   rxpck/s   txpck/s    rxkB/s    txkB/s   rxcmp/s   txcmp/s  rxmcst/s   %ifutil
07:09:33           lo   2005.00   2005.00    261.46    261.46      0.00      0.00      0.00      0.00
07:09:33         ens4    401.00    201.00    130.08     55.13      0.00      0.00      0.00      0.00
07:09:33      docker0   1000.00   1000.00     79.88    194.34      0.00      0.00      0.00      0.00
07:09:33    veth58e3b24   1000.00   1000.00     93.55    194.34      0.00      0.00      0.00      0.02

07:09:33        CPU     %user     %nice   %system   %iowait    %steal     %idle
07:09:34        all      6.72      0.00      8.79      0.00      0.26     84.24

07:09:33    kbmemfree   kbavail kbmemused  %memused kbbuffers  kbcached  kbcommit   %commit  kbactive   kbinact   kbdirty
07:09:34     14094864  15380848    641480      3.92     82216   1445804   2126372     12.99   1335724    726872       396

07:09:33        IFACE   rxpck/s   txpck/s    rxkB/s    txkB/s   rxcmp/s   txcmp/s  rxmcst/s   %ifutil
07:09:34           lo   1995.00   1995.00    259.64    259.64      0.00      0.00      0.00      0.00
07:09:34         ens4    399.00    200.00    128.91     55.08      0.00      0.00      0.00      0.00
07:09:34      docker0   1000.00   1000.00     79.88    194.34      0.00      0.00      0.00      0.00
07:09:34    veth58e3b24   1000.00   1000.00     93.55    194.34      0.00      0.00      0.00      0.02

07:09:34        CPU     %user     %nice   %system   %iowait    %steal     %idle
07:09:35        all      7.47      0.00      7.73      0.00      1.03     83.76

07:09:34    kbmemfree   kbavail kbmemused  %memused kbbuffers  kbcached  kbcommit   %commit  kbactive   kbinact   kbdirty
07:09:35     14094864  15380880    641224      3.92     82216   1445824   2126372     12.99   1335872    726904       452

07:09:34        IFACE   rxpck/s   txpck/s    rxkB/s    txkB/s   rxcmp/s   txcmp/s  rxmcst/s   %ifutil
07:09:35           lo   2000.00   2000.00    260.55    260.55      0.00      0.00      0.00      0.00
07:09:35         ens4    402.00    202.00    129.59     55.18      0.00      0.00      0.00      0.00
07:09:35      docker0   1000.00   1000.00     79.88    194.34      0.00      0.00      0.00      0.00
07:09:35    veth58e3b24   1000.00   1000.00     93.55    194.34      0.00      0.00      0.00      0.02

07:09:35        CPU     %user     %nice   %system   %iowait    %steal     %idle
07:09:36        all      7.67      0.00      8.95      0.26      1.79     81.33

07:09:35    kbmemfree   kbavail kbmemused  %memused kbbuffers  kbcached  kbcommit   %commit  kbactive   kbinact   kbdirty
07:09:36     14092344  15378376    643596      3.93     82216   1445836   2130276     13.01   1337624    726920       340

07:09:35        IFACE   rxpck/s   txpck/s    rxkB/s    txkB/s   rxcmp/s   txcmp/s  rxmcst/s   %ifutil
07:09:36           lo   2003.00   2003.00    260.71    260.71      0.00      0.00      0.00      0.00
07:09:36         ens4    406.00    205.00    131.38     56.54      0.00      0.00      0.00      0.00
07:09:36      docker0   1000.00   1000.00     79.88    194.34      0.00      0.00      0.00      0.00
07:09:36    veth58e3b24   1000.00   1000.00     93.55    194.34      0.00      0.00      0.00      0.02

07:09:36        CPU     %user     %nice   %system   %iowait    %steal     %idle
07:09:37        all      7.53      0.00      8.31      0.00      0.26     83.90

07:09:36    kbmemfree   kbavail kbmemused  %memused kbbuffers  kbcached  kbcommit   %commit  kbactive   kbinact   kbdirty
07:09:37     14091592  15377664    644036      3.93     82216   1445868   2130464     13.01   1338452    726960       372

07:09:36        IFACE   rxpck/s   txpck/s    rxkB/s    txkB/s   rxcmp/s   txcmp/s  rxmcst/s   %ifutil
07:09:37           lo   2002.00   2002.00    261.29    261.29      0.00      0.00      0.00      0.00
07:09:37         ens4    406.00    206.00    130.07     56.09      0.00      0.00      0.00      0.00
07:09:37      docker0   1001.00   1002.00     79.94    194.47      0.00      0.00      0.00      0.00
07:09:37    veth58e3b24   1001.00   1002.00     93.63    194.47      0.00      0.00      0.00      0.02

07:09:37        CPU     %user     %nice   %system   %iowait    %steal     %idle
07:09:38        all      7.97      0.00      8.23      0.00      1.03     82.78

07:09:37    kbmemfree   kbavail kbmemused  %memused kbbuffers  kbcached  kbcommit   %commit  kbactive   kbinact   kbdirty
07:09:38     14093160  15379244    642308      3.92     82216   1445884   2126372     12.99   1336556    726972       520

07:09:37        IFACE   rxpck/s   txpck/s    rxkB/s    txkB/s   rxcmp/s   txcmp/s  rxmcst/s   %ifutil
07:09:38           lo   2000.00   2000.00    260.55    260.55      0.00      0.00      0.00      0.00
07:09:38         ens4    404.00    202.00    129.81     55.21      0.00      0.00      0.00      0.00
07:09:38      docker0   1001.00   1001.00     79.93    195.04      0.00      0.00      0.00      0.00
07:09:38    veth58e3b24   1001.00   1001.00     93.62    195.04      0.00      0.00      0.00      0.02

07:09:38        CPU     %user     %nice   %system   %iowait    %steal     %idle
07:09:39        all      7.69      0.00      8.97      0.00      2.05     81.28

07:09:38    kbmemfree   kbavail kbmemused  %memused kbbuffers  kbcached  kbcommit   %commit  kbactive   kbinact   kbdirty
07:09:39     14091144  15377260    644088      3.93     82216   1445916   2130276     13.01   1338424    727004       552

07:09:38        IFACE   rxpck/s   txpck/s    rxkB/s    txkB/s   rxcmp/s   txcmp/s  rxmcst/s   %ifutil
07:09:39           lo   2000.00   2000.00    260.55    260.55      0.00      0.00      0.00      0.00
07:09:39         ens4    404.00    204.00    129.76     55.38      0.00      0.00      0.00      0.00
07:09:39      docker0    998.00    997.00     79.77    193.49      0.00      0.00      0.00      0.00
07:09:39    veth58e3b24    998.00    997.00     93.42    193.49      0.00      0.00      0.00      0.02

07:09:39        CPU     %user     %nice   %system   %iowait    %steal     %idle
07:09:40        all      8.27      0.00      9.30      0.00      1.03     81.40

07:09:39    kbmemfree   kbavail kbmemused  %memused kbbuffers  kbcached  kbcommit   %commit  kbactive   kbinact   kbdirty
07:09:40     14088904  15375028    646204      3.95     82216   1445928   2134180     13.03   1340280    727012       528

07:09:39        IFACE   rxpck/s   txpck/s    rxkB/s    txkB/s   rxcmp/s   txcmp/s  rxmcst/s   %ifutil
07:09:40           lo   2000.00   2000.00    260.55    260.55      0.00      0.00      0.00      0.00
07:09:40         ens4    414.00    215.00    132.42     59.27      0.00      0.00      0.00      0.00
07:09:40      docker0   1002.00   1003.00     79.99    195.18      0.00      0.00      0.00      0.00
07:09:40    veth58e3b24   1002.00   1003.00     93.69    195.18      0.00      0.00      0.00      0.02

07:09:40        CPU     %user     %nice   %system   %iowait    %steal     %idle
07:09:41        all      7.46      0.00      9.00      0.00      1.03     82.52

07:09:40    kbmemfree   kbavail kbmemused  %memused kbbuffers  kbcached  kbcommit   %commit  kbactive   kbinact   kbdirty
07:09:41     14090168  15376324    644756      3.94     82216   1445960   2126372     12.99   1336644    727044       592

07:09:40        IFACE   rxpck/s   txpck/s    rxkB/s    txkB/s   rxcmp/s   txcmp/s  rxmcst/s   %ifutil
07:09:41           lo   2000.00   2000.00    260.55    260.55      0.00      0.00      0.00      0.00
07:09:41         ens4    411.00    210.00    130.56     55.90      0.00      0.00      0.00      0.00
07:09:41      docker0    999.00    999.00     79.83    193.63      0.00      0.00      0.00      0.00
07:09:41    veth58e3b24    999.00    999.00     93.49    193.63      0.00      0.00      0.00      0.02

07:09:41        CPU     %user     %nice   %system   %iowait    %steal     %idle
07:09:42        all      7.73      0.00      8.25      0.00      1.03     82.99

07:09:41    kbmemfree   kbavail kbmemused  %memused kbbuffers  kbcached  kbcommit   %commit  kbactive   kbinact   kbdirty
07:09:42     14090168  15376324    644600      3.94     82216   1445976   2126372     12.99   1336644    727044       636

07:09:41        IFACE   rxpck/s   txpck/s    rxkB/s    txkB/s   rxcmp/s   txcmp/s  rxmcst/s   %ifutil
07:09:42           lo   2000.00   2000.00    260.55    260.55      0.00      0.00      0.00      0.00
07:09:42         ens4    400.00    201.00    129.49     55.13      0.00      0.00      0.00      0.00
07:09:42      docker0   1001.00   1001.00     79.93    195.04      0.00      0.00      0.00      0.00
07:09:42    veth58e3b24   1002.00   1001.00     93.82    195.04      0.00      0.00      0.00      0.02

07:09:42        CPU     %user     %nice   %system   %iowait    %steal     %idle
07:09:43        all      6.96      0.00      8.76      0.00      1.03     83.25

07:09:42    kbmemfree   kbavail kbmemused  %memused kbbuffers  kbcached  kbcommit   %commit  kbactive   kbinact   kbdirty
07:09:43     14090168  15376324    644376      3.94     82216   1446008   2126372     12.99   1336644    727044       668

07:09:42        IFACE   rxpck/s   txpck/s    rxkB/s    txkB/s   rxcmp/s   txcmp/s  rxmcst/s   %ifutil
07:09:43           lo   2002.00   2002.00    260.79    260.79      0.00      0.00      0.00      0.00
07:09:43         ens4    401.00    200.00    129.56     55.08      0.00      0.00      0.00      0.00
07:09:43      docker0   1002.00   1001.00     80.12    194.40      0.00      0.00      0.00      0.00
07:09:43    veth58e3b24   1001.00   1001.00     93.62    194.40      0.00      0.00      0.00      0.02

07:09:43        CPU     %user     %nice   %system   %iowait    %steal     %idle
07:09:44        all      6.98      0.00      8.53      0.00      1.03     83.46

07:09:43    kbmemfree   kbavail kbmemused  %memused kbbuffers  kbcached  kbcommit   %commit  kbactive   kbinact   kbdirty
07:09:44     14089916  15376072    644500      3.94     82216   1446020   2126372     12.99   1336644    727044       680

07:09:43        IFACE   rxpck/s   txpck/s    rxkB/s    txkB/s   rxcmp/s   txcmp/s  rxmcst/s   %ifutil
07:09:44           lo   2001.00   2001.00    260.60    260.60      0.00      0.00      0.00      0.00
07:09:44         ens4    401.00    201.00    129.56     55.14      0.00      0.00      0.00      0.00
07:09:44      docker0   1000.00   1000.00     79.88    194.34      0.00      0.00      0.00      0.00
07:09:44    veth58e3b24   1000.00   1000.00     93.55    194.34      0.00      0.00      0.00      0.02

07:09:44        CPU     %user     %nice   %system   %iowait    %steal     %idle
07:09:45        all      6.91      0.00      8.95      0.00      0.51     83.63

07:09:44    kbmemfree   kbavail kbmemused  %memused kbbuffers  kbcached  kbcommit   %commit  kbactive   kbinact   kbdirty
07:09:45     14089916  15376096    644276      3.93     82216   1446048   2126372     12.99   1336652    727068       708

07:09:44        IFACE   rxpck/s   txpck/s    rxkB/s    txkB/s   rxcmp/s   txcmp/s  rxmcst/s   %ifutil
07:09:45           lo   2002.00   2002.00    260.65    260.65      0.00      0.00      0.00      0.00
07:09:45         ens4    401.00    201.00    129.55     55.13      0.00      0.00      0.00      0.00
07:09:45      docker0   1001.00   1001.00     79.93    194.40      0.00      0.00      0.00      0.00
07:09:45    veth58e3b24   1001.00   1001.00     93.62    194.40      0.00      0.00      0.00      0.02

07:09:45        CPU     %user     %nice   %system   %iowait    %steal     %idle
07:09:46        all      6.74      0.00      8.81      0.00      0.78     83.68

07:09:45    kbmemfree   kbavail kbmemused  %memused kbbuffers  kbcached  kbcommit   %commit  kbactive   kbinact   kbdirty
07:09:46     14089664  15375880    644412      3.94     82216   1446064   2126372     12.99   1336652    727104       716

07:09:45        IFACE   rxpck/s   txpck/s    rxkB/s    txkB/s   rxcmp/s   txcmp/s  rxmcst/s   %ifutil
07:09:46           lo   2000.00   2000.00    260.55    260.55      0.00      0.00      0.00      0.00
07:09:46         ens4    400.00    200.00    129.49     55.08      0.00      0.00      0.00      0.00
07:09:46      docker0    999.00    999.00     79.83    194.27      0.00      0.00      0.00      0.00
07:09:46    veth58e3b24    999.00    999.00     93.49    194.27      0.00      0.00      0.00      0.02

07:09:46        CPU     %user     %nice   %system   %iowait    %steal     %idle
07:09:47        all      7.20      0.00      9.25      0.00      0.77     82.78

07:09:46    kbmemfree   kbavail kbmemused  %memused kbbuffers  kbcached  kbcommit   %commit  kbactive   kbinact   kbdirty
07:09:47     14089664  15375940    644140      3.93     82216   1446096   2126372     12.99   1336684    727164       752

07:09:46        IFACE   rxpck/s   txpck/s    rxkB/s    txkB/s   rxcmp/s   txcmp/s  rxmcst/s   %ifutil
07:09:47           lo   1999.00   1999.00    260.36    260.36      0.00      0.00      0.00      0.00
07:09:47         ens4    401.00    201.00    129.53     55.12      0.00      0.00      0.00      0.00
07:09:47      docker0    998.00    999.00     79.64    194.27      0.00      0.00      0.00      0.00
07:09:47    veth58e3b24    998.00    999.00     93.29    194.27      0.00      0.00      0.00      0.02

07:09:47        CPU     %user     %nice   %system   %iowait    %steal     %idle
07:09:48        all      7.25      0.00      7.25      0.00      1.04     84.46

07:09:47    kbmemfree   kbavail kbmemused  %memused kbbuffers  kbcached  kbcommit   %commit  kbactive   kbinact   kbdirty
07:09:48     14089412  15375708    644260      3.93     82216   1446116   2126372     12.99   1336684    727184       768

07:09:47        IFACE   rxpck/s   txpck/s    rxkB/s    txkB/s   rxcmp/s   txcmp/s  rxmcst/s   %ifutil
07:09:48           lo   2005.00   2005.00    260.94    260.94      0.00      0.00      0.00      0.00
07:09:48         ens4    401.00    202.00    129.59     55.25      0.00      0.00      0.00      0.00
07:09:48      docker0   1003.00   1002.00     80.17    194.46      0.00      0.00      0.00      0.00
07:09:48    veth58e3b24   1003.00   1002.00     93.89    194.46      0.00      0.00      0.00      0.02

07:09:48        CPU     %user     %nice   %system   %iowait    %steal     %idle
07:09:49        all      7.22      0.00      8.25      0.00      0.26     84.28

07:09:48    kbmemfree   kbavail kbmemused  %memused kbbuffers  kbcached  kbcommit   %commit  kbactive   kbinact   kbdirty
07:09:49     14089164  15375472    644312      3.93     82216   1446132   2126372     12.99   1336684    727196       784

07:09:48        IFACE   rxpck/s   txpck/s    rxkB/s    txkB/s   rxcmp/s   txcmp/s  rxmcst/s   %ifutil
07:09:49           lo   1995.00   1995.00    260.16    260.16      0.00      0.00      0.00      0.00
07:09:49         ens4    400.00    200.00    129.49     55.08      0.00      0.00      0.00      0.00
07:09:49      docker0    997.00    998.00     79.59    194.21      0.00      0.00      0.00      0.00
07:09:49    veth58e3b24    997.00    998.00     93.22    194.21      0.00      0.00      0.00      0.02

07:09:49        CPU     %user     %nice   %system   %iowait    %steal     %idle
07:09:50        all      7.16      0.00      8.18      0.26      0.77     83.63

07:09:49    kbmemfree   kbavail kbmemused  %memused kbbuffers  kbcached  kbcommit   %commit  kbactive   kbinact   kbdirty
07:09:50     14088916  15375248    644392      3.94     82216   1446160   2126372     12.99   1336716    727220       824

07:09:49        IFACE   rxpck/s   txpck/s    rxkB/s    txkB/s   rxcmp/s   txcmp/s  rxmcst/s   %ifutil
07:09:50           lo   2003.00   2003.00    260.84    260.84      0.00      0.00      0.00      0.00
07:09:50         ens4    400.00    201.00    129.49     55.13      0.00      0.00      0.00      0.00
07:09:50      docker0   1002.00   1001.00     80.12    194.40      0.00      0.00      0.00      0.00
07:09:50    veth58e3b24   1002.00   1001.00     93.82    194.40      0.00      0.00      0.00      0.02

07:09:50        CPU     %user     %nice   %system   %iowait    %steal     %idle
07:09:51        all      7.20      0.00      9.00      0.00      1.03     82.78

07:09:50    kbmemfree   kbavail kbmemused  %memused kbbuffers  kbcached  kbcommit   %commit  kbactive   kbinact   kbdirty
07:09:51     14088664  15375016    644532      3.94     82216   1446184   2126372     12.99   1336740    727260       848

07:09:50        IFACE   rxpck/s   txpck/s    rxkB/s    txkB/s   rxcmp/s   txcmp/s  rxmcst/s   %ifutil
07:09:51           lo   2002.00   2002.00    260.65    260.65      0.00      0.00      0.00      0.00
07:09:51         ens4    550.00    401.00    139.55     68.39      0.00      0.00      0.00      0.00
07:09:51      docker0   1001.00   1001.00     79.93    194.40      0.00      0.00      0.00      0.00
07:09:51    veth58e3b24   1001.00   1001.00     93.62    194.40      0.00      0.00      0.00      0.02

07:09:51        CPU     %user     %nice   %system   %iowait    %steal     %idle
07:09:52        all      7.22      0.00      8.76      0.00      1.03     82.99

07:09:51    kbmemfree   kbavail kbmemused  %memused kbbuffers  kbcached  kbcommit   %commit  kbactive   kbinact   kbdirty
07:09:52     14088664  15375012    644432      3.94     82216   1446204   2126372     12.99   1336792    727272       856

07:09:51        IFACE   rxpck/s   txpck/s    rxkB/s    txkB/s   rxcmp/s   txcmp/s  rxmcst/s   %ifutil
07:09:52           lo   2000.00   2000.00    260.55    260.55      0.00      0.00      0.00      0.00
07:09:52         ens4    401.00    201.00    129.55     55.13      0.00      0.00      0.00      0.00
07:09:52      docker0   1000.00   1000.00     79.88    194.34      0.00      0.00      0.00      0.00
07:09:52    veth58e3b24   1000.00   1000.00     93.55    194.34      0.00      0.00      0.00      0.02

07:09:52        CPU     %user     %nice   %system   %iowait    %steal     %idle
07:09:53        all      7.27      0.00      7.53      0.00      0.52     84.68

07:09:52    kbmemfree   kbavail kbmemused  %memused kbbuffers  kbcached  kbcommit   %commit  kbactive   kbinact   kbdirty
07:09:53     14088412  15374784    644500      3.94     82216   1446228   2126372     12.99   1336892    727296       880

07:09:52        IFACE   rxpck/s   txpck/s    rxkB/s    txkB/s   rxcmp/s   txcmp/s  rxmcst/s   %ifutil
07:09:53           lo   2000.00   2000.00    260.55    260.55      0.00      0.00      0.00      0.00
07:09:53         ens4    401.00    201.00    129.53     55.12      0.00      0.00      0.00      0.00
07:09:53      docker0   1000.00   1000.00     79.88    194.34      0.00      0.00      0.00      0.00
07:09:53    veth58e3b24   1000.00   1000.00     93.55    194.34      0.00      0.00      0.00      0.02

07:09:53        CPU     %user     %nice   %system   %iowait    %steal     %idle
07:09:54        all      7.22      0.00      8.76      0.00      0.52     83.51

07:09:53    kbmemfree   kbavail kbmemused  %memused kbbuffers  kbcached  kbcommit   %commit  kbactive   kbinact   kbdirty
07:09:54     14088164  15374536    644580      3.94     82216   1446248   2126372     12.99   1336892    727296       900

07:09:53        IFACE   rxpck/s   txpck/s    rxkB/s    txkB/s   rxcmp/s   txcmp/s  rxmcst/s   %ifutil
07:09:54           lo   2000.00   2000.00    260.55    260.55      0.00      0.00      0.00      0.00
07:09:54         ens4    400.00    200.00    129.49     55.08      0.00      0.00      0.00      0.00
07:09:54      docker0   1000.00   1000.00     79.88    194.34      0.00      0.00      0.00      0.00
07:09:54    veth58e3b24   1000.00   1000.00     93.55    194.34      0.00      0.00      0.00      0.02

07:09:54        CPU     %user     %nice   %system   %iowait    %steal     %idle
07:09:55        all      6.48      0.00      8.29      0.00      1.04     84.20

07:09:54    kbmemfree   kbavail kbmemused  %memused kbbuffers  kbcached  kbcommit   %commit  kbactive   kbinact   kbdirty
07:09:55     14087664  15374064    644880      3.94     82216   1446276   2126372     12.99   1336988    727320       928

07:09:54        IFACE   rxpck/s   txpck/s    rxkB/s    txkB/s   rxcmp/s   txcmp/s  rxmcst/s   %ifutil
07:09:55           lo   1998.00   1998.00    260.45    260.45      0.00      0.00      0.00      0.00
07:09:55         ens4    400.00    199.00    129.49     54.80      0.00      0.00      0.00      0.00
07:09:55      docker0    999.00    999.00     79.83    194.27      0.00      0.00      0.00      0.00
07:09:55    veth58e3b24    999.00    999.00     93.49    194.27      0.00      0.00      0.00      0.02

07:09:55        CPU     %user     %nice   %system   %iowait    %steal     %idle
07:09:56        all      6.94      0.00      9.00      0.00      1.03     83.03

07:09:55    kbmemfree   kbavail kbmemused  %memused kbbuffers  kbcached  kbcommit   %commit  kbactive   kbinact   kbdirty
07:09:56     14087412  15373860    644920      3.94     82216   1446300   2126372     12.99   1337104    727364       288

07:09:55        IFACE   rxpck/s   txpck/s    rxkB/s    txkB/s   rxcmp/s   txcmp/s  rxmcst/s   %ifutil
07:09:56           lo   2002.00   2002.00    260.65    260.65      0.00      0.00      0.00      0.00
07:09:56         ens4    400.00    201.00    129.49     55.35      0.00      0.00      0.00      0.00
07:09:56      docker0   1001.00   1001.00     79.93    194.40      0.00      0.00      0.00      0.00
07:09:56    veth58e3b24   1001.00   1001.00     93.62    194.40      0.00      0.00      0.00      0.02

07:09:56        CPU     %user     %nice   %system   %iowait    %steal     %idle
07:09:57        all      7.77      0.00      7.77      0.00      1.04     83.42

07:09:56    kbmemfree   kbavail kbmemused  %memused kbbuffers  kbcached  kbcommit   %commit  kbactive   kbinact   kbdirty
07:09:57     14087412  15373860    644776      3.94     82216   1446320   2126372     12.99   1337104    727364       308

07:09:56        IFACE   rxpck/s   txpck/s    rxkB/s    txkB/s   rxcmp/s   txcmp/s  rxmcst/s   %ifutil
07:09:57           lo   2000.00   2000.00    260.55    260.55      0.00      0.00      0.00      0.00
07:09:57         ens4    400.00    200.00    129.49     55.08      0.00      0.00      0.00      0.00
07:09:57      docker0   1000.00   1000.00     79.88    194.34      0.00      0.00      0.00      0.00
07:09:57    veth58e3b24   1000.00   1000.00     93.55    194.34      0.00      0.00      0.00      0.02

07:09:57        CPU     %user     %nice   %system   %iowait    %steal     %idle
07:09:58        all      7.38      0.00      9.16      0.00      0.76     82.70

07:09:57    kbmemfree   kbavail kbmemused  %memused kbbuffers  kbcached  kbcommit   %commit  kbactive   kbinact   kbdirty
07:09:58     14086908  15373380    645080      3.94     82216   1446336   2126372     12.99   1337132    727388       316

07:09:57        IFACE   rxpck/s   txpck/s    rxkB/s    txkB/s   rxcmp/s   txcmp/s  rxmcst/s   %ifutil
07:09:58           lo   2000.00   2000.00    260.55    260.55      0.00      0.00      0.00      0.00
07:09:58         ens4    400.00    200.00    129.49     55.08      0.00      0.00      0.00      0.00
07:09:58      docker0   1000.00   1000.00     79.88    194.34      0.00      0.00      0.00      0.00
07:09:58    veth58e3b24   1000.00   1000.00     93.55    194.34      0.00      0.00      0.00      0.02

07:09:58        CPU     %user     %nice   %system   %iowait    %steal     %idle
07:09:59        all      6.74      0.00      8.55      0.00      1.04     83.68

07:09:58    kbmemfree   kbavail kbmemused  %memused kbbuffers  kbcached  kbcommit   %commit  kbactive   kbinact   kbdirty
07:09:59     14086908  15373420    644872      3.94     82216   1446364   2126372     12.99   1337152    727428       348

07:09:58        IFACE   rxpck/s   txpck/s    rxkB/s    txkB/s   rxcmp/s   txcmp/s  rxmcst/s   %ifutil
07:09:59           lo   2000.00   2000.00    260.55    260.55      0.00      0.00      0.00      0.00
07:09:59         ens4    402.00    202.00    129.60     55.18      0.00      0.00      0.00      0.00
07:09:59      docker0   1000.00   1000.00     79.88    194.34      0.00      0.00      0.00      0.00
07:09:59    veth58e3b24   1000.00   1000.00     93.55    194.34      0.00      0.00      0.00      0.02

07:09:59        CPU     %user     %nice   %system   %iowait    %steal     %idle
07:10:00        all      8.63      0.00      9.39      0.00      2.79     79.19

07:09:59    kbmemfree   kbavail kbmemused  %memused kbbuffers  kbcached  kbcommit   %commit  kbactive   kbinact   kbdirty
07:10:00     14086668  15373188    644968      3.94     82216   1446376   2126372     12.99   1335184    727436       376

07:09:59        IFACE   rxpck/s   txpck/s    rxkB/s    txkB/s   rxcmp/s   txcmp/s  rxmcst/s   %ifutil
07:10:00           lo   2005.00   2005.00    268.53    268.53      0.00      0.00      0.00      0.00
07:10:00         ens4    403.00    204.00    129.92     56.91      0.00      0.00      0.00      0.00
07:10:00      docker0   1000.00   1000.00     79.88    194.34      0.00      0.00      0.00      0.00
07:10:00    veth58e3b24   1000.00   1000.00     93.55    194.34      0.00      0.00      0.00      0.02

07:10:00        CPU     %user     %nice   %system   %iowait    %steal     %idle
07:10:01        all      7.67      0.00      9.21      0.00      2.81     80.31

07:10:00    kbmemfree   kbavail kbmemused  %memused kbbuffers  kbcached  kbcommit   %commit  kbactive   kbinact   kbdirty
07:10:01     14086168  15372688    645232      3.94     82216   1446412   2126372     12.99   1335184    727436       412

07:10:00        IFACE   rxpck/s   txpck/s    rxkB/s    txkB/s   rxcmp/s   txcmp/s  rxmcst/s   %ifutil
07:10:01           lo   2017.00   2017.00    284.45    284.45      0.00      0.00      0.00      0.00
07:10:01         ens4    401.00    202.00    129.56     55.55      0.00      0.00      0.00      0.00
07:10:01      docker0   1000.00   1000.00     79.88    194.34      0.00      0.00      0.00      0.00
07:10:01    veth58e3b24   1000.00   1000.00     93.55    194.34      0.00      0.00      0.00      0.02

07:10:01        CPU     %user     %nice   %system   %iowait    %steal     %idle
07:10:02        all      6.68      0.00     10.03      0.00      1.03     82.26

07:10:01    kbmemfree   kbavail kbmemused  %memused kbbuffers  kbcached  kbcommit   %commit  kbactive   kbinact   kbdirty
07:10:02     14085920  15372440    645392      3.94     82216   1446428   2126372     12.99   1335184    727436       428

07:10:01        IFACE   rxpck/s   txpck/s    rxkB/s    txkB/s   rxcmp/s   txcmp/s  rxmcst/s   %ifutil
07:10:02           lo   2000.00   2000.00    260.55    260.55      0.00      0.00      0.00      0.00
07:10:02         ens4    402.00    203.00    129.85     55.34      0.00      0.00      0.00      0.00
07:10:02      docker0   1000.00   1000.00     79.88    194.34      0.00      0.00      0.00      0.00
07:10:02    veth58e3b24   1000.00   1000.00     93.55    194.34      0.00      0.00      0.00      0.02

07:10:02        CPU     %user     %nice   %system   %iowait    %steal     %idle
07:10:03        all      7.65      0.00      9.18      0.00      2.30     80.87

07:10:02    kbmemfree   kbavail kbmemused  %memused kbbuffers  kbcached  kbcommit   %commit  kbactive   kbinact   kbdirty
07:10:03     14085920  15372520    645216      3.94     82216   1446456   2126372     12.99   1334848    727516       456

07:10:02        IFACE   rxpck/s   txpck/s    rxkB/s    txkB/s   rxcmp/s   txcmp/s  rxmcst/s   %ifutil
07:10:03           lo   2000.00   2000.00    260.55    260.55      0.00      0.00      0.00      0.00
07:10:03         ens4    400.00    200.00    129.49     55.08      0.00      0.00      0.00      0.00
07:10:03      docker0   1000.00   1000.00     79.88    194.34      0.00      0.00      0.00      0.00
07:10:03    veth58e3b24   1000.00   1000.00     93.55    194.34      0.00      0.00      0.00      0.02

07:10:03        CPU     %user     %nice   %system   %iowait    %steal     %idle
07:10:04        all      7.49      0.00      8.27      0.00      1.55     82.69

07:10:03    kbmemfree   kbavail kbmemused  %memused kbbuffers  kbcached  kbcommit   %commit  kbactive   kbinact   kbdirty
07:10:04     14085920  15372552    645076      3.94     82216   1446476   2126372     12.99   1334872    727548       464

07:10:03        IFACE   rxpck/s   txpck/s    rxkB/s    txkB/s   rxcmp/s   txcmp/s  rxmcst/s   %ifutil
07:10:04           lo   2000.00   2000.00    260.55    260.55      0.00      0.00      0.00      0.00
07:10:04         ens4    404.00    204.00    129.81     55.40      0.00      0.00      0.00      0.00
07:10:04      docker0   1000.00   1000.00     79.88    194.34      0.00      0.00      0.00      0.00
07:10:04    veth58e3b24   1000.00   1000.00     93.55    194.34      0.00      0.00      0.00      0.02

07:10:04        CPU     %user     %nice   %system   %iowait    %steal     %idle
07:10:05        all      7.40      0.00      9.44      0.00      1.28     81.89

07:10:04    kbmemfree   kbavail kbmemused  %memused kbbuffers  kbcached  kbcommit   %commit  kbactive   kbinact   kbdirty
07:10:05     14085920  15372552    644928      3.94     82216   1446496   2126372     12.99   1334872    727548       492

07:10:04        IFACE   rxpck/s   txpck/s    rxkB/s    txkB/s   rxcmp/s   txcmp/s  rxmcst/s   %ifutil
07:10:05           lo   2000.00   2000.00    260.55    260.55      0.00      0.00      0.00      0.00
07:10:05         ens4    401.00    201.00    129.53     55.12      0.00      0.00      0.00      0.00
07:10:05      docker0   1000.00   1000.00     79.88    194.34      0.00      0.00      0.00      0.00
07:10:05    veth58e3b24   1000.00   1000.00     93.55    194.34      0.00      0.00      0.00      0.02

07:10:05        CPU     %user     %nice   %system   %iowait    %steal     %idle
07:10:06        all      2.76      0.00      3.27      0.00      0.75     93.22

07:10:05    kbmemfree   kbavail kbmemused  %memused kbbuffers  kbcached  kbcommit   %commit  kbactive   kbinact   kbdirty
07:10:06     14084156  15370840    646656      3.95     82216   1446508   2130276     13.01   1336652    727600       444

07:10:05        IFACE   rxpck/s   txpck/s    rxkB/s    txkB/s   rxcmp/s   txcmp/s  rxmcst/s   %ifutil
07:10:06           lo    530.00    530.00     69.04     69.04      0.00      0.00      0.00      0.00
07:10:06         ens4    114.00     60.00     35.82     16.69      0.00      0.00      0.00      0.00
07:10:06      docker0    265.00    265.00     21.17     51.50      0.00      0.00      0.00      0.00
07:10:06    veth58e3b24    265.00    265.00     24.79     51.50      0.00      0.00      0.00      0.00

07:10:06        CPU     %user     %nice   %system   %iowait    %steal     %idle
07:10:07        all      0.25      0.00      0.00      0.00      0.00     99.75

07:10:06    kbmemfree   kbavail kbmemused  %memused kbbuffers  kbcached  kbcommit   %commit  kbactive   kbinact   kbdirty
07:10:07     14086296  15372980    644516      3.94     82216   1446508   2126372     12.99   1335084    727600       472

07:10:06        IFACE   rxpck/s   txpck/s    rxkB/s    txkB/s   rxcmp/s   txcmp/s  rxmcst/s   %ifutil
07:10:07           lo      0.00      0.00      0.00      0.00      0.00      0.00      0.00      0.00
07:10:07         ens4      7.00      5.00      0.64      0.41      0.00      0.00      0.00      0.00
07:10:07      docker0      0.00      0.00      0.00      0.00      0.00      0.00      0.00      0.00
07:10:07    veth58e3b24      0.00      0.00      0.00      0.00      0.00      0.00      0.00      0.00

07:10:07        CPU     %user     %nice   %system   %iowait    %steal     %idle
07:10:08        all      0.25      0.00      0.25      0.00      0.00     99.50

07:10:07    kbmemfree   kbavail kbmemused  %memused kbbuffers  kbcached  kbcommit   %commit  kbactive   kbinact   kbdirty
07:10:08     14086196  15372880    644616      3.94     82216   1446508   2126372     12.99   1334872    727600       476

07:10:07        IFACE   rxpck/s   txpck/s    rxkB/s    txkB/s   rxcmp/s   txcmp/s  rxmcst/s   %ifutil
07:10:08           lo      0.00      0.00      0.00      0.00      0.00      0.00      0.00      0.00
07:10:08         ens4      1.00      0.00      0.06      0.00      0.00      0.00      0.00      0.00
07:10:08      docker0      0.00      0.00      0.00      0.00      0.00      0.00      0.00      0.00
07:10:08    veth58e3b24      0.00      0.00      0.00      0.00      0.00      0.00      0.00      0.00

07:10:08        CPU     %user     %nice   %system   %iowait    %steal     %idle
07:10:09        all      0.00      0.00      0.00      0.25      0.25     99.50

07:10:08    kbmemfree   kbavail kbmemused  %memused kbbuffers  kbcached  kbcommit   %commit  kbactive   kbinact   kbdirty
07:10:09     14086196  15372880    644616      3.94     82216   1446508   2126372     12.99   1334904    727600       260

07:10:08        IFACE   rxpck/s   txpck/s    rxkB/s    txkB/s   rxcmp/s   txcmp/s  rxmcst/s   %ifutil
07:10:09           lo      0.00      0.00      0.00      0.00      0.00      0.00      0.00      0.00
07:10:09         ens4      0.00      0.00      0.00      0.00      0.00      0.00      0.00      0.00
07:10:09      docker0      0.00      0.00      0.00      0.00      0.00      0.00      0.00      0.00
07:10:09    veth58e3b24      0.00      0.00      0.00      0.00      0.00      0.00      0.00      0.00

07:10:09        CPU     %user     %nice   %system   %iowait    %steal     %idle
07:10:10        all      0.25      0.00      0.25      0.00      0.00     99.50

07:10:09    kbmemfree   kbavail kbmemused  %memused kbbuffers  kbcached  kbcommit   %commit  kbactive   kbinact   kbdirty
07:10:10     14086196  15372880    644604      3.94     82220   1446512   2126372     12.99   1334796    727600       280

07:10:09        IFACE   rxpck/s   txpck/s    rxkB/s    txkB/s   rxcmp/s   txcmp/s  rxmcst/s   %ifutil
07:10:10           lo      0.00      0.00      0.00      0.00      0.00      0.00      0.00      0.00
07:10:10         ens4      6.00      4.00      4.04      0.65      0.00      0.00      0.00      0.00
07:10:10      docker0      0.00      0.00      0.00      0.00      0.00      0.00      0.00      0.00
07:10:10    veth58e3b24      0.00      0.00      0.00      0.00      0.00      0.00      0.00      0.00

07:10:10        CPU     %user     %nice   %system   %iowait    %steal     %idle
07:10:11        all      5.64      0.00      5.90      0.00      1.03     87.44

07:10:10    kbmemfree   kbavail kbmemused  %memused kbbuffers  kbcached  kbcommit   %commit  kbactive   kbinact   kbdirty
07:10:11     14084992  15371700    645620      3.94     82220   1446528   2126372     12.99   1334796    727600       300

07:10:10        IFACE   rxpck/s   txpck/s    rxkB/s    txkB/s   rxcmp/s   txcmp/s  rxmcst/s   %ifutil
07:10:11           lo   1465.00   1465.00    191.11    191.11      0.00      0.00      0.00      0.00
07:10:11         ens4    588.00    442.00    115.26     60.42      0.00      0.00      0.00      0.00
07:10:11      docker0    732.00    733.00     58.42    142.71      0.00      0.00      0.00      0.00
07:10:11    veth58e3b24    732.00    733.00     68.43    142.71      0.00      0.00      0.00      0.01

07:10:11        CPU     %user     %nice   %system   %iowait    %steal     %idle
07:10:12        all      8.84      0.00      9.85      0.00      5.56     75.76

07:10:11    kbmemfree   kbavail kbmemused  %memused kbbuffers  kbcached  kbcommit   %commit  kbactive   kbinact   kbdirty
07:10:12     14084500  15371260    645748      3.94     82220   1446552   2130276     13.01   1336576    727612       324

07:10:11        IFACE   rxpck/s   txpck/s    rxkB/s    txkB/s   rxcmp/s   txcmp/s  rxmcst/s   %ifutil
07:10:12           lo   2100.00   2100.00    273.57    273.57      0.00      0.00      0.00      0.00
07:10:12         ens4    528.00    317.00    143.36     64.97      0.00      0.00      0.00      0.00
07:10:12      docker0   1050.00   1050.00     83.88    204.05      0.00      0.00      0.00      0.00
07:10:12    veth58e3b24   1050.00   1050.00     98.23    204.05      0.00      0.00      0.00      0.02

07:10:12        CPU     %user     %nice   %system   %iowait    %steal     %idle
07:10:13        all      8.56      0.00     11.08      0.00      4.03     76.32

07:10:12    kbmemfree   kbavail kbmemused  %memused kbbuffers  kbcached  kbcommit   %commit  kbactive   kbinact   kbdirty
07:10:13     14087076  15373864    643004      3.93     82220   1446572   2126372     12.99   1334732    727640       344

07:10:12        IFACE   rxpck/s   txpck/s    rxkB/s    txkB/s   rxcmp/s   txcmp/s  rxmcst/s   %ifutil
07:10:13           lo   2167.00   2167.00    281.90    281.90      0.00      0.00      0.00      0.00
07:10:13         ens4    445.00    227.00    142.41     62.32      0.00      0.00      0.00      0.00
07:10:13      docker0   1083.00   1082.00     86.56    210.01      0.00      0.00      0.00      0.00
07:10:13    veth58e3b24   1083.00   1082.00    101.37    210.01      0.00      0.00      0.00      0.02

07:10:13        CPU     %user     %nice   %system   %iowait    %steal     %idle
07:10:14        all      8.18      0.00      9.46      0.00      1.79     80.56

07:10:13    kbmemfree   kbavail kbmemused  %memused kbbuffers  kbcached  kbcommit   %commit  kbactive   kbinact   kbdirty
07:10:14     14086356  15373172    643572      3.93     82220   1446596   2126372     12.99   1334840    727668       492

07:10:13        IFACE   rxpck/s   txpck/s    rxkB/s    txkB/s   rxcmp/s   txcmp/s  rxmcst/s   %ifutil
07:10:14           lo   2238.00   2238.00    291.70    291.70      0.00      0.00      0.00      0.00
07:10:14         ens4    449.00    225.00    144.59     61.77      0.00      0.00      0.00      0.00
07:10:14      docker0   1120.00   1120.00     89.47    217.66      0.00      0.00      0.00      0.00
07:10:14    veth58e3b24   1120.00   1120.00    104.78    217.66      0.00      0.00      0.00      0.02

07:10:14        CPU     %user     %nice   %system   %iowait    %steal     %idle
07:10:15        all      8.53      0.00      9.30      0.00      1.03     81.14

07:10:14    kbmemfree   kbavail kbmemused  %memused kbbuffers  kbcached  kbcommit   %commit  kbactive   kbinact   kbdirty
07:10:15     14086356  15373172    643448      3.93     82220   1446620   2126372     12.99   1334840    727668       528

07:10:14        IFACE   rxpck/s   txpck/s    rxkB/s    txkB/s   rxcmp/s   txcmp/s  rxmcst/s   %ifutil
07:10:15           lo   2319.00   2319.00    302.05    302.05      0.00      0.00      0.00      0.00
07:10:15         ens4    464.00    232.00    150.21     63.68      0.00      0.00      0.00      0.00
07:10:15      docker0   1157.00   1158.00     92.37    225.30      0.00      0.00      0.00      0.00
07:10:15    veth58e3b24   1157.00   1158.00    108.19    225.30      0.00      0.00      0.00      0.02

07:10:15        CPU     %user     %nice   %system   %iowait    %steal     %idle
07:10:16        all      7.95      0.00      9.49      0.00      1.03     81.54

07:10:15    kbmemfree   kbavail kbmemused  %memused kbbuffers  kbcached  kbcommit   %commit  kbactive   kbinact   kbdirty
07:10:16     14086356  15373204    643260      3.93     82220   1446648   2126372     12.99   1334840    727700       548

07:10:15        IFACE   rxpck/s   txpck/s    rxkB/s    txkB/s   rxcmp/s   txcmp/s  rxmcst/s   %ifutil
07:10:16           lo   2390.00   2390.00    311.35    311.35      0.00      0.00      0.00      0.00
07:10:16         ens4    478.00    239.00    154.74     65.82      0.00      0.00      0.00      0.00
07:10:16      docker0   1193.00   1192.00     95.35    231.39      0.00      0.00      0.00      0.00
07:10:16    veth58e3b24   1193.00   1192.00    111.66    231.39      0.00      0.00      0.00      0.02

07:10:16        CPU     %user     %nice   %system   %iowait    %steal     %idle
07:10:17        all      8.21      0.00      9.74      0.00      0.77     81.28

07:10:16    kbmemfree   kbavail kbmemused  %memused kbbuffers  kbcached  kbcommit   %commit  kbactive   kbinact   kbdirty
07:10:17     14086356  15373204    643064      3.93     82220   1446676   2126372     12.99   1334840    727700       580

07:10:16        IFACE   rxpck/s   txpck/s    rxkB/s    txkB/s   rxcmp/s   txcmp/s  rxmcst/s   %ifutil
07:10:17           lo   2465.00   2465.00    320.73    320.73      0.00      0.00      0.00      0.00
07:10:17         ens4    493.00    248.00    159.32     67.84      0.00      0.00      0.00      0.00
07:10:17      docker0   1232.00   1233.00     98.37    239.88      0.00      0.00      0.00      0.00
07:10:17    veth58e3b24   1232.00   1233.00    115.21    239.88      0.00      0.00      0.00      0.02

07:10:17        CPU     %user     %nice   %system   %iowait    %steal     %idle
07:10:18        all      9.25      0.00     10.80      0.00      0.51     79.43

07:10:17    kbmemfree   kbavail kbmemused  %memused kbbuffers  kbcached  kbcommit   %commit  kbactive   kbinact   kbdirty
07:10:18     14086356  15373264    642916      3.93     82220   1446704   2126372     12.99   1334876    727760       712

07:10:17        IFACE   rxpck/s   txpck/s    rxkB/s    txkB/s   rxcmp/s   txcmp/s  rxmcst/s   %ifutil
07:10:18           lo   2535.00   2535.00    329.98    329.98      0.00      0.00      0.00      0.00
07:10:18         ens4    517.00    263.00    166.60     73.86      0.00      0.00      0.00      0.00
07:10:18      docker0   1268.00   1267.00    101.34    245.96      0.00      0.00      0.00      0.00
07:10:18    veth58e3b24   1268.00   1267.00    118.68    245.96      0.00      0.00      0.00      0.02

07:10:18        CPU     %user     %nice   %system   %iowait    %steal     %idle
07:10:19        all      9.90      0.00     11.20      0.00      1.56     77.34

07:10:18    kbmemfree   kbavail kbmemused  %memused kbbuffers  kbcached  kbcommit   %commit  kbactive   kbinact   kbdirty
07:10:19     14086356  15373312    642732      3.93     82220   1446744   2126372     12.99   1332472    727808       784

07:10:18        IFACE   rxpck/s   txpck/s    rxkB/s    txkB/s   rxcmp/s   txcmp/s  rxmcst/s   %ifutil
07:10:19           lo   2589.11   2589.11    337.55    337.55      0.00      0.00      0.00      0.00
07:10:19         ens4    520.79    263.37    168.27     75.78      0.00      0.00      0.00      0.00
07:10:19      docker0   1292.08   1292.08    103.21    251.10      0.00      0.00      0.00      0.00
07:10:19    veth58e3b24   1292.08   1292.08    120.88    251.10      0.00      0.00      0.00      0.02

07:10:19        CPU     %user     %nice   %system   %iowait    %steal     %idle
07:10:20        all     12.89      0.00     12.89      0.00      0.52     73.71

07:10:19    kbmemfree   kbavail kbmemused  %memused kbbuffers  kbcached  kbcommit   %commit  kbactive   kbinact   kbdirty
07:10:20     14075800  15362800    653108      3.99     82220   1446776   2126372     12.99   1330588    727844       828

07:10:19        IFACE   rxpck/s   txpck/s    rxkB/s    txkB/s   rxcmp/s   txcmp/s  rxmcst/s   %ifutil
07:10:20           lo   2680.00   2680.00    349.13    349.13      0.00      0.00      0.00      0.00
07:10:20         ens4    573.00    308.00    177.36    398.59      0.00      0.00      0.00      0.00
07:10:20      docker0   1343.00   1344.00    107.34    261.32      0.00      0.00      0.00      0.00
07:10:20    veth58e3b24   1343.00   1344.00    125.70    261.32      0.00      0.00      0.00      0.02

07:10:20        CPU     %user     %nice   %system   %iowait    %steal     %idle
07:10:21        all      9.30      0.00     10.34      0.00      0.52     79.84

07:10:20    kbmemfree   kbavail kbmemused  %memused kbbuffers  kbcached  kbcommit   %commit  kbactive   kbinact   kbdirty
07:10:21     14075800  15362800    653016      3.99     82220   1446792   2126372     12.99   1330588    727844       844

07:10:20        IFACE   rxpck/s   txpck/s    rxkB/s    txkB/s   rxcmp/s   txcmp/s  rxmcst/s   %ifutil
07:10:21           lo   2760.00   2760.00    359.55    359.55      0.00      0.00      0.00      0.00
07:10:21         ens4    552.00    276.00    178.70     76.01      0.00      0.00      0.00      0.00
07:10:21      docker0   1379.00   1379.00    110.05    268.12      0.00      0.00      0.00      0.00
07:10:21    veth58e3b24   1379.00   1379.00    128.90    268.12      0.00      0.00      0.00      0.02

07:10:21        CPU     %user     %nice   %system   %iowait    %steal     %idle
07:10:22        all      9.37      0.00     11.65      0.00      1.77     77.22

07:10:21    kbmemfree   kbavail kbmemused  %memused kbbuffers  kbcached  kbcommit   %commit  kbactive   kbinact   kbdirty
07:10:22     14075548  15362588    653124      3.99     82220   1446832   2126372     12.99   1330640    727884       876

07:10:21        IFACE   rxpck/s   txpck/s    rxkB/s    txkB/s   rxcmp/s   txcmp/s  rxmcst/s   %ifutil
07:10:22           lo   2830.00   2830.00    368.67    368.67      0.00      0.00      0.00      0.00
07:10:22         ens4    566.00    283.00    183.23     77.94      0.00      0.00      0.00      0.00
07:10:22      docker0   1415.00   1415.00    113.03    274.99      0.00      0.00      0.00      0.00
07:10:22    veth58e3b24   1415.00   1415.00    132.38    274.99      0.00      0.00      0.00      0.02

07:10:22        CPU     %user     %nice   %system   %iowait    %steal     %idle
07:10:23        all      8.76      0.00     11.08      0.00      0.52     79.64

07:10:22    kbmemfree   kbavail kbmemused  %memused kbbuffers  kbcached  kbcommit   %commit  kbactive   kbinact   kbdirty
07:10:23     14075548  15362592    652964      3.99     82220   1446868   2126372     12.99   1330640    727884       916

07:10:22        IFACE   rxpck/s   txpck/s    rxkB/s    txkB/s   rxcmp/s   txcmp/s  rxmcst/s   %ifutil
07:10:23           lo   2910.00   2910.00    379.10    379.10      0.00      0.00      0.00      0.00
07:10:23         ens4    583.00    292.00    188.45     80.18      0.00      0.00      0.00      0.00
07:10:23      docker0   1453.00   1452.00    116.12    281.92      0.00      0.00      0.00      0.00
07:10:23    veth58e3b24   1453.00   1452.00    135.99    281.92      0.00      0.00      0.00      0.02

07:10:23        CPU     %user     %nice   %system   %iowait    %steal     %idle
07:10:24        all      9.09      0.00     11.43      0.00      0.78     78.70

07:10:23    kbmemfree   kbavail kbmemused  %memused kbbuffers  kbcached  kbcommit   %commit  kbactive   kbinact   kbdirty
07:10:24     14075300  15362396    653028      3.99     82220   1446904   2126372     12.99   1330708    727936       952

07:10:23        IFACE   rxpck/s   txpck/s    rxkB/s    txkB/s   rxcmp/s   txcmp/s  rxmcst/s   %ifutil
07:10:24           lo   2975.00   2975.00    387.30    387.30      0.00      0.00      0.00      0.00
07:10:24         ens4    596.00    298.00    192.94     82.07      0.00      0.00      0.00      0.00
07:10:24      docker0   1490.00   1490.00    119.03    289.56      0.00      0.00      0.00      0.00
07:10:24    veth58e3b24   1490.00   1490.00    139.40    289.56      0.00      0.00      0.00      0.02

07:10:24        CPU     %user     %nice   %system   %iowait    %steal     %idle
07:10:25        all     10.51      0.00     12.05      0.00      1.79     75.64

07:10:24    kbmemfree   kbavail kbmemused  %memused kbbuffers  kbcached  kbcommit   %commit  kbactive   kbinact   kbdirty
07:10:25     14075300  15362460    652864      3.99     82220   1446924   2126372     12.99   1330764    728000       976

07:10:24        IFACE   rxpck/s   txpck/s    rxkB/s    txkB/s   rxcmp/s   txcmp/s  rxmcst/s   %ifutil
07:10:25           lo   3055.00   3055.00    398.25    398.25      0.00      0.00      0.00      0.00
07:10:25         ens4    610.00    305.00    197.48     83.99      0.00      0.00      0.00      0.00
07:10:25      docker0   1529.00   1529.00    122.17    297.27      0.00      0.00      0.00      0.00
07:10:25    veth58e3b24   1529.00   1529.00    143.07    297.27      0.00      0.00      0.00      0.02

07:10:25        CPU     %user     %nice   %system   %iowait    %steal     %idle
07:10:26        all     10.85      0.00     11.37      0.00      1.81     75.97

07:10:25    kbmemfree   kbavail kbmemused  %memused kbbuffers  kbcached  kbcommit   %commit  kbactive   kbinact   kbdirty
07:10:26     14074800  15361976    653108      3.99     82220   1446964   2126372     12.99   1330808    728016      1016

07:10:25        IFACE   rxpck/s   txpck/s    rxkB/s    txkB/s   rxcmp/s   txcmp/s  rxmcst/s   %ifutil
07:10:26           lo   3133.00   3133.00    408.05    408.05      0.00      0.00      0.00      0.00
07:10:26         ens4    626.00    313.00    202.66     86.20      0.00      0.00      0.00      0.00
07:10:26      docker0   1565.00   1565.00    125.02    304.14      0.00      0.00      0.00      0.00
07:10:26    veth58e3b24   1565.00   1565.00    146.41    304.14      0.00      0.00      0.00      0.02

07:10:26        CPU     %user     %nice   %system   %iowait    %steal     %idle
07:10:27        all      9.82      0.00     13.44      0.00      1.29     75.45

07:10:26    kbmemfree   kbavail kbmemused  %memused kbbuffers  kbcached  kbcommit   %commit  kbactive   kbinact   kbdirty
07:10:27     14074048  15361244    653656      3.99     82220   1446996   2126372     12.99   1330816    728036       376

07:10:26        IFACE   rxpck/s   txpck/s    rxkB/s    txkB/s   rxcmp/s   txcmp/s  rxmcst/s   %ifutil
07:10:27           lo   3202.00   3202.00    416.98    416.98      0.00      0.00      0.00      0.00
07:10:27         ens4    641.00    321.00    207.24     88.18      0.00      0.00      0.00      0.00
07:10:27      docker0   1601.00   1601.00    127.86    311.00      0.00      0.00      0.00      0.00
07:10:27    veth58e3b24   1601.00   1601.00    149.75    311.00      0.00      0.00      0.00      0.03

07:10:27        CPU     %user     %nice   %system   %iowait    %steal     %idle
07:10:28        all     11.08      0.00     12.11      0.00      1.80     75.00

07:10:27    kbmemfree   kbavail kbmemused  %memused kbbuffers  kbcached  kbcommit   %commit  kbactive   kbinact   kbdirty
07:10:28     14074048  15361280    653516      3.99     82220   1447044   2126372     12.99   1330652    728068       416

07:10:27        IFACE   rxpck/s   txpck/s    rxkB/s    txkB/s   rxcmp/s   txcmp/s  rxmcst/s   %ifutil
07:10:28           lo   3275.00   3275.00    426.91    426.91      0.00      0.00      0.00      0.00
07:10:28         ens4    656.00    328.00    212.37     90.33      0.00      0.00      0.00      0.00
07:10:28      docker0   1637.00   1638.00    130.72    318.58      0.00      0.00      0.00      0.00
07:10:28    veth58e3b24   1637.00   1638.00    153.10    318.58      0.00      0.00      0.00      0.03

07:10:28        CPU     %user     %nice   %system   %iowait    %steal     %idle
07:10:29        all     10.36      0.00     12.95      0.00      1.04     75.65

07:10:28    kbmemfree   kbavail kbmemused  %memused kbbuffers  kbcached  kbcommit   %commit  kbactive   kbinact   kbdirty
07:10:29     14074048  15361280    653452      3.99     82220   1447068   2126372     12.99   1330652    728068       444

07:10:28        IFACE   rxpck/s   txpck/s    rxkB/s    txkB/s   rxcmp/s   txcmp/s  rxmcst/s   %ifutil
07:10:29           lo   3350.00   3350.00    436.42    436.42      0.00      0.00      0.00      0.00
07:10:29         ens4    673.00    338.00    217.07     92.43      0.00      0.00      0.00      0.00
07:10:29      docker0   1677.00   1676.00    134.04    325.58      0.00      0.00      0.00      0.00
07:10:29    veth58e3b24   1677.00   1676.00    156.97    325.58      0.00      0.00      0.00      0.03

07:10:29        CPU     %user     %nice   %system   %iowait    %steal     %idle
07:10:30        all     11.49      0.00     12.79      0.00      1.04     74.67

07:10:29    kbmemfree   kbavail kbmemused  %memused kbbuffers  kbcached  kbcommit   %commit  kbactive   kbinact   kbdirty
07:10:30     14074048  15361332    653296      3.99     82220   1447116   2126372     12.99   1330660    728120       504

07:10:29        IFACE   rxpck/s   txpck/s    rxkB/s    txkB/s   rxcmp/s   txcmp/s  rxmcst/s   %ifutil
07:10:30           lo   3428.00   3428.00    446.09    446.09      0.00      0.00      0.00      0.00
07:10:30         ens4    685.00    344.00    222.01     94.52      0.00      0.00      0.00      0.00
07:10:30      docker0   1711.00   1711.00    136.65    332.38      0.00      0.00      0.00      0.00
07:10:30    veth58e3b24   1711.00   1711.00    160.04    332.38      0.00      0.00      0.00      0.03

07:10:30        CPU     %user     %nice   %system   %iowait    %steal     %idle
07:10:31        all     10.85      0.00     12.92      0.00      2.07     74.16

07:10:30    kbmemfree   kbavail kbmemused  %memused kbbuffers  kbcached  kbcommit   %commit  kbactive   kbinact   kbdirty
07:10:31     14073568  15360852    653580      3.99     82220   1447152   2126372     12.99   1330660    728120       540

07:10:30        IFACE   rxpck/s   txpck/s    rxkB/s    txkB/s   rxcmp/s   txcmp/s  rxmcst/s   %ifutil
07:10:31           lo   3501.00   3501.00    455.99    455.99      0.00      0.00      0.00      0.00
07:10:31         ens4    700.00    349.00    226.09     96.11      0.00      0.00      0.00      0.00
07:10:31      docker0   1750.00   1750.00    139.79    340.09      0.00      0.00      0.00      0.00
07:10:31    veth58e3b24   1750.00   1750.00    163.72    340.09      0.00      0.00      0.00      0.03

07:10:31        CPU     %user     %nice   %system   %iowait    %steal     %idle
07:10:32        all     12.08      0.00     14.14      0.00      2.06     71.72

07:10:31    kbmemfree   kbavail kbmemused  %memused kbbuffers  kbcached  kbcommit   %commit  kbactive   kbinact   kbdirty
07:10:32     14073068  15360408    653864      3.99     82220   1447196   2126372     12.99   1330664    728176       584

07:10:31        IFACE   rxpck/s   txpck/s    rxkB/s    txkB/s   rxcmp/s   txcmp/s  rxmcst/s   %ifutil
07:10:32           lo   3571.00   3571.00    465.13    465.13      0.00      0.00      0.00      0.00
07:10:32         ens4    716.00    359.00    231.78     98.64      0.00      0.00      0.00      0.00
07:10:32      docker0   1785.00   1785.00    142.59    346.89      0.00      0.00      0.00      0.00
07:10:32    veth58e3b24   1785.00   1785.00    167.00    346.89      0.00      0.00      0.00      0.03

07:10:32        CPU     %user     %nice   %system   %iowait    %steal     %idle
07:10:33        all     12.91      0.00     15.19      0.00      3.54     68.35

07:10:32    kbmemfree   kbavail kbmemused  %memused kbbuffers  kbcached  kbcommit   %commit  kbactive   kbinact   kbdirty
07:10:33     14073068  15360460    653696      3.99     82220   1447228   2126372     12.99   1330672    728228       616

07:10:32        IFACE   rxpck/s   txpck/s    rxkB/s    txkB/s   rxcmp/s   txcmp/s  rxmcst/s   %ifutil
07:10:33           lo   3652.00   3652.00    475.61    475.61      0.00      0.00      0.00      0.00
07:10:33         ens4    731.00    366.00    236.38    100.57      0.00      0.00      0.00      0.00
07:10:33      docker0   1825.00   1825.00    145.79    354.66      0.00      0.00      0.00      0.00
07:10:33    veth58e3b24   1825.00   1825.00    170.74    354.66      0.00      0.00      0.00      0.03

07:10:33        CPU     %user     %nice   %system   %iowait    %steal     %idle
07:10:34        all     11.52      0.00     13.35      0.00      1.83     73.30

07:10:33    kbmemfree   kbavail kbmemused  %memused kbbuffers  kbcached  kbcommit   %commit  kbactive   kbinact   kbdirty
07:10:34     14073068  15360468    653532      3.99     82220   1447268   2126372     12.99   1330672    728236       648

07:10:33        IFACE   rxpck/s   txpck/s    rxkB/s    txkB/s   rxcmp/s   txcmp/s  rxmcst/s   %ifutil
07:10:34           lo   3717.00   3717.00    484.45    484.45      0.00      0.00      0.00      0.00
07:10:34         ens4    743.00    372.00    240.27    102.45      0.00      0.00      0.00      0.00
07:10:34      docker0   1860.00   1860.00    148.58    361.46      0.00      0.00      0.00      0.00
07:10:34    veth58e3b24   1860.00   1860.00    174.01    361.46      0.00      0.00      0.00      0.03

07:10:34        CPU     %user     %nice   %system   %iowait    %steal     %idle
07:10:35        all     14.10      0.00     14.10      0.00      2.56     69.23

07:10:34    kbmemfree   kbavail kbmemused  %memused kbbuffers  kbcached  kbcommit   %commit  kbactive   kbinact   kbdirty
07:10:35     14072592  15360156    653840      3.99     82224   1447320   2126372     12.99   1330628    728400       704

07:10:34        IFACE   rxpck/s   txpck/s    rxkB/s    txkB/s   rxcmp/s   txcmp/s  rxmcst/s   %ifutil
07:10:35           lo   3795.00   3795.00    494.65    494.65      0.00      0.00      0.00      0.00
07:10:35         ens4    761.00    380.00    246.08    104.41      0.00      0.00      0.00      0.00
07:10:35      docker0   1897.00   1898.00    151.49    369.11      0.00      0.00      0.00      0.00
07:10:35    veth58e3b24   1897.00   1898.00    177.42    369.11      0.00      0.00      0.00      0.03

07:10:35        CPU     %user     %nice   %system   %iowait    %steal     %idle
07:10:36        all     13.21      0.00     14.51      0.00      3.63     68.65

07:10:35    kbmemfree   kbavail kbmemused  %memused kbbuffers  kbcached  kbcommit   %commit  kbactive   kbinact   kbdirty
07:10:36     14072340  15359916    653952      3.99     82224   1447348   2126372     12.99   1330736    728412       732

07:10:35        IFACE   rxpck/s   txpck/s    rxkB/s    txkB/s   rxcmp/s   txcmp/s  rxmcst/s   %ifutil
07:10:36           lo   3870.00   3870.00    504.16    504.16      0.00      0.00      0.00      0.00
07:10:36         ens4    823.00    437.00    253.73    109.80      0.00      0.00      0.00      0.00
07:10:36      docker0   1935.00   1935.00    154.57    376.04      0.00      0.00      0.00      0.00
07:10:36    veth58e3b24   1935.00   1935.00    181.03    376.04      0.00      0.00      0.00      0.03

07:10:36        CPU     %user     %nice   %system   %iowait    %steal     %idle
07:10:37        all     12.79      0.00     13.84      0.00      1.04     72.32

07:10:36    kbmemfree   kbavail kbmemused  %memused kbbuffers  kbcached  kbcommit   %commit  kbactive   kbinact   kbdirty
07:10:37     14072116  15359736    653984      3.99     82224   1447408   2126372     12.99   1330884    728456       396

07:10:36        IFACE   rxpck/s   txpck/s    rxkB/s    txkB/s   rxcmp/s   txcmp/s  rxmcst/s   %ifutil
07:10:37           lo   3945.00   3945.00    513.67    513.67      0.00      0.00      0.00      0.00
07:10:37         ens4    789.00    395.00    255.16    108.78      0.00      0.00      0.00      0.00
07:10:37      docker0   1973.00   1972.00    157.66    382.97      0.00      0.00      0.00      0.00
07:10:37    veth58e3b24   1973.00   1972.00    184.63    382.97      0.00      0.00      0.00      0.03

07:10:37        CPU     %user     %nice   %system   %iowait    %steal     %idle
07:10:38        all     13.66      0.00     14.18      0.00      1.29     70.88

07:10:37    kbmemfree   kbavail kbmemused  %memused kbbuffers  kbcached  kbcommit   %commit  kbactive   kbinact   kbdirty
07:10:38     14072116  15359808    653872      3.99     82224   1447452   2126372     12.99   1329808    728528       436

07:10:37        IFACE   rxpck/s   txpck/s    rxkB/s    txkB/s   rxcmp/s   txcmp/s  rxmcst/s   %ifutil
07:10:38           lo   4030.00   4030.00    525.00    525.00      0.00      0.00      0.00      0.00
07:10:38         ens4    806.00    403.00    260.93    110.98      0.00      0.00      0.00      0.00
07:10:38      docker0   2015.00   2015.00    160.96    391.59      0.00      0.00      0.00      0.00
07:10:38    veth58e3b24   2015.00   2015.00    188.51    391.59      0.00      0.00      0.00      0.03

07:10:38        CPU     %user     %nice   %system   %iowait    %steal     %idle
07:10:39        all     12.76      0.00     15.36      0.00      2.08     69.79

07:10:38    kbmemfree   kbavail kbmemused  %memused kbbuffers  kbcached  kbcommit   %commit  kbactive   kbinact   kbdirty
07:10:39     14072116  15359808    653672      3.99     82224   1447488   2126372     12.99   1329808    728528       472

07:10:38        IFACE   rxpck/s   txpck/s    rxkB/s    txkB/s   rxcmp/s   txcmp/s  rxmcst/s   %ifutil
07:10:39           lo   4135.00   4135.00    538.94    538.94      0.00      0.00      0.00      0.00
07:10:39         ens4    827.00    413.00    267.98    113.74      0.00      0.00      0.00      0.00
07:10:39      docker0   2067.00   2068.00    165.07    402.15      0.00      0.00      0.00      0.00
07:10:39    veth58e3b24   2067.00   2068.00    193.33    402.15      0.00      0.00      0.00      0.03

07:10:39        CPU     %user     %nice   %system   %iowait    %steal     %idle
07:10:40        all     13.30      0.00     14.83      0.26      1.79     69.82

07:10:39    kbmemfree   kbavail kbmemused  %memused kbbuffers  kbcached  kbcommit   %commit  kbactive   kbinact   kbdirty
07:10:40     14071612  15359360    653988      3.99     82224   1447528   2126372     12.99   1329816    728580       512

07:10:39        IFACE   rxpck/s   txpck/s    rxkB/s    txkB/s   rxcmp/s   txcmp/s  rxmcst/s   %ifutil
07:10:40           lo   4250.00   4250.00    553.66    553.66      0.00      0.00      0.00      0.00
07:10:40         ens4    850.00    424.00    275.17    116.77      0.00      0.00      0.00      0.00
07:10:40      docker0   2124.00   2124.00    169.70    412.26      0.00      0.00      0.00      0.00
07:10:40    veth58e3b24   2124.00   2124.00    198.74    412.26      0.00      0.00      0.00      0.03

07:10:40        CPU     %user     %nice   %system   %iowait    %steal     %idle
07:10:41        all     12.83      0.00     16.23      0.00      1.31     69.63

07:10:40    kbmemfree   kbavail kbmemused  %memused kbbuffers  kbcached  kbcommit   %commit  kbactive   kbinact   kbdirty
07:10:41     14071612  15359416    653808      3.99     82224   1447592   2126372     12.99   1329400    728636       504

07:10:40        IFACE   rxpck/s   txpck/s    rxkB/s    txkB/s   rxcmp/s   txcmp/s  rxmcst/s   %ifutil
07:10:41           lo   4360.00   4360.00    567.99    567.99      0.00      0.00      0.00      0.00
07:10:41         ens4    875.00    440.00    282.44    120.49      0.00      0.00      0.00      0.00
07:10:41      docker0   2180.00   2180.00    174.14    423.65      0.00      0.00      0.00      0.00
07:10:41    veth58e3b24   2180.00   2180.00    203.95    423.65      0.00      0.00      0.00      0.03

07:10:41        CPU     %user     %nice   %system   %iowait    %steal     %idle
07:10:42        all     14.51      0.00     15.54      0.00      1.81     68.13

07:10:41    kbmemfree   kbavail kbmemused  %memused kbbuffers  kbcached  kbcommit   %commit  kbactive   kbinact   kbdirty
07:10:42     14071360  15359168    654000      3.99     82224   1447616   2126372     12.99   1329400    728636       528

07:10:41        IFACE   rxpck/s   txpck/s    rxkB/s    txkB/s   rxcmp/s   txcmp/s  rxmcst/s   %ifutil
07:10:42           lo   4473.00   4473.00    582.61    582.61      0.00      0.00      0.00      0.00
07:10:42         ens4    894.00    447.00    289.42    123.10      0.00      0.00      0.00      0.00
07:10:42      docker0   2238.00   2237.00    178.83    435.11      0.00      0.00      0.00      0.00
07:10:42    veth58e3b24   2238.00   2237.00    209.43    435.11      0.00      0.00      0.00      0.04

07:10:42        CPU     %user     %nice   %system   %iowait    %steal     %idle
07:10:43        all     14.73      0.00     18.86      0.00      3.62     62.79

07:10:42    kbmemfree   kbavail kbmemused  %memused kbbuffers  kbcached  kbcommit   %commit  kbactive   kbinact   kbdirty
07:10:43     14071112  15359040    654068      3.99     82224   1447692   2126372     12.99   1329460    728756       604

07:10:42        IFACE   rxpck/s   txpck/s    rxkB/s    txkB/s   rxcmp/s   txcmp/s  rxmcst/s   %ifutil
07:10:43           lo   4577.00   4577.00    596.36    596.36      0.00      0.00      0.00      0.00
07:10:43         ens4    916.00    458.00    296.54    126.13      0.00      0.00      0.00      0.00
07:10:43      docker0   2288.00   2289.00    182.69    444.96      0.00      0.00      0.00      0.00
07:10:43    veth58e3b24   2288.00   2289.00    213.97    444.96      0.00      0.00      0.00      0.04

07:10:43        CPU     %user     %nice   %system   %iowait    %steal     %idle
07:10:44        all     16.24      0.00     18.04      0.00      2.58     63.14

07:10:43    kbmemfree   kbavail kbmemused  %memused kbbuffers  kbcached  kbcommit   %commit  kbactive   kbinact   kbdirty
07:10:44     14070888  15358864    654132      3.99     82224   1447728   2130276     13.01   1331300    728804       600

07:10:43        IFACE   rxpck/s   txpck/s    rxkB/s    txkB/s   rxcmp/s   txcmp/s  rxmcst/s   %ifutil
07:10:44           lo   4695.00   4695.00    611.89    611.89      0.00      0.00      0.00      0.00
07:10:44         ens4    944.00    474.00    305.51    130.62      0.00      0.00      0.00      0.00
07:10:44      docker0   2346.00   2347.00    187.38    455.85      0.00      0.00      0.00      0.00
07:10:44    veth58e3b24   2346.00   2347.00    219.46    455.85      0.00      0.00      0.00      0.04

07:10:44        CPU     %user     %nice   %system   %iowait    %steal     %idle
07:10:45        all     16.15      0.00     17.44      0.00      3.33     63.08

07:10:44    kbmemfree   kbavail kbmemused  %memused kbbuffers  kbcached  kbcommit   %commit  kbactive   kbinact   kbdirty
07:10:45     14070888  15358900    653956      3.99     82224   1447788   2130464     13.01   1331700    728840       500

07:10:44        IFACE   rxpck/s   txpck/s    rxkB/s    txkB/s   rxcmp/s   txcmp/s  rxmcst/s   %ifutil
07:10:45           lo   4805.00   4805.00    625.70    625.70      0.00      0.00      0.00      0.00
07:10:45         ens4    968.00    488.00    311.48    133.51      0.00      0.00      0.00      0.00
07:10:45      docker0   2403.00   2402.00    192.01    466.54      0.00      0.00      0.00      0.00
07:10:45    veth58e3b24   2403.00   2402.00    224.86    466.54      0.00      0.00      0.00      0.04

07:10:45        CPU     %user     %nice   %system   %iowait    %steal     %idle
07:10:46        all     15.18      0.00     17.28      0.00      1.57     65.97

07:10:45    kbmemfree   kbavail kbmemused  %memused kbbuffers  kbcached  kbcommit   %commit  kbactive   kbinact   kbdirty
07:10:46     14073336  15361396    651348      3.98     82224   1447832   2126372     12.99   1329668    728888       656

07:10:45        IFACE   rxpck/s   txpck/s    rxkB/s    txkB/s   rxcmp/s   txcmp/s  rxmcst/s   %ifutil
07:10:46           lo   4922.00   4922.00    640.41    640.41      0.00      0.00      0.00      0.00
07:10:46         ens4    988.00    493.00    318.86    135.56      0.00      0.00      0.00      0.00
07:10:46      docker0   2459.00   2458.00    196.45    477.93      0.00      0.00      0.00      0.00
07:10:46    veth58e3b24   2459.00   2458.00    230.07    477.93      0.00      0.00      0.00      0.04

07:10:46        CPU     %user     %nice   %system   %iowait    %steal     %idle
07:10:47        all     15.40      0.00     16.71      0.00      1.83     66.06

07:10:46    kbmemfree   kbavail kbmemused  %memused kbbuffers  kbcached  kbcommit   %commit  kbactive   kbinact   kbdirty
07:10:47     14072840  15360968    651628      3.98     82224   1447904   2126372     12.99   1329356    728956       732

07:10:46        IFACE   rxpck/s   txpck/s    rxkB/s    txkB/s   rxcmp/s   txcmp/s  rxmcst/s   %ifutil
07:10:47           lo   5025.00   5025.00    655.01    655.01      0.00      0.00      0.00      0.00
07:10:47         ens4   1005.00    503.00    325.07    138.29      0.00      0.00      0.00      0.00
07:10:47      docker0   2514.00   2514.00    200.85    488.69      0.00      0.00      0.00      0.00
07:10:47    veth58e3b24   2514.00   2514.00    235.23    488.69      0.00      0.00      0.00      0.04

07:10:47        CPU     %user     %nice   %system   %iowait    %steal     %idle
07:10:48        all     16.24      0.00     20.10      0.00      5.41     58.25

07:10:47    kbmemfree   kbavail kbmemused  %memused kbbuffers  kbcached  kbcommit   %commit  kbactive   kbinact   kbdirty
07:10:48     14072600  15360760    651728      3.98     82224   1447956   2126372     12.99   1329384    728988       784

07:10:47        IFACE   rxpck/s   txpck/s    rxkB/s    txkB/s   rxcmp/s   txcmp/s  rxmcst/s   %ifutil
07:10:48           lo   5141.00   5141.00    669.66    669.66      0.00      0.00      0.00      0.00
07:10:48         ens4   1029.00    514.00    333.38    141.55      0.00      0.00      0.00      0.00
07:10:48      docker0   2570.00   2570.00    205.30    499.44      0.00      0.00      0.00      0.00
07:10:48    veth58e3b24   2570.00   2570.00    240.44    499.44      0.00      0.00      0.00      0.04

07:10:48        CPU     %user     %nice   %system   %iowait    %steal     %idle
07:10:49        all     16.06      0.00     17.62      0.00      2.85     63.47

07:10:48    kbmemfree   kbavail kbmemused  %memused kbbuffers  kbcached  kbcommit   %commit  kbactive   kbinact   kbdirty
07:10:49     14072600  15360856    651508      3.98     82224   1448020   2126372     12.99   1329356    729076       836

07:10:48        IFACE   rxpck/s   txpck/s    rxkB/s    txkB/s   rxcmp/s   txcmp/s  rxmcst/s   %ifutil
07:10:49           lo   5251.00   5251.00    684.51    684.51      0.00      0.00      0.00      0.00
07:10:49         ens4   1050.00    525.00    339.92    144.58      0.00      0.00      0.00      0.00
07:10:49      docker0   2624.00   2626.00    209.51    510.20      0.00      0.00      0.00      0.00
07:10:49    veth58e3b24   2625.00   2626.00    245.59    510.20      0.00      0.00      0.00      0.04

07:10:49        CPU     %user     %nice   %system   %iowait    %steal     %idle
07:10:50        all     15.97      0.00     16.75      0.26      1.57     65.45

07:10:49    kbmemfree   kbavail kbmemused  %memused kbbuffers  kbcached  kbcommit   %commit  kbactive   kbinact   kbdirty
07:10:50     14072600  15360860    651404      3.98     82224   1448060   2126372     12.99   1329356    729076       912

07:10:49        IFACE   rxpck/s   txpck/s    rxkB/s    txkB/s   rxcmp/s   txcmp/s  rxmcst/s   %ifutil
07:10:50           lo   5355.00   5355.00    697.35    697.35      0.00      0.00      0.00      0.00
07:10:50         ens4   1071.00    536.00    346.46    147.61      0.00      0.00      0.00      0.00
07:10:50      docker0   2679.00   2678.00    214.03    520.68      0.00      0.00      0.00      0.00
07:10:50    veth58e3b24   2678.00   2678.00    250.45    520.68      0.00      0.00      0.00      0.04

07:10:50        CPU     %user     %nice   %system   %iowait    %steal     %idle
07:10:51        all     16.71      0.00     18.80      0.00      3.13     61.36

07:10:50    kbmemfree   kbavail kbmemused  %memused kbbuffers  kbcached  kbcommit   %commit  kbactive   kbinact   kbdirty
07:10:51     14072600  15360960    651164      3.98     82224   1448128   2126372     12.99   1329404    729176       892

07:10:50        IFACE   rxpck/s   txpck/s    rxkB/s    txkB/s   rxcmp/s   txcmp/s  rxmcst/s   %ifutil
07:10:51           lo   5475.00   5475.00    712.99    712.99      0.00      0.00      0.00      0.00
07:10:51         ens4   1093.00    548.00    354.10    150.91      0.00      0.00      0.00      0.00
07:10:51      docker0   2738.00   2737.00    218.77    531.64      0.00      0.00      0.00      0.00
07:10:51    veth58e3b24   2738.00   2737.00    256.20    531.64      0.00      0.00      0.00      0.04

07:10:51        CPU     %user     %nice   %system   %iowait    %steal     %idle
07:10:52        all     17.99      0.00     19.02      0.00      2.31     60.67

07:10:51    kbmemfree   kbavail kbmemused  %memused kbbuffers  kbcached  kbcommit   %commit  kbactive   kbinact   kbdirty
07:10:52     14072352  15360752    651252      3.98     82224   1448180   2126372     12.99   1329420    729216       936

07:10:51        IFACE   rxpck/s   txpck/s    rxkB/s    txkB/s   rxcmp/s   txcmp/s  rxmcst/s   %ifutil
07:10:52           lo   5575.00   5575.00    726.53    726.53      0.00      0.00      0.00      0.00
07:10:52         ens4   1118.00    557.00    361.93    153.39      0.00      0.00      0.00      0.00
07:10:52      docker0   2787.00   2788.00    222.58    542.07      0.00      0.00      0.00      0.00
07:10:52    veth58e3b24   2787.00   2788.00    260.69    542.07      0.00      0.00      0.00      0.04

07:10:52        CPU     %user     %nice   %system   %iowait    %steal     %idle
07:10:53        all     15.71      0.00     19.11      0.00      1.83     63.35

07:10:52    kbmemfree   kbavail kbmemused  %memused kbbuffers  kbcached  kbcommit   %commit  kbactive   kbinact   kbdirty
07:10:53     14072352  15360860    651040      3.98     82224   1448260   2126372     12.99   1329552    729324      1020

07:10:52        IFACE   rxpck/s   txpck/s    rxkB/s    txkB/s   rxcmp/s   txcmp/s  rxmcst/s   %ifutil
07:10:53           lo   5700.00   5700.00    742.56    742.56      0.00      0.00      0.00      0.00
07:10:53         ens4   1140.00    571.00    368.51    157.01      0.00      0.00      0.00      0.00
07:10:53      docker0   2850.00   2850.00    227.67    553.86      0.00      0.00      0.00      0.00
07:10:53    veth58e3b24   2850.00   2850.00    266.63    553.86      0.00      0.00      0.00      0.05

07:10:53        CPU     %user     %nice   %system   %iowait    %steal     %idle
07:10:54        all     17.02      0.00     19.63      0.00      2.36     60.99

07:10:53    kbmemfree   kbavail kbmemused  %memused kbbuffers  kbcached  kbcommit   %commit  kbactive   kbinact   kbdirty
07:10:54     14072352  15360864    650956      3.98     82224   1448308   2126372     12.99   1329552    729324      1068

07:10:53        IFACE   rxpck/s   txpck/s    rxkB/s    txkB/s   rxcmp/s   txcmp/s  rxmcst/s   %ifutil
07:10:54           lo   5805.00   5805.00    755.98    755.98      0.00      0.00      0.00      0.00
07:10:54         ens4   1160.00    580.00    375.53    159.73      0.00      0.00      0.00      0.00
07:10:54      docker0   2902.00   2901.00    231.90    563.64      0.00      0.00      0.00      0.00
07:10:54    veth58e3b24   2902.00   2901.00    271.58    563.64      0.00      0.00      0.00      0.05

07:10:54        CPU     %user     %nice   %system   %iowait    %steal     %idle
07:10:55        all     16.54      0.00     18.90      0.00      1.05     63.52

07:10:54    kbmemfree   kbavail kbmemused  %memused kbbuffers  kbcached  kbcommit   %commit  kbactive   kbinact   kbdirty
07:10:55     14072100  15360736    651024      3.98     82224   1448392   2126372     12.99   1329668    729448      1176

07:10:54        IFACE   rxpck/s   txpck/s    rxkB/s    txkB/s   rxcmp/s   txcmp/s  rxmcst/s   %ifutil
07:10:55           lo   5910.00   5910.00    770.44    770.44      0.00      0.00      0.00      0.00
07:10:55         ens4   1183.00    591.00    383.23    162.76      0.00      0.00      0.00      0.00
07:10:55      docker0   2954.00   2956.00    235.87    574.33      0.00      0.00      0.00      0.00
07:10:55    veth58e3b24   2954.00   2956.00    276.26    574.33      0.00      0.00      0.00      0.05

07:10:55        CPU     %user     %nice   %system   %iowait    %steal     %idle
07:10:56        all     20.05      0.00     20.31      0.00      4.17     55.47

07:10:55    kbmemfree   kbavail kbmemused  %memused kbbuffers  kbcached  kbcommit   %commit  kbactive   kbinact   kbdirty
07:10:56     14070376  15359068    652544      3.99     82224   1448448   2130276     13.01   1331132    729504      1232

07:10:55        IFACE   rxpck/s   txpck/s    rxkB/s    txkB/s   rxcmp/s   txcmp/s  rxmcst/s   %ifutil
07:10:56           lo   6035.00   6035.00    785.94    785.94      0.00      0.00      0.00      0.00
07:10:56         ens4   1209.00    606.00    390.64    166.30      0.00      0.00      0.00      0.00
07:10:56      docker0   3016.00   3014.00    241.03    585.85      0.00      0.00      0.00      0.00
07:10:56    veth58e3b24   3016.00   3014.00    282.26    585.85      0.00      0.00      0.00      0.05

07:10:56        CPU     %user     %nice   %system   %iowait    %steal     %idle
07:10:57        all     18.49      0.00     20.57      0.00      3.65     57.29

07:10:56    kbmemfree   kbavail kbmemused  %memused kbbuffers  kbcached  kbcommit   %commit  kbactive   kbinact   kbdirty
07:10:57     14070124  15358920    652596      3.99     82224   1448520   2130464     13.01   1331444    729608      1304

07:10:56        IFACE   rxpck/s   txpck/s    rxkB/s    txkB/s   rxcmp/s   txcmp/s  rxmcst/s   %ifutil
07:10:57           lo   6140.00   6140.00    799.88    799.88      0.00      0.00      0.00      0.00
07:10:57         ens4   1234.00    624.00    399.09    171.86      0.00      0.00      0.00      0.00
07:10:57      docker0   3073.00   3074.00    245.40    597.52      0.00      0.00      0.00      0.00
07:10:57    veth58e3b24   3073.00   3074.00    287.41    597.52      0.00      0.00      0.00      0.05

07:10:57        CPU     %user     %nice   %system   %iowait    %steal     %idle
07:10:58        all     16.58      0.00     20.26      0.00      1.32     61.84

07:10:57    kbmemfree   kbavail kbmemused  %memused kbbuffers  kbcached  kbcommit   %commit  kbactive   kbinact   kbdirty
07:10:58     14073276  15362088    649296      3.97     82224   1448588   2126372     12.99   1329348    729624      1400

07:10:57        IFACE   rxpck/s   txpck/s    rxkB/s    txkB/s   rxcmp/s   txcmp/s  rxmcst/s   %ifutil
07:10:58           lo   6240.00   6240.00    812.91    812.91      0.00      0.00      0.00      0.00
07:10:58         ens4   1253.00    625.00    404.91    171.91      0.00      0.00      0.00      0.00
07:10:58      docker0   3120.00   3120.00    249.23    606.33      0.00      0.00      0.00      0.00
07:10:58    veth58e3b24   3120.00   3120.00    291.89    606.33      0.00      0.00      0.00      0.05

07:10:58        CPU     %user     %nice   %system   %iowait    %steal     %idle
07:10:59        all     18.32      0.00     19.37      0.00      1.31     60.99

07:10:58    kbmemfree   kbavail kbmemused  %memused kbbuffers  kbcached  kbcommit   %commit  kbactive   kbinact   kbdirty
07:10:59     14072552  15361364    649884      3.97     82224   1448644   2126372     12.99   1329348    729624      1460

07:10:58        IFACE   rxpck/s   txpck/s    rxkB/s    txkB/s   rxcmp/s   txcmp/s  rxmcst/s   %ifutil
07:10:59           lo   6370.00   6370.00    829.84    829.84      0.00      0.00      0.00      0.00
07:10:59         ens4   1273.00    637.00    411.83    175.19      0.00      0.00      0.00      0.00
07:10:59      docker0   3182.00   3181.00    254.27    618.05      0.00      0.00      0.00      0.00
07:10:59    veth58e3b24   3182.00   3181.00    297.77    618.05      0.00      0.00      0.00      0.05

07:10:59        CPU     %user     %nice   %system   %iowait    %steal     %idle
07:11:00        all     20.73      0.00     23.06      0.26      5.96     50.00

07:10:59    kbmemfree   kbavail kbmemused  %memused kbbuffers  kbcached  kbcommit   %commit  kbactive   kbinact   kbdirty
07:11:00     14072312  15361284    649988      3.97     82224   1448724   2130276     13.01   1331788    729788      1552

07:10:59        IFACE   rxpck/s   txpck/s    rxkB/s    txkB/s   rxcmp/s   txcmp/s  rxmcst/s   %ifutil
07:11:00           lo   6435.00   6435.00    845.64    845.64      0.00      0.00      0.00      0.00
07:11:00         ens4   1633.00   1184.00    441.91    214.41      0.00      0.00      0.00      0.00
07:11:00      docker0   3217.00   3218.00    256.93    624.99      0.00      0.00      0.00      0.00
07:11:00    veth58e3b24   3217.00   3218.00    300.92    624.99      0.00      0.00      0.00      0.05

07:11:00        CPU     %user     %nice   %system   %iowait    %steal     %idle
07:11:01        all     22.94      0.00     22.94      0.00      8.25     45.88

07:11:00    kbmemfree   kbavail kbmemused  %memused kbbuffers  kbcached  kbcommit   %commit  kbactive   kbinact   kbdirty
07:11:01     14082960  15371980    638996      3.90     82224   1448788   2126372     12.99   1330056    729852      1636

07:11:00        IFACE   rxpck/s   txpck/s    rxkB/s    txkB/s   rxcmp/s   txcmp/s  rxmcst/s   %ifutil
07:11:01           lo   6637.00   6637.00    886.32    886.32      0.00      0.00      0.00      0.00
07:11:01         ens4   1597.00    938.00    446.33    202.08      0.00      0.00      0.00      0.00
07:11:01      docker0   3311.00   3311.00    264.46    643.96      0.00      0.00      0.00      0.00
07:11:01    veth58e3b24   3311.00   3311.00    309.73    643.96      0.00      0.00      0.00      0.05

07:11:01        CPU     %user     %nice   %system   %iowait    %steal     %idle
07:11:02        all     19.59      0.00     22.16      0.00      2.58     55.67

07:11:01    kbmemfree   kbavail kbmemused  %memused kbbuffers  kbcached  kbcommit   %commit  kbactive   kbinact   kbdirty
07:11:02     14082468  15371504    639252      3.90     82224   1448864   2126372     12.99   1330056    729852      1712

07:11:01        IFACE   rxpck/s   txpck/s    rxkB/s    txkB/s   rxcmp/s   txcmp/s  rxmcst/s   %ifutil
07:11:02           lo   6700.00   6700.00    872.83    872.83      0.00      0.00      0.00      0.00
07:11:02         ens4   1343.00    673.00    434.23    184.77      0.00      0.00      0.00      0.00
07:11:02      docker0   3350.00   3350.00    267.61    651.03      0.00      0.00      0.00      0.00
07:11:02    veth58e3b24   3350.00   3350.00    313.41    651.03      0.00      0.00      0.00      0.05

07:11:02        CPU     %user     %nice   %system   %iowait    %steal     %idle
07:11:03        all     19.84      0.00     20.37      0.00      2.38     57.41

07:11:02    kbmemfree   kbavail kbmemused  %memused kbbuffers  kbcached  kbcommit   %commit  kbactive   kbinact   kbdirty
07:11:03     14082468  15371584    639096      3.90     82224   1448956   2126372     12.99   1329944    729928      1804

07:11:02        IFACE   rxpck/s   txpck/s    rxkB/s    txkB/s   rxcmp/s   txcmp/s  rxmcst/s   %ifutil
07:11:03           lo   6785.00   6785.00    883.65    883.65      0.00      0.00      0.00      0.00
07:11:03         ens4   1353.00    679.00    438.79    186.99      0.00      0.00      0.00      0.00
07:11:03      docker0   3393.00   3392.00    271.09    658.93      0.00      0.00      0.00      0.00
07:11:03    veth58e3b24   3393.00   3392.00    317.48    658.93      0.00      0.00      0.00      0.05

07:11:03        CPU     %user     %nice   %system   %iowait    %steal     %idle
07:11:04        all     18.78      0.00     20.90      0.00      1.59     58.73

07:11:03    kbmemfree   kbavail kbmemused  %memused kbbuffers  kbcached  kbcommit   %commit  kbactive   kbinact   kbdirty
07:11:04     14081744  15370948    639676      3.91     82224   1449016   2126372     12.99   1329944    730016      1852

07:11:03        IFACE   rxpck/s   txpck/s    rxkB/s    txkB/s   rxcmp/s   txcmp/s  rxmcst/s   %ifutil
07:11:04           lo   6930.00   6930.00    903.31    903.31      0.00      0.00      0.00      0.00
07:11:04         ens4   1394.00    696.00    449.79    190.89      0.00      0.00      0.00      0.00
07:11:04      docker0   3463.00   3465.00    276.56    673.38      0.00      0.00      0.00      0.00
07:11:04    veth58e3b24   3463.00   3465.00    323.91    673.38      0.00      0.00      0.00      0.06

07:11:04        CPU     %user     %nice   %system   %iowait    %steal     %idle
07:11:05        all     20.53      0.00     21.32      0.00      2.11     56.05

07:11:04    kbmemfree   kbavail kbmemused  %memused kbbuffers  kbcached  kbcommit   %commit  kbactive   kbinact   kbdirty
07:11:05     14081744  15371008    639492      3.91     82224   1449100   2126372     12.99   1329944    730076      1940

07:11:04        IFACE   rxpck/s   txpck/s    rxkB/s    txkB/s   rxcmp/s   txcmp/s  rxmcst/s   %ifutil
07:11:05           lo   7023.00   7023.00    914.81    914.81      0.00      0.00      0.00      0.00
07:11:05         ens4   1405.00    703.00    454.56    193.37      0.00      0.00      0.00      0.00
07:11:05      docker0   3512.00   3511.00    280.63    682.18      0.00      0.00      0.00      0.00
07:11:05    veth58e3b24   3512.00   3511.00    328.64    682.18      0.00      0.00      0.00      0.06

07:11:05        CPU     %user     %nice   %system   %iowait    %steal     %idle
07:11:06        all     22.22      0.00     25.25      0.00      7.83     44.70

07:11:05    kbmemfree   kbavail kbmemused  %memused kbbuffers  kbcached  kbcommit   %commit  kbactive   kbinact   kbdirty
07:11:06     14081744  15371060    639388      3.90     82224   1449172   2126372     12.99   1329944    730136      2012

07:11:05        IFACE   rxpck/s   txpck/s    rxkB/s    txkB/s   rxcmp/s   txcmp/s  rxmcst/s   %ifutil
07:11:06           lo   7150.00   7150.00    931.46    931.46      0.00      0.00      0.00      0.00
07:11:06         ens4   1480.00    765.00    466.16    200.13      0.00      0.00      0.00      0.00
07:11:06      docker0   3576.00   3576.00    285.63    695.46      0.00      0.00      0.00      0.00
07:11:06    veth58e3b24   3576.00   3576.00    334.52    695.46      0.00      0.00      0.00      0.06

07:11:06        CPU     %user     %nice   %system   %iowait    %steal     %idle
07:11:07        all     21.41      0.00     22.98      0.00      3.92     51.70

07:11:06    kbmemfree   kbavail kbmemused  %memused kbbuffers  kbcached  kbcommit   %commit  kbactive   kbinact   kbdirty
07:11:07     14081240  15370732    639716      3.91     82224   1449268   2126372     12.99   1330072    730308      2108

07:11:06        IFACE   rxpck/s   txpck/s    rxkB/s    txkB/s   rxcmp/s   txcmp/s  rxmcst/s   %ifutil
07:11:07           lo   7262.00   7262.00    945.89    945.89      0.00      0.00      0.00      0.00
07:11:07         ens4   1454.00    728.00    470.19    200.28      0.00      0.00      0.00      0.00
07:11:07      docker0   3631.00   3631.00    290.03    705.50      0.00      0.00      0.00      0.00
07:11:07    veth58e3b24   3631.00   3631.00    339.67    705.50      0.00      0.00      0.00      0.06

07:11:07        CPU     %user     %nice   %system   %iowait    %steal     %idle
07:11:08        all     23.00      0.00     24.55      0.00      3.62     48.84

07:11:07    kbmemfree   kbavail kbmemused  %memused kbbuffers  kbcached  kbcommit   %commit  kbactive   kbinact   kbdirty
07:11:08     14079228  15368820    641596      3.92     82224   1449332   2130276     13.01   1332100    730408       276

07:11:07        IFACE   rxpck/s   txpck/s    rxkB/s    txkB/s   rxcmp/s   txcmp/s  rxmcst/s   %ifutil
07:11:08           lo   7375.00   7375.00    960.51    960.51      0.00      0.00      0.00      0.00
07:11:08         ens4   1480.00    743.00    479.11    205.00      0.00      0.00      0.00      0.00
07:11:08      docker0   3687.00   3686.00    294.61    716.19      0.00      0.00      0.00      0.00
07:11:08    veth58e3b24   3687.00   3686.00    345.02    716.19      0.00      0.00      0.00      0.06

07:11:08        CPU     %user     %nice   %system   %iowait    %steal     %idle
07:11:09        all     22.34      0.00     25.19      0.00      3.90     48.57

07:11:08    kbmemfree   kbavail kbmemused  %memused kbbuffers  kbcached  kbcommit   %commit  kbactive   kbinact   kbdirty
07:11:09     14081956  15371616    638624      3.90     82224   1449420   2126372     12.99   1330456    730460       396

07:11:08        IFACE   rxpck/s   txpck/s    rxkB/s    txkB/s   rxcmp/s   txcmp/s  rxmcst/s   %ifutil
07:11:09           lo   7490.00   7490.00    976.27    976.27      0.00      0.00      0.00      0.00
07:11:09         ens4   1505.00    754.00    485.60    206.69      0.00      0.00      0.00      0.00
07:11:09      docker0   3743.00   3744.00    299.06    727.72      0.00      0.00      0.00      0.00
07:11:09    veth58e3b24   3743.00   3744.00    350.23    727.72      0.00      0.00      0.00      0.06

07:11:09        CPU     %user     %nice   %system   %iowait    %steal     %idle
07:11:10        all     21.37      0.00     22.43      0.00      2.37     53.83

07:11:09    kbmemfree   kbavail kbmemused  %memused kbbuffers  kbcached  kbcommit   %commit  kbactive   kbinact   kbdirty
07:11:10     14081704  15371484    638748      3.90     82224   1449496   2126372     12.99   1330512    730576       468

07:11:09        IFACE   rxpck/s   txpck/s    rxkB/s    txkB/s   rxcmp/s   txcmp/s  rxmcst/s   %ifutil
07:11:10           lo   7580.00   7580.00    986.95    986.95      0.00      0.00      0.00      0.00
07:11:10         ens4   1524.00    763.00    494.95    209.68      0.00      0.00      0.00      0.00
07:11:10      docker0   3793.00   3792.00    302.91    736.66      0.00      0.00      0.00      0.00
07:11:10    veth58e3b24   3793.00   3792.00    354.77    736.66      0.00      0.00      0.00      0.06

07:11:10        CPU     %user     %nice   %system   %iowait    %steal     %idle
07:11:11        all     22.40      0.00     25.52      0.00      3.65     48.44

07:11:10    kbmemfree   kbavail kbmemused  %memused kbbuffers  kbcached  kbcommit   %commit  kbactive   kbinact   kbdirty
07:11:11     14080952  15370804    639308      3.90     82224   1449592   2126372     12.99   1330852    730656       568

07:11:10        IFACE   rxpck/s   txpck/s    rxkB/s    txkB/s   rxcmp/s   txcmp/s  rxmcst/s   %ifutil
07:11:11           lo   7745.00   7745.00   1009.23   1009.23      0.00      0.00      0.00      0.00
07:11:11         ens4   1548.00    775.00    501.11    213.19      0.00      0.00      0.00      0.00
07:11:11      docker0   3872.00   3873.00    309.26    752.92      0.00      0.00      0.00      0.00
07:11:11    veth58e3b24   3872.00   3873.00    362.19    752.92      0.00      0.00      0.00      0.06

07:11:11        CPU     %user     %nice   %system   %iowait    %steal     %idle
07:11:12        all     22.22      0.00     22.75      0.00      3.17     51.85

07:11:11    kbmemfree   kbavail kbmemused  %memused kbbuffers  kbcached  kbcommit   %commit  kbactive   kbinact   kbdirty
07:11:12     14080700  15370628    639412      3.90     82224   1449676   2126372     12.99   1331072    730732       652

07:11:11        IFACE   rxpck/s   txpck/s    rxkB/s    txkB/s   rxcmp/s   txcmp/s  rxmcst/s   %ifutil
07:11:12           lo   7835.00   7835.00   1020.95   1020.95      0.00      0.00      0.00      0.00
07:11:12         ens4   1567.00    783.00    507.54    215.63      0.00      0.00      0.00      0.00
07:11:12      docker0   3911.00   3911.00    312.54    759.93      0.00      0.00      0.00      0.00
07:11:12    veth58e3b24   3911.00   3911.00    366.01    759.93      0.00      0.00      0.00      0.06

07:11:12        CPU     %user     %nice   %system   %iowait    %steal     %idle
07:11:13        all     23.62      0.00     27.39      0.00      7.04     41.96

07:11:12    kbmemfree   kbavail kbmemused  %memused kbbuffers  kbcached  kbcommit   %commit  kbactive   kbinact   kbdirty
07:11:13     14080700  15370692    639316      3.90     82224   1449752   2126372     12.99   1330976    730804       728

07:11:12        IFACE   rxpck/s   txpck/s    rxkB/s    txkB/s   rxcmp/s   txcmp/s  rxmcst/s   %ifutil
07:11:13           lo   7955.00   7955.00   1036.07   1036.07      0.00      0.00      0.00      0.00
07:11:13         ens4   1590.00    795.00    514.73    218.94      0.00      0.00      0.00      0.00
07:11:13      docker0   3984.00   3984.00    318.14    774.36      0.00      0.00      0.00      0.00
07:11:13    veth58e3b24   3984.00   3984.00    372.61    774.36      0.00      0.00      0.00      0.06

07:11:13        CPU     %user     %nice   %system   %iowait    %steal     %idle
07:11:14        all     23.10      0.00     24.93      0.00      4.46     47.51

07:11:13    kbmemfree   kbavail kbmemused  %memused kbbuffers  kbcached  kbcommit   %commit  kbactive   kbinact   kbdirty
07:11:14     14080224  15370296    639600      3.91     82224   1449840   2126372     12.99   1330844    730876       816

07:11:13        IFACE   rxpck/s   txpck/s    rxkB/s    txkB/s   rxcmp/s   txcmp/s  rxmcst/s   %ifutil
07:11:14           lo   8070.00   8070.00   1051.31   1051.31      0.00      0.00      0.00      0.00
07:11:14         ens4   1616.00    809.00    522.65    222.60      0.00      0.00      0.00      0.00
07:11:14      docker0   4035.00   4035.00    322.33    784.15      0.00      0.00      0.00      0.00
07:11:14    veth58e3b24   4035.00   4035.00    377.49    784.15      0.00      0.00      0.00      0.06

07:11:14        CPU     %user     %nice   %system   %iowait    %steal     %idle
07:11:15        all     22.92      0.00     25.52      0.00      4.43     47.14

07:11:14    kbmemfree   kbavail kbmemused  %memused kbbuffers  kbcached  kbcommit   %commit  kbactive   kbinact   kbdirty
07:11:15     14079720  15369852    639936      3.91     82224   1449940   2126372     12.99   1330844    730936       916

07:11:14        IFACE   rxpck/s   txpck/s    rxkB/s    txkB/s   rxcmp/s   txcmp/s  rxmcst/s   %ifutil
07:11:15           lo   8184.00   8184.00   1065.84   1065.84      0.00      0.00      0.00      0.00
07:11:15         ens4   1635.00    817.00    529.56    224.99      0.00      0.00      0.00      0.00
07:11:15      docker0   4090.00   4090.00    326.72    794.83      0.00      0.00      0.00      0.00
07:11:15    veth58e3b24   4090.00   4090.00    382.64    794.83      0.00      0.00      0.00      0.07

07:11:15        CPU     %user     %nice   %system   %iowait    %steal     %idle
07:11:16        all     24.42      0.00     26.48      0.00      5.14     43.96

07:11:15    kbmemfree   kbavail kbmemused  %memused kbbuffers  kbcached  kbcommit   %commit  kbactive   kbinact   kbdirty
07:11:16     14079720  15369976    639824      3.91     82224   1450000   2126372     12.99   1330832    731056       888

07:11:15        IFACE   rxpck/s   txpck/s    rxkB/s    txkB/s   rxcmp/s   txcmp/s  rxmcst/s   %ifutil
07:11:16           lo   8290.00   8290.00   1080.49   1080.49      0.00      0.00      0.00      0.00
07:11:16         ens4   1664.00    831.00    538.18    228.44      0.00      0.00      0.00      0.00
07:11:16      docker0   4147.00   4147.00    331.36    805.66      0.00      0.00      0.00      0.00
07:11:16    veth58e3b24   4147.00   4147.00    388.06    805.66      0.00      0.00      0.00      0.07

07:11:16        CPU     %user     %nice   %system   %iowait    %steal     %idle
07:11:17        all     27.32      0.00     26.03      0.00      6.96     39.69

07:11:16    kbmemfree   kbavail kbmemused  %memused kbbuffers  kbcached  kbcommit   %commit  kbactive   kbinact   kbdirty
07:11:17     14079480  15369868    639840      3.91     82224   1450128   2126372     12.99   1330984    731184       892

07:11:16        IFACE   rxpck/s   txpck/s    rxkB/s    txkB/s   rxcmp/s   txcmp/s  rxmcst/s   %ifutil
07:11:17           lo   8408.00   8408.00   1095.24   1095.24      0.00      0.00      0.00      0.00
07:11:17         ens4   1683.00    840.00    544.56    231.09      0.00      0.00      0.00      0.00
07:11:17      docker0   4196.00   4200.00    334.90    817.50      0.00      0.00      0.00      0.00
07:11:17    veth58e3b24   4196.00   4200.00    392.27    817.50      0.00      0.00      0.00      0.07

07:11:17        CPU     %user     %nice   %system   %iowait    %steal     %idle
07:11:18        all     26.21      0.00     27.23      0.00     10.18     36.39

07:11:17    kbmemfree   kbavail kbmemused  %memused kbbuffers  kbcached  kbcommit   %commit  kbactive   kbinact   kbdirty
07:11:18     14079480  15369964    639708      3.91     82224   1450208   2126372     12.99   1331172    731288      1132

07:11:17        IFACE   rxpck/s   txpck/s    rxkB/s    txkB/s   rxcmp/s   txcmp/s  rxmcst/s   %ifutil
07:11:18           lo   8540.00   8540.00   1111.50   1111.50      0.00      0.00      0.00      0.00
07:11:18         ens4   1715.00    863.00    554.88    239.24      0.00      0.00      0.00      0.00
07:11:18      docker0   4274.00   4271.00    341.71    828.59      0.00      0.00      0.00      0.00
07:11:18    veth58e3b24   4274.00   4271.00    400.14    828.59      0.00      0.00      0.00      0.07

07:11:18        CPU     %user     %nice   %system   %iowait    %steal     %idle
07:11:19        all     27.51      0.00     29.05      0.00      8.48     34.96

07:11:18    kbmemfree   kbavail kbmemused  %memused kbbuffers  kbcached  kbcommit   %commit  kbactive   kbinact   kbdirty
07:11:19     14079228  15369760    639792      3.91     82224   1450308   2126372     12.99   1330820    731320      1260

07:11:18        IFACE   rxpck/s   txpck/s    rxkB/s    txkB/s   rxcmp/s   txcmp/s  rxmcst/s   %ifutil
07:11:19           lo   8639.00   8639.00   1126.15   1126.15      0.00      0.00      0.00      0.00
07:11:19         ens4   1731.00    869.00    559.28    242.61      0.00      0.00      0.00      0.00
07:11:19      docker0   4322.00   4321.00    345.33    840.24      0.00      0.00      0.00      0.00
07:11:19    veth58e3b24   4322.00   4321.00    404.42    840.24      0.00      0.00      0.00      0.07

07:11:19        CPU     %user     %nice   %system   %iowait    %steal     %idle
07:11:20        all     32.98      0.00     30.37      0.00      4.71     31.94

07:11:19    kbmemfree   kbavail kbmemused  %memused kbbuffers  kbcached  kbcommit   %commit  kbactive   kbinact   kbdirty
07:11:20     14068696  15359372    650148      3.97     82224   1450408   2126372     12.99   1339588    731472      1368

07:11:19        IFACE   rxpck/s   txpck/s    rxkB/s    txkB/s   rxcmp/s   txcmp/s  rxmcst/s   %ifutil
07:11:20           lo   8773.00   8773.00   1142.65   1142.65      0.00      0.00      0.00      0.00
07:11:20         ens4   1790.00    912.00    572.09    563.46      0.00      0.00      0.00      0.00
07:11:20      docker0   4382.00   4383.00    349.86    852.03      0.00      0.00      0.00      0.00
07:11:20    veth58e3b24   4382.00   4383.00    409.77    852.03      0.00      0.00      0.00      0.07

07:11:20        CPU     %user     %nice   %system   %iowait    %steal     %idle
07:11:21        all     26.00      0.00     26.75      0.00      9.50     37.75

07:11:20    kbmemfree   kbavail kbmemused  %memused kbbuffers  kbcached  kbcommit   %commit  kbactive   kbinact   kbdirty
07:11:21     14067980  15358692    650696      3.97     82224   1450484   2131304     13.02   1341420    731508      1444

07:11:20        IFACE   rxpck/s   txpck/s    rxkB/s    txkB/s   rxcmp/s   txcmp/s  rxmcst/s   %ifutil
07:11:21           lo   8869.00   8869.00   1155.47   1155.47      0.00      0.00      0.00      0.00
07:11:21         ens4   1826.00    989.00    577.68    250.68      0.00      0.00      0.00      0.00
07:11:21      docker0   4434.00   4434.00    354.23    861.17      0.00      0.00      0.00      0.00
07:11:21    veth58e3b24   4434.00   4434.00    414.85    861.17      0.00      0.00      0.00      0.07

07:11:21        CPU     %user     %nice   %system   %iowait    %steal     %idle
07:11:22        all     28.39      0.00     27.39      0.00     12.56     31.66

07:11:21    kbmemfree   kbavail kbmemused  %memused kbbuffers  kbcached  kbcommit   %commit  kbactive   kbinact   kbdirty
07:11:22     14071276  15362160    647236      3.95     82224   1450600   2127400     12.99   1339500    731696      1632

07:11:21        IFACE   rxpck/s   txpck/s    rxkB/s    txkB/s   rxcmp/s   txcmp/s  rxmcst/s   %ifutil
07:11:22           lo   8976.00   8976.00   1170.03   1170.03      0.00      0.00      0.00      0.00
07:11:22         ens4   1810.00    906.00    584.04    249.31      0.00      0.00      0.00      0.00
07:11:22      docker0   4488.00   4490.00    358.57    873.21      0.00      0.00      0.00      0.00
07:11:22    veth58e3b24   4488.00   4490.00    419.93    873.21      0.00      0.00      0.00      0.07

07:11:22        CPU     %user     %nice   %system   %iowait    %steal     %idle
07:11:23        all     26.80      0.00     27.84      0.00      7.47     37.89

07:11:22    kbmemfree   kbavail kbmemused  %memused kbbuffers  kbcached  kbcommit   %commit  kbactive   kbinact   kbdirty
07:11:23     14071024  15361948    647464      3.95     82224   1450684   2127400     12.99   1339680    731732      1720

07:11:22        IFACE   rxpck/s   txpck/s    rxkB/s    txkB/s   rxcmp/s   txcmp/s  rxmcst/s   %ifutil
07:11:23           lo   9130.00   9130.00   1188.36   1188.36      0.00      0.00      0.00      0.00
07:11:23         ens4   1824.00    915.00    589.42    251.75      0.00      0.00      0.00      0.00
07:11:23      docker0   4567.00   4564.00    364.76    886.43      0.00      0.00      0.00      0.00
07:11:23    veth58e3b24   4567.00   4564.00    427.20    886.43      0.00      0.00      0.00      0.07

07:11:23        CPU     %user     %nice   %system   %iowait    %steal     %idle
07:11:24        all     28.35      0.00     28.10      0.00     13.42     30.13

07:11:23    kbmemfree   kbavail kbmemused  %memused kbbuffers  kbcached  kbcommit   %commit  kbactive   kbinact   kbdirty
07:11:24     14070524  15361480    647800      3.96     82224   1450808   2127400     12.99   1339680    731760       468

07:11:23        IFACE   rxpck/s   txpck/s    rxkB/s    txkB/s   rxcmp/s   txcmp/s  rxmcst/s   %ifutil
07:11:24           lo   9203.00   9203.00   1199.20   1199.20      0.00      0.00      0.00      0.00
07:11:24         ens4   1842.00    919.00    596.83    253.08      0.00      0.00      0.00      0.00
07:11:24      docker0   4598.00   4600.00    367.23    894.59      0.00      0.00      0.00      0.00
07:11:24    veth58e3b24   4598.00   4600.00    430.09    894.59      0.00      0.00      0.00      0.07

07:11:24        CPU     %user     %nice   %system   %iowait    %steal     %idle
07:11:25        all     27.44      0.00     28.97      0.00      7.44     36.15

07:11:24    kbmemfree   kbavail kbmemused  %memused kbbuffers  kbcached  kbcommit   %commit  kbactive   kbinact   kbdirty
07:11:25     14070024  15361120    648204      3.96     82224   1450900   2127400     12.99   1339728    731892       560

07:11:24        IFACE   rxpck/s   txpck/s    rxkB/s    txkB/s   rxcmp/s   txcmp/s  rxmcst/s   %ifutil
07:11:25           lo   9344.00   9344.00   1217.09   1217.09      0.00      0.00      0.00      0.00
07:11:25         ens4   2016.00   1229.00    614.27    275.93      0.00      0.00      0.00      0.00
07:11:25      docker0   4674.00   4673.00    373.39    907.74      0.00      0.00      0.00      0.00
07:11:25    veth58e3b24   4674.00   4673.00    437.30    907.74      0.00      0.00      0.00      0.07

07:11:25        CPU     %user     %nice   %system   %iowait    %steal     %idle
07:11:26        all     28.39      0.00     28.90      0.00      6.65     36.06

07:11:25    kbmemfree   kbavail kbmemused  %memused kbbuffers  kbcached  kbcommit   %commit  kbactive   kbinact   kbdirty
07:11:26     14069532  15360788    648520      3.96     82224   1451012   2127400     12.99   1339920    732056       624

07:11:25        IFACE   rxpck/s   txpck/s    rxkB/s    txkB/s   rxcmp/s   txcmp/s  rxmcst/s   %ifutil
07:11:26           lo   9473.00   9473.00   1234.48   1234.48      0.00      0.00      0.00      0.00
07:11:26         ens4   2351.00   1453.00    644.16    294.51      0.00      0.00      0.00      0.00
07:11:26      docker0   4738.00   4738.00    378.54    920.38      0.00      0.00      0.00      0.00
07:11:26    veth58e3b24   4738.00   4738.00    443.32    920.38      0.00      0.00      0.00      0.08

07:11:26        CPU     %user     %nice   %system   %iowait    %steal     %idle
07:11:27        all     29.05      0.00     28.53      0.00     10.54     31.88

07:11:26    kbmemfree   kbavail kbmemused  %memused kbbuffers  kbcached  kbcommit   %commit  kbactive   kbinact   kbdirty
07:11:27     14069052  15360376    648716      3.96     82224   1451088   2128428     13.00   1339700    732124       700

07:11:26        IFACE   rxpck/s   txpck/s    rxkB/s    txkB/s   rxcmp/s   txcmp/s  rxmcst/s   %ifutil
07:11:27           lo   9545.00   9545.00   1243.72   1243.72      0.00      0.00      0.00      0.00
07:11:27         ens4   1910.00    955.00    618.84    263.00      0.00      0.00      0.00      0.00
07:11:27      docker0   4770.00   4773.00    380.91    928.47      0.00      0.00      0.00      0.00
07:11:27    veth58e3b24   4771.00   4773.00    446.19    928.47      0.00      0.00      0.00      0.08

07:11:27        CPU     %user     %nice   %system   %iowait    %steal     %idle
07:11:28        all     29.78      0.00     27.79      0.00     13.40     29.03

07:11:27    kbmemfree   kbavail kbmemused  %memused kbbuffers  kbcached  kbcommit   %commit  kbactive   kbinact   kbdirty
07:11:28     14068800  15360192    648784      3.96     82224   1451208   2128428     13.00   1339792    732200       812

07:11:27        IFACE   rxpck/s   txpck/s    rxkB/s    txkB/s   rxcmp/s   txcmp/s  rxmcst/s   %ifutil
07:11:28           lo   9681.00   9681.00   1260.85   1260.85      0.00      0.00      0.00      0.00
07:11:28         ens4   1936.00    969.00    626.78    266.47      0.00      0.00      0.00      0.00
07:11:28      docker0   4843.00   4839.00    387.19    939.87      0.00      0.00      0.00      0.00
07:11:28    veth58e3b24   4842.00   4839.00    453.34    939.87      0.00      0.00      0.00      0.08

07:11:28        CPU     %user     %nice   %system   %iowait    %steal     %idle
07:11:29        all     30.00      0.00     29.74      0.00      8.72     31.54

07:11:28    kbmemfree   kbavail kbmemused  %memused kbbuffers  kbcached  kbcommit   %commit  kbactive   kbinact   kbdirty
07:11:29     14068576  15360112    648856      3.96     82224   1451316   2128428     13.00   1339820    732352       924

07:11:28        IFACE   rxpck/s   txpck/s    rxkB/s    txkB/s   rxcmp/s   txcmp/s  rxmcst/s   %ifutil
07:11:29           lo   9706.93   9706.93   1264.62   1264.62      0.00      0.00      0.00      0.00
07:11:29         ens4   1945.54    975.25    628.09    268.06      0.00      0.00      0.00      0.00
07:11:29      docker0   4851.49   4853.47    387.29    942.95      0.00      0.00      0.00      0.00
07:11:29    veth58e3b24   4851.49   4853.47    453.61    942.95      0.00      0.00      0.00      0.08

07:11:29        CPU     %user     %nice   %system   %iowait    %steal     %idle
07:11:30        all     28.50      0.00     27.75      0.00     17.50     26.25

07:11:29    kbmemfree   kbavail kbmemused  %memused kbbuffers  kbcached  kbcommit   %commit  kbactive   kbinact   kbdirty
07:11:30     14068324  15360020    649100      3.96     82224   1451412   2128428     13.00   1339872    732484      1040

07:11:29        IFACE   rxpck/s   txpck/s    rxkB/s    txkB/s   rxcmp/s   txcmp/s  rxmcst/s   %ifutil
07:11:30           lo   9903.00   9903.00   1290.39   1290.39      0.00      0.00      0.00      0.00
07:11:30         ens4   1982.00    989.00    642.15    272.36      0.00      0.00      0.00      0.00
07:11:30      docker0   4950.00   4952.00    395.29    963.38      0.00      0.00      0.00      0.00
07:11:30    veth58e3b24   4950.00   4952.00    462.97    963.38      0.00      0.00      0.00      0.08

07:11:30        CPU     %user     %nice   %system   %iowait    %steal     %idle
07:11:31        all      7.59      0.00      7.59      0.00      2.03     82.78

07:11:30    kbmemfree   kbavail kbmemused  %memused kbbuffers  kbcached  kbcommit   %commit  kbactive   kbinact   kbdirty
07:11:31     14068072  15359836    649368      3.97     82224   1451472   2128428     13.00   1340216    732560      1100

07:11:30        IFACE   rxpck/s   txpck/s    rxkB/s    txkB/s   rxcmp/s   txcmp/s  rxmcst/s   %ifutil
07:11:31           lo   2566.00   2566.00    332.89    332.89      0.00      0.00      0.00      0.00
07:11:31         ens4    514.00    259.00    164.32     71.33      0.00      0.00      0.00      0.00
07:11:31      docker0   1285.00   1280.00    102.90    247.45      0.00      0.00      0.00      0.00
07:11:31    veth58e3b24   1285.00   1280.00    120.47    247.45      0.00      0.00      0.00      0.02

07:11:31        CPU     %user     %nice   %system   %iowait    %steal     %idle
07:11:32        all      0.00      0.00      0.00      0.00      0.00    100.00

07:11:31    kbmemfree   kbavail kbmemused  %memused kbbuffers  kbcached  kbcommit   %commit  kbactive   kbinact   kbdirty
07:11:32     14068072  15359836    649368      3.97     82224   1451472   2128428     13.00   1340216    732560      1100

07:11:31        IFACE   rxpck/s   txpck/s    rxkB/s    txkB/s   rxcmp/s   txcmp/s  rxmcst/s   %ifutil
07:11:32           lo      0.00      0.00      0.00      0.00      0.00      0.00      0.00      0.00
07:11:32         ens4      0.00      0.00      0.00      0.00      0.00      0.00      0.00      0.00
07:11:32      docker0      0.00      0.00      0.00      0.00      0.00      0.00      0.00      0.00
07:11:32    veth58e3b24      0.00      0.00      0.00      0.00      0.00      0.00      0.00      0.00

07:11:32        CPU     %user     %nice   %system   %iowait    %steal     %idle
07:11:33        all      0.25      0.00      0.25      0.00      0.00     99.50

07:11:32    kbmemfree   kbavail kbmemused  %memused kbbuffers  kbcached  kbcommit   %commit  kbactive   kbinact   kbdirty
07:11:33     14068072  15359836    649368      3.97     82224   1451472   2128428     13.00   1340216    732560      1100

07:11:32        IFACE   rxpck/s   txpck/s    rxkB/s    txkB/s   rxcmp/s   txcmp/s  rxmcst/s   %ifutil
07:11:33           lo      0.00      0.00      0.00      0.00      0.00      0.00      0.00      0.00
07:11:33         ens4      0.00      0.00      0.00      0.00      0.00      0.00      0.00      0.00
07:11:33      docker0      0.00      0.00      0.00      0.00      0.00      0.00      0.00      0.00
07:11:33    veth58e3b24      0.00      0.00      0.00      0.00      0.00      0.00      0.00      0.00

07:11:33        CPU     %user     %nice   %system   %iowait    %steal     %idle
07:11:34        all      0.00      0.00      0.25      0.00      0.00     99.75

07:11:33    kbmemfree   kbavail kbmemused  %memused kbbuffers  kbcached  kbcommit   %commit  kbactive   kbinact   kbdirty
07:11:34     14068072  15359836    649368      3.97     82224   1451472   2128428     13.00   1340268    732560      1088

07:11:33        IFACE   rxpck/s   txpck/s    rxkB/s    txkB/s   rxcmp/s   txcmp/s  rxmcst/s   %ifutil
07:11:34           lo      0.00      0.00      0.00      0.00      0.00      0.00      0.00      0.00
07:11:34         ens4      1.00      1.00      0.08      0.08      0.00      0.00      0.00      0.00
07:11:34      docker0      0.00      0.00      0.00      0.00      0.00      0.00      0.00      0.00
07:11:34    veth58e3b24      0.00      0.00      0.00      0.00      0.00      0.00      0.00      0.00

07:11:34        CPU     %user     %nice   %system   %iowait    %steal     %idle
07:11:35        all      0.25      0.00      0.25      0.00      0.00     99.50

07:11:34    kbmemfree   kbavail kbmemused  %memused kbbuffers  kbcached  kbcommit   %commit  kbactive   kbinact   kbdirty
07:11:35     14067820  15359600    649616      3.97     82224   1451476   2128428     13.00   1340612    732576      1100

07:11:34        IFACE   rxpck/s   txpck/s    rxkB/s    txkB/s   rxcmp/s   txcmp/s  rxmcst/s   %ifutil
07:11:35           lo      0.00      0.00      0.00      0.00      0.00      0.00      0.00      0.00
07:11:35         ens4      1.00      1.00      0.04      0.04      0.00      0.00      0.00      0.00
07:11:35      docker0      0.00      0.00      0.00      0.00      0.00      0.00      0.00      0.00
07:11:35    veth58e3b24      0.00      0.00      0.00      0.00      0.00      0.00      0.00      0.00

07:11:35        CPU     %user     %nice   %system   %iowait    %steal     %idle
07:11:36        all      5.85      0.00      7.38      0.00      1.53     85.24

07:11:35    kbmemfree   kbavail kbmemused  %memused kbbuffers  kbcached  kbcommit   %commit  kbactive   kbinact   kbdirty
07:11:36     14067820  15359612    649588      3.97     82224   1451492   2128428     13.00   1340900    732588      1116

07:11:35        IFACE   rxpck/s   txpck/s    rxkB/s    txkB/s   rxcmp/s   txcmp/s  rxmcst/s   %ifutil
07:11:36           lo   1495.00   1495.00    195.02    195.02      0.00      0.00      0.00      0.00
07:11:36         ens4    398.00    249.00    103.83     47.87      0.00      0.00      0.00      0.00
07:11:36      docker0    747.00    748.00     59.62    145.62      0.00      0.00      0.00      0.00
07:11:36    veth58e3b24    747.00    748.00     69.83    145.62      0.00      0.00      0.00      0.01

07:11:36        CPU     %user     %nice   %system   %iowait    %steal     %idle
07:11:37        all      6.94      0.00      8.23      0.00      0.51     84.32

07:11:36    kbmemfree   kbavail kbmemused  %memused kbbuffers  kbcached  kbcommit   %commit  kbactive   kbinact   kbdirty
07:11:37     14067064  15358868    650332      3.97     82224   1451504   2128428     13.00   1341128    732600      1128

07:11:36        IFACE   rxpck/s   txpck/s    rxkB/s    txkB/s   rxcmp/s   txcmp/s  rxmcst/s   %ifutil
07:11:37           lo   2000.00   2000.00    260.55    260.55      0.00      0.00      0.00      0.00
07:11:37         ens4    400.00    200.00    129.49     55.08      0.00      0.00      0.00      0.00
07:11:37      docker0   1000.00   1000.00     79.88    194.34      0.00      0.00      0.00      0.00
07:11:37    veth58e3b24   1000.00   1000.00     93.55    194.34      0.00      0.00      0.00      0.02

07:11:37        CPU     %user     %nice   %system   %iowait    %steal     %idle
07:11:38        all      6.72      0.00      8.27      0.00      0.52     84.50

07:11:37    kbmemfree   kbavail kbmemused  %memused kbbuffers  kbcached  kbcommit   %commit  kbactive   kbinact   kbdirty
07:11:38     14066812  15358644    650512      3.97     82224   1451536   2128428     13.00   1341464    732624      1160

07:11:37        IFACE   rxpck/s   txpck/s    rxkB/s    txkB/s   rxcmp/s   txcmp/s  rxmcst/s   %ifutil
07:11:38           lo   2000.00   2000.00    260.55    260.55      0.00      0.00      0.00      0.00
07:11:38         ens4    400.00    200.00    129.49     55.08      0.00      0.00      0.00      0.00
07:11:38      docker0   1000.00   1000.00     79.88    194.34      0.00      0.00      0.00      0.00
07:11:38    veth58e3b24   1000.00   1000.00     93.55    194.34      0.00      0.00      0.00      0.02

07:11:38        CPU     %user     %nice   %system   %iowait    %steal     %idle
07:11:39        all      7.89      0.00      8.91      0.00      2.04     81.17

07:11:38    kbmemfree   kbavail kbmemused  %memused kbbuffers  kbcached  kbcommit   %commit  kbactive   kbinact   kbdirty
07:11:39     14066812  15358656    650496      3.97     82224   1451552   2128428     13.00   1341656    732636       356

07:11:38        IFACE   rxpck/s   txpck/s    rxkB/s    txkB/s   rxcmp/s   txcmp/s  rxmcst/s   %ifutil
07:11:39           lo   2000.00   2000.00    260.55    260.55      0.00      0.00      0.00      0.00
07:11:39         ens4    400.00    200.00    129.49     55.08      0.00      0.00      0.00      0.00
07:11:39      docker0   1000.00   1000.00     79.88    194.34      0.00      0.00      0.00      0.00
07:11:39    veth58e3b24   1000.00   1000.00     93.55    194.34      0.00      0.00      0.00      0.02

07:11:39        CPU     %user     %nice   %system   %iowait    %steal     %idle
07:11:40        all      6.89      0.00      9.44      0.00      1.02     82.65

07:11:39    kbmemfree   kbavail kbmemused  %memused kbbuffers  kbcached  kbcommit   %commit  kbactive   kbinact   kbdirty
07:11:40     14066560  15358452    650664      3.97     82224   1451584   2128428     13.00   1341844    732676       384

07:11:39        IFACE   rxpck/s   txpck/s    rxkB/s    txkB/s   rxcmp/s   txcmp/s  rxmcst/s   %ifutil
07:11:40           lo   2000.00   2000.00    260.55    260.55      0.00      0.00      0.00      0.00
07:11:40         ens4    402.00    202.00    129.60     55.18      0.00      0.00      0.00      0.00
07:11:40      docker0   1000.00   1000.00     79.88    194.34      0.00      0.00      0.00      0.00
07:11:40    veth58e3b24   1000.00   1000.00     93.55    194.34      0.00      0.00      0.00      0.02

07:11:40        CPU     %user     %nice   %system   %iowait    %steal     %idle
07:11:41        all      8.23      0.00      9.51      0.00      1.29     80.98

07:11:40    kbmemfree   kbavail kbmemused  %memused kbbuffers  kbcached  kbcommit   %commit  kbactive   kbinact   kbdirty
07:11:41     14066560  15358460    650652      3.97     82224   1451596   2128428     13.00   1330116    732684       400

07:11:40        IFACE   rxpck/s   txpck/s    rxkB/s    txkB/s   rxcmp/s   txcmp/s  rxmcst/s   %ifutil
07:11:41           lo   2000.00   2000.00    260.55    260.55      0.00      0.00      0.00      0.00
07:11:41         ens4    401.00    201.00    129.53     55.12      0.00      0.00      0.00      0.00
07:11:41      docker0   1000.00   1000.00     79.88    194.34      0.00      0.00      0.00      0.00
07:11:41    veth58e3b24   1000.00   1000.00     93.55    194.34      0.00      0.00      0.00      0.02

07:11:41        CPU     %user     %nice   %system   %iowait    %steal     %idle
07:11:42        all      8.10      0.00      9.37      0.00      3.54     78.99

07:11:41    kbmemfree   kbavail kbmemused  %memused kbbuffers  kbcached  kbcommit   %commit  kbactive   kbinact   kbdirty
07:11:42     14066560  15358480    650624      3.97     82224   1451624   2128428     13.00   1330224    732704       396

07:11:41        IFACE   rxpck/s   txpck/s    rxkB/s    txkB/s   rxcmp/s   txcmp/s  rxmcst/s   %ifutil
07:11:42           lo   2005.00   2005.00    260.94    260.94      0.00      0.00      0.00      0.00
07:11:42         ens4    400.00    201.00    129.49     55.35      0.00      0.00      0.00      0.00
07:11:42      docker0   1003.00   1002.00     80.17    194.46      0.00      0.00      0.00      0.00
07:11:42    veth58e3b24   1003.00   1002.00     93.89    194.46      0.00      0.00      0.00      0.02

07:11:42        CPU     %user     %nice   %system   %iowait    %steal     %idle
07:11:43        all      7.25      0.00      9.07      0.00      1.81     81.87

07:11:42    kbmemfree   kbavail kbmemused  %memused kbbuffers  kbcached  kbcommit   %commit  kbactive   kbinact   kbdirty
07:11:43     14066560  15358484    650596      3.97     82224   1451648   2128428     13.00   1330340    732708       452

07:11:42        IFACE   rxpck/s   txpck/s    rxkB/s    txkB/s   rxcmp/s   txcmp/s  rxmcst/s   %ifutil
07:11:43           lo   1995.00   1995.00    260.16    260.16      0.00      0.00      0.00      0.00
07:11:43         ens4    400.00    199.00    129.49     54.80      0.00      0.00      0.00      0.00
07:11:43      docker0    997.00    998.00     79.59    194.21      0.00      0.00      0.00      0.00
07:11:43    veth58e3b24    997.00    998.00     93.22    194.21      0.00      0.00      0.00      0.02

07:11:43        CPU     %user     %nice   %system   %iowait    %steal     %idle
07:11:44        all      7.16      0.00      9.46      0.00      1.02     82.35

07:11:43    kbmemfree   kbavail kbmemused  %memused kbbuffers  kbcached  kbcommit   %commit  kbactive   kbinact   kbdirty
07:11:44     14066560  15358492    650572      3.97     82224   1451672   2128428     13.00   1329608    732716       476

07:11:43        IFACE   rxpck/s   txpck/s    rxkB/s    txkB/s   rxcmp/s   txcmp/s  rxmcst/s   %ifutil
07:11:44           lo   2004.00   2004.00    260.89    260.89      0.00      0.00      0.00      0.00
07:11:44         ens4    402.00    201.00    129.62     55.14      0.00      0.00      0.00      0.00
07:11:44      docker0   1002.00   1001.00     80.12    194.40      0.00      0.00      0.00      0.00
07:11:44    veth58e3b24   1002.00   1001.00     93.82    194.40      0.00      0.00      0.00      0.02

07:11:44        CPU     %user     %nice   %system   %iowait    %steal     %idle
07:11:45        all      7.53      0.00      8.57      0.00      1.04     82.86

07:11:44    kbmemfree   kbavail kbmemused  %memused kbbuffers  kbcached  kbcommit   %commit  kbactive   kbinact   kbdirty
07:11:45     14066560  15358540    650548      3.97     82224   1451696   2128428     13.00   1329648    732764       604

07:11:44        IFACE   rxpck/s   txpck/s    rxkB/s    txkB/s   rxcmp/s   txcmp/s  rxmcst/s   %ifutil
07:11:45           lo   1996.00   1996.00    260.21    260.21      0.00      0.00      0.00      0.00
07:11:45         ens4    409.00    209.00    131.80     56.25      0.00      0.00      0.00      0.00
07:11:45      docker0   1000.00   1000.00     79.88    194.34      0.00      0.00      0.00      0.00
07:11:45    veth58e3b24   1000.00   1000.00     93.55    194.34      0.00      0.00      0.00      0.02

07:11:45        CPU     %user     %nice   %system   %iowait    %steal     %idle
07:11:46        all      7.22      0.00      8.51      0.00      1.80     82.47

07:11:45    kbmemfree   kbavail kbmemused  %memused kbbuffers  kbcached  kbcommit   %commit  kbactive   kbinact   kbdirty
07:11:46     14066560  15358572    650524      3.97     82224   1451716   2128428     13.00   1329708    732796       680

07:11:45        IFACE   rxpck/s   txpck/s    rxkB/s    txkB/s   rxcmp/s   txcmp/s  rxmcst/s   %ifutil
07:11:46           lo   2009.00   2009.00    261.14    261.14      0.00      0.00      0.00      0.00
07:11:46         ens4    404.00    206.00    131.19     57.75      0.00      0.00      0.00      0.00
07:11:46      docker0   1001.00   1001.00     79.93    194.40      0.00      0.00      0.00      0.00
07:11:46    veth58e3b24   1001.00   1001.00     93.62    194.40      0.00      0.00      0.00      0.02

07:11:46        CPU     %user     %nice   %system   %iowait    %steal     %idle
07:11:47        all      6.20      0.00      8.27      0.00      0.26     85.27

07:11:46    kbmemfree   kbavail kbmemused  %memused kbbuffers  kbcached  kbcommit   %commit  kbactive   kbinact   kbdirty
07:11:47     14066560  15358572    650500      3.97     82224   1451740   2128428     13.00   1329708    732796       708

07:11:46        IFACE   rxpck/s   txpck/s    rxkB/s    txkB/s   rxcmp/s   txcmp/s  rxmcst/s   %ifutil
07:11:47           lo   2000.00   2000.00    260.55    260.55      0.00      0.00      0.00      0.00
07:11:47         ens4    401.00    201.00    129.53     55.12      0.00      0.00      0.00      0.00
07:11:47      docker0   1000.00   1000.00     79.88    194.34      0.00      0.00      0.00      0.00
07:11:47    veth58e3b24   1000.00   1000.00     93.55    194.34      0.00      0.00      0.00      0.02

07:11:47        CPU     %user     %nice   %system   %iowait    %steal     %idle
07:11:48        all      7.22      0.00      7.73      0.00      0.77     84.28

07:11:47    kbmemfree   kbavail kbmemused  %memused kbbuffers  kbcached  kbcommit   %commit  kbactive   kbinact   kbdirty
07:11:48     14066560  15358624    650476      3.97     82224   1451764   2128428     13.00   1329708    732848       732

07:11:47        IFACE   rxpck/s   txpck/s    rxkB/s    txkB/s   rxcmp/s   txcmp/s  rxmcst/s   %ifutil
07:11:48           lo   2000.00   2000.00    260.55    260.55      0.00      0.00      0.00      0.00
07:11:48         ens4    400.00    200.00    129.49     55.08      0.00      0.00      0.00      0.00
07:11:48      docker0   1000.00   1000.00     79.88    194.34      0.00      0.00      0.00      0.00
07:11:48    veth58e3b24   1000.00   1000.00     93.55    194.34      0.00      0.00      0.00      0.02

07:11:48        CPU     %user     %nice   %system   %iowait    %steal     %idle
07:11:49        all      6.96      0.00      7.99      0.26      0.77     84.02

07:11:48    kbmemfree   kbavail kbmemused  %memused kbbuffers  kbcached  kbcommit   %commit  kbactive   kbinact   kbdirty
07:11:49     14066560  15358652    650456      3.97     82224   1451780   2128428     13.00   1329736    732876       416

07:11:48        IFACE   rxpck/s   txpck/s    rxkB/s    txkB/s   rxcmp/s   txcmp/s  rxmcst/s   %ifutil
07:11:49           lo   2000.00   2000.00    260.55    260.55      0.00      0.00      0.00      0.00
07:11:49         ens4    400.00    199.00    129.49     54.80      0.00      0.00      0.00      0.00
07:11:49      docker0   1000.00   1000.00     79.88    194.34      0.00      0.00      0.00      0.00
07:11:49    veth58e3b24   1000.00   1000.00     93.55    194.34      0.00      0.00      0.00      0.02

07:11:49        CPU     %user     %nice   %system   %iowait    %steal     %idle
07:11:50        all      7.22      0.00      8.25      0.26      0.77     83.51

07:11:49    kbmemfree   kbavail kbmemused  %memused kbbuffers  kbcached  kbcommit   %commit  kbactive   kbinact   kbdirty
07:11:50     14066560  15358664    650424      3.97     82224   1451808   2128428     13.00   1329736    732888       408

07:11:49        IFACE   rxpck/s   txpck/s    rxkB/s    txkB/s   rxcmp/s   txcmp/s  rxmcst/s   %ifutil
07:11:50           lo   2000.00   2000.00    260.55    260.55      0.00      0.00      0.00      0.00
07:11:50         ens4    400.00    201.00    129.49     55.35      0.00      0.00      0.00      0.00
07:11:50      docker0   1000.00   1000.00     79.88    194.34      0.00      0.00      0.00      0.00
07:11:50    veth58e3b24   1000.00   1000.00     93.55    194.34      0.00      0.00      0.00      0.02

07:11:50        CPU     %user     %nice   %system   %iowait    %steal     %idle
07:11:51        all      7.44      0.00      8.21      0.00      1.28     83.08

07:11:50    kbmemfree   kbavail kbmemused  %memused kbbuffers  kbcached  kbcommit   %commit  kbactive   kbinact   kbdirty
07:11:51     14066560  15358664    650400      3.97     82224   1451832   2128428     13.00   1329736    732888       432

07:11:50        IFACE   rxpck/s   txpck/s    rxkB/s    txkB/s   rxcmp/s   txcmp/s  rxmcst/s   %ifutil
07:11:51           lo   2000.00   2000.00    260.55    260.55      0.00      0.00      0.00      0.00
07:11:51         ens4    400.00    200.00    129.49     55.08      0.00      0.00      0.00      0.00
07:11:51      docker0   1000.00   1000.00     79.88    194.34      0.00      0.00      0.00      0.00
07:11:51    veth58e3b24   1000.00   1000.00     93.55    194.34      0.00      0.00      0.00      0.02

07:11:51        CPU     %user     %nice   %system   %iowait    %steal     %idle
07:11:52        all      6.63      0.00      9.69      0.00      1.28     82.40

07:11:51    kbmemfree   kbavail kbmemused  %memused kbbuffers  kbcached  kbcommit   %commit  kbactive   kbinact   kbdirty
07:11:52     14066560  15358680    650376      3.97     82224   1451856   2128428     13.00   1329748    732904       444

07:11:51        IFACE   rxpck/s   txpck/s    rxkB/s    txkB/s   rxcmp/s   txcmp/s  rxmcst/s   %ifutil
07:11:52           lo   2000.00   2000.00    260.55    260.55      0.00      0.00      0.00      0.00
07:11:52         ens4    400.00    200.00    129.49     55.08      0.00      0.00      0.00      0.00
07:11:52      docker0   1000.00   1000.00     79.88    194.34      0.00      0.00      0.00      0.00
07:11:52    veth58e3b24   1000.00   1000.00     93.55    194.34      0.00      0.00      0.00      0.02

07:11:52        CPU     %user     %nice   %system   %iowait    %steal     %idle
07:11:53        all      6.92      0.00      8.72      0.00      0.51     83.85

07:11:52    kbmemfree   kbavail kbmemused  %memused kbbuffers  kbcached  kbcommit   %commit  kbactive   kbinact   kbdirty
07:11:53     14066560  15358700    650352      3.97     82224   1451876   2128428     13.00   1329748    732920       420

07:11:52        IFACE   rxpck/s   txpck/s    rxkB/s    txkB/s   rxcmp/s   txcmp/s  rxmcst/s   %ifutil
07:11:53           lo   2000.00   2000.00    260.55    260.55      0.00      0.00      0.00      0.00
07:11:53         ens4    401.00    201.00    129.53     55.12      0.00      0.00      0.00      0.00
07:11:53      docker0   1000.00   1000.00     79.88    194.34      0.00      0.00      0.00      0.00
07:11:53    veth58e3b24   1000.00   1000.00     93.55    194.34      0.00      0.00      0.00      0.02

07:11:53        CPU     %user     %nice   %system   %iowait    %steal     %idle
07:11:54        all      6.99      0.00      7.51      0.00      0.52     84.97

07:11:53    kbmemfree   kbavail kbmemused  %memused kbbuffers  kbcached  kbcommit   %commit  kbactive   kbinact   kbdirty
07:11:54     14066560  15358700    650320      3.97     82224   1451896   2128428     13.00   1329748    732920       440

07:11:53        IFACE   rxpck/s   txpck/s    rxkB/s    txkB/s   rxcmp/s   txcmp/s  rxmcst/s   %ifutil
07:11:54           lo   2000.00   2000.00    260.55    260.55      0.00      0.00      0.00      0.00
07:11:54         ens4    400.00    200.00    129.49     55.08      0.00      0.00      0.00      0.00
07:11:54      docker0   1000.00   1000.00     79.88    194.34      0.00      0.00      0.00      0.00
07:11:54    veth58e3b24   1000.00   1000.00     93.55    194.34      0.00      0.00      0.00      0.02

07:11:54        CPU     %user     %nice   %system   %iowait    %steal     %idle
07:11:55        all      7.24      0.00      7.49      0.00      0.78     84.50

07:11:54    kbmemfree   kbavail kbmemused  %memused kbbuffers  kbcached  kbcommit   %commit  kbactive   kbinact   kbdirty
07:11:55     14066560  15358700    650296      3.97     82224   1451920   2128428     13.00   1329748    732920       468

07:11:54        IFACE   rxpck/s   txpck/s    rxkB/s    txkB/s   rxcmp/s   txcmp/s  rxmcst/s   %ifutil
07:11:55           lo   2000.00   2000.00    260.55    260.55      0.00      0.00      0.00      0.00
07:11:55         ens4    400.00    200.00    129.49     55.08      0.00      0.00      0.00      0.00
07:11:55      docker0   1000.00   1000.00     79.88    194.34      0.00      0.00      0.00      0.00
07:11:55    veth58e3b24   1000.00   1000.00     93.55    194.34      0.00      0.00      0.00      0.02

07:11:55        CPU     %user     %nice   %system   %iowait    %steal     %idle
07:11:56        all      6.98      0.00      7.49      0.00      0.78     84.75

07:11:55    kbmemfree   kbavail kbmemused  %memused kbbuffers  kbcached  kbcommit   %commit  kbactive   kbinact   kbdirty
07:11:56     14066560  15358800    650272      3.97     82224   1451944   2128428     13.00   1329868    733020       488

07:11:55        IFACE   rxpck/s   txpck/s    rxkB/s    txkB/s   rxcmp/s   txcmp/s  rxmcst/s   %ifutil
07:11:56           lo   2000.00   2000.00    260.55    260.55      0.00      0.00      0.00      0.00
07:11:56         ens4    400.00    200.00    129.49     55.08      0.00      0.00      0.00      0.00
07:11:56      docker0   1000.00   1000.00     79.88    194.34      0.00      0.00      0.00      0.00
07:11:56    veth58e3b24   1000.00   1000.00     93.55    194.34      0.00      0.00      0.00      0.02

07:11:56        CPU     %user     %nice   %system   %iowait    %steal     %idle
07:11:57        all      7.71      0.00      8.74      0.00      1.03     82.52

07:11:56    kbmemfree   kbavail kbmemused  %memused kbbuffers  kbcached  kbcommit   %commit  kbactive   kbinact   kbdirty
07:11:57     14070264  15362540    646840      3.95     82224   1451960   2128428     13.00   1329844    733056       504

07:11:56        IFACE   rxpck/s   txpck/s    rxkB/s    txkB/s   rxcmp/s   txcmp/s  rxmcst/s   %ifutil
07:11:57           lo   2000.00   2000.00    260.55    260.55      0.00      0.00      0.00      0.00
07:11:57         ens4    400.00    200.00    129.49     55.08      0.00      0.00      0.00      0.00
07:11:57      docker0   1000.00   1000.00     79.88    194.34      0.00      0.00      0.00      0.00
07:11:57    veth58e3b24   1000.00   1000.00     93.55    194.34      0.00      0.00      0.00      0.02

07:11:57        CPU     %user     %nice   %system   %iowait    %steal     %idle
07:11:58        all      7.42      0.00      7.93      0.00      0.51     84.14

07:11:57    kbmemfree   kbavail kbmemused  %memused kbbuffers  kbcached  kbcommit   %commit  kbactive   kbinact   kbdirty
07:11:58     14070264  15362564    646812      3.95     82224   1451988   2128428     13.00   1329948    733080       524

07:11:57        IFACE   rxpck/s   txpck/s    rxkB/s    txkB/s   rxcmp/s   txcmp/s  rxmcst/s   %ifutil
07:11:58           lo   2000.00   2000.00    260.55    260.55      0.00      0.00      0.00      0.00
07:11:58         ens4    400.00    200.00    129.49     55.08      0.00      0.00      0.00      0.00
07:11:58      docker0   1000.00   1000.00     79.88    194.34      0.00      0.00      0.00      0.00
07:11:58    veth58e3b24   1000.00   1000.00     93.55    194.34      0.00      0.00      0.00      0.02

07:11:58        CPU     %user     %nice   %system   %iowait    %steal     %idle
07:11:59        all      6.70      0.00      8.25      0.00      0.77     84.28

07:11:58    kbmemfree   kbavail kbmemused  %memused kbbuffers  kbcached  kbcommit   %commit  kbactive   kbinact   kbdirty
07:11:59     14070264  15362576    646784      3.95     82224   1452008   2128428     13.00   1330024    733092       548

07:11:58        IFACE   rxpck/s   txpck/s    rxkB/s    txkB/s   rxcmp/s   txcmp/s  rxmcst/s   %ifutil
07:11:59           lo   2000.00   2000.00    260.55    260.55      0.00      0.00      0.00      0.00
07:11:59         ens4    403.00    203.00    130.13     55.51      0.00      0.00      0.00      0.00
07:11:59      docker0   1000.00   1000.00     79.88    194.34      0.00      0.00      0.00      0.00
07:11:59    veth58e3b24   1000.00   1000.00     93.55    194.34      0.00      0.00      0.00      0.02

07:11:59        CPU     %user     %nice   %system   %iowait    %steal     %idle
07:12:00        all      7.14      0.00      9.44      0.00      1.02     82.40

07:11:59    kbmemfree   kbavail kbmemused  %memused kbbuffers  kbcached  kbcommit   %commit  kbactive   kbinact   kbdirty
07:12:00     14070264  15362604    646732      3.95     82224   1452028   2128428     13.00   1330716    733120       568

07:11:59        IFACE   rxpck/s   txpck/s    rxkB/s    txkB/s   rxcmp/s   txcmp/s  rxmcst/s   %ifutil
07:12:00           lo   2005.00   2005.00    268.52    268.52      0.00      0.00      0.00      0.00
07:12:00         ens4    406.00    207.00    131.35     58.29      0.00      0.00      0.00      0.00
07:12:00      docker0   1000.00   1000.00     79.88    194.34      0.00      0.00      0.00      0.00
07:12:00    veth58e3b24   1000.00   1000.00     93.55    194.34      0.00      0.00      0.00      0.02

07:12:00        CPU     %user     %nice   %system   %iowait    %steal     %idle
07:12:01        all      6.96      0.00      9.02      0.00      0.52     83.51

07:12:00    kbmemfree   kbavail kbmemused  %memused kbbuffers  kbcached  kbcommit   %commit  kbactive   kbinact   kbdirty
07:12:01     14070264  15362604    646724      3.95     82224   1452060   2128428     13.00   1330804    733136       544

07:12:00        IFACE   rxpck/s   txpck/s    rxkB/s    txkB/s   rxcmp/s   txcmp/s  rxmcst/s   %ifutil
07:12:01           lo   2017.00   2017.00    284.45    284.45      0.00      0.00      0.00      0.00
07:12:01         ens4    751.00    600.00    152.51     81.56      0.00      0.00      0.00      0.00
07:12:01      docker0   1000.00   1000.00     79.88    194.34      0.00      0.00      0.00      0.00
07:12:01    veth58e3b24   1000.00   1000.00     93.55    194.34      0.00      0.00      0.00      0.02

07:12:01        CPU     %user     %nice   %system   %iowait    %steal     %idle
07:12:02        all      7.01      0.00      7.53      0.00      0.52     84.94

07:12:01    kbmemfree   kbavail kbmemused  %memused kbbuffers  kbcached  kbcommit   %commit  kbactive   kbinact   kbdirty
07:12:02     14070264  15362612    646704      3.95     82224   1452076   2128428     13.00   1330856    733144       560

07:12:01        IFACE   rxpck/s   txpck/s    rxkB/s    txkB/s   rxcmp/s   txcmp/s  rxmcst/s   %ifutil
07:12:02           lo   2000.00   2000.00    260.55    260.55      0.00      0.00      0.00      0.00
07:12:02         ens4    401.00    203.00    129.79     55.34      0.00      0.00      0.00      0.00
07:12:02      docker0   1000.00   1000.00     79.88    194.34      0.00      0.00      0.00      0.00
07:12:02    veth58e3b24   1000.00   1000.00     93.55    194.34      0.00      0.00      0.00      0.02

07:12:02        CPU     %user     %nice   %system   %iowait    %steal     %idle
07:12:03        all      7.18      0.00      9.74      0.00      1.54     81.54

07:12:02    kbmemfree   kbavail kbmemused  %memused kbbuffers  kbcached  kbcommit   %commit  kbactive   kbinact   kbdirty
07:12:03     14070264  15362620    646664      3.95     82224   1452100   2128428     13.00   1330856    733144       584

07:12:02        IFACE   rxpck/s   txpck/s    rxkB/s    txkB/s   rxcmp/s   txcmp/s  rxmcst/s   %ifutil
07:12:03           lo   2000.00   2000.00    260.55    260.55      0.00      0.00      0.00      0.00
07:12:03         ens4    401.00    200.00    129.56     55.08      0.00      0.00      0.00      0.00
07:12:03      docker0   1000.00   1000.00     79.88    194.34      0.00      0.00      0.00      0.00
07:12:03    veth58e3b24   1000.00   1000.00     93.55    194.34      0.00      0.00      0.00      0.02

07:12:03        CPU     %user     %nice   %system   %iowait    %steal     %idle
07:12:04        all     24.04      0.00     14.83      0.00      1.02     60.10

07:12:03    kbmemfree   kbavail kbmemused  %memused kbbuffers  kbcached  kbcommit   %commit  kbactive   kbinact   kbdirty
07:12:04     14032764  15325392    683896      4.18     82224   1452316   2177656     13.30   1372292    733408       992

07:12:03        IFACE   rxpck/s   txpck/s    rxkB/s    txkB/s   rxcmp/s   txcmp/s  rxmcst/s   %ifutil
07:12:04           lo   2032.00   2032.00    264.86    264.86      0.00      0.00      0.00      0.00
07:12:04         ens4    487.00    295.00    163.62     67.67      0.00      0.00      0.00      0.00
07:12:04      docker0   1000.00   1000.00     79.88    194.34      0.00      0.00      0.00      0.00
07:12:04    veth58e3b24   1000.00   1000.00     93.55    194.34      0.00      0.00      0.00      0.02

07:12:04        CPU     %user     %nice   %system   %iowait    %steal     %idle
07:12:05        all     25.13      0.00     27.20      0.26      0.78     46.63

07:12:04    kbmemfree   kbavail kbmemused  %memused kbbuffers  kbcached  kbcommit   %commit  kbactive   kbinact   kbdirty
07:12:05     14061488  15353988    655192      4.00     82228   1452148   2141040     13.08   1340152    733252      1024

07:12:04        IFACE   rxpck/s   txpck/s    rxkB/s    txkB/s   rxcmp/s   txcmp/s  rxmcst/s   %ifutil
07:12:05           lo   2006.00   2006.00    261.26    261.26      0.00      0.00      0.00      0.00
07:12:05         ens4    430.00    236.00    136.96     60.37      0.00      0.00      0.00      0.00
07:12:05      docker0   1000.00   1000.00     79.88    194.34      0.00      0.00      0.00      0.00
07:12:05    veth58e3b24   1000.00   1000.00     93.55    194.34      0.00      0.00      0.00      0.02

07:12:05        CPU     %user     %nice   %system   %iowait    %steal     %idle
07:12:06        all     27.93      0.00     13.47      0.00      5.74     52.87

07:12:05    kbmemfree   kbavail kbmemused  %memused kbbuffers  kbcached  kbcommit   %commit  kbactive   kbinact   kbdirty
07:12:06     14166200  15323992    686532      4.19     82228   1318780   2204124     13.46   1365212    599864      1052

07:12:05        IFACE   rxpck/s   txpck/s    rxkB/s    txkB/s   rxcmp/s   txcmp/s  rxmcst/s   %ifutil
07:12:06           lo   2000.00   2000.00    260.55    260.55      0.00      0.00      0.00      0.00
07:12:06         ens4    403.00    203.00    129.87     55.34      0.00      0.00      0.00      0.00
07:12:06      docker0   1000.00   1000.00     79.88    194.34      0.00      0.00      0.00      0.00
07:12:06    veth58e3b24   1000.00   1000.00     93.55    194.34      0.00      0.00      0.00      0.02

07:12:06        CPU     %user     %nice   %system   %iowait    %steal     %idle
07:12:07        all     29.72      0.00     12.09      0.00      4.53     53.65

07:12:06    kbmemfree   kbavail kbmemused  %memused kbbuffers  kbcached  kbcommit   %commit  kbactive   kbinact   kbdirty
07:12:07     14140748  15298540    711948      4.35     82228   1318800   2208792     13.49   1390472    599864      1072

07:12:06        IFACE   rxpck/s   txpck/s    rxkB/s    txkB/s   rxcmp/s   txcmp/s  rxmcst/s   %ifutil
07:12:07           lo   2000.00   2000.00    260.55    260.55      0.00      0.00      0.00      0.00
07:12:07         ens4    401.00    200.00    130.08     55.08      0.00      0.00      0.00      0.00
07:12:07      docker0   1000.00   1000.00     79.88    194.34      0.00      0.00      0.00      0.00
07:12:07    veth58e3b24   1000.00   1000.00     93.55    194.34      0.00      0.00      0.00      0.02

07:12:07        CPU     %user     %nice   %system   %iowait    %steal     %idle
07:12:08        all     30.85      0.00     10.54      0.00      2.06     56.56

07:12:07    kbmemfree   kbavail kbmemused  %memused kbbuffers  kbcached  kbcommit   %commit  kbactive   kbinact   kbdirty
07:12:08     14120084  15277876    732596      4.47     82228   1318816   2208928     13.49   1411992    599864      1088

07:12:07        IFACE   rxpck/s   txpck/s    rxkB/s    txkB/s   rxcmp/s   txcmp/s  rxmcst/s   %ifutil
07:12:08           lo   2000.00   2000.00    260.55    260.55      0.00      0.00      0.00      0.00
07:12:08         ens4    399.00    200.00    128.91     55.08      0.00      0.00      0.00      0.00
07:12:08      docker0   1000.00   1000.00     79.88    194.34      0.00      0.00      0.00      0.00
07:12:08    veth58e3b24   1000.00   1000.00     93.55    194.34      0.00      0.00      0.00      0.02

07:12:08        CPU     %user     %nice   %system   %iowait    %steal     %idle
07:12:09        all     26.77      0.00     14.14      0.00      1.26     57.83

07:12:08    kbmemfree   kbavail kbmemused  %memused kbbuffers  kbcached  kbcommit   %commit  kbactive   kbinact   kbdirty
07:12:09     13969160  15261724    747492      4.57     82228   1452240   2211484     13.51   1347400    733336    134512

07:12:08        IFACE   rxpck/s   txpck/s    rxkB/s    txkB/s   rxcmp/s   txcmp/s  rxmcst/s   %ifutil
07:12:09           lo   2002.00   2002.00    260.66    260.66      0.00      0.00      0.00      0.00
07:12:09         ens4    403.00    202.00    130.24     55.24      0.00      0.00      0.00      0.00
07:12:09      docker0   1000.00   1000.00     79.88    194.34      0.00      0.00      0.00      0.00
07:12:09    veth58e3b24   1000.00   1000.00     93.55    194.34      0.00      0.00      0.00      0.02

07:12:09        CPU     %user     %nice   %system   %iowait    %steal     %idle
07:12:10        all     31.14      0.00      9.87      4.05      2.03     52.91

07:12:09    kbmemfree   kbavail kbmemused  %memused kbbuffers  kbcached  kbcommit   %commit  kbactive   kbinact   kbdirty
07:12:10     13969160  15261740    747472      4.56     82228   1452260   2213972     13.52   1349448    733352     80444

07:12:09        IFACE   rxpck/s   txpck/s    rxkB/s    txkB/s   rxcmp/s   txcmp/s  rxmcst/s   %ifutil
07:12:10           lo   1998.00   1998.00    260.43    260.43      0.00      0.00      0.00      0.00
07:12:10         ens4    406.00    204.00    133.53     55.73      0.00      0.00      0.00      0.00
07:12:10      docker0   1000.00   1000.00     79.88    194.34      0.00      0.00      0.00      0.00
07:12:10    veth58e3b24   1000.00   1000.00     93.55    194.34      0.00      0.00      0.00      0.02

07:12:10        CPU     %user     %nice   %system   %iowait    %steal     %idle
07:12:11        all     28.00      0.00     10.25      0.00      8.25     53.50

07:12:10    kbmemfree   kbavail kbmemused  %memused kbbuffers  kbcached  kbcommit   %commit  kbactive   kbinact   kbdirty
07:12:11     13953588  15246192    762616      4.66     82228   1452288   2242220     13.69   1375696    733384     80476

07:12:10        IFACE   rxpck/s   txpck/s    rxkB/s    txkB/s   rxcmp/s   txcmp/s  rxmcst/s   %ifutil
07:12:11           lo   2000.00   2000.00    260.55    260.55      0.00      0.00      0.00      0.00
07:12:11         ens4    400.00    201.00    128.95     55.12      0.00      0.00      0.00      0.00
07:12:11      docker0   1000.00   1000.00     79.88    194.34      0.00      0.00      0.00      0.00
07:12:11    veth58e3b24   1000.00   1000.00     93.55    194.34      0.00      0.00      0.00      0.02

07:12:11        CPU     %user     %nice   %system   %iowait    %steal     %idle
07:12:12        all     19.29      0.00      6.90      0.00     20.00     53.81

07:12:11    kbmemfree   kbavail kbmemused  %memused kbbuffers  kbcached  kbcommit   %commit  kbactive   kbinact   kbdirty
07:12:12     13953124  15245764    762620      4.66     82228   1452308   2244276     13.71   1375872    733388     80496

07:12:11        IFACE   rxpck/s   txpck/s    rxkB/s    txkB/s   rxcmp/s   txcmp/s  rxmcst/s   %ifutil
07:12:12           lo   2005.00   2005.00    261.46    261.46      0.00      0.00      0.00      0.00
07:12:12         ens4    401.00    200.00    130.08     55.08      0.00      0.00      0.00      0.00
07:12:12      docker0   1002.00   1003.00     79.99    195.18      0.00      0.00      0.00      0.00
07:12:12    veth58e3b24   1002.00   1003.00     93.69    195.18      0.00      0.00      0.00      0.02

07:12:12        CPU     %user     %nice   %system   %iowait    %steal     %idle
07:12:13        all     21.15      0.00      7.69      0.00     19.95     51.20

07:12:12    kbmemfree   kbavail kbmemused  %memused kbbuffers  kbcached  kbcommit   %commit  kbactive   kbinact   kbdirty
07:12:13     13945108  15237760    769968      4.70     82228   1452324   2245132     13.71   1369060    733416     80536

07:12:12        IFACE   rxpck/s   txpck/s    rxkB/s    txkB/s   rxcmp/s   txcmp/s  rxmcst/s   %ifutil
07:12:13           lo   2000.00   2000.00    260.55    260.55      0.00      0.00      0.00      0.00
07:12:13         ens4    406.00    207.00    131.98     56.00      0.00      0.00      0.00      0.00
07:12:13      docker0    998.00    997.00     79.77    193.49      0.00      0.00      0.00      0.00
07:12:13    veth58e3b24    998.00    997.00     93.42    193.49      0.00      0.00      0.00      0.02

07:12:13        CPU     %user     %nice   %system   %iowait    %steal     %idle
07:12:14        all      9.42      0.00      7.49      0.00     14.25     68.84

07:12:13    kbmemfree   kbavail kbmemused  %memused kbbuffers  kbcached  kbcommit   %commit  kbactive   kbinact   kbdirty
07:12:14     13970284  15263036    743984      4.54     82228   1452356   2140508     13.07   1332580    733440     80568

07:12:13        IFACE   rxpck/s   txpck/s    rxkB/s    txkB/s   rxcmp/s   txcmp/s  rxmcst/s   %ifutil
07:12:14           lo   1842.00   1842.00    239.94    239.94      0.00      0.00      0.00      0.00
07:12:14         ens4    451.00    269.00    145.23     60.06      0.00      0.00      0.00      0.00
07:12:14      docker0    923.00    924.00     73.79    179.70      0.00      0.00      0.00      0.00
07:12:14    veth58e3b24    923.00    924.00     86.41    179.70      0.00      0.00      0.00      0.01

07:12:14        CPU     %user     %nice   %system   %iowait    %steal     %idle
07:12:15        all      7.94      0.00     10.17      4.47      6.45     70.97

07:12:14    kbmemfree   kbavail kbmemused  %memused kbbuffers  kbcached  kbcommit   %commit  kbactive   kbinact   kbdirty
07:12:15     13974180  15266956    740052      4.52     82232   1452372   2140508     13.07   1332616    733464     14948

07:12:14        IFACE   rxpck/s   txpck/s    rxkB/s    txkB/s   rxcmp/s   txcmp/s  rxmcst/s   %ifutil
07:12:15           lo   2002.00   2002.00    260.51    260.51      0.00      0.00      0.00      0.00
07:12:15         ens4    399.00    200.00    129.43     54.87      0.00      0.00      0.00      0.00
07:12:15      docker0    998.00    999.00     79.64    194.27      0.00      0.00      0.00      0.00
07:12:15    veth58e3b24    999.00    999.00     93.35    194.27      0.00      0.00      0.00      0.02

07:12:15        CPU     %user     %nice   %system   %iowait    %steal     %idle
07:12:16        all      3.66      0.00      4.63      0.73      7.56     83.41

07:12:15    kbmemfree   kbavail kbmemused  %memused kbbuffers  kbcached  kbcommit   %commit  kbactive   kbinact   kbdirty
07:12:16     13983228  15275944    731772      4.47     82232   1452380   2140508     13.07   1334436    733484       444

07:12:15        IFACE   rxpck/s   txpck/s    rxkB/s    txkB/s   rxcmp/s   txcmp/s  rxmcst/s   %ifutil
07:12:16           lo    499.00    499.00     64.64     64.64      0.00      0.00      0.00      0.00
07:12:16         ens4    663.00    345.00     98.55     40.40      0.00      0.00      0.00      0.00
07:12:16      docker0    249.00    247.00     19.91     47.74      0.00      0.00      0.00      0.00
07:12:16    veth58e3b24    248.00    247.00     23.25     47.74      0.00      0.00      0.00      0.00

07:12:16        CPU     %user     %nice   %system   %iowait    %steal     %idle
07:12:17        all      0.50      0.00      0.25      0.00      0.25     98.99

07:12:16    kbmemfree   kbavail kbmemused  %memused kbbuffers  kbcached  kbcommit   %commit  kbactive   kbinact   kbdirty
07:12:17     13992004  15284720    723028      4.42     82232   1452380   2144412     13.10   1336240    733484       444

07:12:16        IFACE   rxpck/s   txpck/s    rxkB/s    txkB/s   rxcmp/s   txcmp/s  rxmcst/s   %ifutil
07:12:17           lo      5.00      5.00      0.25      0.25      0.00      0.00      0.00      0.00
07:12:17         ens4      8.00     10.00      1.58      2.32      0.00      0.00      0.00      0.00
07:12:17      docker0      0.00      0.00      0.00      0.00      0.00      0.00      0.00      0.00
07:12:17    veth58e3b24      0.00      0.00      0.00      0.00      0.00      0.00      0.00      0.00

07:12:17        CPU     %user     %nice   %system   %iowait    %steal     %idle
07:12:18        all      0.50      0.00      0.50      0.00      0.00     98.99

07:12:17    kbmemfree   kbavail kbmemused  %memused kbbuffers  kbcached  kbcommit   %commit  kbactive   kbinact   kbdirty
07:12:18     14005428  15298144    709600      4.33     82232   1452384   2140508     13.07   1334432    733484       516

07:12:17        IFACE   rxpck/s   txpck/s    rxkB/s    txkB/s   rxcmp/s   txcmp/s  rxmcst/s   %ifutil
07:12:18           lo      4.00      4.00      0.35      0.35      0.00      0.00      0.00      0.00
07:12:18         ens4     30.00     28.00     10.64      7.64      0.00      0.00      0.00      0.00
07:12:18      docker0      0.00      0.00      0.00      0.00      0.00      0.00      0.00      0.00
07:12:18    veth58e3b24      0.00      0.00      0.00      0.00      0.00      0.00      0.00      0.00

07:12:18        CPU     %user     %nice   %system   %iowait    %steal     %idle
07:12:19        all      1.27      0.00      1.52      0.00      0.00     97.21

07:12:18    kbmemfree   kbavail kbmemused  %memused kbbuffers  kbcached  kbcommit   %commit  kbactive   kbinact   kbdirty
07:12:19     14012280  15305004    702744      4.29     82232   1452388   2140508     13.07   1339232    733492       620

07:12:18        IFACE   rxpck/s   txpck/s    rxkB/s    txkB/s   rxcmp/s   txcmp/s  rxmcst/s   %ifutil
07:12:19           lo      0.00      0.00      0.00      0.00      0.00      0.00      0.00      0.00
07:12:19         ens4      3.00      4.00      0.37      4.60      0.00      0.00      0.00      0.00
07:12:19      docker0      0.00      0.00      0.00      0.00      0.00      0.00      0.00      0.00
07:12:19    veth58e3b24      0.00      0.00      0.00      0.00      0.00      0.00      0.00      0.00

07:12:19        CPU     %user     %nice   %system   %iowait    %steal     %idle
07:12:20        all      3.76      0.00      2.26      0.00      0.00     93.98

07:12:19    kbmemfree   kbavail kbmemused  %memused kbbuffers  kbcached  kbcommit   %commit  kbactive   kbinact   kbdirty
07:12:20     14011540  15304272    703448      4.30     82232   1452388   2140508     13.07   1346228    733492       620

07:12:19        IFACE   rxpck/s   txpck/s    rxkB/s    txkB/s   rxcmp/s   txcmp/s  rxmcst/s   %ifutil
07:12:20           lo      0.00      0.00      0.00      0.00      0.00      0.00      0.00      0.00
07:12:20         ens4     36.00     35.00      3.74    332.58      0.00      0.00      0.00      0.00
07:12:20      docker0      0.00      0.00      0.00      0.00      0.00      0.00      0.00      0.00
07:12:20    veth58e3b24      0.00      0.00      0.00      0.00      0.00      0.00      0.00      0.00

07:12:20        CPU     %user     %nice   %system   %iowait    %steal     %idle
07:12:21        all      0.25      0.00      0.00      0.00      0.00     99.75

07:12:20    kbmemfree   kbavail kbmemused  %memused kbbuffers  kbcached  kbcommit   %commit  kbactive   kbinact   kbdirty
07:12:21     14011568  15304300    703420      4.30     82232   1452388   2140508     13.07   1346284    733492       612

07:12:20        IFACE   rxpck/s   txpck/s    rxkB/s    txkB/s   rxcmp/s   txcmp/s  rxmcst/s   %ifutil
07:12:21           lo      0.00      0.00      0.00      0.00      0.00      0.00      0.00      0.00
07:12:21         ens4      5.00      4.00      0.34      0.30      0.00      0.00      0.00      0.00
07:12:21      docker0      0.00      0.00      0.00      0.00      0.00      0.00      0.00      0.00
07:12:21    veth58e3b24      0.00      0.00      0.00      0.00      0.00      0.00      0.00      0.00

07:12:21        CPU     %user     %nice   %system   %iowait    %steal     %idle
07:12:22        all      0.00      0.00      0.25      0.00      0.25     99.50

07:12:21    kbmemfree   kbavail kbmemused  %memused kbbuffers  kbcached  kbcommit   %commit  kbactive   kbinact   kbdirty
07:12:22     14014332  15307064    700656      4.28     82232   1452388   2140508     13.07   1346284    733492       620

07:12:21        IFACE   rxpck/s   txpck/s    rxkB/s    txkB/s   rxcmp/s   txcmp/s  rxmcst/s   %ifutil
07:12:22           lo      0.00      0.00      0.00      0.00      0.00      0.00      0.00      0.00
07:12:22         ens4      0.00      0.00      0.00      0.00      0.00      0.00      0.00      0.00
07:12:22      docker0      0.00      0.00      0.00      0.00      0.00      0.00      0.00      0.00
07:12:22    veth58e3b24      0.00      0.00      0.00      0.00      0.00      0.00      0.00      0.00

07:12:22        CPU     %user     %nice   %system   %iowait    %steal     %idle
07:12:23        all      0.25      0.00      0.00      0.00      0.25     99.50

07:12:22    kbmemfree   kbavail kbmemused  %memused kbbuffers  kbcached  kbcommit   %commit  kbactive   kbinact   kbdirty
07:12:23     14017868  15310600    697116      4.26     82232   1452392   2140508     13.07   1346284    733492       624

07:12:22        IFACE   rxpck/s   txpck/s    rxkB/s    txkB/s   rxcmp/s   txcmp/s  rxmcst/s   %ifutil
07:12:23           lo      0.00      0.00      0.00      0.00      0.00      0.00      0.00      0.00
07:12:23         ens4      1.00      1.00      0.04      0.04      0.00      0.00      0.00      0.00
07:12:23      docker0      0.00      0.00      0.00      0.00      0.00      0.00      0.00      0.00
07:12:23    veth58e3b24      0.00      0.00      0.00      0.00      0.00      0.00      0.00      0.00

Average:        CPU     %user     %nice   %system   %iowait    %steal     %idle
Average:        all     12.37      0.00     12.73      0.07      2.75     72.08

Average:    kbmemfree   kbavail kbmemused  %memused kbbuffers  kbcached  kbcommit   %commit  kbactive   kbinact   kbdirty
Average:     14070538  15357398    655763      4.00     82222   1446652   2132798     13.03   1335969    727710      3861

Average:        IFACE   rxpck/s   txpck/s    rxkB/s    txkB/s   rxcmp/s   txcmp/s  rxmcst/s   %ifutil
Average:           lo   3456.76   3456.76    450.80    450.80      0.00      0.00      0.00      0.00
Average:         ens4    711.67    367.68    225.89    102.62      0.00      0.00      0.00      0.00
Average:      docker0   1727.92   1727.92    138.03    335.80      0.00      0.00      0.00      0.00
Average:    veth58e3b24   1727.92   1727.92    161.65    335.80      0.00      0.00      0.00      0.03