Linux 6.8.0-90-generic (zt-keycloak) 	05/18/2026 	_x86_64_	(4 CPU)

06:33:21 AM     CPU     %user     %nice   %system   %iowait    %steal     %idle
06:33:22 AM     all      0.25      0.00      0.50      0.00      0.00     99.25

06:33:21 AM kbmemfree   kbavail kbmemused  %memused kbbuffers  kbcached  kbcommit   %commit  kbactive   kbinact   kbdirty
06:33:22 AM   3149808   5678308   1868008     23.55     85232   2617168   5521960     69.62   1962456   2512048        32

06:33:21 AM     IFACE   rxpck/s   txpck/s    rxkB/s    txkB/s   rxcmp/s   txcmp/s  rxmcst/s   %ifutil
06:33:22 AM        lo      0.00      0.00      0.00      0.00      0.00      0.00      0.00      0.00
06:33:22 AM      eth0     82.00     41.00      6.73      4.08      0.00      0.00      0.00      0.00
06:33:22 AM   docker0      0.00      0.00      0.00      0.00      0.00      0.00      0.00      0.00
06:33:22 AM vethe4123a0      0.00      0.00      0.00      0.00      0.00      0.00      0.00      0.00

06:33:22 AM     CPU     %user     %nice   %system   %iowait    %steal     %idle
06:33:23 AM     all      0.00      0.00      0.00      0.00      0.00    100.00

06:33:22 AM kbmemfree   kbavail kbmemused  %memused kbbuffers  kbcached  kbcommit   %commit  kbactive   kbinact   kbdirty
06:33:23 AM   3149808   5678308   1868008     23.55     85232   2617168   5521960     69.62   1962456   2512048        68

06:33:22 AM     IFACE   rxpck/s   txpck/s    rxkB/s    txkB/s   rxcmp/s   txcmp/s  rxmcst/s   %ifutil
06:33:23 AM        lo      0.00      0.00      0.00      0.00      0.00      0.00      0.00      0.00
06:33:23 AM      eth0     83.00     42.00      6.83      4.18      0.00      0.00      0.00      0.00
06:33:23 AM   docker0      0.00      0.00      0.00      0.00      0.00      0.00      0.00      0.00
06:33:23 AM vethe4123a0      0.00      0.00      0.00      0.00      0.00      0.00      0.00      0.00

06:33:23 AM     CPU     %user     %nice   %system   %iowait    %steal     %idle
06:33:24 AM     all      0.00      0.00      0.00      0.00      0.00    100.00

06:33:23 AM kbmemfree   kbavail kbmemused  %memused kbbuffers  kbcached  kbcommit   %commit  kbactive   kbinact   kbdirty
06:33:24 AM   3149808   5678308   1868008     23.55     85232   2617168   5521960     69.62   1962456   2512048        68

06:33:23 AM     IFACE   rxpck/s   txpck/s    rxkB/s    txkB/s   rxcmp/s   txcmp/s  rxmcst/s   %ifutil
06:33:24 AM        lo      0.00      0.00      0.00      0.00      0.00      0.00      0.00      0.00
06:33:24 AM      eth0     10.00      4.00      0.79      0.40      0.00      0.00      0.00      0.00
06:33:24 AM   docker0      0.00      0.00      0.00      0.00      0.00      0.00      0.00      0.00
06:33:24 AM vethe4123a0      0.00      0.00      0.00      0.00      0.00      0.00      0.00      0.00

06:33:24 AM     CPU     %user     %nice   %system   %iowait    %steal     %idle
06:33:25 AM     all      0.00      0.00      0.00      0.00      0.00    100.00

06:33:24 AM kbmemfree   kbavail kbmemused  %memused kbbuffers  kbcached  kbcommit   %commit  kbactive   kbinact   kbdirty
06:33:25 AM   3149808   5678308   1868008     23.55     85232   2617168   5521960     69.62   1962456   2512048        68

06:33:24 AM     IFACE   rxpck/s   txpck/s    rxkB/s    txkB/s   rxcmp/s   txcmp/s  rxmcst/s   %ifutil
06:33:25 AM        lo      0.00      0.00      0.00      0.00      0.00      0.00      0.00      0.00
06:33:25 AM      eth0      1.00      1.00      0.05      0.06      0.00      0.00      0.00      0.00
06:33:25 AM   docker0      0.00      0.00      0.00      0.00      0.00      0.00      0.00      0.00
06:33:25 AM vethe4123a0      0.00      0.00      0.00      0.00      0.00      0.00      0.00      0.00

06:33:25 AM     CPU     %user     %nice   %system   %iowait    %steal     %idle
06:33:26 AM     all      0.50      0.00      0.25      0.00      0.00     99.25

06:33:25 AM kbmemfree   kbavail kbmemused  %memused kbbuffers  kbcached  kbcommit   %commit  kbactive   kbinact   kbdirty
06:33:26 AM   3149808   5678308   1868008     23.55     85232   2617168   5521960     69.62   1962456   2512048        68

06:33:25 AM     IFACE   rxpck/s   txpck/s    rxkB/s    txkB/s   rxcmp/s   txcmp/s  rxmcst/s   %ifutil
06:33:26 AM        lo      0.00      0.00      0.00      0.00      0.00      0.00      0.00      0.00
06:33:26 AM      eth0      0.00      0.00      0.00      0.00      0.00      0.00      0.00      0.00
06:33:26 AM   docker0      2.00      2.00      0.05      0.08      0.00      0.00      0.00      0.00
06:33:26 AM vethe4123a0      2.00      2.00      0.08      0.08      0.00      0.00      0.00      0.00

06:33:26 AM     CPU     %user     %nice   %system   %iowait    %steal     %idle
06:33:27 AM     all      0.00      0.00      0.00      0.00      0.00    100.00

06:33:26 AM kbmemfree   kbavail kbmemused  %memused kbbuffers  kbcached  kbcommit   %commit  kbactive   kbinact   kbdirty
06:33:27 AM   3149808   5678308   1868008     23.55     85232   2617168   5521960     69.62   1962456   2512048        68

06:33:26 AM     IFACE   rxpck/s   txpck/s    rxkB/s    txkB/s   rxcmp/s   txcmp/s  rxmcst/s   %ifutil
06:33:27 AM        lo      0.00      0.00      0.00      0.00      0.00      0.00      0.00      0.00
06:33:27 AM      eth0      0.00      0.00      0.00      0.00      0.00      0.00      0.00      0.00
06:33:27 AM   docker0      0.00      0.00      0.00      0.00      0.00      0.00      0.00      0.00
06:33:27 AM vethe4123a0      0.00      0.00      0.00      0.00      0.00      0.00      0.00      0.00

06:33:27 AM     CPU     %user     %nice   %system   %iowait    %steal     %idle
06:33:28 AM     all      0.00      0.00      0.00      0.00      0.00    100.00

06:33:27 AM kbmemfree   kbavail kbmemused  %memused kbbuffers  kbcached  kbcommit   %commit  kbactive   kbinact   kbdirty
06:33:28 AM   3149808   5678316   1868004     23.55     85232   2617172   5521960     69.62   1962488   2512056        32

06:33:27 AM     IFACE   rxpck/s   txpck/s    rxkB/s    txkB/s   rxcmp/s   txcmp/s  rxmcst/s   %ifutil
06:33:28 AM        lo      0.00      0.00      0.00      0.00      0.00      0.00      0.00      0.00
06:33:28 AM      eth0      0.00      0.00      0.00      0.00      0.00      0.00      0.00      0.00
06:33:28 AM   docker0      0.00      0.00      0.00      0.00      0.00      0.00      0.00      0.00
06:33:28 AM vethe4123a0      0.00      0.00      0.00      0.00      0.00      0.00      0.00      0.00

06:33:28 AM     CPU     %user     %nice   %system   %iowait    %steal     %idle
06:33:29 AM     all      0.00      0.00      0.25      0.00      0.00     99.75

06:33:28 AM kbmemfree   kbavail kbmemused  %memused kbbuffers  kbcached  kbcommit   %commit  kbactive   kbinact   kbdirty
06:33:29 AM   3149808   5678316   1868004     23.55     85232   2617172   5521960     69.62   1962488   2512056        40

06:33:28 AM     IFACE   rxpck/s   txpck/s    rxkB/s    txkB/s   rxcmp/s   txcmp/s  rxmcst/s   %ifutil
06:33:29 AM        lo      0.00      0.00      0.00      0.00      0.00      0.00      0.00      0.00
06:33:29 AM      eth0      2.00      1.00      0.11      0.05      0.00      0.00      0.00      0.00
06:33:29 AM   docker0      0.00      0.00      0.00      0.00      0.00      0.00      0.00      0.00
06:33:29 AM vethe4123a0      0.00      0.00      0.00      0.00      0.00      0.00      0.00      0.00

06:33:29 AM     CPU     %user     %nice   %system   %iowait    %steal     %idle
06:33:30 AM     all      0.25      0.00      0.25      0.00      0.00     99.50

06:33:29 AM kbmemfree   kbavail kbmemused  %memused kbbuffers  kbcached  kbcommit   %commit  kbactive   kbinact   kbdirty
06:33:30 AM   3149808   5678316   1868004     23.55     85232   2617172   5521960     69.62   1962488   2512056        40

06:33:29 AM     IFACE   rxpck/s   txpck/s    rxkB/s    txkB/s   rxcmp/s   txcmp/s  rxmcst/s   %ifutil
06:33:30 AM        lo      0.00      0.00      0.00      0.00      0.00      0.00      0.00      0.00
06:33:30 AM      eth0      0.00      0.00      0.00      0.00      0.00      0.00      0.00      0.00
06:33:30 AM   docker0      0.00      0.00      0.00      0.00      0.00      0.00      0.00      0.00
06:33:30 AM vethe4123a0      0.00      0.00      0.00      0.00      0.00      0.00      0.00      0.00

06:33:30 AM     CPU     %user     %nice   %system   %iowait    %steal     %idle
06:33:31 AM     all      0.00      0.00      0.25      0.00      0.00     99.75

06:33:30 AM kbmemfree   kbavail kbmemused  %memused kbbuffers  kbcached  kbcommit   %commit  kbactive   kbinact   kbdirty
06:33:31 AM   3149808   5678316   1868000     23.55     85232   2617176   5521960     69.62   1962488   2512056        44

06:33:30 AM     IFACE   rxpck/s   txpck/s    rxkB/s    txkB/s   rxcmp/s   txcmp/s  rxmcst/s   %ifutil
06:33:31 AM        lo      0.00      0.00      0.00      0.00      0.00      0.00      0.00      0.00
06:33:31 AM      eth0      0.00      0.00      0.00      0.00      0.00      0.00      0.00      0.00
06:33:31 AM   docker0      0.00      0.00      0.00      0.00      0.00      0.00      0.00      0.00
06:33:31 AM vethe4123a0      0.00      0.00      0.00      0.00      0.00      0.00      0.00      0.00

06:33:31 AM     CPU     %user     %nice   %system   %iowait    %steal     %idle
06:33:32 AM     all      0.00      0.00      0.00      0.00      0.00    100.00

06:33:31 AM kbmemfree   kbavail kbmemused  %memused kbbuffers  kbcached  kbcommit   %commit  kbactive   kbinact   kbdirty
06:33:32 AM   3149808   5678316   1868000     23.55     85232   2617176   5521960     69.62   1962488   2512056        44

06:33:31 AM     IFACE   rxpck/s   txpck/s    rxkB/s    txkB/s   rxcmp/s   txcmp/s  rxmcst/s   %ifutil
06:33:32 AM        lo      0.00      0.00      0.00      0.00      0.00      0.00      0.00      0.00
06:33:32 AM      eth0      0.00      0.00      0.00      0.00      0.00      0.00      0.00      0.00
06:33:32 AM   docker0      0.00      0.00      0.00      0.00      0.00      0.00      0.00      0.00
06:33:32 AM vethe4123a0      0.00      0.00      0.00      0.00      0.00      0.00      0.00      0.00

06:33:32 AM     CPU     %user     %nice   %system   %iowait    %steal     %idle
06:33:33 AM     all      0.00      0.00      0.00      0.00      0.00    100.00

06:33:32 AM kbmemfree   kbavail kbmemused  %memused kbbuffers  kbcached  kbcommit   %commit  kbactive   kbinact   kbdirty
06:33:33 AM   3149808   5678316   1868000     23.55     85232   2617176   5521960     69.62   1962492   2512056        36

06:33:32 AM     IFACE   rxpck/s   txpck/s    rxkB/s    txkB/s   rxcmp/s   txcmp/s  rxmcst/s   %ifutil
06:33:33 AM        lo      0.00      0.00      0.00      0.00      0.00      0.00      0.00      0.00
06:33:33 AM      eth0      0.00      0.00      0.00      0.00      0.00      0.00      0.00      0.00
06:33:33 AM   docker0      0.00      0.00      0.00      0.00      0.00      0.00      0.00      0.00
06:33:33 AM vethe4123a0      0.00      0.00      0.00      0.00      0.00      0.00      0.00      0.00

06:33:33 AM     CPU     %user     %nice   %system   %iowait    %steal     %idle
06:33:34 AM     all      0.25      0.00      0.00      0.00      0.00     99.75

06:33:33 AM kbmemfree   kbavail kbmemused  %memused kbbuffers  kbcached  kbcommit   %commit  kbactive   kbinact   kbdirty
06:33:34 AM   3149808   5678320   1868000     23.55     85232   2617176   5521960     69.62   1962492   2512060        32

06:33:33 AM     IFACE   rxpck/s   txpck/s    rxkB/s    txkB/s   rxcmp/s   txcmp/s  rxmcst/s   %ifutil
06:33:34 AM        lo      0.00      0.00      0.00      0.00      0.00      0.00      0.00      0.00
06:33:34 AM      eth0      0.00      0.00      0.00      0.00      0.00      0.00      0.00      0.00
06:33:34 AM   docker0      0.00      0.00      0.00      0.00      0.00      0.00      0.00      0.00
06:33:34 AM vethe4123a0      0.00      0.00      0.00      0.00      0.00      0.00      0.00      0.00

06:33:34 AM     CPU     %user     %nice   %system   %iowait    %steal     %idle
06:33:35 AM     all      0.25      0.00      0.25      0.00      0.00     99.50

06:33:34 AM kbmemfree   kbavail kbmemused  %memused kbbuffers  kbcached  kbcommit   %commit  kbactive   kbinact   kbdirty
06:33:35 AM   3147568   5676080   1870240     23.58     85232   2617176   5524812     69.66   1963776   2512060        32

06:33:34 AM     IFACE   rxpck/s   txpck/s    rxkB/s    txkB/s   rxcmp/s   txcmp/s  rxmcst/s   %ifutil
06:33:35 AM        lo      0.00      0.00      0.00      0.00      0.00      0.00      0.00      0.00
06:33:35 AM      eth0      8.00      7.00      1.47      1.57      0.00      0.00      0.00      0.00
06:33:35 AM   docker0      0.00      0.00      0.00      0.00      0.00      0.00      0.00      0.00
06:33:35 AM vethe4123a0      0.00      0.00      0.00      0.00      0.00      0.00      0.00      0.00

06:33:35 AM     CPU     %user     %nice   %system   %iowait    %steal     %idle
06:33:36 AM     all      0.25      0.00      0.50      0.00      0.00     99.25

06:33:35 AM kbmemfree   kbavail kbmemused  %memused kbbuffers  kbcached  kbcommit   %commit  kbactive   kbinact   kbdirty
06:33:36 AM   3147568   5676080   1870236     23.58     85232   2617180   5525148     69.66   1964016   2512060        36

06:33:35 AM     IFACE   rxpck/s   txpck/s    rxkB/s    txkB/s   rxcmp/s   txcmp/s  rxmcst/s   %ifutil
06:33:36 AM        lo      0.00      0.00      0.00      0.00      0.00      0.00      0.00      0.00
06:33:36 AM      eth0      6.00      6.00      0.58      0.93      0.00      0.00      0.00      0.00
06:33:36 AM   docker0      0.00      0.00      0.00      0.00      0.00      0.00      0.00      0.00
06:33:36 AM vethe4123a0      0.00      0.00      0.00      0.00      0.00      0.00      0.00      0.00

06:33:36 AM     CPU     %user     %nice   %system   %iowait    %steal     %idle
06:33:37 AM     all      0.00      0.00      0.00      0.00      0.00    100.00

06:33:36 AM kbmemfree   kbavail kbmemused  %memused kbbuffers  kbcached  kbcommit   %commit  kbactive   kbinact   kbdirty
06:33:37 AM   3147568   5676084   1870236     23.58     85232   2617180   5525148     69.66   1964112   2512064       172

06:33:36 AM     IFACE   rxpck/s   txpck/s    rxkB/s    txkB/s   rxcmp/s   txcmp/s  rxmcst/s   %ifutil
06:33:37 AM        lo      0.00      0.00      0.00      0.00      0.00      0.00      0.00      0.00
06:33:37 AM      eth0      0.00      0.00      0.00      0.00      0.00      0.00      0.00      0.00
06:33:37 AM   docker0      0.00      0.00      0.00      0.00      0.00      0.00      0.00      0.00
06:33:37 AM vethe4123a0      0.00      0.00      0.00      0.00      0.00      0.00      0.00      0.00

06:33:37 AM     CPU     %user     %nice   %system   %iowait    %steal     %idle
06:33:38 AM     all      0.25      0.00      0.00      0.00      0.00     99.75

06:33:37 AM kbmemfree   kbavail kbmemused  %memused kbbuffers  kbcached  kbcommit   %commit  kbactive   kbinact   kbdirty
06:33:38 AM   3147568   5676084   1870236     23.58     85232   2617180   5525148     69.66   1964112   2512064       172

06:33:37 AM     IFACE   rxpck/s   txpck/s    rxkB/s    txkB/s   rxcmp/s   txcmp/s  rxmcst/s   %ifutil
06:33:38 AM        lo      0.00      0.00      0.00      0.00      0.00      0.00      0.00      0.00
06:33:38 AM      eth0      1.00      1.00      0.06      0.05      0.00      0.00      0.00      0.00
06:33:38 AM   docker0      0.00      0.00      0.00      0.00      0.00      0.00      0.00      0.00
06:33:38 AM vethe4123a0      0.00      0.00      0.00      0.00      0.00      0.00      0.00      0.00

06:33:38 AM     CPU     %user     %nice   %system   %iowait    %steal     %idle
06:33:39 AM     all      0.25      0.00      0.25      0.00      0.00     99.50

06:33:38 AM kbmemfree   kbavail kbmemused  %memused kbbuffers  kbcached  kbcommit   %commit  kbactive   kbinact   kbdirty
06:33:39 AM   3150100   5678620   1867700     23.55     85232   2617184   5521960     69.62   1962632   2512068       240

06:33:38 AM     IFACE   rxpck/s   txpck/s    rxkB/s    txkB/s   rxcmp/s   txcmp/s  rxmcst/s   %ifutil
06:33:39 AM        lo      0.00      0.00      0.00      0.00      0.00      0.00      0.00      0.00
06:33:39 AM      eth0      3.00      4.00      0.23      0.30      0.00      0.00      0.00      0.00
06:33:39 AM   docker0      0.00      0.00      0.00      0.00      0.00      0.00      0.00      0.00
06:33:39 AM vethe4123a0      0.00      0.00      0.00      0.00      0.00      0.00      0.00      0.00

06:33:39 AM     CPU     %user     %nice   %system   %iowait    %steal     %idle
06:33:40 AM     all      0.00      0.00      0.00      0.00      0.00    100.00

06:33:39 AM kbmemfree   kbavail kbmemused  %memused kbbuffers  kbcached  kbcommit   %commit  kbactive   kbinact   kbdirty
06:33:40 AM   3149848   5678368   1867948     23.55     85232   2617188   5521960     69.62   1962492   2512068       248

06:33:39 AM     IFACE   rxpck/s   txpck/s    rxkB/s    txkB/s   rxcmp/s   txcmp/s  rxmcst/s   %ifutil
06:33:40 AM        lo      0.00      0.00      0.00      0.00      0.00      0.00      0.00      0.00
06:33:40 AM      eth0      1.00      0.00      0.06      0.00      0.00      0.00      0.00      0.00
06:33:40 AM   docker0      0.00      0.00      0.00      0.00      0.00      0.00      0.00      0.00
06:33:40 AM vethe4123a0      0.00      0.00      0.00      0.00      0.00      0.00      0.00      0.00

06:33:40 AM     CPU     %user     %nice   %system   %iowait    %steal     %idle
06:33:41 AM     all      0.25      0.00      0.00      0.00      0.00     99.75

06:33:40 AM kbmemfree   kbavail kbmemused  %memused kbbuffers  kbcached  kbcommit   %commit  kbactive   kbinact   kbdirty
06:33:41 AM   3149344   5677864   1868452     23.56     85232   2617188   5521960     69.62   1962492   2512068        76

06:33:40 AM     IFACE   rxpck/s   txpck/s    rxkB/s    txkB/s   rxcmp/s   txcmp/s  rxmcst/s   %ifutil
06:33:41 AM        lo      0.00      0.00      0.00      0.00      0.00      0.00      0.00      0.00
06:33:41 AM      eth0      0.00      0.00      0.00      0.00      0.00      0.00      0.00      0.00
06:33:41 AM   docker0      0.00      0.00      0.00      0.00      0.00      0.00      0.00      0.00
06:33:41 AM vethe4123a0      0.00      0.00      0.00      0.00      0.00      0.00      0.00      0.00

06:33:41 AM     CPU     %user     %nice   %system   %iowait    %steal     %idle
06:33:42 AM     all      0.00      0.00      0.00      0.00      0.00    100.00

06:33:41 AM kbmemfree   kbavail kbmemused  %memused kbbuffers  kbcached  kbcommit   %commit  kbactive   kbinact   kbdirty
06:33:42 AM   3149344   5677864   1868452     23.56     85232   2617188   5521960     69.62   1962492   2512068        60

06:33:41 AM     IFACE   rxpck/s   txpck/s    rxkB/s    txkB/s   rxcmp/s   txcmp/s  rxmcst/s   %ifutil
06:33:42 AM        lo      0.00      0.00      0.00      0.00      0.00      0.00      0.00      0.00
06:33:42 AM      eth0      0.00      0.00      0.00      0.00      0.00      0.00      0.00      0.00
06:33:42 AM   docker0      0.00      0.00      0.00      0.00      0.00      0.00      0.00      0.00
06:33:42 AM vethe4123a0      0.00      0.00      0.00      0.00      0.00      0.00      0.00      0.00

06:33:42 AM     CPU     %user     %nice   %system   %iowait    %steal     %idle
06:33:43 AM     all      0.00      0.00      0.00      0.00      0.00    100.00

06:33:42 AM kbmemfree   kbavail kbmemused  %memused kbbuffers  kbcached  kbcommit   %commit  kbactive   kbinact   kbdirty
06:33:43 AM   3149344   5677864   1868452     23.56     85232   2617188   5521960     69.62   1962492   2512068        60

06:33:42 AM     IFACE   rxpck/s   txpck/s    rxkB/s    txkB/s   rxcmp/s   txcmp/s  rxmcst/s   %ifutil
06:33:43 AM        lo      0.00      0.00      0.00      0.00      0.00      0.00      0.00      0.00
06:33:43 AM      eth0      0.00      0.00      0.00      0.00      0.00      0.00      0.00      0.00
06:33:43 AM   docker0      0.00      0.00      0.00      0.00      0.00      0.00      0.00      0.00
06:33:43 AM vethe4123a0      0.00      0.00      0.00      0.00      0.00      0.00      0.00      0.00

06:33:43 AM     CPU     %user     %nice   %system   %iowait    %steal     %idle
06:33:44 AM     all      0.00      0.00      0.00      0.25      0.00     99.75

06:33:43 AM kbmemfree   kbavail kbmemused  %memused kbbuffers  kbcached  kbcommit   %commit  kbactive   kbinact   kbdirty
06:33:44 AM   3149344   5677864   1868452     23.56     85232   2617188   5521960     69.62   1962492   2512068        76

06:33:43 AM     IFACE   rxpck/s   txpck/s    rxkB/s    txkB/s   rxcmp/s   txcmp/s  rxmcst/s   %ifutil
06:33:44 AM        lo      0.00      0.00      0.00      0.00      0.00      0.00      0.00      0.00
06:33:44 AM      eth0      0.00      0.00      0.00      0.00      0.00      0.00      0.00      0.00
06:33:44 AM   docker0      0.00      0.00      0.00      0.00      0.00      0.00      0.00      0.00
06:33:44 AM vethe4123a0      0.00      0.00      0.00      0.00      0.00      0.00      0.00      0.00

06:33:44 AM     CPU     %user     %nice   %system   %iowait    %steal     %idle
06:33:45 AM     all      0.00      0.00      0.00      0.00      0.00    100.00

06:33:44 AM kbmemfree   kbavail kbmemused  %memused kbbuffers  kbcached  kbcommit   %commit  kbactive   kbinact   kbdirty
06:33:45 AM   3149344   5677864   1868452     23.56     85232   2617188   5521960     69.62   1962492   2512068        76

06:33:44 AM     IFACE   rxpck/s   txpck/s    rxkB/s    txkB/s   rxcmp/s   txcmp/s  rxmcst/s   %ifutil
06:33:45 AM        lo      0.00      0.00      0.00      0.00      0.00      0.00      0.00      0.00
06:33:45 AM      eth0      0.00      0.00      0.00      0.00      0.00      0.00      0.00      0.00
06:33:45 AM   docker0      0.00      0.00      0.00      0.00      0.00      0.00      0.00      0.00
06:33:45 AM vethe4123a0      0.00      0.00      0.00      0.00      0.00      0.00      0.00      0.00

06:33:45 AM     CPU     %user     %nice   %system   %iowait    %steal     %idle
06:33:46 AM     all      0.25      0.00      0.00      0.00      0.00     99.75

06:33:45 AM kbmemfree   kbavail kbmemused  %memused kbbuffers  kbcached  kbcommit   %commit  kbactive   kbinact   kbdirty
06:33:46 AM   3149344   5677872   1868448     23.56     85232   2617192   5521960     69.62   1962492   2512076        28

06:33:45 AM     IFACE   rxpck/s   txpck/s    rxkB/s    txkB/s   rxcmp/s   txcmp/s  rxmcst/s   %ifutil
06:33:46 AM        lo      0.00      0.00      0.00      0.00      0.00      0.00      0.00      0.00
06:33:46 AM      eth0      0.00      0.00      0.00      0.00      0.00      0.00      0.00      0.00
06:33:46 AM   docker0      0.00      0.00      0.00      0.00      0.00      0.00      0.00      0.00
06:33:46 AM vethe4123a0      0.00      0.00      0.00      0.00      0.00      0.00      0.00      0.00

06:33:46 AM     CPU     %user     %nice   %system   %iowait    %steal     %idle
06:33:47 AM     all      0.25      0.00      0.00      0.00      0.00     99.75

06:33:46 AM kbmemfree   kbavail kbmemused  %memused kbbuffers  kbcached  kbcommit   %commit  kbactive   kbinact   kbdirty
06:33:47 AM   3149344   5677872   1868448     23.56     85232   2617192   5521960     69.62   1962492   2512076        28

06:33:46 AM     IFACE   rxpck/s   txpck/s    rxkB/s    txkB/s   rxcmp/s   txcmp/s  rxmcst/s   %ifutil
06:33:47 AM        lo      0.00      0.00      0.00      0.00      0.00      0.00      0.00      0.00
06:33:47 AM      eth0      0.00      0.00      0.00      0.00      0.00      0.00      0.00      0.00
06:33:47 AM   docker0      0.00      0.00      0.00      0.00      0.00      0.00      0.00      0.00
06:33:47 AM vethe4123a0      0.00      0.00      0.00      0.00      0.00      0.00      0.00      0.00

06:33:47 AM     CPU     %user     %nice   %system   %iowait    %steal     %idle
06:33:48 AM     all      0.00      0.00      0.00      0.00      0.00    100.00

06:33:47 AM kbmemfree   kbavail kbmemused  %memused kbbuffers  kbcached  kbcommit   %commit  kbactive   kbinact   kbdirty
06:33:48 AM   3149344   5677872   1868448     23.56     85232   2617192   5521960     69.62   1962492   2512076        28

06:33:47 AM     IFACE   rxpck/s   txpck/s    rxkB/s    txkB/s   rxcmp/s   txcmp/s  rxmcst/s   %ifutil
06:33:48 AM        lo      0.00      0.00      0.00      0.00      0.00      0.00      0.00      0.00
06:33:48 AM      eth0      2.00      1.00      0.11      0.05      0.00      0.00      0.00      0.00
06:33:48 AM   docker0      0.00      0.00      0.00      0.00      0.00      0.00      0.00      0.00
06:33:48 AM vethe4123a0      0.00      0.00      0.00      0.00      0.00      0.00      0.00      0.00

06:33:48 AM     CPU     %user     %nice   %system   %iowait    %steal     %idle
06:33:49 AM     all      0.00      0.00      0.50      0.00      0.00     99.50

06:33:48 AM kbmemfree   kbavail kbmemused  %memused kbbuffers  kbcached  kbcommit   %commit  kbactive   kbinact   kbdirty
06:33:49 AM   3149344   5677872   1868444     23.56     85232   2617196   5521960     69.62   1962492   2512076        32

06:33:48 AM     IFACE   rxpck/s   txpck/s    rxkB/s    txkB/s   rxcmp/s   txcmp/s  rxmcst/s   %ifutil
06:33:49 AM        lo      0.00      0.00      0.00      0.00      0.00      0.00      0.00      0.00
06:33:49 AM      eth0      0.00      0.00      0.00      0.00      0.00      0.00      0.00      0.00
06:33:49 AM   docker0      0.00      0.00      0.00      0.00      0.00      0.00      0.00      0.00
06:33:49 AM vethe4123a0      0.00      0.00      0.00      0.00      0.00      0.00      0.00      0.00

06:33:49 AM     CPU     %user     %nice   %system   %iowait    %steal     %idle
06:33:50 AM     all      0.00      0.00      0.25      0.00      0.00     99.75

06:33:49 AM kbmemfree   kbavail kbmemused  %memused kbbuffers  kbcached  kbcommit   %commit  kbactive   kbinact   kbdirty
06:33:50 AM   3149344   5677872   1868444     23.56     85232   2617196   5521960     69.62   1962492   2512076        32

06:33:49 AM     IFACE   rxpck/s   txpck/s    rxkB/s    txkB/s   rxcmp/s   txcmp/s  rxmcst/s   %ifutil
06:33:50 AM        lo      0.00      0.00      0.00      0.00      0.00      0.00      0.00      0.00
06:33:50 AM      eth0      0.00      0.00      0.00      0.00      0.00      0.00      0.00      0.00
06:33:50 AM   docker0      0.00      0.00      0.00      0.00      0.00      0.00      0.00      0.00
06:33:50 AM vethe4123a0      0.00      0.00      0.00      0.00      0.00      0.00      0.00      0.00

06:33:50 AM     CPU     %user     %nice   %system   %iowait    %steal     %idle
06:33:51 AM     all      0.00      0.00      0.00      0.00      0.00    100.00

06:33:50 AM kbmemfree   kbavail kbmemused  %memused kbbuffers  kbcached  kbcommit   %commit  kbactive   kbinact   kbdirty
06:33:51 AM   3149092   5677624   1868704     23.56     85232   2617196   5521960     69.62   1962344   2512080        48

06:33:50 AM     IFACE   rxpck/s   txpck/s    rxkB/s    txkB/s   rxcmp/s   txcmp/s  rxmcst/s   %ifutil
06:33:51 AM        lo      0.00      0.00      0.00      0.00      0.00      0.00      0.00      0.00
06:33:51 AM      eth0     50.00     50.00      3.22      3.22      0.00      0.00      0.00      0.00
06:33:51 AM   docker0      0.00      0.00      0.00      0.00      0.00      0.00      0.00      0.00
06:33:51 AM vethe4123a0      0.00      0.00      0.00      0.00      0.00      0.00      0.00      0.00

06:33:51 AM     CPU     %user     %nice   %system   %iowait    %steal     %idle
06:33:52 AM     all      0.00      0.00      0.00      0.00      0.00    100.00

06:33:51 AM kbmemfree   kbavail kbmemused  %memused kbbuffers  kbcached  kbcommit   %commit  kbactive   kbinact   kbdirty
06:33:52 AM   3149092   5677624   1868704     23.56     85232   2617196   5521960     69.62   1962344   2512080        40

06:33:51 AM     IFACE   rxpck/s   txpck/s    rxkB/s    txkB/s   rxcmp/s   txcmp/s  rxmcst/s   %ifutil
06:33:52 AM        lo      0.00      0.00      0.00      0.00      0.00      0.00      0.00      0.00
06:33:52 AM      eth0      0.00      0.00      0.00      0.00      0.00      0.00      0.00      0.00
06:33:52 AM   docker0      0.00      0.00      0.00      0.00      0.00      0.00      0.00      0.00
06:33:52 AM vethe4123a0      0.00      0.00      0.00      0.00      0.00      0.00      0.00      0.00

06:33:52 AM     CPU     %user     %nice   %system   %iowait    %steal     %idle
06:33:53 AM     all      0.00      0.00      0.00      0.00      0.00    100.00

06:33:52 AM kbmemfree   kbavail kbmemused  %memused kbbuffers  kbcached  kbcommit   %commit  kbactive   kbinact   kbdirty
06:33:53 AM   3149092   5677624   1868704     23.56     85232   2617196   5521960     69.62   1962344   2512080        40

06:33:52 AM     IFACE   rxpck/s   txpck/s    rxkB/s    txkB/s   rxcmp/s   txcmp/s  rxmcst/s   %ifutil
06:33:53 AM        lo      0.00      0.00      0.00      0.00      0.00      0.00      0.00      0.00
06:33:53 AM      eth0      0.00      0.00      0.00      0.00      0.00      0.00      0.00      0.00
06:33:53 AM   docker0      0.00      0.00      0.00      0.00      0.00      0.00      0.00      0.00
06:33:53 AM vethe4123a0      0.00      0.00      0.00      0.00      0.00      0.00      0.00      0.00

06:33:53 AM     CPU     %user     %nice   %system   %iowait    %steal     %idle
06:33:54 AM     all      0.25      0.00      0.25      0.00      0.00     99.50

06:33:53 AM kbmemfree   kbavail kbmemused  %memused kbbuffers  kbcached  kbcommit   %commit  kbactive   kbinact   kbdirty
06:33:54 AM   3149092   5677624   1868700     23.56     85232   2617200   5521960     69.62   1962344   2512080        44

06:33:53 AM     IFACE   rxpck/s   txpck/s    rxkB/s    txkB/s   rxcmp/s   txcmp/s  rxmcst/s   %ifutil
06:33:54 AM        lo      0.00      0.00      0.00      0.00      0.00      0.00      0.00      0.00
06:33:54 AM      eth0      1.00      1.00      0.06      0.05      0.00      0.00      0.00      0.00
06:33:54 AM   docker0      0.00      0.00      0.00      0.00      0.00      0.00      0.00      0.00
06:33:54 AM vethe4123a0      0.00      0.00      0.00      0.00      0.00      0.00      0.00      0.00

06:33:54 AM     CPU     %user     %nice   %system   %iowait    %steal     %idle
06:33:55 AM     all      0.00      0.00      0.00      0.00      0.00    100.00

06:33:54 AM kbmemfree   kbavail kbmemused  %memused kbbuffers  kbcached  kbcommit   %commit  kbactive   kbinact   kbdirty
06:33:55 AM   3149092   5677624   1868700     23.56     85232   2617200   5521960     69.62   1962344   2512080        44

06:33:54 AM     IFACE   rxpck/s   txpck/s    rxkB/s    txkB/s   rxcmp/s   txcmp/s  rxmcst/s   %ifutil
06:33:55 AM        lo      0.00      0.00      0.00      0.00      0.00      0.00      0.00      0.00
06:33:55 AM      eth0      1.00      1.00      0.06      0.06      0.00      0.00      0.00      0.00
06:33:55 AM   docker0      0.00      0.00      0.00      0.00      0.00      0.00      0.00      0.00
06:33:55 AM vethe4123a0      0.00      0.00      0.00      0.00      0.00      0.00      0.00      0.00

06:33:55 AM     CPU     %user     %nice   %system   %iowait    %steal     %idle
06:33:56 AM     all      0.25      0.00      0.00      0.00      0.00     99.75

06:33:55 AM kbmemfree   kbavail kbmemused  %memused kbbuffers  kbcached  kbcommit   %commit  kbactive   kbinact   kbdirty
06:33:56 AM   3149092   5677624   1868700     23.56     85232   2617200   5521960     69.62   1962344   2512080        56

06:33:55 AM     IFACE   rxpck/s   txpck/s    rxkB/s    txkB/s   rxcmp/s   txcmp/s  rxmcst/s   %ifutil
06:33:56 AM        lo      0.00      0.00      0.00      0.00      0.00      0.00      0.00      0.00
06:33:56 AM      eth0      0.00      0.00      0.00      0.00      0.00      0.00      0.00      0.00
06:33:56 AM   docker0      0.00      0.00      0.00      0.00      0.00      0.00      0.00      0.00
06:33:56 AM vethe4123a0      0.00      0.00      0.00      0.00      0.00      0.00      0.00      0.00

06:33:56 AM     CPU     %user     %nice   %system   %iowait    %steal     %idle
06:33:57 AM     all      0.00      0.00      0.00      0.00      0.00    100.00

06:33:56 AM kbmemfree   kbavail kbmemused  %memused kbbuffers  kbcached  kbcommit   %commit  kbactive   kbinact   kbdirty
06:33:57 AM   3149092   5677624   1868700     23.56     85232   2617200   5521960     69.62   1962344   2512080        48

06:33:56 AM     IFACE   rxpck/s   txpck/s    rxkB/s    txkB/s   rxcmp/s   txcmp/s  rxmcst/s   %ifutil
06:33:57 AM        lo      0.00      0.00      0.00      0.00      0.00      0.00      0.00      0.00
06:33:57 AM      eth0      2.00      1.00      0.11      0.05      0.00      0.00      0.00      0.00
06:33:57 AM   docker0      0.00      0.00      0.00      0.00      0.00      0.00      0.00      0.00
06:33:57 AM vethe4123a0      0.00      0.00      0.00      0.00      0.00      0.00      0.00      0.00

06:33:57 AM     CPU     %user     %nice   %system   %iowait    %steal     %idle
06:33:58 AM     all      0.00      0.00      0.25      0.00      0.00     99.75

06:33:57 AM kbmemfree   kbavail kbmemused  %memused kbbuffers  kbcached  kbcommit   %commit  kbactive   kbinact   kbdirty
06:33:58 AM   3149092   5677624   1868696     23.56     85232   2617204   5521960     69.62   1962344   2512080        56

06:33:57 AM     IFACE   rxpck/s   txpck/s    rxkB/s    txkB/s   rxcmp/s   txcmp/s  rxmcst/s   %ifutil
06:33:58 AM        lo      0.00      0.00      0.00      0.00      0.00      0.00      0.00      0.00
06:33:58 AM      eth0      2.00      1.00      0.11      0.05      0.00      0.00      0.00      0.00
06:33:58 AM   docker0      0.00      0.00      0.00      0.00      0.00      0.00      0.00      0.00
06:33:58 AM vethe4123a0      0.00      0.00      0.00      0.00      0.00      0.00      0.00      0.00

06:33:58 AM     CPU     %user     %nice   %system   %iowait    %steal     %idle
06:33:59 AM     all      0.00      0.00      0.00      0.00      0.00    100.00

06:33:58 AM kbmemfree   kbavail kbmemused  %memused kbbuffers  kbcached  kbcommit   %commit  kbactive   kbinact   kbdirty
06:33:59 AM   3149092   5677624   1868696     23.56     85232   2617204   5521960     69.62   1962344   2512080        56

06:33:58 AM     IFACE   rxpck/s   txpck/s    rxkB/s    txkB/s   rxcmp/s   txcmp/s  rxmcst/s   %ifutil
06:33:59 AM        lo      0.00      0.00      0.00      0.00      0.00      0.00      0.00      0.00
06:33:59 AM      eth0      0.00      0.00      0.00      0.00      0.00      0.00      0.00      0.00
06:33:59 AM   docker0      0.00      0.00      0.00      0.00      0.00      0.00      0.00      0.00
06:33:59 AM vethe4123a0      0.00      0.00      0.00      0.00      0.00      0.00      0.00      0.00

06:33:59 AM     CPU     %user     %nice   %system   %iowait    %steal     %idle
06:34:00 AM     all      0.25      0.00      0.00      0.00      0.00     99.75

06:33:59 AM kbmemfree   kbavail kbmemused  %memused kbbuffers  kbcached  kbcommit   %commit  kbactive   kbinact   kbdirty
06:34:00 AM   3149092   5677624   1868696     23.56     85232   2617204   5521960     69.62   1962344   2512080        56

06:33:59 AM     IFACE   rxpck/s   txpck/s    rxkB/s    txkB/s   rxcmp/s   txcmp/s  rxmcst/s   %ifutil
06:34:00 AM        lo      0.00      0.00      0.00      0.00      0.00      0.00      0.00      0.00
06:34:00 AM      eth0      0.00      0.00      0.00      0.00      0.00      0.00      0.00      0.00
06:34:00 AM   docker0      0.00      0.00      0.00      0.00      0.00      0.00      0.00      0.00
06:34:00 AM vethe4123a0      0.00      0.00      0.00      0.00      0.00      0.00      0.00      0.00

06:34:00 AM     CPU     %user     %nice   %system   %iowait    %steal     %idle
06:34:01 AM     all      0.00      0.00      0.00      0.00      0.00    100.00

06:34:00 AM kbmemfree   kbavail kbmemused  %memused kbbuffers  kbcached  kbcommit   %commit  kbactive   kbinact   kbdirty
06:34:01 AM   3149092   5677632   1868696     23.56     85232   2617204   5521960     69.62   1962344   2512088        20

06:34:00 AM     IFACE   rxpck/s   txpck/s    rxkB/s    txkB/s   rxcmp/s   txcmp/s  rxmcst/s   %ifutil
06:34:01 AM        lo      0.00      0.00      0.00      0.00      0.00      0.00      0.00      0.00
06:34:01 AM      eth0      1.00      1.00      0.06      0.05      0.00      0.00      0.00      0.00
06:34:01 AM   docker0      0.00      0.00      0.00      0.00      0.00      0.00      0.00      0.00
06:34:01 AM vethe4123a0      0.00      0.00      0.00      0.00      0.00      0.00      0.00      0.00

06:34:01 AM     CPU     %user     %nice   %system   %iowait    %steal     %idle
06:34:02 AM     all      0.00      0.00      0.00      0.00      0.00    100.00

06:34:01 AM kbmemfree   kbavail kbmemused  %memused kbbuffers  kbcached  kbcommit   %commit  kbactive   kbinact   kbdirty
06:34:02 AM   3149092   5677632   1868696     23.56     85232   2617204   5521960     69.62   1962344   2512088        20

06:34:01 AM     IFACE   rxpck/s   txpck/s    rxkB/s    txkB/s   rxcmp/s   txcmp/s  rxmcst/s   %ifutil
06:34:02 AM        lo      0.00      0.00      0.00      0.00      0.00      0.00      0.00      0.00
06:34:02 AM      eth0      1.00      1.00      0.05      0.05      0.00      0.00      0.00      0.00
06:34:02 AM   docker0      0.00      0.00      0.00      0.00      0.00      0.00      0.00      0.00
06:34:02 AM vethe4123a0      0.00      0.00      0.00      0.00      0.00      0.00      0.00      0.00

06:34:02 AM     CPU     %user     %nice   %system   %iowait    %steal     %idle
06:34:03 AM     all      0.00      0.00      0.25      0.00      0.00     99.75

06:34:02 AM kbmemfree   kbavail kbmemused  %memused kbbuffers  kbcached  kbcommit   %commit  kbactive   kbinact   kbdirty
06:34:03 AM   3149092   5677632   1868692     23.56     85232   2617208   5521960     69.62   1962344   2512088        40

06:34:02 AM     IFACE   rxpck/s   txpck/s    rxkB/s    txkB/s   rxcmp/s   txcmp/s  rxmcst/s   %ifutil
06:34:03 AM        lo      0.00      0.00      0.00      0.00      0.00      0.00      0.00      0.00
06:34:03 AM      eth0      0.00      0.00      0.00      0.00      0.00      0.00      0.00      0.00
06:34:03 AM   docker0      0.00      0.00      0.00      0.00      0.00      0.00      0.00      0.00
06:34:03 AM vethe4123a0      0.00      0.00      0.00      0.00      0.00      0.00      0.00      0.00

06:34:03 AM     CPU     %user     %nice   %system   %iowait    %steal     %idle
06:34:04 AM     all      0.00      0.00      0.00      0.00      0.00    100.00

06:34:03 AM kbmemfree   kbavail kbmemused  %memused kbbuffers  kbcached  kbcommit   %commit  kbactive   kbinact   kbdirty
06:34:04 AM   3149092   5677636   1868692     23.56     85232   2617208   5521960     69.62   1962344   2512092        36

06:34:03 AM     IFACE   rxpck/s   txpck/s    rxkB/s    txkB/s   rxcmp/s   txcmp/s  rxmcst/s   %ifutil
06:34:04 AM        lo      0.00      0.00      0.00      0.00      0.00      0.00      0.00      0.00
06:34:04 AM      eth0      2.00      2.00      0.11      0.11      0.00      0.00      0.00      0.00
06:34:04 AM   docker0      0.00      0.00      0.00      0.00      0.00      0.00      0.00      0.00
06:34:04 AM vethe4123a0      0.00      0.00      0.00      0.00      0.00      0.00      0.00      0.00

06:34:04 AM     CPU     %user     %nice   %system   %iowait    %steal     %idle
06:34:05 AM     all      0.00      0.00      0.00      0.00      0.00    100.00

06:34:04 AM kbmemfree   kbavail kbmemused  %memused kbbuffers  kbcached  kbcommit   %commit  kbactive   kbinact   kbdirty
06:34:05 AM   3149092   5677636   1868692     23.56     85232   2617208   5521960     69.62   1962344   2512092        36

06:34:04 AM     IFACE   rxpck/s   txpck/s    rxkB/s    txkB/s   rxcmp/s   txcmp/s  rxmcst/s   %ifutil
06:34:05 AM        lo      0.00      0.00      0.00      0.00      0.00      0.00      0.00      0.00
06:34:05 AM      eth0      0.00      0.00      0.00      0.00      0.00      0.00      0.00      0.00
06:34:05 AM   docker0      0.00      0.00      0.00      0.00      0.00      0.00      0.00      0.00
06:34:05 AM vethe4123a0      0.00      0.00      0.00      0.00      0.00      0.00      0.00      0.00

06:34:05 AM     CPU     %user     %nice   %system   %iowait    %steal     %idle
06:34:06 AM     all     19.28      0.00      7.46      0.00      0.00     73.26

06:34:05 AM kbmemfree   kbavail kbmemused  %memused kbbuffers  kbcached  kbcommit   %commit  kbactive   kbinact   kbdirty
06:34:06 AM   3147880   5676428   1869568     23.57     85232   2617216   5521960     69.62   1960576   2512096        52

06:34:05 AM     IFACE   rxpck/s   txpck/s    rxkB/s    txkB/s   rxcmp/s   txcmp/s  rxmcst/s   %ifutil
06:34:06 AM        lo   1871.00   1871.00    497.80    497.80      0.00      0.00      0.00      0.00
06:34:06 AM      eth0    750.00    562.00     98.73    364.01      0.00      0.00      0.00      0.00
06:34:06 AM   docker0    935.00    935.00    358.48    133.68      0.00      0.00      0.00      0.00
06:34:06 AM vethe4123a0    935.00    935.00    371.26    133.68      0.00      0.00      0.00      0.03

06:34:06 AM     CPU     %user     %nice   %system   %iowait    %steal     %idle
06:34:07 AM     all      1.26      0.00      0.50      0.00      0.00     98.24

06:34:06 AM kbmemfree   kbavail kbmemused  %memused kbbuffers  kbcached  kbcommit   %commit  kbactive   kbinact   kbdirty
06:34:07 AM   3147640   5676216   1869692     23.57     85232   2617240   5521960     69.62   1960648   2512104        56

06:34:06 AM     IFACE   rxpck/s   txpck/s    rxkB/s    txkB/s   rxcmp/s   txcmp/s  rxmcst/s   %ifutil
06:34:07 AM        lo    131.00    131.00     34.55     34.55      0.00      0.00      0.00      0.00
06:34:07 AM      eth0     52.00     39.00      6.86     25.30      0.00      0.00      0.00      0.00
06:34:07 AM   docker0     65.00     65.00     24.92      9.29      0.00      0.00      0.00      0.00
06:34:07 AM vethe4123a0     65.00     65.00     25.81      9.29      0.00      0.00      0.00      0.00

06:34:07 AM     CPU     %user     %nice   %system   %iowait    %steal     %idle
06:34:08 AM     all      0.00      0.00      0.00      0.00      0.00    100.00

06:34:07 AM kbmemfree   kbavail kbmemused  %memused kbbuffers  kbcached  kbcommit   %commit  kbactive   kbinact   kbdirty
06:34:08 AM   3147640   5676216   1869688     23.57     85232   2617240   5521960     69.62   1960648   2512104        56

06:34:07 AM     IFACE   rxpck/s   txpck/s    rxkB/s    txkB/s   rxcmp/s   txcmp/s  rxmcst/s   %ifutil
06:34:08 AM        lo      0.00      0.00      0.00      0.00      0.00      0.00      0.00      0.00
06:34:08 AM      eth0      1.00      1.00      0.05      0.05      0.00      0.00      0.00      0.00
06:34:08 AM   docker0      0.00      0.00      0.00      0.00      0.00      0.00      0.00      0.00
06:34:08 AM vethe4123a0      0.00      0.00      0.00      0.00      0.00      0.00      0.00      0.00

06:34:08 AM     CPU     %user     %nice   %system   %iowait    %steal     %idle
06:34:09 AM     all      0.25      0.00      0.00      0.00      0.00     99.75

06:34:08 AM kbmemfree   kbavail kbmemused  %memused kbbuffers  kbcached  kbcommit   %commit  kbactive   kbinact   kbdirty
06:34:09 AM   3147392   5675968   1869928     23.58     85232   2617240   5521960     69.62   1960648   2512104        48

06:34:08 AM     IFACE   rxpck/s   txpck/s    rxkB/s    txkB/s   rxcmp/s   txcmp/s  rxmcst/s   %ifutil
06:34:09 AM        lo      0.00      0.00      0.00      0.00      0.00      0.00      0.00      0.00
06:34:09 AM      eth0      0.00      0.00      0.00      0.00      0.00      0.00      0.00      0.00
06:34:09 AM   docker0      0.00      0.00      0.00      0.00      0.00      0.00      0.00      0.00
06:34:09 AM vethe4123a0      0.00      0.00      0.00      0.00      0.00      0.00      0.00      0.00

06:34:09 AM     CPU     %user     %nice   %system   %iowait    %steal     %idle
06:34:10 AM     all      0.00      0.00      0.00      0.00      0.00    100.00

06:34:09 AM kbmemfree   kbavail kbmemused  %memused kbbuffers  kbcached  kbcommit   %commit  kbactive   kbinact   kbdirty
06:34:10 AM   3147392   5675968   1869928     23.58     85232   2617240   5521960     69.62   1960648   2512104        52

06:34:09 AM     IFACE   rxpck/s   txpck/s    rxkB/s    txkB/s   rxcmp/s   txcmp/s  rxmcst/s   %ifutil
06:34:10 AM        lo      0.00      0.00      0.00      0.00      0.00      0.00      0.00      0.00
06:34:10 AM      eth0      0.00      0.00      0.00      0.00      0.00      0.00      0.00      0.00
06:34:10 AM   docker0      0.00      0.00      0.00      0.00      0.00      0.00      0.00      0.00
06:34:10 AM vethe4123a0      0.00      0.00      0.00      0.00      0.00      0.00      0.00      0.00

06:34:10 AM     CPU     %user     %nice   %system   %iowait    %steal     %idle
06:34:11 AM     all      0.00      0.00      0.25      0.00      0.00     99.75

06:34:10 AM kbmemfree   kbavail kbmemused  %memused kbbuffers  kbcached  kbcommit   %commit  kbactive   kbinact   kbdirty
06:34:11 AM   3147392   5675968   1869924     23.58     85232   2617244   5521960     69.62   1960648   2512104        44

06:34:10 AM     IFACE   rxpck/s   txpck/s    rxkB/s    txkB/s   rxcmp/s   txcmp/s  rxmcst/s   %ifutil
06:34:11 AM        lo      0.00      0.00      0.00      0.00      0.00      0.00      0.00      0.00
06:34:11 AM      eth0      0.00      0.00      0.00      0.00      0.00      0.00      0.00      0.00
06:34:11 AM   docker0      0.00      0.00      0.00      0.00      0.00      0.00      0.00      0.00
06:34:11 AM vethe4123a0      0.00      0.00      0.00      0.00      0.00      0.00      0.00      0.00

06:34:11 AM     CPU     %user     %nice   %system   %iowait    %steal     %idle
06:34:12 AM     all      0.00      0.00      0.00      0.00      0.00    100.00

06:34:11 AM kbmemfree   kbavail kbmemused  %memused kbbuffers  kbcached  kbcommit   %commit  kbactive   kbinact   kbdirty
06:34:12 AM   3147392   5675968   1869924     23.58     85232   2617244   5521960     69.62   1960648   2512104        44

06:34:11 AM     IFACE   rxpck/s   txpck/s    rxkB/s    txkB/s   rxcmp/s   txcmp/s  rxmcst/s   %ifutil
06:34:12 AM        lo      0.00      0.00      0.00      0.00      0.00      0.00      0.00      0.00
06:34:12 AM      eth0      2.00      2.00      0.11      0.11      0.00      0.00      0.00      0.00
06:34:12 AM   docker0      0.00      0.00      0.00      0.00      0.00      0.00      0.00      0.00
06:34:12 AM vethe4123a0      0.00      0.00      0.00      0.00      0.00      0.00      0.00      0.00

06:34:12 AM     CPU     %user     %nice   %system   %iowait    %steal     %idle
06:34:13 AM     all      0.25      0.00      0.00      0.00      0.00     99.75

06:34:12 AM kbmemfree   kbavail kbmemused  %memused kbbuffers  kbcached  kbcommit   %commit  kbactive   kbinact   kbdirty
06:34:13 AM   3147392   5675984   1869924     23.58     85232   2617244   5521960     69.62   1960668   2512120        40

06:34:12 AM     IFACE   rxpck/s   txpck/s    rxkB/s    txkB/s   rxcmp/s   txcmp/s  rxmcst/s   %ifutil
06:34:13 AM        lo      0.00      0.00      0.00      0.00      0.00      0.00      0.00      0.00
06:34:13 AM      eth0      0.00      0.00      0.00      0.00      0.00      0.00      0.00      0.00
06:34:13 AM   docker0      0.00      0.00      0.00      0.00      0.00      0.00      0.00      0.00
06:34:13 AM vethe4123a0      0.00      0.00      0.00      0.00      0.00      0.00      0.00      0.00

06:34:13 AM     CPU     %user     %nice   %system   %iowait    %steal     %idle
06:34:14 AM     all      0.00      0.00      0.00      0.00      0.00    100.00

06:34:13 AM kbmemfree   kbavail kbmemused  %memused kbbuffers  kbcached  kbcommit   %commit  kbactive   kbinact   kbdirty
06:34:14 AM   3147392   5675984   1869924     23.58     85232   2617244   5521960     69.62   1960668   2512120        40

06:34:13 AM     IFACE   rxpck/s   txpck/s    rxkB/s    txkB/s   rxcmp/s   txcmp/s  rxmcst/s   %ifutil
06:34:14 AM        lo      0.00      0.00      0.00      0.00      0.00      0.00      0.00      0.00
06:34:14 AM      eth0      1.00      1.00      0.05      0.05      0.00      0.00      0.00      0.00
06:34:14 AM   docker0      0.00      0.00      0.00      0.00      0.00      0.00      0.00      0.00
06:34:14 AM vethe4123a0      0.00      0.00      0.00      0.00      0.00      0.00      0.00      0.00

06:34:14 AM     CPU     %user     %nice   %system   %iowait    %steal     %idle
06:34:15 AM     all      0.00      0.00      0.25      0.00      0.00     99.75

06:34:14 AM kbmemfree   kbavail kbmemused  %memused kbbuffers  kbcached  kbcommit   %commit  kbactive   kbinact   kbdirty
06:34:15 AM   3147392   5675992   1869924     23.58     85232   2617244   5521960     69.62   1960712   2512128        12

06:34:14 AM     IFACE   rxpck/s   txpck/s    rxkB/s    txkB/s   rxcmp/s   txcmp/s  rxmcst/s   %ifutil
06:34:15 AM        lo      0.00      0.00      0.00      0.00      0.00      0.00      0.00      0.00
06:34:15 AM      eth0      0.00      0.00      0.00      0.00      0.00      0.00      0.00      0.00
06:34:15 AM   docker0      0.00      0.00      0.00      0.00      0.00      0.00      0.00      0.00
06:34:15 AM vethe4123a0      0.00      0.00      0.00      0.00      0.00      0.00      0.00      0.00

06:34:15 AM     CPU     %user     %nice   %system   %iowait    %steal     %idle
06:34:16 AM     all      0.25      0.00      0.25      0.00      0.00     99.50

06:34:15 AM kbmemfree   kbavail kbmemused  %memused kbbuffers  kbcached  kbcommit   %commit  kbactive   kbinact   kbdirty
06:34:16 AM   3147392   5675992   1869920     23.58     85232   2617248   5521960     69.62   1960712   2512128        20

06:34:15 AM     IFACE   rxpck/s   txpck/s    rxkB/s    txkB/s   rxcmp/s   txcmp/s  rxmcst/s   %ifutil
06:34:16 AM        lo      0.00      0.00      0.00      0.00      0.00      0.00      0.00      0.00
06:34:16 AM      eth0      2.00      1.00      0.11      0.05      0.00      0.00      0.00      0.00
06:34:16 AM   docker0      0.00      0.00      0.00      0.00      0.00      0.00      0.00      0.00
06:34:16 AM vethe4123a0      0.00      0.00      0.00      0.00      0.00      0.00      0.00      0.00

06:34:16 AM     CPU     %user     %nice   %system   %iowait    %steal     %idle
06:34:17 AM     all      0.00      0.00      0.25      0.00      0.00     99.75

06:34:16 AM kbmemfree   kbavail kbmemused  %memused kbbuffers  kbcached  kbcommit   %commit  kbactive   kbinact   kbdirty
06:34:17 AM   3147392   5675992   1869920     23.58     85232   2617248   5521960     69.62   1960712   2512128        20

06:34:16 AM     IFACE   rxpck/s   txpck/s    rxkB/s    txkB/s   rxcmp/s   txcmp/s  rxmcst/s   %ifutil
06:34:17 AM        lo      0.00      0.00      0.00      0.00      0.00      0.00      0.00      0.00
06:34:17 AM      eth0      0.00      0.00      0.00      0.00      0.00      0.00      0.00      0.00
06:34:17 AM   docker0      0.00      0.00      0.00      0.00      0.00      0.00      0.00      0.00
06:34:17 AM vethe4123a0      0.00      0.00      0.00      0.00      0.00      0.00      0.00      0.00

06:34:17 AM     CPU     %user     %nice   %system   %iowait    %steal     %idle
06:34:18 AM     all      0.25      0.00      0.00      0.00      0.00     99.75

06:34:17 AM kbmemfree   kbavail kbmemused  %memused kbbuffers  kbcached  kbcommit   %commit  kbactive   kbinact   kbdirty
06:34:18 AM   3147392   5675992   1869920     23.58     85232   2617248   5521960     69.62   1960712   2512128        20

06:34:17 AM     IFACE   rxpck/s   txpck/s    rxkB/s    txkB/s   rxcmp/s   txcmp/s  rxmcst/s   %ifutil
06:34:18 AM        lo      0.00      0.00      0.00      0.00      0.00      0.00      0.00      0.00
06:34:18 AM      eth0      1.00      1.00      0.06      0.05      0.00      0.00      0.00      0.00
06:34:18 AM   docker0      0.00      0.00      0.00      0.00      0.00      0.00      0.00      0.00
06:34:18 AM vethe4123a0      0.00      0.00      0.00      0.00      0.00      0.00      0.00      0.00

06:34:18 AM     CPU     %user     %nice   %system   %iowait    %steal     %idle
06:34:19 AM     all      0.00      0.00      0.00      0.00      0.00    100.00

06:34:18 AM kbmemfree   kbavail kbmemused  %memused kbbuffers  kbcached  kbcommit   %commit  kbactive   kbinact   kbdirty
06:34:19 AM   3147392   5675992   1869920     23.58     85232   2617248   5521960     69.62   1960712   2512128        20

06:34:18 AM     IFACE   rxpck/s   txpck/s    rxkB/s    txkB/s   rxcmp/s   txcmp/s  rxmcst/s   %ifutil
06:34:19 AM        lo      0.00      0.00      0.00      0.00      0.00      0.00      0.00      0.00
06:34:19 AM      eth0      0.00      0.00      0.00      0.00      0.00      0.00      0.00      0.00
06:34:19 AM   docker0      0.00      0.00      0.00      0.00      0.00      0.00      0.00      0.00
06:34:19 AM vethe4123a0      0.00      0.00      0.00      0.00      0.00      0.00      0.00      0.00

06:34:19 AM     CPU     %user     %nice   %system   %iowait    %steal     %idle
06:34:20 AM     all      0.00      0.00      0.50      0.00      0.00     99.50

06:34:19 AM kbmemfree   kbavail kbmemused  %memused kbbuffers  kbcached  kbcommit   %commit  kbactive   kbinact   kbdirty
06:34:20 AM   3147392   5675992   1869916     23.58     85232   2617252   5521960     69.62   1960712   2512128        24

06:34:19 AM     IFACE   rxpck/s   txpck/s    rxkB/s    txkB/s   rxcmp/s   txcmp/s  rxmcst/s   %ifutil
06:34:20 AM        lo      0.00      0.00      0.00      0.00      0.00      0.00      0.00      0.00
06:34:20 AM      eth0      0.00      0.00      0.00      0.00      0.00      0.00      0.00      0.00
06:34:20 AM   docker0      0.00      0.00      0.00      0.00      0.00      0.00      0.00      0.00
06:34:20 AM vethe4123a0      0.00      0.00      0.00      0.00      0.00      0.00      0.00      0.00

06:34:20 AM     CPU     %user     %nice   %system   %iowait    %steal     %idle
06:34:21 AM     all      0.25      0.00      0.00      0.00      0.00     99.75

06:34:20 AM kbmemfree   kbavail kbmemused  %memused kbbuffers  kbcached  kbcommit   %commit  kbactive   kbinact   kbdirty
06:34:21 AM   3147392   5675992   1869916     23.58     85232   2617252   5521960     69.62   1960712   2512128        32

06:34:20 AM     IFACE   rxpck/s   txpck/s    rxkB/s    txkB/s   rxcmp/s   txcmp/s  rxmcst/s   %ifutil
06:34:21 AM        lo      0.00      0.00      0.00      0.00      0.00      0.00      0.00      0.00
06:34:21 AM      eth0     50.00     50.00      3.22      3.22      0.00      0.00      0.00      0.00
06:34:21 AM   docker0      0.00      0.00      0.00      0.00      0.00      0.00      0.00      0.00
06:34:21 AM vethe4123a0      0.00      0.00      0.00      0.00      0.00      0.00      0.00      0.00

06:34:21 AM     CPU     %user     %nice   %system   %iowait    %steal     %idle
06:34:22 AM     all      0.25      0.00      0.25      0.00      0.00     99.50

06:34:21 AM kbmemfree   kbavail kbmemused  %memused kbbuffers  kbcached  kbcommit   %commit  kbactive   kbinact   kbdirty
06:34:22 AM   3145404   5674004   1871904     23.60     85232   2617252   5524940     69.66   1961976   2512128        32

06:34:21 AM     IFACE   rxpck/s   txpck/s    rxkB/s    txkB/s   rxcmp/s   txcmp/s  rxmcst/s   %ifutil
06:34:22 AM        lo      0.00      0.00      0.00      0.00      0.00      0.00      0.00      0.00
06:34:22 AM      eth0      8.00      8.00      1.69      2.22      0.00      0.00      0.00      0.00
06:34:22 AM   docker0      0.00      0.00      0.00      0.00      0.00      0.00      0.00      0.00
06:34:22 AM vethe4123a0      0.00      0.00      0.00      0.00      0.00      0.00      0.00      0.00

06:34:22 AM     CPU     %user     %nice   %system   %iowait    %steal     %idle
06:34:23 AM     all      0.50      0.00      0.25      0.00      0.00     99.25

06:34:22 AM kbmemfree   kbavail kbmemused  %memused kbbuffers  kbcached  kbcommit   %commit  kbactive   kbinact   kbdirty
06:34:23 AM   3145152   5673764   1872140     23.60     85232   2617252   5525412     69.66   1962408   2512136       212

06:34:22 AM     IFACE   rxpck/s   txpck/s    rxkB/s    txkB/s   rxcmp/s   txcmp/s  rxmcst/s   %ifutil
06:34:23 AM        lo      0.00      0.00      0.00      0.00      0.00      0.00      0.00      0.00
06:34:23 AM      eth0      5.00      4.00      0.54      0.36      0.00      0.00      0.00      0.00
06:34:23 AM   docker0      0.00      0.00      0.00      0.00      0.00      0.00      0.00      0.00
06:34:23 AM vethe4123a0      0.00      0.00      0.00      0.00      0.00      0.00      0.00      0.00

06:34:23 AM     CPU     %user     %nice   %system   %iowait    %steal     %idle
06:34:24 AM     all      0.00      0.00      0.00      0.00      0.00    100.00

06:34:23 AM kbmemfree   kbavail kbmemused  %memused kbbuffers  kbcached  kbcommit   %commit  kbactive   kbinact   kbdirty
06:34:24 AM   3145152   5673764   1872140     23.60     85232   2617252   5525412     69.66   1962408   2512136       212

06:34:23 AM     IFACE   rxpck/s   txpck/s    rxkB/s    txkB/s   rxcmp/s   txcmp/s  rxmcst/s   %ifutil
06:34:24 AM        lo      0.00      0.00      0.00      0.00      0.00      0.00      0.00      0.00
06:34:24 AM      eth0      0.00      0.00      0.00      0.00      0.00      0.00      0.00      0.00
06:34:24 AM   docker0      0.00      0.00      0.00      0.00      0.00      0.00      0.00      0.00
06:34:24 AM vethe4123a0      0.00      0.00      0.00      0.00      0.00      0.00      0.00      0.00

06:34:24 AM     CPU     %user     %nice   %system   %iowait    %steal     %idle
06:34:25 AM     all      0.00      0.00      0.25      0.00      0.00     99.75

06:34:24 AM kbmemfree   kbavail kbmemused  %memused kbbuffers  kbcached  kbcommit   %commit  kbactive   kbinact   kbdirty
06:34:25 AM   3145152   5673764   1872140     23.60     85232   2617252   5525412     69.66   1962408   2512136       212

06:34:24 AM     IFACE   rxpck/s   txpck/s    rxkB/s    txkB/s   rxcmp/s   txcmp/s  rxmcst/s   %ifutil
06:34:25 AM        lo      0.00      0.00      0.00      0.00      0.00      0.00      0.00      0.00
06:34:25 AM      eth0      0.00      0.00      0.00      0.00      0.00      0.00      0.00      0.00
06:34:25 AM   docker0      0.00      0.00      0.00      0.00      0.00      0.00      0.00      0.00
06:34:25 AM vethe4123a0      0.00      0.00      0.00      0.00      0.00      0.00      0.00      0.00

06:34:25 AM     CPU     %user     %nice   %system   %iowait    %steal     %idle
06:34:26 AM     all      0.00      0.00      0.00      0.00      0.00    100.00

06:34:25 AM kbmemfree   kbavail kbmemused  %memused kbbuffers  kbcached  kbcommit   %commit  kbactive   kbinact   kbdirty
06:34:26 AM   3148620   5677236   1868668     23.56     85232   2617256   5521960     69.62   1960712   2512140       188

06:34:25 AM     IFACE   rxpck/s   txpck/s    rxkB/s    txkB/s   rxcmp/s   txcmp/s  rxmcst/s   %ifutil
06:34:26 AM        lo      0.00      0.00      0.00      0.00      0.00      0.00      0.00      0.00
06:34:26 AM      eth0      3.00      3.00      0.20      0.23      0.00      0.00      0.00      0.00
06:34:26 AM   docker0      0.00      0.00      0.00      0.00      0.00      0.00      0.00      0.00
06:34:26 AM vethe4123a0      0.00      0.00      0.00      0.00      0.00      0.00      0.00      0.00

06:34:26 AM     CPU     %user     %nice   %system   %iowait    %steal     %idle
06:34:27 AM     all      0.25      0.00      0.00      0.00      0.00     99.75

06:34:26 AM kbmemfree   kbavail kbmemused  %memused kbbuffers  kbcached  kbcommit   %commit  kbactive   kbinact   kbdirty
06:34:27 AM   3148620   5677236   1868668     23.56     85232   2617256   5521960     69.62   1960712   2512140       188

06:34:26 AM     IFACE   rxpck/s   txpck/s    rxkB/s    txkB/s   rxcmp/s   txcmp/s  rxmcst/s   %ifutil
06:34:27 AM        lo      0.00      0.00      0.00      0.00      0.00      0.00      0.00      0.00
06:34:27 AM      eth0      0.00      0.00      0.00      0.00      0.00      0.00      0.00      0.00
06:34:27 AM   docker0      0.00      0.00      0.00      0.00      0.00      0.00      0.00      0.00
06:34:27 AM vethe4123a0      0.00      0.00      0.00      0.00      0.00      0.00      0.00      0.00

06:34:27 AM     CPU     %user     %nice   %system   %iowait    %steal     %idle
06:34:28 AM     all      0.25      0.00      0.00      0.00      0.00     99.75

06:34:27 AM kbmemfree   kbavail kbmemused  %memused kbbuffers  kbcached  kbcommit   %commit  kbactive   kbinact   kbdirty
06:34:28 AM   3148620   5677236   1868668     23.56     85232   2617256   5521960     69.62   1960712   2512140       180

06:34:27 AM     IFACE   rxpck/s   txpck/s    rxkB/s    txkB/s   rxcmp/s   txcmp/s  rxmcst/s   %ifutil
06:34:28 AM        lo      0.00      0.00      0.00      0.00      0.00      0.00      0.00      0.00
06:34:28 AM      eth0      0.00      0.00      0.00      0.00      0.00      0.00      0.00      0.00
06:34:28 AM   docker0      0.00      0.00      0.00      0.00      0.00      0.00      0.00      0.00
06:34:28 AM vethe4123a0      0.00      0.00      0.00      0.00      0.00      0.00      0.00      0.00

06:34:28 AM     CPU     %user     %nice   %system   %iowait    %steal     %idle
06:34:29 AM     all      0.00      0.00      0.00      0.00      0.00    100.00

06:34:28 AM kbmemfree   kbavail kbmemused  %memused kbbuffers  kbcached  kbcommit   %commit  kbactive   kbinact   kbdirty
06:34:29 AM   3148368   5676984   1868916     23.56     85232   2617260   5521960     69.62   1960712   2512140       188

06:34:28 AM     IFACE   rxpck/s   txpck/s    rxkB/s    txkB/s   rxcmp/s   txcmp/s  rxmcst/s   %ifutil
06:34:29 AM        lo      0.00      0.00      0.00      0.00      0.00      0.00      0.00      0.00
06:34:29 AM      eth0      0.00      0.00      0.00      0.00      0.00      0.00      0.00      0.00
06:34:29 AM   docker0      0.00      0.00      0.00      0.00      0.00      0.00      0.00      0.00
06:34:29 AM vethe4123a0      0.00      0.00      0.00      0.00      0.00      0.00      0.00      0.00

06:34:29 AM     CPU     %user     %nice   %system   %iowait    %steal     %idle
06:34:30 AM     all      0.25      0.00      0.25      0.00      0.00     99.50

06:34:29 AM kbmemfree   kbavail kbmemused  %memused kbbuffers  kbcached  kbcommit   %commit  kbactive   kbinact   kbdirty
06:34:30 AM   3148368   5676984   1868916     23.56     85232   2617260   5521960     69.62   1960712   2512140        60

06:34:29 AM     IFACE   rxpck/s   txpck/s    rxkB/s    txkB/s   rxcmp/s   txcmp/s  rxmcst/s   %ifutil
06:34:30 AM        lo      0.00      0.00      0.00      0.00      0.00      0.00      0.00      0.00
06:34:30 AM      eth0      2.00      1.00      0.11      0.05      0.00      0.00      0.00      0.00
06:34:30 AM   docker0      0.00      0.00      0.00      0.00      0.00      0.00      0.00      0.00
06:34:30 AM vethe4123a0      0.00      0.00      0.00      0.00      0.00      0.00      0.00      0.00

06:34:30 AM     CPU     %user     %nice   %system   %iowait    %steal     %idle
06:34:31 AM     all      0.00      0.00      0.00      0.00      0.00    100.00

06:34:30 AM kbmemfree   kbavail kbmemused  %memused kbbuffers  kbcached  kbcommit   %commit  kbactive   kbinact   kbdirty
06:34:31 AM   3148368   5676984   1868916     23.56     85232   2617260   5521960     69.62   1960712   2512140        60

06:34:30 AM     IFACE   rxpck/s   txpck/s    rxkB/s    txkB/s   rxcmp/s   txcmp/s  rxmcst/s   %ifutil
06:34:31 AM        lo      0.00      0.00      0.00      0.00      0.00      0.00      0.00      0.00
06:34:31 AM      eth0      0.00      0.00      0.00      0.00      0.00      0.00      0.00      0.00
06:34:31 AM   docker0      0.00      0.00      0.00      0.00      0.00      0.00      0.00      0.00
06:34:31 AM vethe4123a0      0.00      0.00      0.00      0.00      0.00      0.00      0.00      0.00

06:34:31 AM     CPU     %user     %nice   %system   %iowait    %steal     %idle
06:34:32 AM     all      0.00      0.00      0.25      0.00      0.00     99.75

06:34:31 AM kbmemfree   kbavail kbmemused  %memused kbbuffers  kbcached  kbcommit   %commit  kbactive   kbinact   kbdirty
06:34:32 AM   3148368   5676984   1868916     23.56     85232   2617260   5521960     69.62   1960712   2512140        60

06:34:31 AM     IFACE   rxpck/s   txpck/s    rxkB/s    txkB/s   rxcmp/s   txcmp/s  rxmcst/s   %ifutil
06:34:32 AM        lo      0.00      0.00      0.00      0.00      0.00      0.00      0.00      0.00
06:34:32 AM      eth0      0.00      0.00      0.00      0.00      0.00      0.00      0.00      0.00
06:34:32 AM   docker0      0.00      0.00      0.00      0.00      0.00      0.00      0.00      0.00
06:34:32 AM vethe4123a0      0.00      0.00      0.00      0.00      0.00      0.00      0.00      0.00

06:34:32 AM     CPU     %user     %nice   %system   %iowait    %steal     %idle
06:34:33 AM     all      0.00      0.00      0.00      0.00      0.00    100.00

06:34:32 AM kbmemfree   kbavail kbmemused  %memused kbbuffers  kbcached  kbcommit   %commit  kbactive   kbinact   kbdirty
06:34:33 AM   3148368   5676984   1868916     23.56     85232   2617260   5521960     69.62   1960712   2512140        60

06:34:32 AM     IFACE   rxpck/s   txpck/s    rxkB/s    txkB/s   rxcmp/s   txcmp/s  rxmcst/s   %ifutil
06:34:33 AM        lo      0.00      0.00      0.00      0.00      0.00      0.00      0.00      0.00
06:34:33 AM      eth0      0.00      0.00      0.00      0.00      0.00      0.00      0.00      0.00
06:34:33 AM   docker0      0.00      0.00      0.00      0.00      0.00      0.00      0.00      0.00
06:34:33 AM vethe4123a0      0.00      0.00      0.00      0.00      0.00      0.00      0.00      0.00

06:34:33 AM     CPU     %user     %nice   %system   %iowait    %steal     %idle
06:34:34 AM     all      0.25      0.00      0.25      0.00      0.00     99.50

06:34:33 AM kbmemfree   kbavail kbmemused  %memused kbbuffers  kbcached  kbcommit   %commit  kbactive   kbinact   kbdirty
06:34:34 AM   3145880   5674504   1871396     23.59     85232   2617264   5525148     69.66   1962328   2512148       200

06:34:33 AM     IFACE   rxpck/s   txpck/s    rxkB/s    txkB/s   rxcmp/s   txcmp/s  rxmcst/s   %ifutil
06:34:34 AM        lo      0.00      0.00      0.00      0.00      0.00      0.00      0.00      0.00
06:34:34 AM      eth0     10.00     10.00      2.04      2.45      0.00      0.00      0.00      0.00
06:34:34 AM   docker0      0.00      0.00      0.00      0.00      0.00      0.00      0.00      0.00
06:34:34 AM vethe4123a0      0.00      0.00      0.00      0.00      0.00      0.00      0.00      0.00

06:34:34 AM     CPU     %user     %nice   %system   %iowait    %steal     %idle
06:34:35 AM     all      0.00      0.00      0.00      0.00      0.00    100.00

06:34:34 AM kbmemfree   kbavail kbmemused  %memused kbbuffers  kbcached  kbcommit   %commit  kbactive   kbinact   kbdirty
06:34:35 AM   3145880   5674504   1871396     23.59     85232   2617264   5525148     69.66   1962328   2512148       200

06:34:34 AM     IFACE   rxpck/s   txpck/s    rxkB/s    txkB/s   rxcmp/s   txcmp/s  rxmcst/s   %ifutil
06:34:35 AM        lo      0.00      0.00      0.00      0.00      0.00      0.00      0.00      0.00
06:34:35 AM      eth0      0.00      0.00      0.00      0.00      0.00      0.00      0.00      0.00
06:34:35 AM   docker0      0.00      0.00      0.00      0.00      0.00      0.00      0.00      0.00
06:34:35 AM vethe4123a0      0.00      0.00      0.00      0.00      0.00      0.00      0.00      0.00

06:34:35 AM     CPU     %user     %nice   %system   %iowait    %steal     %idle
06:34:36 AM     all      0.25      0.00      0.25      0.00      0.00     99.50

06:34:35 AM kbmemfree   kbavail kbmemused  %memused kbbuffers  kbcached  kbcommit   %commit  kbactive   kbinact   kbdirty
06:34:36 AM   3145880   5674504   1871392     23.59     85232   2617264   5525148     69.66   1962184   2512148       200

06:34:35 AM     IFACE   rxpck/s   txpck/s    rxkB/s    txkB/s   rxcmp/s   txcmp/s  rxmcst/s   %ifutil
06:34:36 AM        lo      0.00      0.00      0.00      0.00      0.00      0.00      0.00      0.00
06:34:36 AM      eth0    216.00    266.00     13.92     17.14      0.00      0.00      0.00      0.00
06:34:36 AM   docker0      0.00      0.00      0.00      0.00      0.00      0.00      0.00      0.00
06:34:36 AM vethe4123a0      0.00      0.00      0.00      0.00      0.00      0.00      0.00      0.00

06:34:36 AM     CPU     %user     %nice   %system   %iowait    %steal     %idle
06:34:37 AM     all      0.00      0.00      0.50      0.00      0.00     99.50

06:34:36 AM kbmemfree   kbavail kbmemused  %memused kbbuffers  kbcached  kbcommit   %commit  kbactive   kbinact   kbdirty
06:34:37 AM   3148652   5677276   1868620     23.56     85232   2617264   5521960     69.62   1960608   2512148       256

06:34:36 AM     IFACE   rxpck/s   txpck/s    rxkB/s    txkB/s   rxcmp/s   txcmp/s  rxmcst/s   %ifutil
06:34:37 AM        lo      0.00      0.00      0.00      0.00      0.00      0.00      0.00      0.00
06:34:37 AM      eth0     36.00     36.00      2.32      2.37      0.00      0.00      0.00      0.00
06:34:37 AM   docker0      0.00      0.00      0.00      0.00      0.00      0.00      0.00      0.00
06:34:37 AM vethe4123a0      0.00      0.00      0.00      0.00      0.00      0.00      0.00      0.00

06:34:37 AM     CPU     %user     %nice   %system   %iowait    %steal     %idle
06:34:38 AM     all      0.00      0.00      0.00      0.00      0.00    100.00

06:34:37 AM kbmemfree   kbavail kbmemused  %memused kbbuffers  kbcached  kbcommit   %commit  kbactive   kbinact   kbdirty
06:34:38 AM   3148400   5677024   1868868     23.56     85232   2617268   5521960     69.62   1960472   2512148       260

06:34:37 AM     IFACE   rxpck/s   txpck/s    rxkB/s    txkB/s   rxcmp/s   txcmp/s  rxmcst/s   %ifutil
06:34:38 AM        lo      0.00      0.00      0.00      0.00      0.00      0.00      0.00      0.00
06:34:38 AM      eth0      2.00      1.00      0.11      0.05      0.00      0.00      0.00      0.00
06:34:38 AM   docker0      0.00      0.00      0.00      0.00      0.00      0.00      0.00      0.00
06:34:38 AM vethe4123a0      0.00      0.00      0.00      0.00      0.00      0.00      0.00      0.00

06:34:38 AM     CPU     %user     %nice   %system   %iowait    %steal     %idle
06:34:39 AM     all      0.25      0.00      0.00      0.50      0.00     99.25

06:34:38 AM kbmemfree   kbavail kbmemused  %memused kbbuffers  kbcached  kbcommit   %commit  kbactive   kbinact   kbdirty
06:34:39 AM   3147896   5676524   1869372     23.57     85232   2617268   5521960     69.62   1960496   2512152        60

06:34:38 AM     IFACE   rxpck/s   txpck/s    rxkB/s    txkB/s   rxcmp/s   txcmp/s  rxmcst/s   %ifutil
06:34:39 AM        lo      0.00      0.00      0.00      0.00      0.00      0.00      0.00      0.00
06:34:39 AM      eth0      2.00      1.00      0.11      0.05      0.00      0.00      0.00      0.00
06:34:39 AM   docker0      0.00      0.00      0.00      0.00      0.00      0.00      0.00      0.00
06:34:39 AM vethe4123a0      0.00      0.00      0.00      0.00      0.00      0.00      0.00      0.00

06:34:39 AM     CPU     %user     %nice   %system   %iowait    %steal     %idle
06:34:40 AM     all      0.25      0.00      0.00      0.00      0.00     99.75

06:34:39 AM kbmemfree   kbavail kbmemused  %memused kbbuffers  kbcached  kbcommit   %commit  kbactive   kbinact   kbdirty
06:34:40 AM   3147896   5676524   1869372     23.57     85232   2617268   5521960     69.62   1960496   2512152        68

06:34:39 AM     IFACE   rxpck/s   txpck/s    rxkB/s    txkB/s   rxcmp/s   txcmp/s  rxmcst/s   %ifutil
06:34:40 AM        lo      0.00      0.00      0.00      0.00      0.00      0.00      0.00      0.00
06:34:40 AM      eth0      0.00      0.00      0.00      0.00      0.00      0.00      0.00      0.00
06:34:40 AM   docker0      0.00      0.00      0.00      0.00      0.00      0.00      0.00      0.00
06:34:40 AM vethe4123a0      0.00      0.00      0.00      0.00      0.00      0.00      0.00      0.00

06:34:40 AM     CPU     %user     %nice   %system   %iowait    %steal     %idle
06:34:41 AM     all      0.00      0.00      0.00      0.25      0.00     99.75

06:34:40 AM kbmemfree   kbavail kbmemused  %memused kbbuffers  kbcached  kbcommit   %commit  kbactive   kbinact   kbdirty
06:34:41 AM   3147896   5676524   1869372     23.57     85232   2617268   5521960     69.62   1960496   2512152        68

06:34:40 AM     IFACE   rxpck/s   txpck/s    rxkB/s    txkB/s   rxcmp/s   txcmp/s  rxmcst/s   %ifutil
06:34:41 AM        lo      0.00      0.00      0.00      0.00      0.00      0.00      0.00      0.00
06:34:41 AM      eth0      0.00      0.00      0.00      0.00      0.00      0.00      0.00      0.00
06:34:41 AM   docker0      0.00      0.00      0.00      0.00      0.00      0.00      0.00      0.00
06:34:41 AM vethe4123a0      0.00      0.00      0.00      0.00      0.00      0.00      0.00      0.00

06:34:41 AM     CPU     %user     %nice   %system   %iowait    %steal     %idle
06:34:42 AM     all      0.00      0.00      0.25      0.00      0.00     99.75

06:34:41 AM kbmemfree   kbavail kbmemused  %memused kbbuffers  kbcached  kbcommit   %commit  kbactive   kbinact   kbdirty
06:34:42 AM   3147896   5676524   1869372     23.57     85232   2617268   5521960     69.62   1960496   2512152        64

06:34:41 AM     IFACE   rxpck/s   txpck/s    rxkB/s    txkB/s   rxcmp/s   txcmp/s  rxmcst/s   %ifutil
06:34:42 AM        lo      0.00      0.00      0.00      0.00      0.00      0.00      0.00      0.00
06:34:42 AM      eth0      0.00      0.00      0.00      0.00      0.00      0.00      0.00      0.00
06:34:42 AM   docker0      0.00      0.00      0.00      0.00      0.00      0.00      0.00      0.00
06:34:42 AM vethe4123a0      0.00      0.00      0.00      0.00      0.00      0.00      0.00      0.00

06:34:42 AM     CPU     %user     %nice   %system   %iowait    %steal     %idle
06:34:43 AM     all      0.00      0.00      0.00      0.00      0.00    100.00

06:34:42 AM kbmemfree   kbavail kbmemused  %memused kbbuffers  kbcached  kbcommit   %commit  kbactive   kbinact   kbdirty
06:34:43 AM   3147896   5676524   1869368     23.57     85232   2617272   5521960     69.62   1960496   2512152        68

06:34:42 AM     IFACE   rxpck/s   txpck/s    rxkB/s    txkB/s   rxcmp/s   txcmp/s  rxmcst/s   %ifutil
06:34:43 AM        lo      0.00      0.00      0.00      0.00      0.00      0.00      0.00      0.00
06:34:43 AM      eth0      2.00      1.00      0.11      0.05      0.00      0.00      0.00      0.00
06:34:43 AM   docker0      0.00      0.00      0.00      0.00      0.00      0.00      0.00      0.00
06:34:43 AM vethe4123a0      0.00      0.00      0.00      0.00      0.00      0.00      0.00      0.00

06:34:43 AM     CPU     %user     %nice   %system   %iowait    %steal     %idle
06:34:44 AM     all      0.00      0.00      0.00      0.00      0.00    100.00

06:34:43 AM kbmemfree   kbavail kbmemused  %memused kbbuffers  kbcached  kbcommit   %commit  kbactive   kbinact   kbdirty
06:34:44 AM   3147896   5676524   1869368     23.57     85232   2617272   5521960     69.62   1960496   2512152        68

06:34:43 AM     IFACE   rxpck/s   txpck/s    rxkB/s    txkB/s   rxcmp/s   txcmp/s  rxmcst/s   %ifutil
06:34:44 AM        lo      0.00      0.00      0.00      0.00      0.00      0.00      0.00      0.00
06:34:44 AM      eth0      0.00      0.00      0.00      0.00      0.00      0.00      0.00      0.00
06:34:44 AM   docker0      0.00      0.00      0.00      0.00      0.00      0.00      0.00      0.00
06:34:44 AM vethe4123a0      0.00      0.00      0.00      0.00      0.00      0.00      0.00      0.00

06:34:44 AM     CPU     %user     %nice   %system   %iowait    %steal     %idle
06:34:45 AM     all      0.50      0.00      0.00      0.00      0.00     99.50

06:34:44 AM kbmemfree   kbavail kbmemused  %memused kbbuffers  kbcached  kbcommit   %commit  kbactive   kbinact   kbdirty
06:34:45 AM   3147896   5676524   1869368     23.57     85232   2617272   5521960     69.62   1960496   2512152        60

06:34:44 AM     IFACE   rxpck/s   txpck/s    rxkB/s    txkB/s   rxcmp/s   txcmp/s  rxmcst/s   %ifutil
06:34:45 AM        lo      0.00      0.00      0.00      0.00      0.00      0.00      0.00      0.00
06:34:45 AM      eth0      0.00      0.00      0.00      0.00      0.00      0.00      0.00      0.00
06:34:45 AM   docker0      0.00      0.00      0.00      0.00      0.00      0.00      0.00      0.00
06:34:45 AM vethe4123a0      0.00      0.00      0.00      0.00      0.00      0.00      0.00      0.00

06:34:45 AM     CPU     %user     %nice   %system   %iowait    %steal     %idle
06:34:46 AM     all      0.25      0.00      0.25      0.00      0.00     99.50

06:34:45 AM kbmemfree   kbavail kbmemused  %memused kbbuffers  kbcached  kbcommit   %commit  kbactive   kbinact   kbdirty
06:34:46 AM   3147896   5676524   1869368     23.57     85232   2617272   5521960     69.62   1960496   2512152        60

06:34:45 AM     IFACE   rxpck/s   txpck/s    rxkB/s    txkB/s   rxcmp/s   txcmp/s  rxmcst/s   %ifutil
06:34:46 AM        lo      0.00      0.00      0.00      0.00      0.00      0.00      0.00      0.00
06:34:46 AM      eth0      1.98      0.99      0.10      0.05      0.00      0.00      0.00      0.00
06:34:46 AM   docker0      0.00      0.00      0.00      0.00      0.00      0.00      0.00      0.00
06:34:46 AM vethe4123a0      0.00      0.00      0.00      0.00      0.00      0.00      0.00      0.00

06:34:46 AM     CPU     %user     %nice   %system   %iowait    %steal     %idle
06:34:47 AM     all      0.00      0.00      0.00      0.00      0.00    100.00

06:34:46 AM kbmemfree   kbavail kbmemused  %memused kbbuffers  kbcached  kbcommit   %commit  kbactive   kbinact   kbdirty
06:34:47 AM   3147896   5676524   1869364     23.57     85232   2617276   5521960     69.62   1960496   2512152        68

06:34:46 AM     IFACE   rxpck/s   txpck/s    rxkB/s    txkB/s   rxcmp/s   txcmp/s  rxmcst/s   %ifutil
06:34:47 AM        lo      0.00      0.00      0.00      0.00      0.00      0.00      0.00      0.00
06:34:47 AM      eth0      0.00      0.00      0.00      0.00      0.00      0.00      0.00      0.00
06:34:47 AM   docker0      0.00      0.00      0.00      0.00      0.00      0.00      0.00      0.00
06:34:47 AM vethe4123a0      0.00      0.00      0.00      0.00      0.00      0.00      0.00      0.00

06:34:47 AM     CPU     %user     %nice   %system   %iowait    %steal     %idle
06:34:48 AM     all      0.00      0.00      0.50      0.00      0.00     99.50

06:34:47 AM kbmemfree   kbavail kbmemused  %memused kbbuffers  kbcached  kbcommit   %commit  kbactive   kbinact   kbdirty
06:34:48 AM   3147896   5676524   1869364     23.57     85232   2617276   5521960     69.62   1960496   2512152        68

06:34:47 AM     IFACE   rxpck/s   txpck/s    rxkB/s    txkB/s   rxcmp/s   txcmp/s  rxmcst/s   %ifutil
06:34:48 AM        lo      0.00      0.00      0.00      0.00      0.00      0.00      0.00      0.00
06:34:48 AM      eth0      0.00      0.00      0.00      0.00      0.00      0.00      0.00      0.00
06:34:48 AM   docker0      0.00      0.00      0.00      0.00      0.00      0.00      0.00      0.00
06:34:48 AM vethe4123a0      0.00      0.00      0.00      0.00      0.00      0.00      0.00      0.00

06:34:48 AM     CPU     %user     %nice   %system   %iowait    %steal     %idle
06:34:49 AM     all      0.25      0.00      0.00      0.00      0.00     99.75

06:34:48 AM kbmemfree   kbavail kbmemused  %memused kbbuffers  kbcached  kbcommit   %commit  kbactive   kbinact   kbdirty
06:34:49 AM   3147896   5676524   1869364     23.57     85232   2617276   5521960     69.62   1960496   2512152        72

06:34:48 AM     IFACE   rxpck/s   txpck/s    rxkB/s    txkB/s   rxcmp/s   txcmp/s  rxmcst/s   %ifutil
06:34:49 AM        lo      0.00      0.00      0.00      0.00      0.00      0.00      0.00      0.00
06:34:49 AM      eth0      1.00      1.00      0.05      0.05      0.00      0.00      0.00      0.00
06:34:49 AM   docker0      0.00      0.00      0.00      0.00      0.00      0.00      0.00      0.00
06:34:49 AM vethe4123a0      0.00      0.00      0.00      0.00      0.00      0.00      0.00      0.00

06:34:49 AM     CPU     %user     %nice   %system   %iowait    %steal     %idle
06:34:50 AM     all      0.00      0.00      0.00      0.00      0.00    100.00

06:34:49 AM kbmemfree   kbavail kbmemused  %memused kbbuffers  kbcached  kbcommit   %commit  kbactive   kbinact   kbdirty
06:34:50 AM   3147896   5676524   1869364     23.57     85232   2617276   5521960     69.62   1960496   2512152        72

06:34:49 AM     IFACE   rxpck/s   txpck/s    rxkB/s    txkB/s   rxcmp/s   txcmp/s  rxmcst/s   %ifutil
06:34:50 AM        lo      0.00      0.00      0.00      0.00      0.00      0.00      0.00      0.00
06:34:50 AM      eth0      1.00      1.00      0.05      0.05      0.00      0.00      0.00      0.00
06:34:50 AM   docker0      0.00      0.00      0.00      0.00      0.00      0.00      0.00      0.00
06:34:50 AM vethe4123a0      0.00      0.00      0.00      0.00      0.00      0.00      0.00      0.00

06:34:50 AM     CPU     %user     %nice   %system   %iowait    %steal     %idle
06:34:51 AM     all      0.00      0.00      0.00      0.00      0.00    100.00

06:34:50 AM kbmemfree   kbavail kbmemused  %memused kbbuffers  kbcached  kbcommit   %commit  kbactive   kbinact   kbdirty
06:34:51 AM   3147896   5676524   1869364     23.57     85232   2617276   5521960     69.62   1960496   2512152        12

06:34:50 AM     IFACE   rxpck/s   txpck/s    rxkB/s    txkB/s   rxcmp/s   txcmp/s  rxmcst/s   %ifutil
06:34:51 AM        lo      0.00      0.00      0.00      0.00      0.00      0.00      0.00      0.00
06:34:51 AM      eth0      1.00      1.00      0.06      0.05      0.00      0.00      0.00      0.00
06:34:51 AM   docker0      0.00      0.00      0.00      0.00      0.00      0.00      0.00      0.00
06:34:51 AM vethe4123a0      0.00      0.00      0.00      0.00      0.00      0.00      0.00      0.00

06:34:51 AM     CPU     %user     %nice   %system   %iowait    %steal     %idle
06:34:52 AM     all      0.00      0.00      0.00      0.00      0.00    100.00

06:34:51 AM kbmemfree   kbavail kbmemused  %memused kbbuffers  kbcached  kbcommit   %commit  kbactive   kbinact   kbdirty
06:34:52 AM   3147896   5676532   1869360     23.57     85232   2617280   5521960     69.62   1960496   2512160        20

06:34:51 AM     IFACE   rxpck/s   txpck/s    rxkB/s    txkB/s   rxcmp/s   txcmp/s  rxmcst/s   %ifutil
06:34:52 AM        lo      0.00      0.00      0.00      0.00      0.00      0.00      0.00      0.00
06:34:52 AM      eth0      0.00      0.00      0.00      0.00      0.00      0.00      0.00      0.00
06:34:52 AM   docker0      0.00      0.00      0.00      0.00      0.00      0.00      0.00      0.00
06:34:52 AM vethe4123a0      0.00      0.00      0.00      0.00      0.00      0.00      0.00      0.00

06:34:52 AM     CPU     %user     %nice   %system   %iowait    %steal     %idle
06:34:53 AM     all      0.25      0.00      0.00      0.00      0.00     99.75

06:34:52 AM kbmemfree   kbavail kbmemused  %memused kbbuffers  kbcached  kbcommit   %commit  kbactive   kbinact   kbdirty
06:34:53 AM   3147896   5676532   1869360     23.57     85232   2617280   5521960     69.62   1960496   2512160        20

06:34:52 AM     IFACE   rxpck/s   txpck/s    rxkB/s    txkB/s   rxcmp/s   txcmp/s  rxmcst/s   %ifutil
06:34:53 AM        lo      0.00      0.00      0.00      0.00      0.00      0.00      0.00      0.00
06:34:53 AM      eth0      0.00      0.00      0.00      0.00      0.00      0.00      0.00      0.00
06:34:53 AM   docker0      0.00      0.00      0.00      0.00      0.00      0.00      0.00      0.00
06:34:53 AM vethe4123a0      0.00      0.00      0.00      0.00      0.00      0.00      0.00      0.00

06:34:53 AM     CPU     %user     %nice   %system   %iowait    %steal     %idle
06:34:54 AM     all      0.00      0.00      0.00      0.00      0.00    100.00

06:34:53 AM kbmemfree   kbavail kbmemused  %memused kbbuffers  kbcached  kbcommit   %commit  kbactive   kbinact   kbdirty
06:34:54 AM   3147896   5676532   1869360     23.57     85232   2617280   5521960     69.62   1960496   2512160        20

06:34:53 AM     IFACE   rxpck/s   txpck/s    rxkB/s    txkB/s   rxcmp/s   txcmp/s  rxmcst/s   %ifutil
06:34:54 AM        lo      0.00      0.00      0.00      0.00      0.00      0.00      0.00      0.00
06:34:54 AM      eth0      0.00      0.00      0.00      0.00      0.00      0.00      0.00      0.00
06:34:54 AM   docker0      0.00      0.00      0.00      0.00      0.00      0.00      0.00      0.00
06:34:54 AM vethe4123a0      0.00      0.00      0.00      0.00      0.00      0.00      0.00      0.00

06:34:54 AM     CPU     %user     %nice   %system   %iowait    %steal     %idle
06:34:55 AM     all      0.00      0.00      0.00      0.00      0.00    100.00

06:34:54 AM kbmemfree   kbavail kbmemused  %memused kbbuffers  kbcached  kbcommit   %commit  kbactive   kbinact   kbdirty
06:34:55 AM   3147896   5676532   1869360     23.57     85232   2617280   5521960     69.62   1960496   2512160        20

06:34:54 AM     IFACE   rxpck/s   txpck/s    rxkB/s    txkB/s   rxcmp/s   txcmp/s  rxmcst/s   %ifutil
06:34:55 AM        lo      0.00      0.00      0.00      0.00      0.00      0.00      0.00      0.00
06:34:55 AM      eth0      0.00      0.00      0.00      0.00      0.00      0.00      0.00      0.00
06:34:55 AM   docker0      0.00      0.00      0.00      0.00      0.00      0.00      0.00      0.00
06:34:55 AM vethe4123a0      0.00      0.00      0.00      0.00      0.00      0.00      0.00      0.00

06:34:55 AM     CPU     %user     %nice   %system   %iowait    %steal     %idle
06:34:56 AM     all      0.00      0.00      0.00      0.00      0.00    100.00

06:34:55 AM kbmemfree   kbavail kbmemused  %memused kbbuffers  kbcached  kbcommit   %commit  kbactive   kbinact   kbdirty
06:34:56 AM   3147896   5676532   1869356     23.57     85232   2617284   5521960     69.62   1960496   2512160        44

06:34:55 AM     IFACE   rxpck/s   txpck/s    rxkB/s    txkB/s   rxcmp/s   txcmp/s  rxmcst/s   %ifutil
06:34:56 AM        lo      0.00      0.00      0.00      0.00      0.00      0.00      0.00      0.00
06:34:56 AM      eth0      0.00      0.00      0.00      0.00      0.00      0.00      0.00      0.00
06:34:56 AM   docker0      0.00      0.00      0.00      0.00      0.00      0.00      0.00      0.00
06:34:56 AM vethe4123a0      0.00      0.00      0.00      0.00      0.00      0.00      0.00      0.00

06:34:56 AM     CPU     %user     %nice   %system   %iowait    %steal     %idle
06:34:57 AM     all      0.00      0.00      0.00      0.00      0.00    100.00

06:34:56 AM kbmemfree   kbavail kbmemused  %memused kbbuffers  kbcached  kbcommit   %commit  kbactive   kbinact   kbdirty
06:34:57 AM   3147896   5676532   1869356     23.57     85232   2617284   5521960     69.62   1960496   2512160        32

06:34:56 AM     IFACE   rxpck/s   txpck/s    rxkB/s    txkB/s   rxcmp/s   txcmp/s  rxmcst/s   %ifutil
06:34:57 AM        lo      0.00      0.00      0.00      0.00      0.00      0.00      0.00      0.00
06:34:57 AM      eth0      0.00      0.00      0.00      0.00      0.00      0.00      0.00      0.00
06:34:57 AM   docker0      0.00      0.00      0.00      0.00      0.00      0.00      0.00      0.00
06:34:57 AM vethe4123a0      0.00      0.00      0.00      0.00      0.00      0.00      0.00      0.00

06:34:57 AM     CPU     %user     %nice   %system   %iowait    %steal     %idle
06:34:58 AM     all      0.00      0.00      0.00      0.00      0.00    100.00

06:34:57 AM kbmemfree   kbavail kbmemused  %memused kbbuffers  kbcached  kbcommit   %commit  kbactive   kbinact   kbdirty
06:34:58 AM   3147896   5676532   1869356     23.57     85232   2617284   5521960     69.62   1960496   2512160        36

06:34:57 AM     IFACE   rxpck/s   txpck/s    rxkB/s    txkB/s   rxcmp/s   txcmp/s  rxmcst/s   %ifutil
06:34:58 AM        lo      0.00      0.00      0.00      0.00      0.00      0.00      0.00      0.00
06:34:58 AM      eth0      0.00      0.00      0.00      0.00      0.00      0.00      0.00      0.00
06:34:58 AM   docker0      0.00      0.00      0.00      0.00      0.00      0.00      0.00      0.00
06:34:58 AM vethe4123a0      0.00      0.00      0.00      0.00      0.00      0.00      0.00      0.00

06:34:58 AM     CPU     %user     %nice   %system   %iowait    %steal     %idle
06:34:59 AM     all      0.00      0.00      0.25      0.00      0.00     99.75

06:34:58 AM kbmemfree   kbavail kbmemused  %memused kbbuffers  kbcached  kbcommit   %commit  kbactive   kbinact   kbdirty
06:34:59 AM   3147896   5676532   1869356     23.57     85232   2617284   5521960     69.62   1960496   2512160        36

06:34:58 AM     IFACE   rxpck/s   txpck/s    rxkB/s    txkB/s   rxcmp/s   txcmp/s  rxmcst/s   %ifutil
06:34:59 AM        lo      0.00      0.00      0.00      0.00      0.00      0.00      0.00      0.00
06:34:59 AM      eth0      0.00      0.00      0.00      0.00      0.00      0.00      0.00      0.00
06:34:59 AM   docker0      0.00      0.00      0.00      0.00      0.00      0.00      0.00      0.00
06:34:59 AM vethe4123a0      0.00      0.00      0.00      0.00      0.00      0.00      0.00      0.00

06:34:59 AM     CPU     %user     %nice   %system   %iowait    %steal     %idle
06:35:00 AM     all      0.25      0.00      0.25      0.00      0.00     99.50

06:34:59 AM kbmemfree   kbavail kbmemused  %memused kbbuffers  kbcached  kbcommit   %commit  kbactive   kbinact   kbdirty
06:35:00 AM   3147896   5676540   1869352     23.57     85232   2617288   5521960     69.62   1960496   2512168        40

06:34:59 AM     IFACE   rxpck/s   txpck/s    rxkB/s    txkB/s   rxcmp/s   txcmp/s  rxmcst/s   %ifutil
06:35:00 AM        lo      0.00      0.00      0.00      0.00      0.00      0.00      0.00      0.00
06:35:00 AM      eth0      1.00      1.00      0.05      0.05      0.00      0.00      0.00      0.00
06:35:00 AM   docker0      0.00      0.00      0.00      0.00      0.00      0.00      0.00      0.00
06:35:00 AM vethe4123a0      0.00      0.00      0.00      0.00      0.00      0.00      0.00      0.00

06:35:00 AM     CPU     %user     %nice   %system   %iowait    %steal     %idle
06:35:01 AM     all      0.00      0.00      0.25      0.00      0.00     99.75

06:35:00 AM kbmemfree   kbavail kbmemused  %memused kbbuffers  kbcached  kbcommit   %commit  kbactive   kbinact   kbdirty
06:35:01 AM   3147396   5676044   1869852     23.57     85232   2617288   5521960     69.62   1960516   2512172       212

06:35:00 AM     IFACE   rxpck/s   txpck/s    rxkB/s    txkB/s   rxcmp/s   txcmp/s  rxmcst/s   %ifutil
06:35:01 AM        lo      0.00      0.00      0.00      0.00      0.00      0.00      0.00      0.00
06:35:01 AM      eth0      1.00      1.00      0.05      0.05      0.00      0.00      0.00      0.00
06:35:01 AM   docker0      0.00      0.00      0.00      0.00      0.00      0.00      0.00      0.00
06:35:01 AM vethe4123a0      0.00      0.00      0.00      0.00      0.00      0.00      0.00      0.00

06:35:01 AM     CPU     %user     %nice   %system   %iowait    %steal     %idle
06:35:02 AM     all      0.25      0.00      0.50      0.00      0.00     99.25

06:35:01 AM kbmemfree   kbavail kbmemused  %memused kbbuffers  kbcached  kbcommit   %commit  kbactive   kbinact   kbdirty
06:35:02 AM   3147396   5676044   1869852     23.57     85232   2617288   5521960     69.62   1960496   2512172       220

06:35:01 AM     IFACE   rxpck/s   txpck/s    rxkB/s    txkB/s   rxcmp/s   txcmp/s  rxmcst/s   %ifutil
06:35:02 AM        lo      0.00      0.00      0.00      0.00      0.00      0.00      0.00      0.00
06:35:02 AM      eth0      0.00      0.00      0.00      0.00      0.00      0.00      0.00      0.00
06:35:02 AM   docker0      0.00      0.00      0.00      0.00      0.00      0.00      0.00      0.00
06:35:02 AM vethe4123a0      0.00      0.00      0.00      0.00      0.00      0.00      0.00      0.00

06:35:02 AM     CPU     %user     %nice   %system   %iowait    %steal     %idle
06:35:03 AM     all      0.00      0.00      0.00      0.00      0.00    100.00

06:35:02 AM kbmemfree   kbavail kbmemused  %memused kbbuffers  kbcached  kbcommit   %commit  kbactive   kbinact   kbdirty
06:35:03 AM   3147396   5676044   1869852     23.57     85232   2617288   5521960     69.62   1960496   2512172       212

06:35:02 AM     IFACE   rxpck/s   txpck/s    rxkB/s    txkB/s   rxcmp/s   txcmp/s  rxmcst/s   %ifutil
06:35:03 AM        lo      0.00      0.00      0.00      0.00      0.00      0.00      0.00      0.00
06:35:03 AM      eth0      0.00      0.00      0.00      0.00      0.00      0.00      0.00      0.00
06:35:03 AM   docker0      0.00      0.00      0.00      0.00      0.00      0.00      0.00      0.00
06:35:03 AM vethe4123a0      0.00      0.00      0.00      0.00      0.00      0.00      0.00      0.00

06:35:03 AM     CPU     %user     %nice   %system   %iowait    %steal     %idle
06:35:04 AM     all      0.00      0.00      0.00      0.00      0.00    100.00

06:35:03 AM kbmemfree   kbavail kbmemused  %memused kbbuffers  kbcached  kbcommit   %commit  kbactive   kbinact   kbdirty
06:35:04 AM   3147396   5676044   1869852     23.57     85232   2617288   5521960     69.62   1960496   2512172       212

06:35:03 AM     IFACE   rxpck/s   txpck/s    rxkB/s    txkB/s   rxcmp/s   txcmp/s  rxmcst/s   %ifutil
06:35:04 AM        lo      0.00      0.00      0.00      0.00      0.00      0.00      0.00      0.00
06:35:04 AM      eth0      1.00      1.00      0.11      0.13      0.00      0.00      0.00      0.00
06:35:04 AM   docker0      0.00      0.00      0.00      0.00      0.00      0.00      0.00      0.00
06:35:04 AM vethe4123a0      0.00      0.00      0.00      0.00      0.00      0.00      0.00      0.00

06:35:04 AM     CPU     %user     %nice   %system   %iowait    %steal     %idle
06:35:05 AM     all      0.00      0.00      0.00      0.00      0.00    100.00

06:35:04 AM kbmemfree   kbavail kbmemused  %memused kbbuffers  kbcached  kbcommit   %commit  kbactive   kbinact   kbdirty
06:35:05 AM   3147396   5676044   1869848     23.57     85232   2617292   5521960     69.62   1960496   2512172       244

06:35:04 AM     IFACE   rxpck/s   txpck/s    rxkB/s    txkB/s   rxcmp/s   txcmp/s  rxmcst/s   %ifutil
06:35:05 AM        lo      0.00      0.00      0.00      0.00      0.00      0.00      0.00      0.00
06:35:05 AM      eth0      0.00      0.00      0.00      0.00      0.00      0.00      0.00      0.00
06:35:05 AM   docker0      0.00      0.00      0.00      0.00      0.00      0.00      0.00      0.00
06:35:05 AM vethe4123a0      0.00      0.00      0.00      0.00      0.00      0.00      0.00      0.00

06:35:05 AM     CPU     %user     %nice   %system   %iowait    %steal     %idle
06:35:06 AM     all      0.00      0.00      0.00      0.00      0.00    100.00

06:35:05 AM kbmemfree   kbavail kbmemused  %memused kbbuffers  kbcached  kbcommit   %commit  kbactive   kbinact   kbdirty
06:35:06 AM   3147396   5676044   1869848     23.57     85232   2617292   5521960     69.62   1960496   2512172        64

06:35:05 AM     IFACE   rxpck/s   txpck/s    rxkB/s    txkB/s   rxcmp/s   txcmp/s  rxmcst/s   %ifutil
06:35:06 AM        lo      0.00      0.00      0.00      0.00      0.00      0.00      0.00      0.00
06:35:06 AM      eth0     62.00     62.00      3.97      3.97      0.00      0.00      0.00      0.00
06:35:06 AM   docker0      0.00      0.00      0.00      0.00      0.00      0.00      0.00      0.00
06:35:06 AM vethe4123a0      0.00      0.00      0.00      0.00      0.00      0.00      0.00      0.00

06:35:06 AM     CPU     %user     %nice   %system   %iowait    %steal     %idle
06:35:07 AM     all      0.25      0.00      0.00      0.00      0.00     99.75

06:35:06 AM kbmemfree   kbavail kbmemused  %memused kbbuffers  kbcached  kbcommit   %commit  kbactive   kbinact   kbdirty
06:35:07 AM   3147396   5676044   1869844     23.57     85232   2617292   5521960     69.62   1960496   2512172        64

06:35:06 AM     IFACE   rxpck/s   txpck/s    rxkB/s    txkB/s   rxcmp/s   txcmp/s  rxmcst/s   %ifutil
06:35:07 AM        lo      0.00      0.00      0.00      0.00      0.00      0.00      0.00      0.00
06:35:07 AM      eth0    139.00    139.00      8.96      8.96      0.00      0.00      0.00      0.00
06:35:07 AM   docker0      0.00      0.00      0.00      0.00      0.00      0.00      0.00      0.00
06:35:07 AM vethe4123a0      0.00      0.00      0.00      0.00      0.00      0.00      0.00      0.00

06:35:07 AM     CPU     %user     %nice   %system   %iowait    %steal     %idle
06:35:08 AM     all      0.00      0.00      0.00      0.00      0.00    100.00

06:35:07 AM kbmemfree   kbavail kbmemused  %memused kbbuffers  kbcached  kbcommit   %commit  kbactive   kbinact   kbdirty
06:35:08 AM   3147396   5676044   1869848     23.57     85232   2617292   5521960     69.62   1960496   2512172        64

06:35:07 AM     IFACE   rxpck/s   txpck/s    rxkB/s    txkB/s   rxcmp/s   txcmp/s  rxmcst/s   %ifutil
06:35:08 AM        lo      0.00      0.00      0.00      0.00      0.00      0.00      0.00      0.00
06:35:08 AM      eth0      3.00      2.00      0.19      0.12      0.00      0.00      0.00      0.00
06:35:08 AM   docker0      0.00      0.00      0.00      0.00      0.00      0.00      0.00      0.00
06:35:08 AM vethe4123a0      0.00      0.00      0.00      0.00      0.00      0.00      0.00      0.00

06:35:08 AM     CPU     %user     %nice   %system   %iowait    %steal     %idle
06:35:09 AM     all      0.25      0.00      0.25      0.00      0.00     99.49

06:35:08 AM kbmemfree   kbavail kbmemused  %memused kbbuffers  kbcached  kbcommit   %commit  kbactive   kbinact   kbdirty
06:35:09 AM   3146388   5675036   1870852     23.59     85232   2617296   5525412     69.66   1962044   2512172        68

06:35:08 AM     IFACE   rxpck/s   txpck/s    rxkB/s    txkB/s   rxcmp/s   txcmp/s  rxmcst/s   %ifutil
06:35:09 AM        lo      0.00      0.00      0.00      0.00      0.00      0.00      0.00      0.00
06:35:09 AM      eth0      9.00     10.00      1.79      2.44      0.00      0.00      0.00      0.00
06:35:09 AM   docker0      0.00      0.00      0.00      0.00      0.00      0.00      0.00      0.00
06:35:09 AM vethe4123a0      0.00      0.00      0.00      0.00      0.00      0.00      0.00      0.00

06:35:09 AM     CPU     %user     %nice   %system   %iowait    %steal     %idle
06:35:10 AM     all      0.25      0.00      0.25      0.00      0.00     99.50

06:35:09 AM kbmemfree   kbavail kbmemused  %memused kbbuffers  kbcached  kbcommit   %commit  kbactive   kbinact   kbdirty
06:35:10 AM   3146388   5675036   1870840     23.59     85232   2617296   5525412     69.66   1962196   2512172       232

06:35:09 AM     IFACE   rxpck/s   txpck/s    rxkB/s    txkB/s   rxcmp/s   txcmp/s  rxmcst/s   %ifutil
06:35:10 AM        lo      0.00      0.00      0.00      0.00      0.00      0.00      0.00      0.00
06:35:10 AM      eth0      2.00      1.00      0.11      0.05      0.00      0.00      0.00      0.00
06:35:10 AM   docker0      0.00      0.00      0.00      0.00      0.00      0.00      0.00      0.00
06:35:10 AM vethe4123a0      0.00      0.00      0.00      0.00      0.00      0.00      0.00      0.00

06:35:10 AM     CPU     %user     %nice   %system   %iowait    %steal     %idle
06:35:11 AM     all      0.00      0.00      0.00      0.00      0.00    100.00

06:35:10 AM kbmemfree   kbavail kbmemused  %memused kbbuffers  kbcached  kbcommit   %commit  kbactive   kbinact   kbdirty
06:35:11 AM   3146388   5675036   1870840     23.59     85232   2617296   5525412     69.66   1962196   2512172       232

06:35:10 AM     IFACE   rxpck/s   txpck/s    rxkB/s    txkB/s   rxcmp/s   txcmp/s  rxmcst/s   %ifutil
06:35:11 AM        lo      0.00      0.00      0.00      0.00      0.00      0.00      0.00      0.00
06:35:11 AM      eth0      0.00      0.00      0.00      0.00      0.00      0.00      0.00      0.00
06:35:11 AM   docker0      0.00      0.00      0.00      0.00      0.00      0.00      0.00      0.00
06:35:11 AM vethe4123a0      0.00      0.00      0.00      0.00      0.00      0.00      0.00      0.00

06:35:11 AM     CPU     %user     %nice   %system   %iowait    %steal     %idle
06:35:12 AM     all      0.00      0.00      0.00      0.00      0.00    100.00

06:35:11 AM kbmemfree   kbavail kbmemused  %memused kbbuffers  kbcached  kbcommit   %commit  kbactive   kbinact   kbdirty
06:35:12 AM   3146388   5675036   1870840     23.59     85232   2617296   5525412     69.66   1962196   2512172       244

06:35:11 AM     IFACE   rxpck/s   txpck/s    rxkB/s    txkB/s   rxcmp/s   txcmp/s  rxmcst/s   %ifutil
06:35:12 AM        lo      0.00      0.00      0.00      0.00      0.00      0.00      0.00      0.00
06:35:12 AM      eth0      1.00      1.00      0.05      0.05      0.00      0.00      0.00      0.00
06:35:12 AM   docker0      0.00      0.00      0.00      0.00      0.00      0.00      0.00      0.00
06:35:12 AM vethe4123a0      0.00      0.00      0.00      0.00      0.00      0.00      0.00      0.00

06:35:12 AM     CPU     %user     %nice   %system   %iowait    %steal     %idle
06:35:13 AM     all      0.25      0.00      0.00      0.00      0.00     99.75

06:35:12 AM kbmemfree   kbavail kbmemused  %memused kbbuffers  kbcached  kbcommit   %commit  kbactive   kbinact   kbdirty
06:35:13 AM   3151044   5679692   1866184     23.53     85232   2617296   5521960     69.62   1960648   2512172       244

06:35:12 AM     IFACE   rxpck/s   txpck/s    rxkB/s    txkB/s   rxcmp/s   txcmp/s  rxmcst/s   %ifutil
06:35:13 AM        lo      0.00      0.00      0.00      0.00      0.00      0.00      0.00      0.00
06:35:13 AM      eth0      3.00      3.00      0.18      0.26      0.00      0.00      0.00      0.00
06:35:13 AM   docker0      0.00      0.00      0.00      0.00      0.00      0.00      0.00      0.00
06:35:13 AM vethe4123a0      0.00      0.00      0.00      0.00      0.00      0.00      0.00      0.00

06:35:13 AM     CPU     %user     %nice   %system   %iowait    %steal     %idle
06:35:14 AM     all      0.00      0.00      0.00      0.00      0.00    100.00

06:35:13 AM kbmemfree   kbavail kbmemused  %memused kbbuffers  kbcached  kbcommit   %commit  kbactive   kbinact   kbdirty
06:35:14 AM   3151192   5679840   1866032     23.53     85232   2617300   5521960     69.62   1960496   2512172       260

06:35:13 AM     IFACE   rxpck/s   txpck/s    rxkB/s    txkB/s   rxcmp/s   txcmp/s  rxmcst/s   %ifutil
06:35:14 AM        lo      0.00      0.00      0.00      0.00      0.00      0.00      0.00      0.00
06:35:14 AM      eth0      0.00      0.00      0.00      0.00      0.00      0.00      0.00      0.00
06:35:14 AM   docker0      0.00      0.00      0.00      0.00      0.00      0.00      0.00      0.00
06:35:14 AM vethe4123a0      0.00      0.00      0.00      0.00      0.00      0.00      0.00      0.00

06:35:14 AM     CPU     %user     %nice   %system   %iowait    %steal     %idle
06:35:15 AM     all      0.00      0.00      0.25      0.25      0.00     99.50

06:35:14 AM kbmemfree   kbavail kbmemused  %memused kbbuffers  kbcached  kbcommit   %commit  kbactive   kbinact   kbdirty
06:35:15 AM   3151192   5679840   1866032     23.53     85232   2617300   5521960     69.62   1960496   2512172       244

06:35:14 AM     IFACE   rxpck/s   txpck/s    rxkB/s    txkB/s   rxcmp/s   txcmp/s  rxmcst/s   %ifutil
06:35:15 AM        lo      0.00      0.00      0.00      0.00      0.00      0.00      0.00      0.00
06:35:15 AM      eth0      0.00      0.00      0.00      0.00      0.00      0.00      0.00      0.00
06:35:15 AM   docker0      0.00      0.00      0.00      0.00      0.00      0.00      0.00      0.00
06:35:15 AM vethe4123a0      0.00      0.00      0.00      0.00      0.00      0.00      0.00      0.00

06:35:15 AM     CPU     %user     %nice   %system   %iowait    %steal     %idle
06:35:16 AM     all      0.00      0.00      0.50      0.00      0.00     99.50

06:35:15 AM kbmemfree   kbavail kbmemused  %memused kbbuffers  kbcached  kbcommit   %commit  kbactive   kbinact   kbdirty
06:35:16 AM   3151192   5679840   1866032     23.53     85232   2617300   5521960     69.62   1960496   2512172       248

06:35:15 AM     IFACE   rxpck/s   txpck/s    rxkB/s    txkB/s   rxcmp/s   txcmp/s  rxmcst/s   %ifutil
06:35:16 AM        lo      0.00      0.00      0.00      0.00      0.00      0.00      0.00      0.00
06:35:16 AM      eth0      0.00      0.00      0.00      0.00      0.00      0.00      0.00      0.00
06:35:16 AM   docker0      0.00      0.00      0.00      0.00      0.00      0.00      0.00      0.00
06:35:16 AM vethe4123a0      0.00      0.00      0.00      0.00      0.00      0.00      0.00      0.00

06:35:16 AM     CPU     %user     %nice   %system   %iowait    %steal     %idle
06:35:17 AM     all      0.00      0.00      0.00      0.00      0.00    100.00

06:35:16 AM kbmemfree   kbavail kbmemused  %memused kbbuffers  kbcached  kbcommit   %commit  kbactive   kbinact   kbdirty
06:35:17 AM   3151192   5679840   1866032     23.53     85232   2617300   5521960     69.62   1960496   2512172       248

06:35:16 AM     IFACE   rxpck/s   txpck/s    rxkB/s    txkB/s   rxcmp/s   txcmp/s  rxmcst/s   %ifutil
06:35:17 AM        lo      0.00      0.00      0.00      0.00      0.00      0.00      0.00      0.00
06:35:17 AM      eth0      0.00      0.00      0.00      0.00      0.00      0.00      0.00      0.00
06:35:17 AM   docker0      0.00      0.00      0.00      0.00      0.00      0.00      0.00      0.00
06:35:17 AM vethe4123a0      0.00      0.00      0.00      0.00      0.00      0.00      0.00      0.00

06:35:17 AM     CPU     %user     %nice   %system   %iowait    %steal     %idle
06:35:18 AM     all      0.00      0.00      0.00      0.00      0.00    100.00

06:35:17 AM kbmemfree   kbavail kbmemused  %memused kbbuffers  kbcached  kbcommit   %commit  kbactive   kbinact   kbdirty
06:35:18 AM   3151192   5679840   1866028     23.53     85232   2617304   5521960     69.62   1960496   2512172       252

06:35:17 AM     IFACE   rxpck/s   txpck/s    rxkB/s    txkB/s   rxcmp/s   txcmp/s  rxmcst/s   %ifutil
06:35:18 AM        lo      0.00      0.00      0.00      0.00      0.00      0.00      0.00      0.00
06:35:18 AM      eth0      1.00      1.00      0.07      0.07      0.00      0.00      0.00      0.00
06:35:18 AM   docker0      0.00      0.00      0.00      0.00      0.00      0.00      0.00      0.00
06:35:18 AM vethe4123a0      0.00      0.00      0.00      0.00      0.00      0.00      0.00      0.00

06:35:18 AM     CPU     %user     %nice   %system   %iowait    %steal     %idle
06:35:19 AM     all      0.75      0.00      0.25      0.00      0.00     98.99

06:35:18 AM kbmemfree   kbavail kbmemused  %memused kbbuffers  kbcached  kbcommit   %commit  kbactive   kbinact   kbdirty
06:35:19 AM   3147944   5676592   1869276     23.57     85232   2617304   5525412     69.66   1961932   2512172       256

06:35:18 AM     IFACE   rxpck/s   txpck/s    rxkB/s    txkB/s   rxcmp/s   txcmp/s  rxmcst/s   %ifutil
06:35:19 AM        lo      0.00      0.00      0.00      0.00      0.00      0.00      0.00      0.00
06:35:19 AM      eth0     11.00      9.00      2.09      2.38      0.00      0.00      0.00      0.00
06:35:19 AM   docker0      0.00      0.00      0.00      0.00      0.00      0.00      0.00      0.00
06:35:19 AM vethe4123a0      0.00      0.00      0.00      0.00      0.00      0.00      0.00      0.00

06:35:19 AM     CPU     %user     %nice   %system   %iowait    %steal     %idle
06:35:20 AM     all      0.25      0.00      0.00      0.00      0.00     99.75

06:35:19 AM kbmemfree   kbavail kbmemused  %memused kbbuffers  kbcached  kbcommit   %commit  kbactive   kbinact   kbdirty
06:35:20 AM   3147944   5676608   1869272     23.57     85232   2617308   5525412     69.66   1962160   2512188       316

06:35:19 AM     IFACE   rxpck/s   txpck/s    rxkB/s    txkB/s   rxcmp/s   txcmp/s  rxmcst/s   %ifutil
06:35:20 AM        lo      0.00      0.00      0.00      0.00      0.00      0.00      0.00      0.00
06:35:20 AM      eth0      0.00      0.00      0.00      0.00      0.00      0.00      0.00      0.00
06:35:20 AM   docker0      0.00      0.00      0.00      0.00      0.00      0.00      0.00      0.00
06:35:20 AM vethe4123a0      0.00      0.00      0.00      0.00      0.00      0.00      0.00      0.00

06:35:20 AM     CPU     %user     %nice   %system   %iowait    %steal     %idle
06:35:21 AM     all      0.25      0.00      1.25      0.00      0.00     98.50

06:35:20 AM kbmemfree   kbavail kbmemused  %memused kbbuffers  kbcached  kbcommit   %commit  kbactive   kbinact   kbdirty
06:35:21 AM   3146712   5675368   1870900     23.59     85232   2617308   5525412     69.66   1962188   2512188       324

06:35:20 AM     IFACE   rxpck/s   txpck/s    rxkB/s    txkB/s   rxcmp/s   txcmp/s  rxmcst/s   %ifutil
06:35:21 AM        lo      0.00      0.00      0.00      0.00      0.00      0.00      0.00      0.00
06:35:21 AM      eth0    188.00    377.00     12.12     24.30      0.00      0.00      0.00      0.00
06:35:21 AM   docker0      0.00      0.00      0.00      0.00      0.00      0.00      0.00      0.00
06:35:21 AM vethe4123a0      0.00      0.00      0.00      0.00      0.00      0.00      0.00      0.00

06:35:21 AM     CPU     %user     %nice   %system   %iowait    %steal     %idle
06:35:22 AM     all      0.25      0.00      0.25      0.00      0.00     99.50

06:35:21 AM kbmemfree   kbavail kbmemused  %memused kbbuffers  kbcached  kbcommit   %commit  kbactive   kbinact   kbdirty
06:35:22 AM   3146712   5675368   1870872     23.59     85232   2617308   5525412     69.66   1962188   2512188       328

06:35:21 AM     IFACE   rxpck/s   txpck/s    rxkB/s    txkB/s   rxcmp/s   txcmp/s  rxmcst/s   %ifutil
06:35:22 AM        lo      0.00      0.00      0.00      0.00      0.00      0.00      0.00      0.00
06:35:22 AM      eth0     12.00     23.00      0.77      1.48      0.00      0.00      0.00      0.00
06:35:22 AM   docker0      0.00      0.00      0.00      0.00      0.00      0.00      0.00      0.00
06:35:22 AM vethe4123a0      0.00      0.00      0.00      0.00      0.00      0.00      0.00      0.00

06:35:22 AM     CPU     %user     %nice   %system   %iowait    %steal     %idle
06:35:23 AM     all      0.00      0.00      0.00      0.00      0.00    100.00

06:35:22 AM kbmemfree   kbavail kbmemused  %memused kbbuffers  kbcached  kbcommit   %commit  kbactive   kbinact   kbdirty
06:35:23 AM   3149828   5678484   1867764     23.55     85232   2617312   5521960     69.62   1960640   2512188       348

06:35:22 AM     IFACE   rxpck/s   txpck/s    rxkB/s    txkB/s   rxcmp/s   txcmp/s  rxmcst/s   %ifutil
06:35:23 AM        lo      0.00      0.00      0.00      0.00      0.00      0.00      0.00      0.00
06:35:23 AM      eth0      2.00      2.00      0.13      0.18      0.00      0.00      0.00      0.00
06:35:23 AM   docker0      0.00      0.00      0.00      0.00      0.00      0.00      0.00      0.00
06:35:23 AM vethe4123a0      0.00      0.00      0.00      0.00      0.00      0.00      0.00      0.00

06:35:23 AM     CPU     %user     %nice   %system   %iowait    %steal     %idle
06:35:24 AM     all      0.00      0.00      0.00      0.00      0.00    100.00

06:35:23 AM kbmemfree   kbavail kbmemused  %memused kbbuffers  kbcached  kbcommit   %commit  kbactive   kbinact   kbdirty
06:35:24 AM   3149880   5678540   1867712     23.55     85232   2617312   5521960     69.62   1960496   2512192       344

06:35:23 AM     IFACE   rxpck/s   txpck/s    rxkB/s    txkB/s   rxcmp/s   txcmp/s  rxmcst/s   %ifutil
06:35:24 AM        lo      0.00      0.00      0.00      0.00      0.00      0.00      0.00      0.00
06:35:24 AM      eth0      0.00      0.00      0.00      0.00      0.00      0.00      0.00      0.00
06:35:24 AM   docker0      0.00      0.00      0.00      0.00      0.00      0.00      0.00      0.00
06:35:24 AM vethe4123a0      0.00      0.00      0.00      0.00      0.00      0.00      0.00      0.00

06:35:24 AM     CPU     %user     %nice   %system   %iowait    %steal     %idle
06:35:25 AM     all      0.00      0.00      0.00      0.25      0.00     99.75

06:35:24 AM kbmemfree   kbavail kbmemused  %memused kbbuffers  kbcached  kbcommit   %commit  kbactive   kbinact   kbdirty
06:35:25 AM   3149880   5678544   1867712     23.55     85232   2617312   5521960     69.62   1960496   2512196       284

06:35:24 AM     IFACE   rxpck/s   txpck/s    rxkB/s    txkB/s   rxcmp/s   txcmp/s  rxmcst/s   %ifutil
06:35:25 AM        lo      0.00      0.00      0.00      0.00      0.00      0.00      0.00      0.00
06:35:25 AM      eth0      0.00      0.00      0.00      0.00      0.00      0.00      0.00      0.00
06:35:25 AM   docker0      0.00      0.00      0.00      0.00      0.00      0.00      0.00      0.00
06:35:25 AM vethe4123a0      0.00      0.00      0.00      0.00      0.00      0.00      0.00      0.00

06:35:25 AM     CPU     %user     %nice   %system   %iowait    %steal     %idle
06:35:26 AM     all      0.00      0.00      0.00      0.00      0.00    100.00

06:35:25 AM kbmemfree   kbavail kbmemused  %memused kbbuffers  kbcached  kbcommit   %commit  kbactive   kbinact   kbdirty
06:35:26 AM   3149880   5678544   1867712     23.55     85232   2617312   5521960     69.62   1960496   2512196       328

06:35:25 AM     IFACE   rxpck/s   txpck/s    rxkB/s    txkB/s   rxcmp/s   txcmp/s  rxmcst/s   %ifutil
06:35:26 AM        lo      0.00      0.00      0.00      0.00      0.00      0.00      0.00      0.00
06:35:26 AM      eth0      0.00      0.00      0.00      0.00      0.00      0.00      0.00      0.00
06:35:26 AM   docker0      0.00      0.00      0.00      0.00      0.00      0.00      0.00      0.00
06:35:26 AM vethe4123a0      0.00      0.00      0.00      0.00      0.00      0.00      0.00      0.00

06:35:26 AM     CPU     %user     %nice   %system   %iowait    %steal     %idle
06:35:27 AM     all      0.00      0.00      0.25      0.00      0.00     99.75

06:35:26 AM kbmemfree   kbavail kbmemused  %memused kbbuffers  kbcached  kbcommit   %commit  kbactive   kbinact   kbdirty
06:35:27 AM   3149880   5678544   1867708     23.55     85232   2617316   5521960     69.62   1960496   2512196       332

06:35:26 AM     IFACE   rxpck/s   txpck/s    rxkB/s    txkB/s   rxcmp/s   txcmp/s  rxmcst/s   %ifutil
06:35:27 AM        lo      0.00      0.00      0.00      0.00      0.00      0.00      0.00      0.00
06:35:27 AM      eth0      0.00      0.00      0.00      0.00      0.00      0.00      0.00      0.00
06:35:27 AM   docker0      0.00      0.00      0.00      0.00      0.00      0.00      0.00      0.00
06:35:27 AM vethe4123a0      0.00      0.00      0.00      0.00      0.00      0.00      0.00      0.00

06:35:27 AM     CPU     %user     %nice   %system   %iowait    %steal     %idle
06:35:28 AM     all      0.25      0.00      0.25      0.00      0.00     99.50

06:35:27 AM kbmemfree   kbavail kbmemused  %memused kbbuffers  kbcached  kbcommit   %commit  kbactive   kbinact   kbdirty
06:35:28 AM   3149880   5678544   1867708     23.55     85232   2617316   5521960     69.62   1960496   2512196       324

06:35:27 AM     IFACE   rxpck/s   txpck/s    rxkB/s    txkB/s   rxcmp/s   txcmp/s  rxmcst/s   %ifutil
06:35:28 AM        lo      0.00      0.00      0.00      0.00      0.00      0.00      0.00      0.00
06:35:28 AM      eth0      0.00      0.00      0.00      0.00      0.00      0.00      0.00      0.00
06:35:28 AM   docker0      0.00      0.00      0.00      0.00      0.00      0.00      0.00      0.00
06:35:28 AM vethe4123a0      0.00      0.00      0.00      0.00      0.00      0.00      0.00      0.00

06:35:28 AM     CPU     %user     %nice   %system   %iowait    %steal     %idle
06:35:29 AM     all      0.00      0.00      0.00      0.00      0.00    100.00

06:35:28 AM kbmemfree   kbavail kbmemused  %memused kbbuffers  kbcached  kbcommit   %commit  kbactive   kbinact   kbdirty
06:35:29 AM   3149880   5678544   1867708     23.55     85232   2617316   5521960     69.62   1960496   2512196       324

06:35:28 AM     IFACE   rxpck/s   txpck/s    rxkB/s    txkB/s   rxcmp/s   txcmp/s  rxmcst/s   %ifutil
06:35:29 AM        lo      0.00      0.00      0.00      0.00      0.00      0.00      0.00      0.00
06:35:29 AM      eth0      0.00      0.00      0.00      0.00      0.00      0.00      0.00      0.00
06:35:29 AM   docker0      0.00      0.00      0.00      0.00      0.00      0.00      0.00      0.00
06:35:29 AM vethe4123a0      0.00      0.00      0.00      0.00      0.00      0.00      0.00      0.00

06:35:29 AM     CPU     %user     %nice   %system   %iowait    %steal     %idle
06:35:30 AM     all      0.00      0.00      0.00      0.00      0.00    100.00

06:35:29 AM kbmemfree   kbavail kbmemused  %memused kbbuffers  kbcached  kbcommit   %commit  kbactive   kbinact   kbdirty
06:35:30 AM   3149880   5678544   1867708     23.55     85232   2617316   5521960     69.62   1960496   2512196       324

06:35:29 AM     IFACE   rxpck/s   txpck/s    rxkB/s    txkB/s   rxcmp/s   txcmp/s  rxmcst/s   %ifutil
06:35:30 AM        lo      0.00      0.00      0.00      0.00      0.00      0.00      0.00      0.00
06:35:30 AM      eth0      0.00      0.00      0.00      0.00      0.00      0.00      0.00      0.00
06:35:30 AM   docker0      0.00      0.00      0.00      0.00      0.00      0.00      0.00      0.00
06:35:30 AM vethe4123a0      0.00      0.00      0.00      0.00      0.00      0.00      0.00      0.00

06:35:30 AM     CPU     %user     %nice   %system   %iowait    %steal     %idle
06:35:31 AM     all      0.00      0.00      0.00      0.00      0.00    100.00

06:35:30 AM kbmemfree   kbavail kbmemused  %memused kbbuffers  kbcached  kbcommit   %commit  kbactive   kbinact   kbdirty
06:35:31 AM   3149880   5678544   1867708     23.55     85232   2617316   5521960     69.62   1960496   2512196       324

06:35:30 AM     IFACE   rxpck/s   txpck/s    rxkB/s    txkB/s   rxcmp/s   txcmp/s  rxmcst/s   %ifutil
06:35:31 AM        lo      0.00      0.00      0.00      0.00      0.00      0.00      0.00      0.00
06:35:31 AM      eth0      0.00      0.00      0.00      0.00      0.00      0.00      0.00      0.00
06:35:31 AM   docker0      0.00      0.00      0.00      0.00      0.00      0.00      0.00      0.00
06:35:31 AM vethe4123a0      0.00      0.00      0.00      0.00      0.00      0.00      0.00      0.00

06:35:31 AM     CPU     %user     %nice   %system   %iowait    %steal     %idle
06:35:32 AM     all      0.00      0.00      0.00      0.00      0.00    100.00

06:35:31 AM kbmemfree   kbavail kbmemused  %memused kbbuffers  kbcached  kbcommit   %commit  kbactive   kbinact   kbdirty
06:35:32 AM   3149880   5678544   1867704     23.55     85232   2617320   5521960     69.62   1960496   2512196       328

06:35:31 AM     IFACE   rxpck/s   txpck/s    rxkB/s    txkB/s   rxcmp/s   txcmp/s  rxmcst/s   %ifutil
06:35:32 AM        lo      0.00      0.00      0.00      0.00      0.00      0.00      0.00      0.00
06:35:32 AM      eth0      0.00      0.00      0.00      0.00      0.00      0.00      0.00      0.00
06:35:32 AM   docker0      0.00      0.00      0.00      0.00      0.00      0.00      0.00      0.00
06:35:32 AM vethe4123a0      0.00      0.00      0.00      0.00      0.00      0.00      0.00      0.00

06:35:32 AM     CPU     %user     %nice   %system   %iowait    %steal     %idle
06:35:33 AM     all      0.50      0.00      0.00      0.00      0.00     99.50

06:35:32 AM kbmemfree   kbavail kbmemused  %memused kbbuffers  kbcached  kbcommit   %commit  kbactive   kbinact   kbdirty
06:35:33 AM   3149880   5678544   1867704     23.55     85232   2617320   5521960     69.62   1960496   2512196       328

06:35:32 AM     IFACE   rxpck/s   txpck/s    rxkB/s    txkB/s   rxcmp/s   txcmp/s  rxmcst/s   %ifutil
06:35:33 AM        lo      0.00      0.00      0.00      0.00      0.00      0.00      0.00      0.00
06:35:33 AM      eth0      0.00      0.00      0.00      0.00      0.00      0.00      0.00      0.00
06:35:33 AM   docker0      0.00      0.00      0.00      0.00      0.00      0.00      0.00      0.00
06:35:33 AM vethe4123a0      0.00      0.00      0.00      0.00      0.00      0.00      0.00      0.00

06:35:33 AM     CPU     %user     %nice   %system   %iowait    %steal     %idle
06:35:34 AM     all      0.00      0.00      0.00      0.00      0.00    100.00

06:35:33 AM kbmemfree   kbavail kbmemused  %memused kbbuffers  kbcached  kbcommit   %commit  kbactive   kbinact   kbdirty
06:35:34 AM   3149880   5678544   1867704     23.55     85232   2617320   5521960     69.62   1960496   2512196       324

06:35:33 AM     IFACE   rxpck/s   txpck/s    rxkB/s    txkB/s   rxcmp/s   txcmp/s  rxmcst/s   %ifutil
06:35:34 AM        lo      0.00      0.00      0.00      0.00      0.00      0.00      0.00      0.00
06:35:34 AM      eth0      0.00      0.00      0.00      0.00      0.00      0.00      0.00      0.00
06:35:34 AM   docker0      0.00      0.00      0.00      0.00      0.00      0.00      0.00      0.00
06:35:34 AM vethe4123a0      0.00      0.00      0.00      0.00      0.00      0.00      0.00      0.00

06:35:34 AM     CPU     %user     %nice   %system   %iowait    %steal     %idle
06:35:35 AM     all      0.00      0.00      0.25      0.00      0.00     99.75

06:35:34 AM kbmemfree   kbavail kbmemused  %memused kbbuffers  kbcached  kbcommit   %commit  kbactive   kbinact   kbdirty
06:35:35 AM   3149880   5678544   1867704     23.55     85232   2617320   5521960     69.62   1960496   2512196       324

06:35:34 AM     IFACE   rxpck/s   txpck/s    rxkB/s    txkB/s   rxcmp/s   txcmp/s  rxmcst/s   %ifutil
06:35:35 AM        lo      0.00      0.00      0.00      0.00      0.00      0.00      0.00      0.00
06:35:35 AM      eth0      0.00      0.00      0.00      0.00      0.00      0.00      0.00      0.00
06:35:35 AM   docker0      0.00      0.00      0.00      0.00      0.00      0.00      0.00      0.00
06:35:35 AM vethe4123a0      0.00      0.00      0.00      0.00      0.00      0.00      0.00      0.00

06:35:35 AM     CPU     %user     %nice   %system   %iowait    %steal     %idle
06:35:36 AM     all      0.50      0.00      0.25      0.00      0.00     99.26

06:35:35 AM kbmemfree   kbavail kbmemused  %memused kbbuffers  kbcached  kbcommit   %commit  kbactive   kbinact   kbdirty
06:35:36 AM   3149880   5678544   1867700     23.55     85232   2617324   5521960     69.62   1960496   2512196       328

06:35:35 AM     IFACE   rxpck/s   txpck/s    rxkB/s    txkB/s   rxcmp/s   txcmp/s  rxmcst/s   %ifutil
06:35:36 AM        lo      0.00      0.00      0.00      0.00      0.00      0.00      0.00      0.00
06:35:36 AM      eth0      0.00      0.00      0.00      0.00      0.00      0.00      0.00      0.00
06:35:36 AM   docker0      0.00      0.00      0.00      0.00      0.00      0.00      0.00      0.00
06:35:36 AM vethe4123a0      0.00      0.00      0.00      0.00      0.00      0.00      0.00      0.00

06:35:36 AM     CPU     %user     %nice   %system   %iowait    %steal     %idle
06:35:37 AM     all      0.00      0.00      0.00      0.00      0.00    100.00

06:35:36 AM kbmemfree   kbavail kbmemused  %memused kbbuffers  kbcached  kbcommit   %commit  kbactive   kbinact   kbdirty
06:35:37 AM   3149880   5678544   1867700     23.55     85232   2617324   5521960     69.62   1960496   2512196       328

06:35:36 AM     IFACE   rxpck/s   txpck/s    rxkB/s    txkB/s   rxcmp/s   txcmp/s  rxmcst/s   %ifutil
06:35:37 AM        lo      0.00      0.00      0.00      0.00      0.00      0.00      0.00      0.00
06:35:37 AM      eth0      0.00      0.00      0.00      0.00      0.00      0.00      0.00      0.00
06:35:37 AM   docker0      0.00      0.00      0.00      0.00      0.00      0.00      0.00      0.00
06:35:37 AM vethe4123a0      0.00      0.00      0.00      0.00      0.00      0.00      0.00      0.00

06:35:37 AM     CPU     %user     %nice   %system   %iowait    %steal     %idle
06:35:38 AM     all      0.00      0.00      0.25      0.00      0.00     99.75

06:35:37 AM kbmemfree   kbavail kbmemused  %memused kbbuffers  kbcached  kbcommit   %commit  kbactive   kbinact   kbdirty
06:35:38 AM   3149880   5678544   1867700     23.55     85232   2617324   5521960     69.62   1960496   2512196       328

06:35:37 AM     IFACE   rxpck/s   txpck/s    rxkB/s    txkB/s   rxcmp/s   txcmp/s  rxmcst/s   %ifutil
06:35:38 AM        lo      0.00      0.00      0.00      0.00      0.00      0.00      0.00      0.00
06:35:38 AM      eth0      2.00      1.00      0.11      0.05      0.00      0.00      0.00      0.00
06:35:38 AM   docker0      0.00      0.00      0.00      0.00      0.00      0.00      0.00      0.00
06:35:38 AM vethe4123a0      0.00      0.00      0.00      0.00      0.00      0.00      0.00      0.00

06:35:38 AM     CPU     %user     %nice   %system   %iowait    %steal     %idle
06:35:39 AM     all      0.00      0.00      0.00      0.00      0.00    100.00

06:35:38 AM kbmemfree   kbavail kbmemused  %memused kbbuffers  kbcached  kbcommit   %commit  kbactive   kbinact   kbdirty
06:35:39 AM   3149880   5678544   1867700     23.55     85232   2617324   5521960     69.62   1960496   2512196       320

06:35:38 AM     IFACE   rxpck/s   txpck/s    rxkB/s    txkB/s   rxcmp/s   txcmp/s  rxmcst/s   %ifutil
06:35:39 AM        lo      0.00      0.00      0.00      0.00      0.00      0.00      0.00      0.00
06:35:39 AM      eth0      0.00      0.00      0.00      0.00      0.00      0.00      0.00      0.00
06:35:39 AM   docker0      0.00      0.00      0.00      0.00      0.00      0.00      0.00      0.00
06:35:39 AM vethe4123a0      0.00      0.00      0.00      0.00      0.00      0.00      0.00      0.00

06:35:39 AM     CPU     %user     %nice   %system   %iowait    %steal     %idle
06:35:40 AM     all      0.00      0.00      0.00      0.00      0.00    100.00

06:35:39 AM kbmemfree   kbavail kbmemused  %memused kbbuffers  kbcached  kbcommit   %commit  kbactive   kbinact   kbdirty
06:35:40 AM   3149880   5678544   1867700     23.55     85232   2617324   5521960     69.62   1960496   2512196       152

06:35:39 AM     IFACE   rxpck/s   txpck/s    rxkB/s    txkB/s   rxcmp/s   txcmp/s  rxmcst/s   %ifutil
06:35:40 AM        lo      0.00      0.00      0.00      0.00      0.00      0.00      0.00      0.00
06:35:40 AM      eth0      0.00      0.00      0.00      0.00      0.00      0.00      0.00      0.00
06:35:40 AM   docker0      0.00      0.00      0.00      0.00      0.00      0.00      0.00      0.00
06:35:40 AM vethe4123a0      0.00      0.00      0.00      0.00      0.00      0.00      0.00      0.00

06:35:40 AM     CPU     %user     %nice   %system   %iowait    %steal     %idle
06:35:41 AM     all      0.00      0.00      0.00      0.00      0.00    100.00

06:35:40 AM kbmemfree   kbavail kbmemused  %memused kbbuffers  kbcached  kbcommit   %commit  kbactive   kbinact   kbdirty
06:35:41 AM   3149880   5678544   1867696     23.55     85232   2617328   5521960     69.62   1960496   2512196        68

06:35:40 AM     IFACE   rxpck/s   txpck/s    rxkB/s    txkB/s   rxcmp/s   txcmp/s  rxmcst/s   %ifutil
06:35:41 AM        lo      0.00      0.00      0.00      0.00      0.00      0.00      0.00      0.00
06:35:41 AM      eth0      1.00      1.00      0.05      0.05      0.00      0.00      0.00      0.00
06:35:41 AM   docker0      0.00      0.00      0.00      0.00      0.00      0.00      0.00      0.00
06:35:41 AM vethe4123a0      0.00      0.00      0.00      0.00      0.00      0.00      0.00      0.00

06:35:41 AM     CPU     %user     %nice   %system   %iowait    %steal     %idle
06:35:42 AM     all      0.25      0.00      0.00      0.00      0.00     99.75

06:35:41 AM kbmemfree   kbavail kbmemused  %memused kbbuffers  kbcached  kbcommit   %commit  kbactive   kbinact   kbdirty
06:35:42 AM   3149880   5678544   1867696     23.55     85232   2617328   5521960     69.62   1960496   2512196        68

06:35:41 AM     IFACE   rxpck/s   txpck/s    rxkB/s    txkB/s   rxcmp/s   txcmp/s  rxmcst/s   %ifutil
06:35:42 AM        lo      0.00      0.00      0.00      0.00      0.00      0.00      0.00      0.00
06:35:42 AM      eth0      1.00      1.00      0.05      0.05      0.00      0.00      0.00      0.00
06:35:42 AM   docker0      0.00      0.00      0.00      0.00      0.00      0.00      0.00      0.00
06:35:42 AM vethe4123a0      0.00      0.00      0.00      0.00      0.00      0.00      0.00      0.00

06:35:42 AM     CPU     %user     %nice   %system   %iowait    %steal     %idle
06:35:43 AM     all      0.00      0.00      0.25      0.00      0.00     99.75

06:35:42 AM kbmemfree   kbavail kbmemused  %memused kbbuffers  kbcached  kbcommit   %commit  kbactive   kbinact   kbdirty
06:35:43 AM   3149880   5678544   1867696     23.55     85232   2617328   5521960     69.62   1960496   2512196        68

06:35:42 AM     IFACE   rxpck/s   txpck/s    rxkB/s    txkB/s   rxcmp/s   txcmp/s  rxmcst/s   %ifutil
06:35:43 AM        lo      0.00      0.00      0.00      0.00      0.00      0.00      0.00      0.00
06:35:43 AM      eth0      1.00      1.00      0.05      0.05      0.00      0.00      0.00      0.00
06:35:43 AM   docker0      0.00      0.00      0.00      0.00      0.00      0.00      0.00      0.00
06:35:43 AM vethe4123a0      0.00      0.00      0.00      0.00      0.00      0.00      0.00      0.00

06:35:43 AM     CPU     %user     %nice   %system   %iowait    %steal     %idle
06:35:44 AM     all      0.00      0.00      0.00      0.00      0.00    100.00

06:35:43 AM kbmemfree   kbavail kbmemused  %memused kbbuffers  kbcached  kbcommit   %commit  kbactive   kbinact   kbdirty
06:35:44 AM   3149880   5678544   1867696     23.55     85232   2617328   5521960     69.62   1960496   2512196        68

06:35:43 AM     IFACE   rxpck/s   txpck/s    rxkB/s    txkB/s   rxcmp/s   txcmp/s  rxmcst/s   %ifutil
06:35:44 AM        lo      0.00      0.00      0.00      0.00      0.00      0.00      0.00      0.00
06:35:44 AM      eth0      0.00      0.00      0.00      0.00      0.00      0.00      0.00      0.00
06:35:44 AM   docker0      0.00      0.00      0.00      0.00      0.00      0.00      0.00      0.00
06:35:44 AM vethe4123a0      0.00      0.00      0.00      0.00      0.00      0.00      0.00      0.00

06:35:44 AM     CPU     %user     %nice   %system   %iowait    %steal     %idle
06:35:45 AM     all      0.00      0.00      0.00      0.00      0.00    100.00

06:35:44 AM kbmemfree   kbavail kbmemused  %memused kbbuffers  kbcached  kbcommit   %commit  kbactive   kbinact   kbdirty
06:35:45 AM   3149880   5678544   1867692     23.55     85232   2617332   5521960     69.62   1960496   2512196        48

06:35:44 AM     IFACE   rxpck/s   txpck/s    rxkB/s    txkB/s   rxcmp/s   txcmp/s  rxmcst/s   %ifutil
06:35:45 AM        lo      0.00      0.00      0.00      0.00      0.00      0.00      0.00      0.00
06:35:45 AM      eth0      0.00      0.00      0.00      0.00      0.00      0.00      0.00      0.00
06:35:45 AM   docker0      0.00      0.00      0.00      0.00      0.00      0.00      0.00      0.00
06:35:45 AM vethe4123a0      0.00      0.00      0.00      0.00      0.00      0.00      0.00      0.00

06:35:45 AM     CPU     %user     %nice   %system   %iowait    %steal     %idle
06:35:46 AM     all      0.00      0.00      0.00      0.00      0.00    100.00

06:35:45 AM kbmemfree   kbavail kbmemused  %memused kbbuffers  kbcached  kbcommit   %commit  kbactive   kbinact   kbdirty
06:35:46 AM   3149880   5678544   1867692     23.55     85232   2617332   5521960     69.62   1960496   2512196        52

06:35:45 AM     IFACE   rxpck/s   txpck/s    rxkB/s    txkB/s   rxcmp/s   txcmp/s  rxmcst/s   %ifutil
06:35:46 AM        lo      0.00      0.00      0.00      0.00      0.00      0.00      0.00      0.00
06:35:46 AM      eth0      0.00      0.00      0.00      0.00      0.00      0.00      0.00      0.00
06:35:46 AM   docker0      0.00      0.00      0.00      0.00      0.00      0.00      0.00      0.00
06:35:46 AM vethe4123a0      0.00      0.00      0.00      0.00      0.00      0.00      0.00      0.00

06:35:46 AM     CPU     %user     %nice   %system   %iowait    %steal     %idle
06:35:47 AM     all      0.25      0.00      0.00      0.00      0.00     99.75

06:35:46 AM kbmemfree   kbavail kbmemused  %memused kbbuffers  kbcached  kbcommit   %commit  kbactive   kbinact   kbdirty
06:35:47 AM   3149880   5678544   1867692     23.55     85232   2617332   5521960     69.62   1960496   2512196        64

06:35:46 AM     IFACE   rxpck/s   txpck/s    rxkB/s    txkB/s   rxcmp/s   txcmp/s  rxmcst/s   %ifutil
06:35:47 AM        lo      0.00      0.00      0.00      0.00      0.00      0.00      0.00      0.00
06:35:47 AM      eth0      0.00      0.00      0.00      0.00      0.00      0.00      0.00      0.00
06:35:47 AM   docker0      0.00      0.00      0.00      0.00      0.00      0.00      0.00      0.00
06:35:47 AM vethe4123a0      0.00      0.00      0.00      0.00      0.00      0.00      0.00      0.00

06:35:47 AM     CPU     %user     %nice   %system   %iowait    %steal     %idle
06:35:48 AM     all      0.00      0.00      0.25      0.00      0.00     99.75

06:35:47 AM kbmemfree   kbavail kbmemused  %memused kbbuffers  kbcached  kbcommit   %commit  kbactive   kbinact   kbdirty
06:35:48 AM   3149880   5678544   1867692     23.55     85232   2617332   5521960     69.62   1960496   2512196        64

06:35:47 AM     IFACE   rxpck/s   txpck/s    rxkB/s    txkB/s   rxcmp/s   txcmp/s  rxmcst/s   %ifutil
06:35:48 AM        lo      0.00      0.00      0.00      0.00      0.00      0.00      0.00      0.00
06:35:48 AM      eth0      0.00      0.00      0.00      0.00      0.00      0.00      0.00      0.00
06:35:48 AM   docker0      0.00      0.00      0.00      0.00      0.00      0.00      0.00      0.00
06:35:48 AM vethe4123a0      0.00      0.00      0.00      0.00      0.00      0.00      0.00      0.00

06:35:48 AM     CPU     %user     %nice   %system   %iowait    %steal     %idle
06:35:49 AM     all      0.25      0.00      0.25      0.00      0.00     99.50

06:35:48 AM kbmemfree   kbavail kbmemused  %memused kbbuffers  kbcached  kbcommit   %commit  kbactive   kbinact   kbdirty
06:35:49 AM   3149880   5678544   1867692     23.55     85232   2617332   5521960     69.62   1960496   2512196        64

06:35:48 AM     IFACE   rxpck/s   txpck/s    rxkB/s    txkB/s   rxcmp/s   txcmp/s  rxmcst/s   %ifutil
06:35:49 AM        lo      0.00      0.00      0.00      0.00      0.00      0.00      0.00      0.00
06:35:49 AM      eth0      0.00      0.00      0.00      0.00      0.00      0.00      0.00      0.00
06:35:49 AM   docker0      0.00      0.00      0.00      0.00      0.00      0.00      0.00      0.00
06:35:49 AM vethe4123a0      0.00      0.00      0.00      0.00      0.00      0.00      0.00      0.00

06:35:49 AM     CPU     %user     %nice   %system   %iowait    %steal     %idle
06:35:50 AM     all      0.50      0.00      0.25      0.00      0.00     99.24

06:35:49 AM kbmemfree   kbavail kbmemused  %memused kbbuffers  kbcached  kbcommit   %commit  kbactive   kbinact   kbdirty
06:35:50 AM   3148116   5676804   1869452     23.57     85232   2617336   5525412     69.66   1962032   2512220       248

06:35:49 AM     IFACE   rxpck/s   txpck/s    rxkB/s    txkB/s   rxcmp/s   txcmp/s  rxmcst/s   %ifutil
06:35:50 AM        lo      0.00      0.00      0.00      0.00      0.00      0.00      0.00      0.00
06:35:50 AM      eth0     10.00     10.00      2.04      2.45      0.00      0.00      0.00      0.00
06:35:50 AM   docker0      0.00      0.00      0.00      0.00      0.00      0.00      0.00      0.00
06:35:50 AM vethe4123a0      0.00      0.00      0.00      0.00      0.00      0.00      0.00      0.00

06:35:50 AM     CPU     %user     %nice   %system   %iowait    %steal     %idle
06:35:51 AM     all      0.00      0.00      0.00      0.00      0.00    100.00

06:35:50 AM kbmemfree   kbavail kbmemused  %memused kbbuffers  kbcached  kbcommit   %commit  kbactive   kbinact   kbdirty
06:35:51 AM   3148116   5676804   1869452     23.57     85232   2617336   5525412     69.66   1962188   2512220       244

06:35:50 AM     IFACE   rxpck/s   txpck/s    rxkB/s    txkB/s   rxcmp/s   txcmp/s  rxmcst/s   %ifutil
06:35:51 AM        lo      0.00      0.00      0.00      0.00      0.00      0.00      0.00      0.00
06:35:51 AM      eth0      0.00      0.00      0.00      0.00      0.00      0.00      0.00      0.00
06:35:51 AM   docker0      0.00      0.00      0.00      0.00      0.00      0.00      0.00      0.00
06:35:51 AM vethe4123a0      0.00      0.00      0.00      0.00      0.00      0.00      0.00      0.00

06:35:51 AM     CPU     %user     %nice   %system   %iowait    %steal     %idle
06:35:52 AM     all      0.25      0.00      0.25      0.00      0.00     99.50

06:35:51 AM kbmemfree   kbavail kbmemused  %memused kbbuffers  kbcached  kbcommit   %commit  kbactive   kbinact   kbdirty
06:35:52 AM   3150968   5679656   1866600     23.53     85232   2617336   5521960     69.62   1960628   2512220       240

06:35:51 AM     IFACE   rxpck/s   txpck/s    rxkB/s    txkB/s   rxcmp/s   txcmp/s  rxmcst/s   %ifutil
06:35:52 AM        lo      0.00      0.00      0.00      0.00      0.00      0.00      0.00      0.00
06:35:52 AM      eth0      2.00      2.00      0.13      0.18      0.00      0.00      0.00      0.00
06:35:52 AM   docker0      0.00      0.00      0.00      0.00      0.00      0.00      0.00      0.00
06:35:52 AM vethe4123a0      0.00      0.00      0.00      0.00      0.00      0.00      0.00      0.00

06:35:52 AM     CPU     %user     %nice   %system   %iowait    %steal     %idle
06:35:53 AM     all      0.00      0.00      0.00      0.00      0.00    100.00

06:35:52 AM kbmemfree   kbavail kbmemused  %memused kbbuffers  kbcached  kbcommit   %commit  kbactive   kbinact   kbdirty
06:35:53 AM   3150968   5679656   1866600     23.53     85232   2617336   5521960     69.62   1960496   2512220       268

06:35:52 AM     IFACE   rxpck/s   txpck/s    rxkB/s    txkB/s   rxcmp/s   txcmp/s  rxmcst/s   %ifutil
06:35:53 AM        lo      0.00      0.00      0.00      0.00      0.00      0.00      0.00      0.00
06:35:53 AM      eth0      0.00      0.00      0.00      0.00      0.00      0.00      0.00      0.00
06:35:53 AM   docker0      0.00      0.00      0.00      0.00      0.00      0.00      0.00      0.00
06:35:53 AM vethe4123a0      0.00      0.00      0.00      0.00      0.00      0.00      0.00      0.00

06:35:53 AM     CPU     %user     %nice   %system   %iowait    %steal     %idle
06:35:54 AM     all      0.00      0.00      0.25      0.00      0.00     99.75

06:35:53 AM kbmemfree   kbavail kbmemused  %memused kbbuffers  kbcached  kbcommit   %commit  kbactive   kbinact   kbdirty
06:35:54 AM   3150716   5679404   1866852     23.54     85232   2617336   5521960     69.62   1960496   2512220       268

06:35:53 AM     IFACE   rxpck/s   txpck/s    rxkB/s    txkB/s   rxcmp/s   txcmp/s  rxmcst/s   %ifutil
06:35:54 AM        lo      0.00      0.00      0.00      0.00      0.00      0.00      0.00      0.00
06:35:54 AM      eth0      0.00      0.00      0.00      0.00      0.00      0.00      0.00      0.00
06:35:54 AM   docker0      0.00      0.00      0.00      0.00      0.00      0.00      0.00      0.00
06:35:54 AM vethe4123a0      0.00      0.00      0.00      0.00      0.00      0.00      0.00      0.00

06:35:54 AM     CPU     %user     %nice   %system   %iowait    %steal     %idle
06:35:55 AM     all      0.00      0.00      0.25      0.00      0.00     99.75

06:35:54 AM kbmemfree   kbavail kbmemused  %memused kbbuffers  kbcached  kbcommit   %commit  kbactive   kbinact   kbdirty
06:35:55 AM   3150716   5679408   1866848     23.54     85232   2617340   5521960     69.62   1960496   2512224       132

06:35:54 AM     IFACE   rxpck/s   txpck/s    rxkB/s    txkB/s   rxcmp/s   txcmp/s  rxmcst/s   %ifutil
06:35:55 AM        lo      0.00      0.00      0.00      0.00      0.00      0.00      0.00      0.00
06:35:55 AM      eth0      2.00      1.00      0.11      0.05      0.00      0.00      0.00      0.00
06:35:55 AM   docker0      0.00      0.00      0.00      0.00      0.00      0.00      0.00      0.00
06:35:55 AM vethe4123a0      0.00      0.00      0.00      0.00      0.00      0.00      0.00      0.00

06:35:55 AM     CPU     %user     %nice   %system   %iowait    %steal     %idle
06:35:56 AM     all      0.25      0.00      0.00      0.00      0.00     99.75

06:35:55 AM kbmemfree   kbavail kbmemused  %memused kbbuffers  kbcached  kbcommit   %commit  kbactive   kbinact   kbdirty
06:35:56 AM   3150716   5679408   1866848     23.54     85232   2617340   5521960     69.62   1960496   2512224       144

06:35:55 AM     IFACE   rxpck/s   txpck/s    rxkB/s    txkB/s   rxcmp/s   txcmp/s  rxmcst/s   %ifutil
06:35:56 AM        lo      0.00      0.00      0.00      0.00      0.00      0.00      0.00      0.00
06:35:56 AM      eth0      1.00      1.00      0.05      0.05      0.00      0.00      0.00      0.00
06:35:56 AM   docker0      0.00      0.00      0.00      0.00      0.00      0.00      0.00      0.00
06:35:56 AM vethe4123a0      0.00      0.00      0.00      0.00      0.00      0.00      0.00      0.00

06:35:56 AM     CPU     %user     %nice   %system   %iowait    %steal     %idle
06:35:57 AM     all      0.00      0.00      0.00      0.00      0.00    100.00

06:35:56 AM kbmemfree   kbavail kbmemused  %memused kbbuffers  kbcached  kbcommit   %commit  kbactive   kbinact   kbdirty
06:35:57 AM   3150716   5679408   1866848     23.54     85232   2617340   5521960     69.62   1960496   2512224        56

06:35:56 AM     IFACE   rxpck/s   txpck/s    rxkB/s    txkB/s   rxcmp/s   txcmp/s  rxmcst/s   %ifutil
06:35:57 AM        lo      0.00      0.00      0.00      0.00      0.00      0.00      0.00      0.00
06:35:57 AM      eth0      0.00      0.00      0.00      0.00      0.00      0.00      0.00      0.00
06:35:57 AM   docker0      0.00      0.00      0.00      0.00      0.00      0.00      0.00      0.00
06:35:57 AM vethe4123a0      0.00      0.00      0.00      0.00      0.00      0.00      0.00      0.00

06:35:57 AM     CPU     %user     %nice   %system   %iowait    %steal     %idle
06:35:58 AM     all      0.00      0.00      0.00      0.00      0.00    100.00

06:35:57 AM kbmemfree   kbavail kbmemused  %memused kbbuffers  kbcached  kbcommit   %commit  kbactive   kbinact   kbdirty
06:35:58 AM   3150716   5679408   1866844     23.54     85232   2617344   5521960     69.62   1960496   2512224        64

06:35:57 AM     IFACE   rxpck/s   txpck/s    rxkB/s    txkB/s   rxcmp/s   txcmp/s  rxmcst/s   %ifutil
06:35:58 AM        lo      0.00      0.00      0.00      0.00      0.00      0.00      0.00      0.00
06:35:58 AM      eth0      0.00      0.00      0.00      0.00      0.00      0.00      0.00      0.00
06:35:58 AM   docker0      0.00      0.00      0.00      0.00      0.00      0.00      0.00      0.00
06:35:58 AM vethe4123a0      0.00      0.00      0.00      0.00      0.00      0.00      0.00      0.00

06:35:58 AM     CPU     %user     %nice   %system   %iowait    %steal     %idle
06:35:59 AM     all      0.00      0.00      0.00      0.00      0.00    100.00

06:35:58 AM kbmemfree   kbavail kbmemused  %memused kbbuffers  kbcached  kbcommit   %commit  kbactive   kbinact   kbdirty
06:35:59 AM   3150716   5679408   1866844     23.54     85232   2617344   5521960     69.62   1960496   2512224        64

06:35:58 AM     IFACE   rxpck/s   txpck/s    rxkB/s    txkB/s   rxcmp/s   txcmp/s  rxmcst/s   %ifutil
06:35:59 AM        lo      0.00      0.00      0.00      0.00      0.00      0.00      0.00      0.00
06:35:59 AM      eth0      0.00      0.00      0.00      0.00      0.00      0.00      0.00      0.00
06:35:59 AM   docker0      0.00      0.00      0.00      0.00      0.00      0.00      0.00      0.00
06:35:59 AM vethe4123a0      0.00      0.00      0.00      0.00      0.00      0.00      0.00      0.00

06:35:59 AM     CPU     %user     %nice   %system   %iowait    %steal     %idle
06:36:00 AM     all      0.00      0.00      0.25      0.00      0.00     99.75

06:35:59 AM kbmemfree   kbavail kbmemused  %memused kbbuffers  kbcached  kbcommit   %commit  kbactive   kbinact   kbdirty
06:36:00 AM   3150716   5679408   1866844     23.54     85232   2617344   5521960     69.62   1960496   2512224        64

06:35:59 AM     IFACE   rxpck/s   txpck/s    rxkB/s    txkB/s   rxcmp/s   txcmp/s  rxmcst/s   %ifutil
06:36:00 AM        lo      0.00      0.00      0.00      0.00      0.00      0.00      0.00      0.00
06:36:00 AM      eth0      2.00      1.00      0.11      0.05      0.00      0.00      0.00      0.00
06:36:00 AM   docker0      0.00      0.00      0.00      0.00      0.00      0.00      0.00      0.00
06:36:00 AM vethe4123a0      0.00      0.00      0.00      0.00      0.00      0.00      0.00      0.00

06:36:00 AM     CPU     %user     %nice   %system   %iowait    %steal     %idle
06:36:01 AM     all      0.25      0.00      0.00      0.00      0.00     99.75

06:36:00 AM kbmemfree   kbavail kbmemused  %memused kbbuffers  kbcached  kbcommit   %commit  kbactive   kbinact   kbdirty
06:36:01 AM   3150716   5679408   1866844     23.54     85232   2617344   5521960     69.62   1960496   2512224        64

06:36:00 AM     IFACE   rxpck/s   txpck/s    rxkB/s    txkB/s   rxcmp/s   txcmp/s  rxmcst/s   %ifutil
06:36:01 AM        lo      0.00      0.00      0.00      0.00      0.00      0.00      0.00      0.00
06:36:01 AM      eth0      2.00      1.00      0.11      0.05      0.00      0.00      0.00      0.00
06:36:01 AM   docker0      0.00      0.00      0.00      0.00      0.00      0.00      0.00      0.00
06:36:01 AM vethe4123a0      0.00      0.00      0.00      0.00      0.00      0.00      0.00      0.00

06:36:01 AM     CPU     %user     %nice   %system   %iowait    %steal     %idle
06:36:02 AM     all      0.50      0.00      0.00      0.00      0.00     99.50

06:36:01 AM kbmemfree   kbavail kbmemused  %memused kbbuffers  kbcached  kbcommit   %commit  kbactive   kbinact   kbdirty
06:36:02 AM   3150716   5679408   1866844     23.54     85232   2617344   5521960     69.62   1960496   2512224        64

06:36:01 AM     IFACE   rxpck/s   txpck/s    rxkB/s    txkB/s   rxcmp/s   txcmp/s  rxmcst/s   %ifutil
06:36:02 AM        lo      0.00      0.00      0.00      0.00      0.00      0.00      0.00      0.00
06:36:02 AM      eth0      0.00      0.00      0.00      0.00      0.00      0.00      0.00      0.00
06:36:02 AM   docker0      0.00      0.00      0.00      0.00      0.00      0.00      0.00      0.00
06:36:02 AM vethe4123a0      0.00      0.00      0.00      0.00      0.00      0.00      0.00      0.00

06:36:02 AM     CPU     %user     %nice   %system   %iowait    %steal     %idle
06:36:03 AM     all      0.00      0.00      0.25      0.00      0.00     99.75

06:36:02 AM kbmemfree   kbavail kbmemused  %memused kbbuffers  kbcached  kbcommit   %commit  kbactive   kbinact   kbdirty
06:36:03 AM   3150716   5679416   1866840     23.54     85232   2617348   5521960     69.62   1960496   2512232        56

06:36:02 AM     IFACE   rxpck/s   txpck/s    rxkB/s    txkB/s   rxcmp/s   txcmp/s  rxmcst/s   %ifutil
06:36:03 AM        lo      0.00      0.00      0.00      0.00      0.00      0.00      0.00      0.00
06:36:03 AM      eth0      0.00      0.00      0.00      0.00      0.00      0.00      0.00      0.00
06:36:03 AM   docker0      0.00      0.00      0.00      0.00      0.00      0.00      0.00      0.00
06:36:03 AM vethe4123a0      0.00      0.00      0.00      0.00      0.00      0.00      0.00      0.00

06:36:03 AM     CPU     %user     %nice   %system   %iowait    %steal     %idle
06:36:04 AM     all      0.00      0.00      0.00      0.00      0.00    100.00

06:36:03 AM kbmemfree   kbavail kbmemused  %memused kbbuffers  kbcached  kbcommit   %commit  kbactive   kbinact   kbdirty
06:36:04 AM   3150716   5679416   1866840     23.54     85232   2617348   5521960     69.62   1960496   2512232        60

06:36:03 AM     IFACE   rxpck/s   txpck/s    rxkB/s    txkB/s   rxcmp/s   txcmp/s  rxmcst/s   %ifutil
06:36:04 AM        lo      0.00      0.00      0.00      0.00      0.00      0.00      0.00      0.00
06:36:04 AM      eth0      2.00      2.00      0.11      0.11      0.00      0.00      0.00      0.00
06:36:04 AM   docker0      0.00      0.00      0.00      0.00      0.00      0.00      0.00      0.00
06:36:04 AM vethe4123a0      0.00      0.00      0.00      0.00      0.00      0.00      0.00      0.00

06:36:04 AM     CPU     %user     %nice   %system   %iowait    %steal     %idle
06:36:05 AM     all      0.00      0.00      0.25      0.00      0.00     99.75

06:36:04 AM kbmemfree   kbavail kbmemused  %memused kbbuffers  kbcached  kbcommit   %commit  kbactive   kbinact   kbdirty
06:36:05 AM   3150716   5679416   1866840     23.54     85232   2617348   5521960     69.62   1960496   2512232        60

06:36:04 AM     IFACE   rxpck/s   txpck/s    rxkB/s    txkB/s   rxcmp/s   txcmp/s  rxmcst/s   %ifutil
06:36:05 AM        lo      0.00      0.00      0.00      0.00      0.00      0.00      0.00      0.00
06:36:05 AM      eth0      0.00      0.00      0.00      0.00      0.00      0.00      0.00      0.00
06:36:05 AM   docker0      0.00      0.00      0.00      0.00      0.00      0.00      0.00      0.00
06:36:05 AM vethe4123a0      0.00      0.00      0.00      0.00      0.00      0.00      0.00      0.00

06:36:05 AM     CPU     %user     %nice   %system   %iowait    %steal     %idle
06:36:06 AM     all      0.25      0.00      0.00      0.00      0.00     99.75

06:36:05 AM kbmemfree   kbavail kbmemused  %memused kbbuffers  kbcached  kbcommit   %commit  kbactive   kbinact   kbdirty
06:36:06 AM   3150716   5679416   1866840     23.54     85232   2617348   5521960     69.62   1960496   2512232        60

06:36:05 AM     IFACE   rxpck/s   txpck/s    rxkB/s    txkB/s   rxcmp/s   txcmp/s  rxmcst/s   %ifutil
06:36:06 AM        lo      0.00      0.00      0.00      0.00      0.00      0.00      0.00      0.00
06:36:06 AM      eth0      2.00      1.00      0.11      0.05      0.00      0.00      0.00      0.00
06:36:06 AM   docker0      0.00      0.00      0.00      0.00      0.00      0.00      0.00      0.00
06:36:06 AM vethe4123a0      0.00      0.00      0.00      0.00      0.00      0.00      0.00      0.00

06:36:06 AM     CPU     %user     %nice   %system   %iowait    %steal     %idle
06:36:07 AM     all      0.00      0.00      0.00      0.25      0.00     99.75

06:36:06 AM kbmemfree   kbavail kbmemused  %memused kbbuffers  kbcached  kbcommit   %commit  kbactive   kbinact   kbdirty
06:36:07 AM   3150716   5679420   1866852     23.54     85232   2617352   5521960     69.62   1960104   2512236        64

06:36:06 AM     IFACE   rxpck/s   txpck/s    rxkB/s    txkB/s   rxcmp/s   txcmp/s  rxmcst/s   %ifutil
06:36:07 AM        lo      0.00      0.00      0.00      0.00      0.00      0.00      0.00      0.00
06:36:07 AM      eth0      4.00      4.00      0.27      0.21      0.00      0.00      0.00      0.00
06:36:07 AM   docker0      0.00      0.00      0.00      0.00      0.00      0.00      0.00      0.00
06:36:07 AM vethe4123a0      0.00      0.00      0.00      0.00      0.00      0.00      0.00      0.00

06:36:07 AM     CPU     %user     %nice   %system   %iowait    %steal     %idle
06:36:08 AM     all      0.00      0.00      0.00      0.00      0.00    100.00

06:36:07 AM kbmemfree   kbavail kbmemused  %memused kbbuffers  kbcached  kbcommit   %commit  kbactive   kbinact   kbdirty
06:36:08 AM   3150716   5679420   1866852     23.54     85232   2617352   5521960     69.62   1960104   2512236        64

06:36:07 AM     IFACE   rxpck/s   txpck/s    rxkB/s    txkB/s   rxcmp/s   txcmp/s  rxmcst/s   %ifutil
06:36:08 AM        lo      0.00      0.00      0.00      0.00      0.00      0.00      0.00      0.00
06:36:08 AM      eth0      0.00      0.00      0.00      0.00      0.00      0.00      0.00      0.00
06:36:08 AM   docker0      0.00      0.00      0.00      0.00      0.00      0.00      0.00      0.00
06:36:08 AM vethe4123a0      0.00      0.00      0.00      0.00      0.00      0.00      0.00      0.00

06:36:08 AM     CPU     %user     %nice   %system   %iowait    %steal     %idle
06:36:09 AM     all      0.00      0.00      0.00      0.00      0.00    100.00

06:36:08 AM kbmemfree   kbavail kbmemused  %memused kbbuffers  kbcached  kbcommit   %commit  kbactive   kbinact   kbdirty
06:36:09 AM   3150716   5679420   1866852     23.54     85232   2617352   5521960     69.62   1960104   2512236        56

06:36:08 AM     IFACE   rxpck/s   txpck/s    rxkB/s    txkB/s   rxcmp/s   txcmp/s  rxmcst/s   %ifutil
06:36:09 AM        lo      0.00      0.00      0.00      0.00      0.00      0.00      0.00      0.00
06:36:09 AM      eth0      0.00      0.00      0.00      0.00      0.00      0.00      0.00      0.00
06:36:09 AM   docker0      0.00      0.00      0.00      0.00      0.00      0.00      0.00      0.00
06:36:09 AM vethe4123a0      0.00      0.00      0.00      0.00      0.00      0.00      0.00      0.00

06:36:09 AM     CPU     %user     %nice   %system   %iowait    %steal     %idle
06:36:10 AM     all      0.25      0.00      0.00      0.00      0.00     99.75

06:36:09 AM kbmemfree   kbavail kbmemused  %memused kbbuffers  kbcached  kbcommit   %commit  kbactive   kbinact   kbdirty
06:36:10 AM   3150716   5679420   1866852     23.54     85232   2617352   5521960     69.62   1960104   2512236        56

06:36:09 AM     IFACE   rxpck/s   txpck/s    rxkB/s    txkB/s   rxcmp/s   txcmp/s  rxmcst/s   %ifutil
06:36:10 AM        lo      0.00      0.00      0.00      0.00      0.00      0.00      0.00      0.00
06:36:10 AM      eth0      0.00      0.00      0.00      0.00      0.00      0.00      0.00      0.00
06:36:10 AM   docker0      0.00      0.00      0.00      0.00      0.00      0.00      0.00      0.00
06:36:10 AM vethe4123a0      0.00      0.00      0.00      0.00      0.00      0.00      0.00      0.00

06:36:10 AM     CPU     %user     %nice   %system   %iowait    %steal     %idle
06:36:11 AM     all      0.00      0.00      0.00      0.00      0.00    100.00

06:36:10 AM kbmemfree   kbavail kbmemused  %memused kbbuffers  kbcached  kbcommit   %commit  kbactive   kbinact   kbdirty
06:36:11 AM   3150716   5679420   1866852     23.54     85232   2617352   5521960     69.62   1960104   2512236        48

06:36:10 AM     IFACE   rxpck/s   txpck/s    rxkB/s    txkB/s   rxcmp/s   txcmp/s  rxmcst/s   %ifutil
06:36:11 AM        lo      0.00      0.00      0.00      0.00      0.00      0.00      0.00      0.00
06:36:11 AM      eth0      0.00      0.00      0.00      0.00      0.00      0.00      0.00      0.00
06:36:11 AM   docker0      0.00      0.00      0.00      0.00      0.00      0.00      0.00      0.00
06:36:11 AM vethe4123a0      0.00      0.00      0.00      0.00      0.00      0.00      0.00      0.00

06:36:11 AM     CPU     %user     %nice   %system   %iowait    %steal     %idle
06:36:12 AM     all      0.25      0.00      0.25      0.00      0.00     99.50

06:36:11 AM kbmemfree   kbavail kbmemused  %memused kbbuffers  kbcached  kbcommit   %commit  kbactive   kbinact   kbdirty
06:36:12 AM   3150716   5679420   1866848     23.54     85232   2617356   5521960     69.62   1960104   2512236        64

06:36:11 AM     IFACE   rxpck/s   txpck/s    rxkB/s    txkB/s   rxcmp/s   txcmp/s  rxmcst/s   %ifutil
06:36:12 AM        lo      0.00      0.00      0.00      0.00      0.00      0.00      0.00      0.00
06:36:12 AM      eth0      2.00      1.00      0.11      0.05      0.00      0.00      0.00      0.00
06:36:12 AM   docker0      0.00      0.00      0.00      0.00      0.00      0.00      0.00      0.00
06:36:12 AM vethe4123a0      0.00      0.00      0.00      0.00      0.00      0.00      0.00      0.00

06:36:12 AM     CPU     %user     %nice   %system   %iowait    %steal     %idle
06:36:13 AM     all      0.00      0.00      0.00      0.00      0.00    100.00

06:36:12 AM kbmemfree   kbavail kbmemused  %memused kbbuffers  kbcached  kbcommit   %commit  kbactive   kbinact   kbdirty
06:36:13 AM   3150716   5679420   1866848     23.54     85232   2617356   5521960     69.62   1960104   2512236        64

06:36:12 AM     IFACE   rxpck/s   txpck/s    rxkB/s    txkB/s   rxcmp/s   txcmp/s  rxmcst/s   %ifutil
06:36:13 AM        lo      0.00      0.00      0.00      0.00      0.00      0.00      0.00      0.00
06:36:13 AM      eth0      0.00      0.00      0.00      0.00      0.00      0.00      0.00      0.00
06:36:13 AM   docker0      0.00      0.00      0.00      0.00      0.00      0.00      0.00      0.00
06:36:13 AM vethe4123a0      0.00      0.00      0.00      0.00      0.00      0.00      0.00      0.00

06:36:13 AM     CPU     %user     %nice   %system   %iowait    %steal     %idle
06:36:14 AM     all      0.00      0.00      0.00      0.00      0.00    100.00

06:36:13 AM kbmemfree   kbavail kbmemused  %memused kbbuffers  kbcached  kbcommit   %commit  kbactive   kbinact   kbdirty
06:36:14 AM   3150716   5679420   1866848     23.54     85232   2617356   5521960     69.62   1960104   2512236        64

06:36:13 AM     IFACE   rxpck/s   txpck/s    rxkB/s    txkB/s   rxcmp/s   txcmp/s  rxmcst/s   %ifutil
06:36:14 AM        lo      0.00      0.00      0.00      0.00      0.00      0.00      0.00      0.00
06:36:14 AM      eth0      1.00      1.00      0.05      0.05      0.00      0.00      0.00      0.00
06:36:14 AM   docker0      0.00      0.00      0.00      0.00      0.00      0.00      0.00      0.00
06:36:14 AM vethe4123a0      0.00      0.00      0.00      0.00      0.00      0.00      0.00      0.00

06:36:14 AM     CPU     %user     %nice   %system   %iowait    %steal     %idle
06:36:15 AM     all      0.00      0.00      0.00      0.00      0.00    100.00

06:36:14 AM kbmemfree   kbavail kbmemused  %memused kbbuffers  kbcached  kbcommit   %commit  kbactive   kbinact   kbdirty
06:36:15 AM   3150464   5679168   1867100     23.54     85232   2617356   5521960     69.62   1960104   2512236        64

06:36:14 AM     IFACE   rxpck/s   txpck/s    rxkB/s    txkB/s   rxcmp/s   txcmp/s  rxmcst/s   %ifutil
06:36:15 AM        lo      0.00      0.00      0.00      0.00      0.00      0.00      0.00      0.00
06:36:15 AM      eth0      1.00      1.00      0.05      0.05      0.00      0.00      0.00      0.00
06:36:15 AM   docker0      0.00      0.00      0.00      0.00      0.00      0.00      0.00      0.00
06:36:15 AM vethe4123a0      0.00      0.00      0.00      0.00      0.00      0.00      0.00      0.00

06:36:15 AM     CPU     %user     %nice   %system   %iowait    %steal     %idle
06:36:16 AM     all      0.00      0.00      0.25      0.00      0.00     99.75

06:36:15 AM kbmemfree   kbavail kbmemused  %memused kbbuffers  kbcached  kbcommit   %commit  kbactive   kbinact   kbdirty
06:36:16 AM   3150464   5679168   1867100     23.54     85232   2617356   5521960     69.62   1960104   2512236        64

06:36:15 AM     IFACE   rxpck/s   txpck/s    rxkB/s    txkB/s   rxcmp/s   txcmp/s  rxmcst/s   %ifutil
06:36:16 AM        lo      0.00      0.00      0.00      0.00      0.00      0.00      0.00      0.00
06:36:16 AM      eth0      0.00      0.00      0.00      0.00      0.00      0.00      0.00      0.00
06:36:16 AM   docker0      0.00      0.00      0.00      0.00      0.00      0.00      0.00      0.00
06:36:16 AM vethe4123a0      0.00      0.00      0.00      0.00      0.00      0.00      0.00      0.00

Average:        CPU     %user     %nice   %system   %iowait    %steal     %idle
Average:        all      0.21      0.00      0.14      0.01      0.00     99.64

Average:    kbmemfree   kbavail kbmemused  %memused kbbuffers  kbcached  kbcommit   %commit  kbactive   kbinact   kbdirty
Average:      3148889   5677505   1868612     23.56     85232   2617270   5522359     69.62   1961191   2512149       119

Average:        IFACE   rxpck/s   txpck/s    rxkB/s    txkB/s   rxcmp/s   txcmp/s  rxmcst/s   %ifutil
Average:           lo     11.44     11.44      3.04      3.04      0.00      0.00      0.00      0.00
Average:         eth0     10.75     10.40      1.06      2.75      0.00      0.00      0.00      0.00
Average:      docker0      5.73      5.73      2.19      0.82      0.00      0.00      0.00      0.00
Average:    vethe4123a0      5.73      5.73      2.27      0.82      0.00      0.00      0.00      0.00