Linux 6.8.0-1054-gcp (zt-service-b)     05/19/26        _x86_64_        (4 CPU)

07:03:01        CPU     %user     %nice   %system   %iowait    %steal     %idle
07:03:02        all      9.43      0.00     10.92      0.00      7.69     71.96

07:03:01    kbmemfree   kbavail kbmemused  %memused kbbuffers  kbcached  kbcommit   %commit  kbactive   kbinact   kbdirty
07:03:02     14086860  15365540    657336      4.01     82180   1438588   2134048     13.03   1334492    719888       348

07:03:01        IFACE   rxpck/s   txpck/s    rxkB/s    txkB/s   rxcmp/s   txcmp/s  rxmcst/s   %ifutil
07:03:02           lo   2018.00   2018.00    458.93    458.93      0.00      0.00      0.00      0.00
07:03:02         ens4    405.00    403.00    304.27     68.78      0.00      0.00      0.00      0.00
07:03:02      docker0   1000.00   1000.00     80.08    368.55      0.00      0.00      0.00      0.00
07:03:02    veth58e3b24   1000.00   1000.00     93.75    368.55      0.00      0.00      0.00      0.03

07:03:02        CPU     %user     %nice   %system   %iowait    %steal     %idle
07:03:03        all      8.62      0.00     11.33      0.00      8.37     71.67

07:03:02    kbmemfree   kbavail kbmemused  %memused kbbuffers  kbcached  kbcommit   %commit  kbactive   kbinact   kbdirty
07:03:03     14085124  15363828    658860      4.02     82180   1438608   2137952     13.06   1336368    719912       368

07:03:02        IFACE   rxpck/s   txpck/s    rxkB/s    txkB/s   rxcmp/s   txcmp/s  rxmcst/s   %ifutil
07:03:03           lo   2003.00   2003.00    436.63    436.63      0.00      0.00      0.00      0.00
07:03:03         ens4    405.00    406.00    305.02     69.69      0.00      0.00      0.00      0.00
07:03:03      docker0   1000.00   1000.00     80.08    368.55      0.00      0.00      0.00      0.00
07:03:03    veth58e3b24   1000.00   1000.00     93.75    368.55      0.00      0.00      0.00      0.03

07:03:03        CPU     %user     %nice   %system   %iowait    %steal     %idle
07:03:04        all      8.58      0.00     11.52      0.00      8.82     71.08

07:03:03    kbmemfree   kbavail kbmemused  %memused kbbuffers  kbcached  kbcommit   %commit  kbactive   kbinact   kbdirty
07:03:04     14085124  15363848    658668      4.02     82180   1438628   2138160     13.06   1336780    719932       296

07:03:03        IFACE   rxpck/s   txpck/s    rxkB/s    txkB/s   rxcmp/s   txcmp/s  rxmcst/s   %ifutil
07:03:04           lo   2000.00   2000.00    434.96    434.96      0.00      0.00      0.00      0.00
07:03:04         ens4    408.00    409.00    304.47     69.41      0.00      0.00      0.00      0.00
07:03:04      docker0   1001.00   1002.00     80.14    368.69      0.00      0.00      0.00      0.00
07:03:04    veth58e3b24   1001.00   1002.00     93.82    368.69      0.00      0.00      0.00      0.03

07:03:04        CPU     %user     %nice   %system   %iowait    %steal     %idle
07:03:05        all      8.11      0.00     11.69      0.00     14.08     66.11

07:03:04    kbmemfree   kbavail kbmemused  %memused kbbuffers  kbcached  kbcommit   %commit  kbactive   kbinact   kbdirty
07:03:05     14090084  15368832    653444      3.99     82180   1438652   2136000     13.04   1336444    719956       344

07:03:04        IFACE   rxpck/s   txpck/s    rxkB/s    txkB/s   rxcmp/s   txcmp/s  rxmcst/s   %ifutil
07:03:05           lo   2000.00   2000.00    434.96    434.96      0.00      0.00      0.00      0.00
07:03:05         ens4    406.00    405.00    304.16     68.55      0.00      0.00      0.00      0.00
07:03:05      docker0   1000.00   1000.00     80.08    368.55      0.00      0.00      0.00      0.00
07:03:05    veth58e3b24   1000.00   1000.00     93.75    368.55      0.00      0.00      0.00      0.03

07:03:05        CPU     %user     %nice   %system   %iowait    %steal     %idle
07:03:06        all      8.23      0.00     12.11      0.00     10.41     69.25

07:03:05    kbmemfree   kbavail kbmemused  %memused kbbuffers  kbcached  kbcommit   %commit  kbactive   kbinact   kbdirty
07:03:06     14089832  15368604    653524      3.99     82180   1438668   2136000     13.04   1336580    719980       128

07:03:05        IFACE   rxpck/s   txpck/s    rxkB/s    txkB/s   rxcmp/s   txcmp/s  rxmcst/s   %ifutil
07:03:06           lo   2000.00   2000.00    434.96    434.96      0.00      0.00      0.00      0.00
07:03:06         ens4    403.00    401.00    303.88     68.21      0.00      0.00      0.00      0.00
07:03:06      docker0   1001.00   1001.00     80.13    370.13      0.00      0.00      0.00      0.00
07:03:06    veth58e3b24   1001.00   1001.00     93.81    370.13      0.00      0.00      0.00      0.03

07:03:06        CPU     %user     %nice   %system   %iowait    %steal     %idle
07:03:07        all      7.73      0.00      8.76      0.00      2.32     81.19

07:03:06    kbmemfree   kbavail kbmemused  %memused kbbuffers  kbcached  kbcommit   %commit  kbactive   kbinact   kbdirty
07:03:07     14089580  15368356    653508      3.99     82180   1438700   2136000     13.04   1336668    719984       148

07:03:06        IFACE   rxpck/s   txpck/s    rxkB/s    txkB/s   rxcmp/s   txcmp/s  rxmcst/s   %ifutil
07:03:07           lo   2000.00   2000.00    434.96    434.96      0.00      0.00      0.00      0.00
07:03:07         ens4    402.00    400.00    303.84     68.16      0.00      0.00      0.00      0.00
07:03:07      docker0   1000.00   1000.00     80.08    368.55      0.00      0.00      0.00      0.00
07:03:07    veth58e3b24   1000.00   1000.00     93.75    368.55      0.00      0.00      0.00      0.03

07:03:07        CPU     %user     %nice   %system   %iowait    %steal     %idle
07:03:08        all      7.91      0.00      9.18      0.00      2.04     80.87

07:03:07    kbmemfree   kbavail kbmemused  %memused kbbuffers  kbcached  kbcommit   %commit  kbactive   kbinact   kbdirty
07:03:08     14089084  15367896    653804      3.99     82180   1438720   2136000     13.04   1336872    720020       168

07:03:07        IFACE   rxpck/s   txpck/s    rxkB/s    txkB/s   rxcmp/s   txcmp/s  rxmcst/s   %ifutil
07:03:08           lo   2000.00   2000.00    434.96    434.96      0.00      0.00      0.00      0.00
07:03:08         ens4    400.00    400.00    303.71     68.16      0.00      0.00      0.00      0.00
07:03:08      docker0   1000.00   1000.00     80.08    368.55      0.00      0.00      0.00      0.00
07:03:08    veth58e3b24   1000.00   1000.00     93.75    368.55      0.00      0.00      0.00      0.03

07:03:08        CPU     %user     %nice   %system   %iowait    %steal     %idle
07:03:09        all      7.65      0.00      9.95      0.00      2.81     79.59

07:03:08    kbmemfree   kbavail kbmemused  %memused kbbuffers  kbcached  kbcommit   %commit  kbactive   kbinact   kbdirty
07:03:09     14089084  15367900    653600      3.99     82180   1438740   2136000     13.04   1336880    720024       188

07:03:08        IFACE   rxpck/s   txpck/s    rxkB/s    txkB/s   rxcmp/s   txcmp/s  rxmcst/s   %ifutil
07:03:09           lo   2000.00   2000.00    434.96    434.96      0.00      0.00      0.00      0.00
07:03:09         ens4    401.00    402.00    303.81     68.33      0.00      0.00      0.00      0.00
07:03:09      docker0   1000.00   1000.00     80.08    368.55      0.00      0.00      0.00      0.00
07:03:09    veth58e3b24   1000.00   1000.00     93.75    368.55      0.00      0.00      0.00      0.03

07:03:09        CPU     %user     %nice   %system   %iowait    %steal     %idle
07:03:10        all      7.27      0.00      8.31      0.00      1.04     83.38

07:03:09    kbmemfree   kbavail kbmemused  %memused kbbuffers  kbcached  kbcommit   %commit  kbactive   kbinact   kbdirty
07:03:10     14088832  15367696    653680      3.99     82180   1438760   2136000     13.04   1337116    720072       200

07:03:09        IFACE   rxpck/s   txpck/s    rxkB/s    txkB/s   rxcmp/s   txcmp/s  rxmcst/s   %ifutil
07:03:10           lo   2005.00   2005.00    435.35    435.35      0.00      0.00      0.00      0.00
07:03:10         ens4    406.00    405.00    307.75     69.09      0.00      0.00      0.00      0.00
07:03:10      docker0   1003.00   1002.00     80.37    368.68      0.00      0.00      0.00      0.00
07:03:10    veth58e3b24   1003.00   1002.00     94.08    368.68      0.00      0.00      0.00      0.03

07:03:10        CPU     %user     %nice   %system   %iowait    %steal     %idle
07:03:11        all      7.77      0.00     10.78      0.00      3.51     77.94

07:03:10    kbmemfree   kbavail kbmemused  %memused kbbuffers  kbcached  kbcommit   %commit  kbactive   kbinact   kbdirty
07:03:11     14088832  15367712    653572      3.99     82180   1438788   2136000     13.04   1337196    720088       244

07:03:10        IFACE   rxpck/s   txpck/s    rxkB/s    txkB/s   rxcmp/s   txcmp/s  rxmcst/s   %ifutil
07:03:11           lo   1995.00   1995.00    434.57    434.57      0.00      0.00      0.00      0.00
07:03:11         ens4    401.00    399.00    303.78     67.89      0.00      0.00      0.00      0.00
07:03:11      docker0    996.00    997.00     79.74    366.85      0.00      0.00      0.00      0.00
07:03:11    veth58e3b24    996.00    997.00     93.35    366.85      0.00      0.00      0.00      0.03

07:03:11        CPU     %user     %nice   %system   %iowait    %steal     %idle
07:03:12        all      8.10      0.00      9.62      0.00      4.56     77.72

07:03:11    kbmemfree   kbavail kbmemused  %memused kbbuffers  kbcached  kbcommit   %commit  kbactive   kbinact   kbdirty
07:03:12     14088832  15367712    653388      3.99     82180   1438816   2136000     13.04   1337196    720088       272

07:03:11        IFACE   rxpck/s   txpck/s    rxkB/s    txkB/s   rxcmp/s   txcmp/s  rxmcst/s   %ifutil
07:03:12           lo   2000.00   2000.00    434.96    434.96      0.00      0.00      0.00      0.00
07:03:12         ens4    404.00    401.00    303.95     68.21      0.00      0.00      0.00      0.00
07:03:12      docker0   1001.00   1001.00     80.13    370.13      0.00      0.00      0.00      0.00
07:03:12    veth58e3b24   1001.00   1001.00     93.81    370.13      0.00      0.00      0.00      0.03

07:03:12        CPU     %user     %nice   %system   %iowait    %steal     %idle
07:03:13        all      8.65      0.00     10.69      0.00      2.80     77.86

07:03:12    kbmemfree   kbavail kbmemused  %memused kbbuffers  kbcached  kbcommit   %commit  kbactive   kbinact   kbdirty
07:03:13     14088584  15367464    653468      3.99     82180   1438836   2136000     13.04   1337196    720088       292

07:03:12        IFACE   rxpck/s   txpck/s    rxkB/s    txkB/s   rxcmp/s   txcmp/s  rxmcst/s   %ifutil
07:03:13           lo   2005.00   2005.00    435.35    435.35      0.00      0.00      0.00      0.00
07:03:13         ens4    402.00    401.00    303.84     68.44      0.00      0.00      0.00      0.00
07:03:13      docker0   1003.00   1002.00     80.37    368.68      0.00      0.00      0.00      0.00
07:03:13    veth58e3b24   1003.00   1002.00     94.08    368.68      0.00      0.00      0.00      0.03

07:03:13        CPU     %user     %nice   %system   %iowait    %steal     %idle
07:03:14        all      7.18      0.00     10.00      0.00      2.31     80.51

07:03:13    kbmemfree   kbavail kbmemused  %memused kbbuffers  kbcached  kbcommit   %commit  kbactive   kbinact   kbdirty
07:03:14     14088584  15367492    653292      3.99     82180   1438852   2136000     13.04   1337252    720116       292

07:03:13        IFACE   rxpck/s   txpck/s    rxkB/s    txkB/s   rxcmp/s   txcmp/s  rxmcst/s   %ifutil
07:03:14           lo   2000.00   2000.00    434.96    434.96      0.00      0.00      0.00      0.00
07:03:14         ens4    403.00    400.00    303.92     67.97      0.00      0.00      0.00      0.00
07:03:14      docker0   1000.00   1000.00     80.08    368.55      0.00      0.00      0.00      0.00
07:03:14    veth58e3b24   1000.00   1000.00     93.75    368.55      0.00      0.00      0.00      0.03

07:03:14        CPU     %user     %nice   %system   %iowait    %steal     %idle
07:03:15        all      7.71      0.00      8.74      0.00      1.03     82.52

07:03:14    kbmemfree   kbavail kbmemused  %memused kbbuffers  kbcached  kbcommit   %commit  kbactive   kbinact   kbdirty
07:03:15     14088584  15367516    653072      3.99     82180   1438880   2136000     13.04   1337288    720140       336

07:03:14        IFACE   rxpck/s   txpck/s    rxkB/s    txkB/s   rxcmp/s   txcmp/s  rxmcst/s   %ifutil
07:03:15           lo   1999.00   1999.00    434.77    434.77      0.00      0.00      0.00      0.00
07:03:15         ens4    400.00    400.00    303.71     68.16      0.00      0.00      0.00      0.00
07:03:15      docker0    997.00    998.00     79.79    368.43      0.00      0.00      0.00      0.00
07:03:15    veth58e3b24    997.00    998.00     93.42    368.43      0.00      0.00      0.00      0.03

07:03:15        CPU     %user     %nice   %system   %iowait    %steal     %idle
07:03:16        all      7.99      0.00      8.51      0.26      2.06     81.19

07:03:15    kbmemfree   kbavail kbmemused  %memused kbbuffers  kbcached  kbcommit   %commit  kbactive   kbinact   kbdirty
07:03:16     14088084  15367016    653372      3.99     82180   1438904   2136000     13.04   1337288    720140       360

07:03:15        IFACE   rxpck/s   txpck/s    rxkB/s    txkB/s   rxcmp/s   txcmp/s  rxmcst/s   %ifutil
07:03:16           lo   1985.15   1985.15    431.04    431.04      0.00      0.00      0.00      0.00
07:03:16         ens4    399.01    398.02    300.91     67.84      0.00      0.00      0.00      0.00
07:03:16      docker0    993.07    992.08     79.57    365.03      0.00      0.00      0.00      0.00
07:03:16    veth58e3b24    993.07    992.08     93.15    365.03      0.00      0.00      0.00      0.03

07:03:16        CPU     %user     %nice   %system   %iowait    %steal     %idle
07:03:17        all      7.77      0.00      9.07      0.00      1.04     82.12

07:03:16    kbmemfree   kbavail kbmemused  %memused kbbuffers  kbcached  kbcommit   %commit  kbactive   kbinact   kbdirty
07:03:17     14087696  15366680    653604      3.99     82180   1438928   2136000     13.04   1337280    720204       384

07:03:16        IFACE   rxpck/s   txpck/s    rxkB/s    txkB/s   rxcmp/s   txcmp/s  rxmcst/s   %ifutil
07:03:17           lo   2005.00   2005.00    435.21    435.21      0.00      0.00      0.00      0.00
07:03:17         ens4    410.00    408.00    305.38     70.12      0.00      0.00      0.00      0.00
07:03:17      docker0   1000.00   1000.00     80.08    368.55      0.00      0.00      0.00      0.00
07:03:17    veth58e3b24   1000.00   1000.00     93.75    368.55      0.00      0.00      0.00      0.03

07:03:17        CPU     %user     %nice   %system   %iowait    %steal     %idle
07:03:18        all      8.16      0.00      9.95      0.00      1.28     80.61

07:03:17    kbmemfree   kbavail kbmemused  %memused kbbuffers  kbcached  kbcommit   %commit  kbactive   kbinact   kbdirty
07:03:18     14088448  15367480    652724      3.99     82180   1438944   2136000     13.04   1337228    720252       524

07:03:17        IFACE   rxpck/s   txpck/s    rxkB/s    txkB/s   rxcmp/s   txcmp/s  rxmcst/s   %ifutil
07:03:18           lo   1998.00   1998.00    434.86    434.86      0.00      0.00      0.00      0.00
07:03:18         ens4    414.00    410.00    305.73     70.02      0.00      0.00      0.00      0.00
07:03:18      docker0    999.00    999.00     80.03    368.49      0.00      0.00      0.00      0.00
07:03:18    veth58e3b24    999.00    999.00     93.69    368.49      0.00      0.00      0.00      0.03

07:03:18        CPU     %user     %nice   %system   %iowait    %steal     %idle
07:03:19        all      7.73      0.00     10.05      0.00      2.58     79.64

07:03:18    kbmemfree   kbavail kbmemused  %memused kbbuffers  kbcached  kbcommit   %commit  kbactive   kbinact   kbdirty
07:03:19     14088200  15367244    652800      3.99     82180   1438976   2136000     13.04   1337284    720264       684

07:03:18        IFACE   rxpck/s   txpck/s    rxkB/s    txkB/s   rxcmp/s   txcmp/s  rxmcst/s   %ifutil
07:03:19           lo   2002.00   2002.00    435.06    435.06      0.00      0.00      0.00      0.00
07:03:19         ens4    420.00    421.00    307.29     77.89      0.00      0.00      0.00      0.00
07:03:19      docker0   1001.00   1001.00     80.13    368.62      0.00      0.00      0.00      0.00
07:03:19    veth58e3b24   1001.00   1001.00     93.81    368.62      0.00      0.00      0.00      0.03

07:03:19        CPU     %user     %nice   %system   %iowait    %steal     %idle
07:03:20        all     11.34      0.00     12.34      0.00      6.55     69.77

07:03:19    kbmemfree   kbavail kbmemused  %memused kbbuffers  kbcached  kbcommit   %commit  kbactive   kbinact   kbdirty
07:03:20     14095036  15374116    645836      3.94     82180   1438996   2132096     13.02   1336508    720300       736

07:03:19        IFACE   rxpck/s   txpck/s    rxkB/s    txkB/s   rxcmp/s   txcmp/s  rxmcst/s   %ifutil
07:03:20           lo   2000.00   2000.00    434.96    434.96      0.00      0.00      0.00      0.00
07:03:20         ens4    447.00    441.00    308.30    410.50      0.00      0.00      0.00      0.00
07:03:20      docker0   1000.00   1000.00     80.08    368.55      0.00      0.00      0.00      0.00
07:03:20    veth58e3b24   1000.00   1000.00     93.75    368.55      0.00      0.00      0.00      0.03

07:03:20        CPU     %user     %nice   %system   %iowait    %steal     %idle
07:03:21        all      7.95      0.00      9.74      0.00      2.82     79.49

07:03:20    kbmemfree   kbavail kbmemused  %memused kbbuffers  kbcached  kbcommit   %commit  kbactive   kbinact   kbdirty
07:03:21     14094784  15373868    645888      3.94     82180   1439024   2132096     13.02   1336508    720300       780

07:03:20        IFACE   rxpck/s   txpck/s    rxkB/s    txkB/s   rxcmp/s   txcmp/s  rxmcst/s   %ifutil
07:03:21           lo   2000.00   2000.00    434.96    434.96      0.00      0.00      0.00      0.00
07:03:21         ens4    400.00    400.00    303.71     68.16      0.00      0.00      0.00      0.00
07:03:21      docker0   1000.00   1000.00     80.08    368.55      0.00      0.00      0.00      0.00
07:03:21    veth58e3b24   1000.00   1000.00     93.75    368.55      0.00      0.00      0.00      0.03

07:03:21        CPU     %user     %nice   %system   %iowait    %steal     %idle
07:03:22        all      7.59      0.00      9.87      0.00      4.05     78.48

07:03:21    kbmemfree   kbavail kbmemused  %memused kbbuffers  kbcached  kbcommit   %commit  kbactive   kbinact   kbdirty
07:03:22     14094784  15373868    645736      3.94     82180   1439044   2132096     13.02   1336508    720300       800

07:03:21        IFACE   rxpck/s   txpck/s    rxkB/s    txkB/s   rxcmp/s   txcmp/s  rxmcst/s   %ifutil
07:03:22           lo   2000.00   2000.00    434.96    434.96      0.00      0.00      0.00      0.00
07:03:22         ens4    402.00    400.00    303.84     68.16      0.00      0.00      0.00      0.00
07:03:22      docker0   1000.00   1000.00     80.08    368.55      0.00      0.00      0.00      0.00
07:03:22    veth58e3b24   1000.00   1000.00     93.75    368.55      0.00      0.00      0.00      0.03

07:03:22        CPU     %user     %nice   %system   %iowait    %steal     %idle
07:03:23        all      8.02      0.00     10.53      0.00      5.51     75.94

07:03:22    kbmemfree   kbavail kbmemused  %memused kbbuffers  kbcached  kbcommit   %commit  kbactive   kbinact   kbdirty
07:03:23     14094784  15373904    645600      3.94     82180   1439068   2132096     13.02   1336612    720336       572

07:03:22        IFACE   rxpck/s   txpck/s    rxkB/s    txkB/s   rxcmp/s   txcmp/s  rxmcst/s   %ifutil
07:03:23           lo   1990.00   1990.00    432.79    432.79      0.00      0.00      0.00      0.00
07:03:23         ens4    554.00    549.00    312.64     78.79      0.00      0.00      0.00      0.00
07:03:23      docker0    995.00    995.00     79.68    366.71      0.00      0.00      0.00      0.00
07:03:23    veth58e3b24    995.00    995.00     93.28    366.71      0.00      0.00      0.00      0.03

07:03:23        CPU     %user     %nice   %system   %iowait    %steal     %idle
07:03:24        all      9.09      0.00     10.32      0.00     11.06     69.53

07:03:23    kbmemfree   kbavail kbmemused  %memused kbbuffers  kbcached  kbcommit   %commit  kbactive   kbinact   kbdirty
07:03:24     14094544  15373668    645700      3.94     82180   1439084   2132096     13.02   1336704    720364       588

07:03:23        IFACE   rxpck/s   txpck/s    rxkB/s    txkB/s   rxcmp/s   txcmp/s  rxmcst/s   %ifutil
07:03:24           lo   2010.00   2010.00    437.14    437.14      0.00      0.00      0.00      0.00
07:03:24         ens4    402.00    403.00    305.21     68.55      0.00      0.00      0.00      0.00
07:03:24      docker0   1005.00   1005.00     80.48    370.40      0.00      0.00      0.00      0.00
07:03:24    veth58e3b24   1005.00   1005.00     94.22    370.40      0.00      0.00      0.00      0.03

07:03:24        CPU     %user     %nice   %system   %iowait    %steal     %idle
07:03:25        all      8.31      0.00     10.69      0.00     13.54     67.46

07:03:24    kbmemfree   kbavail kbmemused  %memused kbbuffers  kbcached  kbcommit   %commit  kbactive   kbinact   kbdirty
07:03:25     14094292  15373448    645752      3.94     82180   1439116   2132096     13.02   1336792    720396       620

07:03:24        IFACE   rxpck/s   txpck/s    rxkB/s    txkB/s   rxcmp/s   txcmp/s  rxmcst/s   %ifutil
07:03:25           lo   2000.00   2000.00    434.96    434.96      0.00      0.00      0.00      0.00
07:03:25         ens4    401.00    400.00    303.78     68.16      0.00      0.00      0.00      0.00
07:03:25      docker0   1000.00   1000.00     80.08    368.55      0.00      0.00      0.00      0.00
07:03:25    veth58e3b24   1000.00   1000.00     93.75    368.55      0.00      0.00      0.00      0.03

07:03:25        CPU     %user     %nice   %system   %iowait    %steal     %idle
07:03:26        all      8.18      0.00     11.92      0.23     15.42     64.25

07:03:25    kbmemfree   kbavail kbmemused  %memused kbbuffers  kbcached  kbcommit   %commit  kbactive   kbinact   kbdirty
07:03:26     14094292  15373468    645564      3.94     82180   1439136   2132096     13.02   1336832    720416       644

07:03:25        IFACE   rxpck/s   txpck/s    rxkB/s    txkB/s   rxcmp/s   txcmp/s  rxmcst/s   %ifutil
07:03:26           lo   2000.00   2000.00    434.96    434.96      0.00      0.00      0.00      0.00
07:03:26         ens4    400.00    399.00    303.71     67.89      0.00      0.00      0.00      0.00
07:03:26      docker0    999.00    999.00     80.03    368.49      0.00      0.00      0.00      0.00
07:03:26    veth58e3b24    999.00    999.00     93.69    368.49      0.00      0.00      0.00      0.03

07:03:26        CPU     %user     %nice   %system   %iowait    %steal     %idle
07:03:27        all      8.69      0.00     11.50      0.00     16.67     63.15

07:03:26    kbmemfree   kbavail kbmemused  %memused kbbuffers  kbcached  kbcommit   %commit  kbactive   kbinact   kbdirty
07:03:27     14094292  15373492    645380      3.94     82180   1439156   2132096     13.02   1336928    720440       664

07:03:26        IFACE   rxpck/s   txpck/s    rxkB/s    txkB/s   rxcmp/s   txcmp/s  rxmcst/s   %ifutil
07:03:27           lo   2000.00   2000.00    434.96    434.96      0.00      0.00      0.00      0.00
07:03:27         ens4    402.00    400.00    303.84     68.16      0.00      0.00      0.00      0.00
07:03:27      docker0   1000.00   1000.00     80.08    368.55      0.00      0.00      0.00      0.00
07:03:27    veth58e3b24   1000.00   1000.00     93.75    368.55      0.00      0.00      0.00      0.03

07:03:27        CPU     %user     %nice   %system   %iowait    %steal     %idle
07:03:28        all      7.58      0.00     11.74      0.00      9.54     71.15

07:03:27    kbmemfree   kbavail kbmemused  %memused kbbuffers  kbcached  kbcommit   %commit  kbactive   kbinact   kbdirty
07:03:28     14094292  15373528    645256      3.94     82180   1439180   2132096     13.02   1336952    720476       688

07:03:27        IFACE   rxpck/s   txpck/s    rxkB/s    txkB/s   rxcmp/s   txcmp/s  rxmcst/s   %ifutil
07:03:28           lo   2000.00   2000.00    434.96    434.96      0.00      0.00      0.00      0.00
07:03:28         ens4    402.00    401.00    303.84     68.44      0.00      0.00      0.00      0.00
07:03:28      docker0   1001.00   1001.00     80.13    368.62      0.00      0.00      0.00      0.00
07:03:28    veth58e3b24   1001.00   1001.00     93.81    368.62      0.00      0.00      0.00      0.03

07:03:28        CPU     %user     %nice   %system   %iowait    %steal     %idle
07:03:29        all      7.59      0.00     10.89      0.00      6.84     74.68

07:03:28    kbmemfree   kbavail kbmemused  %memused kbbuffers  kbcached  kbcommit   %commit  kbactive   kbinact   kbdirty
07:03:29     14094292  15373548    645060      3.94     82180   1439208   2132096     13.02   1336992    720496       716

07:03:28        IFACE   rxpck/s   txpck/s    rxkB/s    txkB/s   rxcmp/s   txcmp/s  rxmcst/s   %ifutil
07:03:29           lo   2000.00   2000.00    434.96    434.96      0.00      0.00      0.00      0.00
07:03:29         ens4    401.00    401.00    303.77     68.22      0.00      0.00      0.00      0.00
07:03:29      docker0   1000.00   1000.00     80.08    368.55      0.00      0.00      0.00      0.00
07:03:29    veth58e3b24   1000.00   1000.00     93.75    368.55      0.00      0.00      0.00      0.03

07:03:29        CPU     %user     %nice   %system   %iowait    %steal     %idle
07:03:30        all      8.72      0.00     11.38      0.00      9.93     69.98

07:03:29    kbmemfree   kbavail kbmemused  %memused kbbuffers  kbcached  kbcommit   %commit  kbactive   kbinact   kbdirty
07:03:30     14094292  15373548    644900      3.94     82180   1439224   2132096     13.02   1336992    720496       732

07:03:29        IFACE   rxpck/s   txpck/s    rxkB/s    txkB/s   rxcmp/s   txcmp/s  rxmcst/s   %ifutil
07:03:30           lo   2000.00   2000.00    434.96    434.96      0.00      0.00      0.00      0.00
07:03:30         ens4    404.00    403.00    303.95     68.33      0.00      0.00      0.00      0.00
07:03:30      docker0   1000.00   1000.00     80.08    368.55      0.00      0.00      0.00      0.00
07:03:30    veth58e3b24   1000.00   1000.00     93.75    368.55      0.00      0.00      0.00      0.03

07:03:30        CPU     %user     %nice   %system   %iowait    %steal     %idle
07:03:31        all      8.07      0.00     11.98      0.24     11.00     68.70

07:03:30    kbmemfree   kbavail kbmemused  %memused kbbuffers  kbcached  kbcommit   %commit  kbactive   kbinact   kbdirty
07:03:31     14092540  15371824    646460      3.95     82180   1439244   2136000     13.04   1338788    720524       752

07:03:30        IFACE   rxpck/s   txpck/s    rxkB/s    txkB/s   rxcmp/s   txcmp/s  rxmcst/s   %ifutil
07:03:31           lo   2007.00   2007.00    435.33    435.33      0.00      0.00      0.00      0.00
07:03:31         ens4    410.00    407.00    306.78     70.26      0.00      0.00      0.00      0.00
07:03:31      docker0   1000.00   1000.00     80.08    368.55      0.00      0.00      0.00      0.00
07:03:31    veth58e3b24   1000.00   1000.00     93.75    368.55      0.00      0.00      0.00      0.03

07:03:31        CPU     %user     %nice   %system   %iowait    %steal     %idle
07:03:32        all      7.64      0.00     11.69      0.00     11.69     68.97

07:03:31    kbmemfree   kbavail kbmemused  %memused kbbuffers  kbcached  kbcommit   %commit  kbactive   kbinact   kbdirty
07:03:32     14095804  15375132    643016      3.93     82180   1439272   2132096     13.02   1337044    720568       872

07:03:31        IFACE   rxpck/s   txpck/s    rxkB/s    txkB/s   rxcmp/s   txcmp/s  rxmcst/s   %ifutil
07:03:32           lo   2002.00   2002.00    436.58    436.58      0.00      0.00      0.00      0.00
07:03:32         ens4    407.00    408.00    304.35     68.78      0.00      0.00      0.00      0.00
07:03:32      docker0   1001.00   1002.00     80.14    368.69      0.00      0.00      0.00      0.00
07:03:32    veth58e3b24   1001.00   1002.00     93.82    368.69      0.00      0.00      0.00      0.03

07:03:32        CPU     %user     %nice   %system   %iowait    %steal     %idle
07:03:33        all      8.35      0.00     10.67      0.00     18.10     62.88

07:03:32    kbmemfree   kbavail kbmemused  %memused kbbuffers  kbcached  kbcommit   %commit  kbactive   kbinact   kbdirty
07:03:33     14093032  15372376    645596      3.94     82180   1439296   2134048     13.03   1338620    720584       900

07:03:32        IFACE   rxpck/s   txpck/s    rxkB/s    txkB/s   rxcmp/s   txcmp/s  rxmcst/s   %ifutil
07:03:33           lo   1990.00   1990.00    432.79    432.79      0.00      0.00      0.00      0.00
07:03:33         ens4    401.00    399.00    302.39     67.93      0.00      0.00      0.00      0.00
07:03:33      docker0    997.00    997.00     79.92    368.35      0.00      0.00      0.00      0.00
07:03:33    veth58e3b24    997.00    997.00     93.55    368.35      0.00      0.00      0.00      0.03

07:03:33        CPU     %user     %nice   %system   %iowait    %steal     %idle
07:03:34        all      8.21      0.00     10.45      0.00      8.46     72.89

07:03:33    kbmemfree   kbavail kbmemused  %memused kbbuffers  kbcached  kbcommit   %commit  kbactive   kbinact   kbdirty
07:03:34     14093032  15372376    645432      3.94     82180   1439320   2134048     13.03   1338656    720584       248

07:03:33        IFACE   rxpck/s   txpck/s    rxkB/s    txkB/s   rxcmp/s   txcmp/s  rxmcst/s   %ifutil
07:03:34           lo   2005.00   2005.00    435.35    435.35      0.00      0.00      0.00      0.00
07:03:34         ens4    401.00    401.00    303.78     68.44      0.00      0.00      0.00      0.00
07:03:34      docker0   1002.00   1001.00     80.18    368.62      0.00      0.00      0.00      0.00
07:03:34    veth58e3b24   1002.00   1001.00     93.88    368.62      0.00      0.00      0.00      0.03

07:03:34        CPU     %user     %nice   %system   %iowait    %steal     %idle
07:03:35        all      8.10      0.00     10.63      0.00      5.06     76.20

07:03:34    kbmemfree   kbavail kbmemused  %memused kbbuffers  kbcached  kbcommit   %commit  kbactive   kbinact   kbdirty
07:03:35     14092780  15372140    645528      3.94     82180   1439344   2136000     13.04   1338880    720600       276

07:03:34        IFACE   rxpck/s   txpck/s    rxkB/s    txkB/s   rxcmp/s   txcmp/s  rxmcst/s   %ifutil
07:03:35           lo   2003.00   2003.00    435.13    435.13      0.00      0.00      0.00      0.00
07:03:35         ens4    406.00    405.00    305.49     70.64      0.00      0.00      0.00      0.00
07:03:35      docker0   1000.00   1000.00     80.08    368.55      0.00      0.00      0.00      0.00
07:03:35    veth58e3b24   1000.00   1000.00     93.75    368.55      0.00      0.00      0.00      0.03

07:03:35        CPU     %user     %nice   %system   %iowait    %steal     %idle
07:03:36        all      7.40      0.00      9.95      0.26      3.06     79.34

07:03:35    kbmemfree   kbavail kbmemused  %memused kbbuffers  kbcached  kbcommit   %commit  kbactive   kbinact   kbdirty
07:03:36     14092528  15371904    645716      3.94     82184   1439360   2136000     13.04   1338512    720616       296

07:03:35        IFACE   rxpck/s   txpck/s    rxkB/s    txkB/s   rxcmp/s   txcmp/s  rxmcst/s   %ifutil
07:03:36           lo   2002.00   2002.00    436.58    436.58      0.00      0.00      0.00      0.00
07:03:36         ens4    402.00    402.00    303.82     68.26      0.00      0.00      0.00      0.00
07:03:36      docker0   1001.00   1002.00     80.14    368.69      0.00      0.00      0.00      0.00
07:03:36    veth58e3b24   1001.00   1002.00     93.82    368.69      0.00      0.00      0.00      0.03

07:03:36        CPU     %user     %nice   %system   %iowait    %steal     %idle
07:03:37        all      7.98      0.00     10.72      0.00      7.48     73.82

07:03:36    kbmemfree   kbavail kbmemused  %memused kbbuffers  kbcached  kbcommit   %commit  kbactive   kbinact   kbdirty
07:03:37     14092528  15371952    645544      3.94     82184   1439388   2136000     13.04   1338536    720664       220

07:03:36        IFACE   rxpck/s   txpck/s    rxkB/s    txkB/s   rxcmp/s   txcmp/s  rxmcst/s   %ifutil
07:03:37           lo   2000.00   2000.00    434.96    434.96      0.00      0.00      0.00      0.00
07:03:37         ens4    401.00    402.00    303.77     69.37      0.00      0.00      0.00      0.00
07:03:37      docker0   1000.00   1000.00     80.08    368.55      0.00      0.00      0.00      0.00
07:03:37    veth58e3b24   1000.00   1000.00     93.75    368.55      0.00      0.00      0.00      0.03

07:03:37        CPU     %user     %nice   %system   %iowait    %steal     %idle
07:03:38        all      5.82      0.00      6.84      0.00      3.29     84.05

07:03:37    kbmemfree   kbavail kbmemused  %memused kbbuffers  kbcached  kbcommit   %commit  kbactive   kbinact   kbdirty
07:03:38     14092528  15371952    645452      3.94     82184   1439408   2136000     13.04   1338536    720664       240

07:03:37        IFACE   rxpck/s   txpck/s    rxkB/s    txkB/s   rxcmp/s   txcmp/s  rxmcst/s   %ifutil
07:03:38           lo   1315.00   1315.00    285.29    285.29      0.00      0.00      0.00      0.00
07:03:38         ens4    265.00    263.00    199.12     44.92      0.00      0.00      0.00      0.00
07:03:38      docker0    659.00    658.00     52.79    243.11      0.00      0.00      0.00      0.00
07:03:38    veth58e3b24    659.00    658.00     61.80    243.11      0.00      0.00      0.00      0.02

07:03:38        CPU     %user     %nice   %system   %iowait    %steal     %idle
07:03:39        all      0.50      0.00      0.25      0.00      0.25     99.00

07:03:38    kbmemfree   kbavail kbmemused  %memused kbbuffers  kbcached  kbcommit   %commit  kbactive   kbinact   kbdirty
07:03:39     14092528  15371952    645452      3.94     82184   1439408   2136000     13.04   1338536    720664       240

07:03:38        IFACE   rxpck/s   txpck/s    rxkB/s    txkB/s   rxcmp/s   txcmp/s  rxmcst/s   %ifutil
07:03:39           lo      0.00      0.00      0.00      0.00      0.00      0.00      0.00      0.00
07:03:39         ens4      0.00      1.00      0.00      1.15      0.00      0.00      0.00      0.00
07:03:39      docker0      0.00      0.00      0.00      0.00      0.00      0.00      0.00      0.00
07:03:39    veth58e3b24      0.00      0.00      0.00      0.00      0.00      0.00      0.00      0.00

07:03:39        CPU     %user     %nice   %system   %iowait    %steal     %idle
07:03:40        all      0.00      0.00      0.00      0.00      0.00    100.00

07:03:39    kbmemfree   kbavail kbmemused  %memused kbbuffers  kbcached  kbcommit   %commit  kbactive   kbinact   kbdirty
07:03:40     14092528  15371980    645452      3.94     82184   1439408   2136000     13.04   1338536    720692       232

07:03:39        IFACE   rxpck/s   txpck/s    rxkB/s    txkB/s   rxcmp/s   txcmp/s  rxmcst/s   %ifutil
07:03:40           lo      0.00      0.00      0.00      0.00      0.00      0.00      0.00      0.00
07:03:40         ens4      2.00      2.00      0.11      0.11      0.00      0.00      0.00      0.00
07:03:40      docker0      0.00      0.00      0.00      0.00      0.00      0.00      0.00      0.00
07:03:40    veth58e3b24      0.00      0.00      0.00      0.00      0.00      0.00      0.00      0.00

07:03:40        CPU     %user     %nice   %system   %iowait    %steal     %idle
07:03:41        all      0.25      0.00      0.00      0.00      0.00     99.75

07:03:40    kbmemfree   kbavail kbmemused  %memused kbbuffers  kbcached  kbcommit   %commit  kbactive   kbinact   kbdirty
07:03:41     14092528  15371980    645452      3.94     82184   1439408   2136000     13.04   1338536    720692       232

07:03:40        IFACE   rxpck/s   txpck/s    rxkB/s    txkB/s   rxcmp/s   txcmp/s  rxmcst/s   %ifutil
07:03:41           lo      0.00      0.00      0.00      0.00      0.00      0.00      0.00      0.00
07:03:41         ens4      0.00      0.00      0.00      0.00      0.00      0.00      0.00      0.00
07:03:41      docker0      0.00      0.00      0.00      0.00      0.00      0.00      0.00      0.00
07:03:41    veth58e3b24      0.00      0.00      0.00      0.00      0.00      0.00      0.00      0.00

07:03:41        CPU     %user     %nice   %system   %iowait    %steal     %idle
07:03:42        all      0.00      0.00      0.25      0.25      0.25     99.25

07:03:41    kbmemfree   kbavail kbmemused  %memused kbbuffers  kbcached  kbcommit   %commit  kbactive   kbinact   kbdirty
07:03:42     14092528  15371980    645452      3.94     82184   1439408   2136000     13.04   1338536    720692       176

07:03:41        IFACE   rxpck/s   txpck/s    rxkB/s    txkB/s   rxcmp/s   txcmp/s  rxmcst/s   %ifutil
07:03:42           lo      0.00      0.00      0.00      0.00      0.00      0.00      0.00      0.00
07:03:42         ens4      1.00      1.00      0.04      0.04      0.00      0.00      0.00      0.00
07:03:42      docker0      0.00      0.00      0.00      0.00      0.00      0.00      0.00      0.00
07:03:42    veth58e3b24      0.00      0.00      0.00      0.00      0.00      0.00      0.00      0.00

07:03:42        CPU     %user     %nice   %system   %iowait    %steal     %idle
07:03:43        all      2.25      0.00      3.75      0.00      0.50     93.50

07:03:42    kbmemfree   kbavail kbmemused  %memused kbbuffers  kbcached  kbcommit   %commit  kbactive   kbinact   kbdirty
07:03:43     14092528  15371980    645388      3.94     82184   1439420   2136000     13.04   1338536    720692       192

07:03:42        IFACE   rxpck/s   txpck/s    rxkB/s    txkB/s   rxcmp/s   txcmp/s  rxmcst/s   %ifutil
07:03:43           lo    660.00    660.00    143.54    143.54      0.00      0.00      0.00      0.00
07:03:43         ens4    265.00    200.00    109.32     28.49      0.00      0.00      0.00      0.00
07:03:43      docker0    330.00    330.00     26.43    121.62      0.00      0.00      0.00      0.00
07:03:43    veth58e3b24    330.00    330.00     30.94    121.62      0.00      0.00      0.00      0.01

07:03:43        CPU     %user     %nice   %system   %iowait    %steal     %idle
07:03:44        all      7.67      0.00      9.46      0.00      1.02     81.84

07:03:43    kbmemfree   kbavail kbmemused  %memused kbbuffers  kbcached  kbcommit   %commit  kbactive   kbinact   kbdirty
07:03:44     14091092  15370576    646408      3.95     82184   1439436   2136000     13.04   1338536    720692       212

07:03:43        IFACE   rxpck/s   txpck/s    rxkB/s    txkB/s   rxcmp/s   txcmp/s  rxmcst/s   %ifutil
07:03:44           lo   2085.00   2085.00    454.14    454.14      0.00      0.00      0.00      0.00
07:03:44         ens4    688.00    551.00    335.81     80.62      0.00      0.00      0.00      0.00
07:03:44      docker0   1042.00   1043.00     83.39    385.01      0.00      0.00      0.00      0.00
07:03:44    veth58e3b24   1042.00   1043.00     97.64    385.01      0.00      0.00      0.00      0.03

07:03:44        CPU     %user     %nice   %system   %iowait    %steal     %idle
07:03:45        all      7.51      0.00      9.33      0.00      1.55     81.61

07:03:44    kbmemfree   kbavail kbmemused  %memused kbbuffers  kbcached  kbcommit   %commit  kbactive   kbinact   kbdirty
07:03:45     14091092  15370576    646208      3.95     82184   1439464   2136000     13.04   1338536    720692       240

07:03:44        IFACE   rxpck/s   txpck/s    rxkB/s    txkB/s   rxcmp/s   txcmp/s  rxmcst/s   %ifutil
07:03:45           lo   2135.00   2135.00    463.63    463.63      0.00      0.00      0.00      0.00
07:03:45         ens4    428.00    427.00    324.97     72.87      0.00      0.00      0.00      0.00
07:03:45      docker0   1068.00   1067.00     85.57    392.64      0.00      0.00      0.00      0.00
07:03:45    veth58e3b24   1068.00   1067.00    100.18    392.64      0.00      0.00      0.00      0.03

07:03:45        CPU     %user     %nice   %system   %iowait    %steal     %idle
07:03:46        all      7.77      0.00     10.10      0.00      1.55     80.57

07:03:45    kbmemfree   kbavail kbmemused  %memused kbbuffers  kbcached  kbcommit   %commit  kbactive   kbinact   kbdirty
07:03:46     14091092  15370640    646052      3.95     82184   1439488   2136000     13.04   1338572    720756       264

07:03:45        IFACE   rxpck/s   txpck/s    rxkB/s    txkB/s   rxcmp/s   txcmp/s  rxmcst/s   %ifutil
07:03:46           lo   2214.00   2214.00    480.83    480.83      0.00      0.00      0.00      0.00
07:03:46         ens4    444.00    443.00    335.73     75.39      0.00      0.00      0.00      0.00
07:03:46      docker0   1105.00   1105.00     88.49    407.25      0.00      0.00      0.00      0.00
07:03:46    veth58e3b24   1105.00   1105.00    103.59    407.25      0.00      0.00      0.00      0.03

07:03:46        CPU     %user     %nice   %system   %iowait    %steal     %idle
07:03:47        all      9.27      0.00     10.78      0.25      4.51     75.19

07:03:46    kbmemfree   kbavail kbmemused  %memused kbbuffers  kbcached  kbcommit   %commit  kbactive   kbinact   kbdirty
07:03:47     14091092  15370640    645824      3.94     82184   1439516   2136000     13.04   1338572    720756       300

07:03:46        IFACE   rxpck/s   txpck/s    rxkB/s    txkB/s   rxcmp/s   txcmp/s  rxmcst/s   %ifutil
07:03:47           lo   2290.00   2290.00    498.03    498.03      0.00      0.00      0.00      0.00
07:03:47         ens4    461.00    458.00    346.55     78.05      0.00      0.00      0.00      0.00
07:03:47      docker0   1145.00   1145.00     91.69    422.00      0.00      0.00      0.00      0.00
07:03:47    veth58e3b24   1145.00   1145.00    107.34    422.00      0.00      0.00      0.00      0.03

07:03:47        CPU     %user     %nice   %system   %iowait    %steal     %idle
07:03:48        all     10.15      0.00     12.38      0.00      8.42     69.06

07:03:47    kbmemfree   kbavail kbmemused  %memused kbbuffers  kbcached  kbcommit   %commit  kbactive   kbinact   kbdirty
07:03:48     14091092  15370640    645644      3.94     82184   1439540   2136000     13.04   1338572    720756       324

07:03:47        IFACE   rxpck/s   txpck/s    rxkB/s    txkB/s   rxcmp/s   txcmp/s  rxmcst/s   %ifutil
07:03:48           lo   2355.00   2355.00    512.86    512.86      0.00      0.00      0.00      0.00
07:03:48         ens4    474.00    472.00    358.48     80.20      0.00      0.00      0.00      0.00
07:03:48      docker0   1177.00   1178.00     94.20    434.77      0.00      0.00      0.00      0.00
07:03:48    veth58e3b24   1177.00   1178.00    110.29    434.77      0.00      0.00      0.00      0.04

07:03:48        CPU     %user     %nice   %system   %iowait    %steal     %idle
07:03:49        all      9.07      0.00     12.34      0.00      7.05     71.54

07:03:48    kbmemfree   kbavail kbmemused  %memused kbbuffers  kbcached  kbcommit   %commit  kbactive   kbinact   kbdirty
07:03:49     14090844  15370452    645736      3.94     82184   1439572   2136000     13.04   1338540    720816       348

07:03:48        IFACE   rxpck/s   txpck/s    rxkB/s    txkB/s   rxcmp/s   txcmp/s  rxmcst/s   %ifutil
07:03:49           lo   2435.00   2435.00    528.87    528.87      0.00      0.00      0.00      0.00
07:03:49         ens4    491.00    487.00    369.33     83.10      0.00      0.00      0.00      0.00
07:03:49      docker0   1218.00   1217.00     97.59    447.92      0.00      0.00      0.00      0.00
07:03:49    veth58e3b24   1218.00   1217.00    114.24    447.92      0.00      0.00      0.00      0.04

07:03:49        CPU     %user     %nice   %system   %iowait    %steal     %idle
07:03:50        all      8.54      0.00     12.56      0.00      4.27     74.62

07:03:49    kbmemfree   kbavail kbmemused  %memused kbbuffers  kbcached  kbcommit   %commit  kbactive   kbinact   kbdirty
07:03:50     14090844  15370452    645640      3.94     82184   1439596   2136000     13.04   1338540    720816       372

07:03:49        IFACE   rxpck/s   txpck/s    rxkB/s    txkB/s   rxcmp/s   txcmp/s  rxmcst/s   %ifutil
07:03:50           lo   2510.00   2510.00    545.88    545.88      0.00      0.00      0.00      0.00
07:03:50         ens4    505.00    502.00    381.35     85.55      0.00      0.00      0.00      0.00
07:03:50      docker0   1255.00   1255.00    100.50    462.54      0.00      0.00      0.00      0.00
07:03:50    veth58e3b24   1255.00   1255.00    117.66    462.54      0.00      0.00      0.00      0.04

07:03:50        CPU     %user     %nice   %system   %iowait    %steal     %idle
07:03:51        all      9.62      0.00     12.66      0.00      4.30     73.42

07:03:50    kbmemfree   kbavail kbmemused  %memused kbbuffers  kbcached  kbcommit   %commit  kbactive   kbinact   kbdirty
07:03:51     14089840  15369532    646476      3.95     82184   1439624   2136000     13.04   1338552    720896       376

07:03:50        IFACE   rxpck/s   txpck/s    rxkB/s    txkB/s   rxcmp/s   txcmp/s  rxmcst/s   %ifutil
07:03:51           lo   2580.00   2580.00    561.10    561.10      0.00      0.00      0.00      0.00
07:03:51         ens4    516.00    516.00    391.79     88.81      0.00      0.00      0.00      0.00
07:03:51      docker0   1289.00   1289.00    103.25    475.37      0.00      0.00      0.00      0.00
07:03:51    veth58e3b24   1289.00   1289.00    120.87    475.37      0.00      0.00      0.00      0.04

07:03:51        CPU     %user     %nice   %system   %iowait    %steal     %idle
07:03:52        all      9.67      0.00     12.98      0.25      6.87     70.23

07:03:51    kbmemfree   kbavail kbmemused  %memused kbbuffers  kbcached  kbcommit   %commit  kbactive   kbinact   kbdirty
07:03:52     14089592  15369300    646604      3.95     82184   1439656   2136000     13.04   1338552    720912       400

07:03:51        IFACE   rxpck/s   txpck/s    rxkB/s    txkB/s   rxcmp/s   txcmp/s  rxmcst/s   %ifutil
07:03:52           lo   2655.00   2655.00    578.11    578.11      0.00      0.00      0.00      0.00
07:03:52         ens4    535.00    533.00    404.14     90.73      0.00      0.00      0.00      0.00
07:03:52      docker0   1326.00   1326.00    106.15    488.40      0.00      0.00      0.00      0.00
07:03:52    veth58e3b24   1326.00   1326.00    124.28    488.40      0.00      0.00      0.00      0.04

07:03:52        CPU     %user     %nice   %system   %iowait    %steal     %idle
07:03:53        all     11.06      0.00     12.81      0.00      4.77     71.36

07:03:52    kbmemfree   kbavail kbmemused  %memused kbbuffers  kbcached  kbcommit   %commit  kbactive   kbinact   kbdirty
07:03:53     14086572  15366340    649484      3.97     82184   1439684   2139904     13.07   1340388    720972       428

07:03:52        IFACE   rxpck/s   txpck/s    rxkB/s    txkB/s   rxcmp/s   txcmp/s  rxmcst/s   %ifutil
07:03:53           lo   2730.00   2730.00    593.72    593.72      0.00      0.00      0.00      0.00
07:03:53         ens4    556.00    556.00    416.30     95.38      0.00      0.00      0.00      0.00
07:03:53      docker0   1367.00   1368.00    109.42    504.79      0.00      0.00      0.00      0.00
07:03:53    veth58e3b24   1367.00   1368.00    128.11    504.79      0.00      0.00      0.00      0.04

07:03:53        CPU     %user     %nice   %system   %iowait    %steal     %idle
07:03:54        all     10.49      0.00     12.53      0.00      4.09     72.89

07:03:53    kbmemfree   kbavail kbmemused  %memused kbbuffers  kbcached  kbcommit   %commit  kbactive   kbinact   kbdirty
07:03:54     14090864  15370644    645028      3.94     82184   1439716   2136000     13.04   1338560    720984       580

07:03:53        IFACE   rxpck/s   txpck/s    rxkB/s    txkB/s   rxcmp/s   txcmp/s  rxmcst/s   %ifutil
07:03:54           lo   2800.00   2800.00    608.95    608.95      0.00      0.00      0.00      0.00
07:03:54         ens4    566.00    563.00    425.69     95.65      0.00      0.00      0.00      0.00
07:03:54      docker0   1400.00   1400.00    112.11    515.98      0.00      0.00      0.00      0.00
07:03:54    veth58e3b24   1400.00   1400.00    131.25    515.98      0.00      0.00      0.00      0.04

07:03:54        CPU     %user     %nice   %system   %iowait    %steal     %idle
07:03:55        all     10.69      0.00     13.23      0.00      4.33     71.76

07:03:54    kbmemfree   kbavail kbmemused  %memused kbbuffers  kbcached  kbcommit   %commit  kbactive   kbinact   kbdirty
07:03:55     14090368  15370184    645336      3.94     82184   1439752   2136000     13.04   1338644    721020       616

07:03:54        IFACE   rxpck/s   txpck/s    rxkB/s    txkB/s   rxcmp/s   txcmp/s  rxmcst/s   %ifutil
07:03:55           lo   2880.00   2880.00    626.34    626.34      0.00      0.00      0.00      0.00
07:03:55         ens4    579.00    576.00    437.54     98.16      0.00      0.00      0.00      0.00
07:03:55      docker0   1440.00   1440.00    115.31    530.72      0.00      0.00      0.00      0.00
07:03:55    veth58e3b24   1440.00   1440.00    135.00    530.72      0.00      0.00      0.00      0.04

07:03:55        CPU     %user     %nice   %system   %iowait    %steal     %idle
07:03:56        all     10.54      0.00     13.62      0.00      2.83     73.01

07:03:55    kbmemfree   kbavail kbmemused  %memused kbbuffers  kbcached  kbcommit   %commit  kbactive   kbinact   kbdirty
07:03:56     14090368  15370228    645136      3.94     82184   1439788   2136000     13.04   1338780    721064       652

07:03:55        IFACE   rxpck/s   txpck/s    rxkB/s    txkB/s   rxcmp/s   txcmp/s  rxmcst/s   %ifutil
07:03:56           lo   2950.00   2950.00    641.57    641.57      0.00      0.00      0.00      0.00
07:03:56         ens4    593.00    590.00    448.17    100.54      0.00      0.00      0.00      0.00
07:03:56      docker0   1475.00   1475.00    118.12    543.62      0.00      0.00      0.00      0.00
07:03:56    veth58e3b24   1475.00   1475.00    138.28    543.62      0.00      0.00      0.00      0.04

07:03:56        CPU     %user     %nice   %system   %iowait    %steal     %idle
07:03:57        all     10.31      0.00     13.14      0.00      2.32     74.23

07:03:56    kbmemfree   kbavail kbmemused  %memused kbbuffers  kbcached  kbcommit   %commit  kbactive   kbinact   kbdirty
07:03:57     14090368  15370248    644920      3.94     82184   1439816   2136000     13.04   1338820    721084       716

07:03:56        IFACE   rxpck/s   txpck/s    rxkB/s    txkB/s   rxcmp/s   txcmp/s  rxmcst/s   %ifutil
07:03:57           lo   3028.00   3028.00    657.35    657.35      0.00      0.00      0.00      0.00
07:03:57         ens4    609.00    606.00    460.32    103.27      0.00      0.00      0.00      0.00
07:03:57      docker0   1513.00   1512.00    121.21    556.65      0.00      0.00      0.00      0.00
07:03:57    veth58e3b24   1513.00   1512.00    141.89    556.65      0.00      0.00      0.00      0.05

07:03:57        CPU     %user     %nice   %system   %iowait    %steal     %idle
07:03:58        all     10.62      0.00     12.44      0.00      2.59     74.35

07:03:57    kbmemfree   kbavail kbmemused  %memused kbbuffers  kbcached  kbcommit   %commit  kbactive   kbinact   kbdirty
07:03:58     14090368  15370268    644780      3.94     82184   1439852   2136000     13.04   1338860    721104       752

07:03:57        IFACE   rxpck/s   txpck/s    rxkB/s    txkB/s   rxcmp/s   txcmp/s  rxmcst/s   %ifutil
07:03:58           lo   3102.00   3102.00    675.80    675.80      0.00      0.00      0.00      0.00
07:03:58         ens4    621.00    619.00    470.82    105.38      0.00      0.00      0.00      0.00
07:03:58      docker0   1552.00   1553.00    124.23    572.97      0.00      0.00      0.00      0.00
07:03:58    veth58e3b24   1552.00   1553.00    145.45    572.97      0.00      0.00      0.00      0.05

07:03:58        CPU     %user     %nice   %system   %iowait    %steal     %idle
07:03:59        all     12.21      0.00     13.99      0.00      4.33     69.47

07:03:58    kbmemfree   kbavail kbmemused  %memused kbbuffers  kbcached  kbcommit   %commit  kbactive   kbinact   kbdirty
07:03:59     14089864  15369804    645156      3.94     82184   1439888   2136000     13.04   1338884    721140       788

07:03:58        IFACE   rxpck/s   txpck/s    rxkB/s    txkB/s   rxcmp/s   txcmp/s  rxmcst/s   %ifutil
07:03:59           lo   3170.00   3170.00    689.41    689.41      0.00      0.00      0.00      0.00
07:03:59         ens4    636.00    635.00    481.51    108.32      0.00      0.00      0.00      0.00
07:03:59      docker0   1584.00   1584.00    126.87    582.58      0.00      0.00      0.00      0.00
07:03:59    veth58e3b24   1584.00   1584.00    148.53    582.58      0.00      0.00      0.00      0.05

07:03:59        CPU     %user     %nice   %system   %iowait    %steal     %idle
07:04:00        all     14.32      0.00     15.80      0.00     10.12     59.75

07:03:59    kbmemfree   kbavail kbmemused  %memused kbbuffers  kbcached  kbcommit   %commit  kbactive   kbinact   kbdirty
07:04:00     14088124  15368160    646712      3.95     82184   1439928   2136000     13.04   1339980    721236       828

07:03:59        IFACE   rxpck/s   txpck/s    rxkB/s    txkB/s   rxcmp/s   txcmp/s  rxmcst/s   %ifutil
07:04:00           lo   3255.00   3255.00    714.78    714.78      0.00      0.00      0.00      0.00
07:04:00         ens4    660.00    655.00    494.39    112.64      0.00      0.00      0.00      0.00
07:04:00      docker0   1626.00   1626.00    130.18    600.48      0.00      0.00      0.00      0.00
07:04:00    veth58e3b24   1626.00   1626.00    152.41    600.48      0.00      0.00      0.00      0.05

07:04:00        CPU     %user     %nice   %system   %iowait    %steal     %idle
07:04:01        all     13.01      0.00     15.05      0.00      4.34     67.60

07:04:00    kbmemfree   kbavail kbmemused  %memused kbbuffers  kbcached  kbcommit   %commit  kbactive   kbinact   kbdirty
07:04:01     14085856  15365912    648840      3.96     82184   1439956   2139904     13.07   1341704    721256       856

07:04:00        IFACE   rxpck/s   txpck/s    rxkB/s    txkB/s   rxcmp/s   txcmp/s  rxmcst/s   %ifutil
07:04:01           lo   3325.00   3325.00    722.43    722.43      0.00      0.00      0.00      0.00
07:04:01         ens4    675.00    672.00    507.25    115.53      0.00      0.00      0.00      0.00
07:04:01      docker0   1663.00   1662.00    133.22    611.93      0.00      0.00      0.00      0.00
07:04:01    veth58e3b24   1663.00   1662.00    155.96    611.93      0.00      0.00      0.00      0.05

07:04:01        CPU     %user     %nice   %system   %iowait    %steal     %idle
07:04:02        all     13.57      0.00     16.33      0.00      7.54     62.56

07:04:01    kbmemfree   kbavail kbmemused  %memused kbbuffers  kbcached  kbcommit   %commit  kbactive   kbinact   kbdirty
07:04:02     14088696  15368796    645768      3.94     82184   1440000   2136000     13.04   1339928    721300       900

07:04:01        IFACE   rxpck/s   txpck/s    rxkB/s    txkB/s   rxcmp/s   txcmp/s  rxmcst/s   %ifutil
07:04:02           lo   3412.00   3412.00    762.95    762.95      0.00      0.00      0.00      0.00
07:04:02         ens4    695.00    689.00    516.30    116.75      0.00      0.00      0.00      0.00
07:04:02      docker0   1697.00   1698.00    135.84    626.41      0.00      0.00      0.00      0.00
07:04:02    veth58e3b24   1697.00   1698.00    159.04    626.41      0.00      0.00      0.00      0.05

07:04:02        CPU     %user     %nice   %system   %iowait    %steal     %idle
07:04:03        all     12.93      0.00     16.10      0.00     11.95     59.02

07:04:02    kbmemfree   kbavail kbmemused  %memused kbbuffers  kbcached  kbcommit   %commit  kbactive   kbinact   kbdirty
07:04:03     14087944  15368064    646284      3.95     82184   1440032   2136000     13.04   1339932    721320       932

07:04:02        IFACE   rxpck/s   txpck/s    rxkB/s    txkB/s   rxcmp/s   txcmp/s  rxmcst/s   %ifutil
07:04:03           lo   3460.00   3460.00    752.48    752.48      0.00      0.00      0.00      0.00
07:04:03         ens4    698.00    693.00    528.59    117.99      0.00      0.00      0.00      0.00
07:04:03      docker0   1730.00   1730.00    138.54    637.60      0.00      0.00      0.00      0.00
07:04:03    veth58e3b24   1730.00   1730.00    162.19    637.60      0.00      0.00      0.00      0.05

07:04:03        CPU     %user     %nice   %system   %iowait    %steal     %idle
07:04:04        all     13.53      0.00     16.67      0.00     13.77     56.04

07:04:03    kbmemfree   kbavail kbmemused  %memused kbbuffers  kbcached  kbcommit   %commit  kbactive   kbinact   kbdirty
07:04:04     14087692  15367812    646340      3.95     82184   1440080   2136000     13.04   1339932    721320       984

07:04:03        IFACE   rxpck/s   txpck/s    rxkB/s    txkB/s   rxcmp/s   txcmp/s  rxmcst/s   %ifutil
07:04:04           lo   3560.00   3560.00    774.23    774.23      0.00      0.00      0.00      0.00
07:04:04         ens4    712.00    710.00    537.83    120.99      0.00      0.00      0.00      0.00
07:04:04      docker0   1779.00   1779.00    142.49    654.45      0.00      0.00      0.00      0.00
07:04:04    veth58e3b24   1779.00   1779.00    166.81    654.45      0.00      0.00      0.00      0.05

07:04:04        CPU     %user     %nice   %system   %iowait    %steal     %idle
07:04:05        all     14.00      0.00     16.71      0.00     13.02     56.27

07:04:04    kbmemfree   kbavail kbmemused  %memused kbbuffers  kbcached  kbcommit   %commit  kbactive   kbinact   kbdirty
07:04:05     14087692  15367880    646252      3.95     82184   1440120   2136000     13.04   1339976    721388       268

07:04:04        IFACE   rxpck/s   txpck/s    rxkB/s    txkB/s   rxcmp/s   txcmp/s  rxmcst/s   %ifutil
07:04:05           lo   3615.00   3615.00    785.50    785.50      0.00      0.00      0.00      0.00
07:04:05         ens4    728.00    729.00    548.65    123.97      0.00      0.00      0.00      0.00
07:04:05      docker0   1809.00   1808.00    144.88    666.95      0.00      0.00      0.00      0.00
07:04:05    veth58e3b24   1809.00   1808.00    169.62    666.95      0.00      0.00      0.00      0.05

07:04:05        CPU     %user     %nice   %system   %iowait    %steal     %idle
07:04:06        all     13.78      0.00     15.68      0.00     18.29     52.26

07:04:05    kbmemfree   kbavail kbmemused  %memused kbbuffers  kbcached  kbcommit   %commit  kbactive   kbinact   kbdirty
07:04:06     14087692  15367880    646072      3.95     82184   1440160   2136000     13.04   1339976    721388       308

07:04:05        IFACE   rxpck/s   txpck/s    rxkB/s    txkB/s   rxcmp/s   txcmp/s  rxmcst/s   %ifutil
07:04:06           lo   3695.00   3695.00    804.29    804.29      0.00      0.00      0.00      0.00
07:04:06         ens4    743.00    740.00    562.04    125.87      0.00      0.00      0.00      0.00
07:04:06      docker0   1845.00   1845.00    147.74    679.98      0.00      0.00      0.00      0.00
07:04:06    veth58e3b24   1845.00   1845.00    172.97    679.98      0.00      0.00      0.00      0.06

07:04:06        CPU     %user     %nice   %system   %iowait    %steal     %idle
07:04:07        all     13.94      0.00     16.87      0.00     12.22     56.97

07:04:06    kbmemfree   kbavail kbmemused  %memused kbbuffers  kbcached  kbcommit   %commit  kbactive   kbinact   kbdirty
07:04:07     14087216  15367444    646412      3.95     82184   1440196   2136000     13.04   1339964    721428       368

07:04:06        IFACE   rxpck/s   txpck/s    rxkB/s    txkB/s   rxcmp/s   txcmp/s  rxmcst/s   %ifutil
07:04:07           lo   3765.00   3765.00    818.12    818.12      0.00      0.00      0.00      0.00
07:04:07         ens4    759.00    754.00    572.83    128.50      0.00      0.00      0.00      0.00
07:04:07      docker0   1885.00   1885.00    150.95    694.73      0.00      0.00      0.00      0.00
07:04:07    veth58e3b24   1885.00   1885.00    176.72    694.73      0.00      0.00      0.00      0.06

07:04:07        CPU     %user     %nice   %system   %iowait    %steal     %idle
07:04:08        all     12.94      0.00     16.24      0.00      6.60     64.21

07:04:07    kbmemfree   kbavail kbmemused  %memused kbbuffers  kbcached  kbcommit   %commit  kbactive   kbinact   kbdirty
07:04:08     14086964  15367232    646556      3.95     82184   1440240   2136000     13.04   1339984    721468       412

07:04:07        IFACE   rxpck/s   txpck/s    rxkB/s    txkB/s   rxcmp/s   txcmp/s  rxmcst/s   %ifutil
07:04:08           lo   3835.00   3835.00    834.73    834.73      0.00      0.00      0.00      0.00
07:04:08         ens4    788.00    788.00    583.02    133.05      0.00      0.00      0.00      0.00
07:04:08      docker0   1917.00   1918.00    153.46    707.50      0.00      0.00      0.00      0.00
07:04:08    veth58e3b24   1917.00   1918.00    179.67    707.50      0.00      0.00      0.00      0.06

07:04:08        CPU     %user     %nice   %system   %iowait    %steal     %idle
07:04:09        all     13.64      0.00     16.41      0.00      7.32     62.63

07:04:08    kbmemfree   kbavail kbmemused  %memused kbbuffers  kbcached  kbcommit   %commit  kbactive   kbinact   kbdirty
07:04:09     14086500  15366812    646868      3.95     82184   1440288   2136000     13.04   1338760    721512       460

07:04:08        IFACE   rxpck/s   txpck/s    rxkB/s    txkB/s   rxcmp/s   txcmp/s  rxmcst/s   %ifutil
07:04:09           lo   3925.00   3925.00    852.92    852.92      0.00      0.00      0.00      0.00
07:04:09         ens4    820.00    816.00    598.98    135.66      0.00      0.00      0.00      0.00
07:04:09      docker0   1963.00   1962.00    157.24    722.50      0.00      0.00      0.00      0.00
07:04:09    veth58e3b24   1963.00   1962.00    184.08    722.50      0.00      0.00      0.00      0.06

07:04:09        CPU     %user     %nice   %system   %iowait    %steal     %idle
07:04:10        all     14.76      0.00     15.78      0.00      4.83     64.63

07:04:09    kbmemfree   kbavail kbmemused  %memused kbbuffers  kbcached  kbcommit   %commit  kbactive   kbinact   kbdirty
07:04:10     14087872  15368320    645380      3.94     82184   1440332   2132096     13.02   1336936    721648       500

07:04:09        IFACE   rxpck/s   txpck/s    rxkB/s    txkB/s   rxcmp/s   txcmp/s  rxmcst/s   %ifutil
07:04:10           lo   3987.00   3987.00    867.47    867.47      0.00      0.00      0.00      0.00
07:04:10         ens4    807.00    805.00    610.14    136.84      0.00      0.00      0.00      0.00
07:04:10      docker0   1994.00   1994.00    159.71    735.20      0.00      0.00      0.00      0.00
07:04:10    veth58e3b24   1994.00   1994.00    186.97    735.20      0.00      0.00      0.00      0.06

07:04:10        CPU     %user     %nice   %system   %iowait    %steal     %idle
07:04:11        all     14.32      0.00     16.83      0.00      8.29     60.55

07:04:10    kbmemfree   kbavail kbmemused  %memused kbbuffers  kbcached  kbcommit   %commit  kbactive   kbinact   kbdirty
07:04:11     14086896  15367348    646112      3.95     82184   1440380   2132096     13.02   1336936    721648       552

07:04:10        IFACE   rxpck/s   txpck/s    rxkB/s    txkB/s   rxcmp/s   txcmp/s  rxmcst/s   %ifutil
07:04:11           lo   4098.00   4098.00    891.55    891.55      0.00      0.00      0.00      0.00
07:04:11         ens4    824.00    819.00    621.45    139.44      0.00      0.00      0.00      0.00
07:04:11      docker0   2048.00   2049.00    163.92    755.47      0.00      0.00      0.00      0.00
07:04:11    veth58e3b24   2048.00   2049.00    191.92    755.47      0.00      0.00      0.00      0.06

07:04:11        CPU     %user     %nice   %system   %iowait    %steal     %idle
07:04:12        all     14.35      0.00     17.94      0.00     16.51     51.20

07:04:11    kbmemfree   kbavail kbmemused  %memused kbbuffers  kbcached  kbcommit   %commit  kbactive   kbinact   kbdirty
07:04:12     14086648  15367104    646164      3.95     82184   1440424   2132096     13.02   1336936    721648       600

07:04:11        IFACE   rxpck/s   txpck/s    rxkB/s    txkB/s   rxcmp/s   txcmp/s  rxmcst/s   %ifutil
07:04:12           lo   4162.38   4162.38    906.09    906.09      0.00      0.00      0.00      0.00
07:04:12         ens4    841.58    833.66    633.49    142.06      0.00      0.00      0.00      0.00
07:04:12      docker0   2079.21   2079.21    166.50    766.30      0.00      0.00      0.00      0.00
07:04:12    veth58e3b24   2079.21   2079.21    194.93    766.30      0.00      0.00      0.00      0.06

07:04:12        CPU     %user     %nice   %system   %iowait    %steal     %idle
07:04:13        all     13.99      0.00     16.32      0.00      3.63     66.06

07:04:12    kbmemfree   kbavail kbmemused  %memused kbbuffers  kbcached  kbcommit   %commit  kbactive   kbinact   kbdirty
07:04:13     14086648  15367104    646056      3.95     82184   1440468   2132096     13.02   1336936    721648       644

07:04:12        IFACE   rxpck/s   txpck/s    rxkB/s    txkB/s   rxcmp/s   txcmp/s  rxmcst/s   %ifutil
07:04:13           lo   4311.00   4311.00    937.39    937.39      0.00      0.00      0.00      0.00
07:04:13         ens4    867.00    862.00    656.21    146.89      0.00      0.00      0.00      0.00
07:04:13      docker0   2157.00   2158.00    172.68    795.95      0.00      0.00      0.00      0.00
07:04:13    veth58e3b24   2157.00   2158.00    202.17    795.95      0.00      0.00      0.00      0.07

07:04:13        CPU     %user     %nice   %system   %iowait    %steal     %idle
07:04:14        all     14.58      0.00     16.62      0.00      3.07     65.73

07:04:13    kbmemfree   kbavail kbmemused  %memused kbbuffers  kbcached  kbcommit   %commit  kbactive   kbinact   kbdirty
07:04:14     14086396  15366904    646176      3.95     82184   1440524   2132096     13.02   1336944    721700       700

07:04:13        IFACE   rxpck/s   txpck/s    rxkB/s    txkB/s   rxcmp/s   txcmp/s  rxmcst/s   %ifutil
07:04:14           lo   4440.00   4440.00    964.22    964.22      0.00      0.00      0.00      0.00
07:04:14         ens4    892.00    889.00    671.72    151.61      0.00      0.00      0.00      0.00
07:04:14      docker0   2221.00   2219.00    177.96    816.61      0.00      0.00      0.00      0.00
07:04:14    veth58e3b24   2221.00   2219.00    208.32    816.61      0.00      0.00      0.00      0.07

07:04:14        CPU     %user     %nice   %system   %iowait    %steal     %idle
07:04:15        all     12.50      0.00     15.62      0.00      1.04     70.83

07:04:14    kbmemfree   kbavail kbmemused  %memused kbbuffers  kbcached  kbcommit   %commit  kbactive   kbinact   kbdirty
07:04:15     14086396  15366964    646004      3.95     82184   1440576   2132096     13.02   1336944    721760       752

07:04:14        IFACE   rxpck/s   txpck/s    rxkB/s    txkB/s   rxcmp/s   txcmp/s  rxmcst/s   %ifutil
07:04:15           lo   4535.00   4535.00    986.97    986.97      0.00      0.00      0.00      0.00
07:04:15         ens4    916.00    907.00    689.94    154.46      0.00      0.00      0.00      0.00
07:04:15      docker0   2267.00   2268.00    181.49    836.49      0.00      0.00      0.00      0.00
07:04:15    veth58e3b24   2267.00   2268.00    212.48    836.49      0.00      0.00      0.00      0.07

07:04:15        CPU     %user     %nice   %system   %iowait    %steal     %idle
07:04:16        all     13.80      0.00     15.10      0.00      1.04     70.05

07:04:15    kbmemfree   kbavail kbmemused  %memused kbbuffers  kbcached  kbcommit   %commit  kbactive   kbinact   kbdirty
07:04:16     14086396  15367084    645872      3.94     82184   1440620   2132096     13.02   1336944    721880       764

07:04:15        IFACE   rxpck/s   txpck/s    rxkB/s    txkB/s   rxcmp/s   txcmp/s  rxmcst/s   %ifutil
07:04:16           lo   4654.00   4654.00   1011.49   1011.49      0.00      0.00      0.00      0.00
07:04:16         ens4    937.00    930.00    706.58    158.48      0.00      0.00      0.00      0.00
07:04:16      docker0   2325.00   2325.00    186.18    856.89      0.00      0.00      0.00      0.00
07:04:16    veth58e3b24   2325.00   2325.00    217.97    856.89      0.00      0.00      0.00      0.07

07:04:16        CPU     %user     %nice   %system   %iowait    %steal     %idle
07:04:17        all     13.54      0.00     17.45      0.00      1.04     67.97

07:04:16    kbmemfree   kbavail kbmemused  %memused kbbuffers  kbcached  kbcommit   %commit  kbactive   kbinact   kbdirty
07:04:17     14086172  15366860    645976      3.95     82184   1440676   2132096     13.02   1336944    721880       852

07:04:16        IFACE   rxpck/s   txpck/s    rxkB/s    txkB/s   rxcmp/s   txcmp/s  rxmcst/s   %ifutil
07:04:17           lo   4765.00   4765.00   1035.46   1035.46      0.00      0.00      0.00      0.00
07:04:17         ens4    962.00    953.00    723.46    162.07      0.00      0.00      0.00      0.00
07:04:17      docker0   2380.00   2380.00    190.59    877.16      0.00      0.00      0.00      0.00
07:04:17    veth58e3b24   2380.00   2380.00    223.13    877.16      0.00      0.00      0.00      0.07

07:04:17        CPU     %user     %nice   %system   %iowait    %steal     %idle
07:04:18        all     15.80      0.00     17.62      0.00      3.11     63.47

07:04:17    kbmemfree   kbavail kbmemused  %memused kbbuffers  kbcached  kbcommit   %commit  kbactive   kbinact   kbdirty
07:04:18     14085672  15366420    646340      3.95     82184   1440728   2132096     13.02   1336944    721940       904

07:04:17        IFACE   rxpck/s   txpck/s    rxkB/s    txkB/s   rxcmp/s   txcmp/s  rxmcst/s   %ifutil
07:04:18           lo   4876.00   4876.00   1059.59   1059.59      0.00      0.00      0.00      0.00
07:04:18         ens4    979.00    976.00    741.25    166.11      0.00      0.00      0.00      0.00
07:04:18      docker0   2437.00   2436.00    195.23    897.50      0.00      0.00      0.00      0.00
07:04:18    veth58e3b24   2437.00   2436.00    228.55    897.50      0.00      0.00      0.00      0.07

07:04:18        CPU     %user     %nice   %system   %iowait    %steal     %idle
07:04:19        all     15.62      0.00     17.71      0.00      2.60     64.06

07:04:18    kbmemfree   kbavail kbmemused  %memused kbbuffers  kbcached  kbcommit   %commit  kbactive   kbinact   kbdirty
07:04:19     14085672  15366504    646152      3.95     82184   1440784   2132096     13.02   1336944    722024      1088

07:04:18        IFACE   rxpck/s   txpck/s    rxkB/s    txkB/s   rxcmp/s   txcmp/s  rxmcst/s   %ifutil
07:04:19           lo   4979.00   4979.00   1084.38   1084.38      0.00      0.00      0.00      0.00
07:04:19         ens4   1014.00   1008.00    759.61    178.32      0.00      0.00      0.00      0.00
07:04:19      docker0   2490.00   2491.00    199.39    917.77      0.00      0.00      0.00      0.00
07:04:19    veth58e3b24   2491.00   2491.00    233.51    917.77      0.00      0.00      0.00      0.08

07:04:19        CPU     %user     %nice   %system   %iowait    %steal     %idle
07:04:20        all     24.94      0.00     23.65      0.00      4.11     47.30

07:04:19    kbmemfree   kbavail kbmemused  %memused kbbuffers  kbcached  kbcommit   %commit  kbactive   kbinact   kbdirty
07:04:20     14076636  15357640    654868      4.00     82184   1440844   2132096     13.02   1335436    722144      1148

07:04:19        IFACE   rxpck/s   txpck/s    rxkB/s    txkB/s   rxcmp/s   txcmp/s  rxmcst/s   %ifutil
07:04:20           lo   5110.00   5110.00   1110.24   1110.24      0.00      0.00      0.00      0.00
07:04:20         ens4   1075.00   1068.00    779.63    514.31      0.00      0.00      0.00      0.00
07:04:20      docker0   2555.00   2556.00    204.75    940.50      0.00      0.00      0.00      0.00
07:04:20    veth58e3b24   2554.00   2556.00    239.60    940.50      0.00      0.00      0.00      0.08

07:04:20        CPU     %user     %nice   %system   %iowait    %steal     %idle
07:04:21        all     17.35      0.00     19.64      0.00      5.10     57.91

07:04:20    kbmemfree   kbavail kbmemused  %memused kbbuffers  kbcached  kbcommit   %commit  kbactive   kbinact   kbdirty
07:04:21     14076188  15357228    655168      4.00     82184   1440900   2132096     13.02   1335344    722180      1204

07:04:20        IFACE   rxpck/s   txpck/s    rxkB/s    txkB/s   rxcmp/s   txcmp/s  rxmcst/s   %ifutil
07:04:21           lo   5199.00   5199.00   1130.85   1130.85      0.00      0.00      0.00      0.00
07:04:21         ens4   1047.00   1040.00    791.50    177.03      0.00      0.00      0.00      0.00
07:04:21      docker0   2599.00   2599.00    208.01    959.69      0.00      0.00      0.00      0.00
07:04:21    veth58e3b24   2599.00   2599.00    243.55    959.69      0.00      0.00      0.00      0.08

07:04:21        CPU     %user     %nice   %system   %iowait    %steal     %idle
07:04:22        all     17.01      0.00     20.88      0.00      6.19     55.93

07:04:21    kbmemfree   kbavail kbmemused  %memused kbbuffers  kbcached  kbcommit   %commit  kbactive   kbinact   kbdirty
07:04:22     14076188  15357240    654948      4.00     82184   1440948   2132096     13.02   1335396    722188      1252

07:04:21        IFACE   rxpck/s   txpck/s    rxkB/s    txkB/s   rxcmp/s   txcmp/s  rxmcst/s   %ifutil
07:04:22           lo   5326.00   5326.00   1157.44   1157.44      0.00      0.00      0.00      0.00
07:04:22         ens4   1070.00   1067.00    808.26    181.94      0.00      0.00      0.00      0.00
07:04:22      docker0   2664.00   2663.00    213.35    980.55      0.00      0.00      0.00      0.00
07:04:22    veth58e3b24   2664.00   2663.00    249.77    980.55      0.00      0.00      0.00      0.08

07:04:22        CPU     %user     %nice   %system   %iowait    %steal     %idle
07:04:23        all     17.18      0.00     19.49      0.00      4.62     58.72

07:04:22    kbmemfree   kbavail kbmemused  %memused kbbuffers  kbcached  kbcommit   %commit  kbactive   kbinact   kbdirty
07:04:23     14076188  15357324    654712      4.00     82184   1441024   2132096     13.02   1335492    722272      1328

07:04:22        IFACE   rxpck/s   txpck/s    rxkB/s    txkB/s   rxcmp/s   txcmp/s  rxmcst/s   %ifutil
07:04:23           lo   5438.00   5438.00   1181.48   1181.48      0.00      0.00      0.00      0.00
07:04:23         ens4   1090.00   1088.00    824.81    185.38      0.00      0.00      0.00      0.00
07:04:23      docker0   2718.00   2717.00    217.70   1000.75      0.00      0.00      0.00      0.00
07:04:23    veth58e3b24   2718.00   2717.00    254.86   1000.75      0.00      0.00      0.00      0.08

07:04:23        CPU     %user     %nice   %system   %iowait    %steal     %idle
07:04:24        all     17.19      0.00     19.53      0.00      4.69     58.59

07:04:23    kbmemfree   kbavail kbmemused  %memused kbbuffers  kbcached  kbcommit   %commit  kbactive   kbinact   kbdirty
07:04:24     14075936  15357136    654848      4.00     82184   1441072   2132228     13.02   1335124    722332      1376

07:04:23        IFACE   rxpck/s   txpck/s    rxkB/s    txkB/s   rxcmp/s   txcmp/s  rxmcst/s   %ifutil
07:04:24           lo   5542.00   5542.00   1206.46   1206.46      0.00      0.00      0.00      0.00
07:04:24         ens4   1116.00   1109.00    841.79    188.88      0.00      0.00      0.00      0.00
07:04:24      docker0   2770.00   2770.00    221.82   1020.90      0.00      0.00      0.00      0.00
07:04:24    veth58e3b24   2770.00   2770.00    259.69   1020.90      0.00      0.00      0.00      0.08

07:04:24        CPU     %user     %nice   %system   %iowait    %steal     %idle
07:04:25        all     16.88      0.00     19.74      0.00      2.60     60.78

07:04:24    kbmemfree   kbavail kbmemused  %memused kbbuffers  kbcached  kbcommit   %commit  kbactive   kbinact   kbdirty
07:04:25     14075936  15357196    654716      4.00     82184   1441144   2132228     13.02   1335164    722392      1188

07:04:24        IFACE   rxpck/s   txpck/s    rxkB/s    txkB/s   rxcmp/s   txcmp/s  rxmcst/s   %ifutil
07:04:25           lo   5640.00   5640.00   1226.59   1226.59      0.00      0.00      0.00      0.00
07:04:25         ens4   1137.00   1128.00    857.04    192.22      0.00      0.00      0.00      0.00
07:04:25      docker0   2822.00   2823.00    225.93   1041.04      0.00      0.00      0.00      0.00
07:04:25    veth58e3b24   2822.00   2823.00    264.51   1041.04      0.00      0.00      0.00      0.09

07:04:25        CPU     %user     %nice   %system   %iowait    %steal     %idle
07:04:26        all     17.01      0.00     20.36      0.00      2.84     59.79

07:04:25    kbmemfree   kbavail kbmemused  %memused kbbuffers  kbcached  kbcommit   %commit  kbactive   kbinact   kbdirty
07:04:26     14075464  15356764    655020      4.00     82184   1441200   2132228     13.02   1335184    722432      1244

07:04:25        IFACE   rxpck/s   txpck/s    rxkB/s    txkB/s   rxcmp/s   txcmp/s  rxmcst/s   %ifutil
07:04:26           lo   5765.00   5765.00   1253.08   1253.08      0.00      0.00      0.00      0.00
07:04:26         ens4   1157.00   1153.00    875.01    196.59      0.00      0.00      0.00      0.00
07:04:26      docker0   2883.00   2882.00    230.92   1061.57      0.00      0.00      0.00      0.00
07:04:26    veth58e3b24   2883.00   2882.00    270.33   1061.57      0.00      0.00      0.00      0.09

07:04:26        CPU     %user     %nice   %system   %iowait    %steal     %idle
07:04:27        all     17.95      0.00     21.54      0.00      3.33     57.18

07:04:26    kbmemfree   kbavail kbmemused  %memused kbbuffers  kbcached  kbcommit   %commit  kbactive   kbinact   kbdirty
07:04:27     14075464  15356892    654804      4.00     82184   1441272   2132228     13.02   1335236    722560      1320

07:04:26        IFACE   rxpck/s   txpck/s    rxkB/s    txkB/s   rxcmp/s   txcmp/s  rxmcst/s   %ifutil
07:04:27           lo   5870.00   5870.00   1278.00   1278.00      0.00      0.00      0.00      0.00
07:04:27         ens4   1186.00   1173.00    893.55    199.79      0.00      0.00      0.00      0.00
07:04:27      docker0   2934.00   2936.00    234.85   1083.29      0.00      0.00      0.00      0.00
07:04:27    veth58e3b24   2934.00   2936.00    274.96   1083.29      0.00      0.00      0.00      0.09

07:04:27        CPU     %user     %nice   %system   %iowait    %steal     %idle
07:04:28        all     16.80      0.00     20.47      0.00      2.10     60.63

07:04:27    kbmemfree   kbavail kbmemused  %memused kbbuffers  kbcached  kbcommit   %commit  kbactive   kbinact   kbdirty
07:04:28     14075464  15356900    654652      4.00     82184   1441336   2132360     13.02   1335236    722568      1316

07:04:27        IFACE   rxpck/s   txpck/s    rxkB/s    txkB/s   rxcmp/s   txcmp/s  rxmcst/s   %ifutil
07:04:28           lo   5985.00   5985.00   1300.93   1300.93      0.00      0.00      0.00      0.00
07:04:28         ens4   1204.00   1198.00    908.61    204.15      0.00      0.00      0.00      0.00
07:04:28      docker0   2993.00   2992.00    239.72   1102.11      0.00      0.00      0.00      0.00
07:04:28    veth58e3b24   2993.00   2992.00    280.64   1102.11      0.00      0.00      0.00      0.09

07:04:28        CPU     %user     %nice   %system   %iowait    %steal     %idle
07:04:29        all     18.44      0.00     20.26      0.00      2.60     58.70

07:04:28    kbmemfree   kbavail kbmemused  %memused kbbuffers  kbcached  kbcommit   %commit  kbactive   kbinact   kbdirty
07:04:29     14075464  15357036    654528      4.00     82184   1441400   2132360     13.02   1335460    722704      1380

07:04:28        IFACE   rxpck/s   txpck/s    rxkB/s    txkB/s   rxcmp/s   txcmp/s  rxmcst/s   %ifutil
07:04:29           lo   6100.00   6100.00   1326.63   1326.63      0.00      0.00      0.00      0.00
07:04:29         ens4   1227.00   1220.00    926.75    207.88      0.00      0.00      0.00      0.00
07:04:29      docker0   3048.00   3047.00    244.13   1122.38      0.00      0.00      0.00      0.00
07:04:29    veth58e3b24   3048.00   3047.00    285.80   1122.38      0.00      0.00      0.00      0.09

07:04:29        CPU     %user     %nice   %system   %iowait    %steal     %idle
07:04:30        all     18.39      0.00     21.76      0.00      5.44     54.40

07:04:29    kbmemfree   kbavail kbmemused  %memused kbbuffers  kbcached  kbcommit   %commit  kbactive   kbinact   kbdirty
07:04:30     14075464  15357100    654328      4.00     82184   1441476   2132496     13.02   1335696    722768      1456

07:04:29        IFACE   rxpck/s   txpck/s    rxkB/s    txkB/s   rxcmp/s   txcmp/s  rxmcst/s   %ifutil
07:04:30           lo   6203.00   6203.00   1348.55   1348.55      0.00      0.00      0.00      0.00
07:04:30         ens4   1256.00   1242.00    943.92    211.44      0.00      0.00      0.00      0.00
07:04:30      docker0   3102.00   3103.00    248.35   1144.23      0.00      0.00      0.00      0.00
07:04:30    veth58e3b24   3102.00   3103.00    290.76   1144.23      0.00      0.00      0.00      0.09

07:04:30        CPU     %user     %nice   %system   %iowait    %steal     %idle
07:04:31        all     19.49      0.00     22.05      0.00      3.59     54.87

07:04:30    kbmemfree   kbavail kbmemused  %memused kbbuffers  kbcached  kbcommit   %commit  kbactive   kbinact   kbdirty
07:04:31     14074992  15356656    654588      4.00     82184   1441544   2132496     13.02   1335732    722792      1524

07:04:30        IFACE   rxpck/s   txpck/s    rxkB/s    txkB/s   rxcmp/s   txcmp/s  rxmcst/s   %ifutil
07:04:31           lo   6324.00   6324.00   1374.68   1374.68      0.00      0.00      0.00      0.00
07:04:31         ens4   1275.00   1263.00    960.44    215.33      0.00      0.00      0.00      0.00
07:04:31      docker0   3160.00   3160.00    253.05   1164.63      0.00      0.00      0.00      0.00
07:04:31    veth58e3b24   3160.00   3160.00    296.25   1164.63      0.00      0.00      0.00      0.10

07:04:31        CPU     %user     %nice   %system   %iowait    %steal     %idle
07:04:32        all     19.54      0.00     23.39      0.00      5.40     51.67

07:04:31    kbmemfree   kbavail kbmemused  %memused kbbuffers  kbcached  kbcommit   %commit  kbactive   kbinact   kbdirty
07:04:32     14074752  15356524    654636      4.00     82184   1441608   2132628     13.02   1335540    722900      1596

07:04:31        IFACE   rxpck/s   txpck/s    rxkB/s    txkB/s   rxcmp/s   txcmp/s  rxmcst/s   %ifutil
07:04:32           lo   6433.00   6433.00   1398.69   1398.69      0.00      0.00      0.00      0.00
07:04:32         ens4   1311.00   1312.00    978.04    220.54      0.00      0.00      0.00      0.00
07:04:32      docker0   3216.00   3215.00    257.64   1184.90      0.00      0.00      0.00      0.00
07:04:32    veth58e3b24   3216.00   3215.00    301.61   1184.90      0.00      0.00      0.00      0.10

07:04:32        CPU     %user     %nice   %system   %iowait    %steal     %idle
07:04:33        all     21.37      0.00     24.43      0.00      5.60     48.60

07:04:32    kbmemfree   kbavail kbmemused  %memused kbbuffers  kbcached  kbcommit   %commit  kbactive   kbinact   kbdirty
07:04:33     14078164  15359932    651148      3.98     82184   1441692   2132096     13.02   1335140    722916      1680

07:04:32        IFACE   rxpck/s   txpck/s    rxkB/s    txkB/s   rxcmp/s   txcmp/s  rxmcst/s   %ifutil
07:04:33           lo   6534.00   6534.00   1421.86   1421.86      0.00      0.00      0.00      0.00
07:04:33         ens4   1923.00   1883.00   1032.95    260.61      0.00      0.00      0.00      0.00
07:04:33      docker0   3269.00   3270.00    261.67   1205.17      0.00      0.00      0.00      0.00
07:04:33    veth58e3b24   3269.00   3270.00    306.36   1205.17      0.00      0.00      0.00      0.10

07:04:33        CPU     %user     %nice   %system   %iowait    %steal     %idle
07:04:34        all     19.74      0.00     21.56      0.00      4.68     54.03

07:04:33    kbmemfree   kbavail kbmemused  %memused kbbuffers  kbcached  kbcommit   %commit  kbactive   kbinact   kbdirty
07:04:34     14077940  15359840    651244      3.98     82184   1441752   2132096     13.02   1335140    723040      1708

07:04:33        IFACE   rxpck/s   txpck/s    rxkB/s    txkB/s   rxcmp/s   txcmp/s  rxmcst/s   %ifutil
07:04:34           lo   6605.00   6605.00   1435.76   1435.76      0.00      0.00      0.00      0.00
07:04:34         ens4   1340.00   1322.00   1004.92    225.49      0.00      0.00      0.00      0.00
07:04:34      docker0   3303.00   3302.00    264.55   1216.36      0.00      0.00      0.00      0.00
07:04:34    veth58e3b24   3303.00   3302.00    309.71   1216.36      0.00      0.00      0.00      0.10

07:04:34        CPU     %user     %nice   %system   %iowait    %steal     %idle
07:04:35        all     18.49      0.00     22.40      0.00      2.34     56.77

07:04:34    kbmemfree   kbavail kbmemused  %memused kbbuffers  kbcached  kbcommit   %commit  kbactive   kbinact   kbdirty
07:04:35     14077440  15359340    651536      3.98     82184   1441836   2132096     13.02   1335140    723040      1796

07:04:34        IFACE   rxpck/s   txpck/s    rxkB/s    txkB/s   rxcmp/s   txcmp/s  rxmcst/s   %ifutil
07:04:35           lo   6807.00   6807.00   1480.77   1480.77      0.00      0.00      0.00      0.00
07:04:35         ens4   1381.00   1364.00   1035.35    232.01      0.00      0.00      0.00      0.00
07:04:35      docker0   3403.00   3403.00    272.56   1254.80      0.00      0.00      0.00      0.00
07:04:35    veth58e3b24   3403.00   3403.00    319.09   1254.80      0.00      0.00      0.00      0.10

07:04:35        CPU     %user     %nice   %system   %iowait    %steal     %idle
07:04:36        all     21.11      0.00     25.13      0.25      8.79     44.72

07:04:35    kbmemfree   kbavail kbmemused  %memused kbbuffers  kbcached  kbcommit   %commit  kbactive   kbinact   kbdirty
07:04:36     14077200  15359180    651456      3.98     82184   1441912   2132096     13.02   1335156    723120       144

07:04:35        IFACE   rxpck/s   txpck/s    rxkB/s    txkB/s   rxcmp/s   txcmp/s  rxmcst/s   %ifutil
07:04:36           lo   6878.00   6878.00   1496.15   1496.15      0.00      0.00      0.00      0.00
07:04:36         ens4   1383.00   1374.00   1043.83    234.14      0.00      0.00      0.00      0.00
07:04:36      docker0   3439.00   3440.00    275.28   1267.83      0.00      0.00      0.00      0.00
07:04:36    veth58e3b24   3439.00   3440.00    322.30   1267.83      0.00      0.00      0.00      0.10

07:04:36        CPU     %user     %nice   %system   %iowait    %steal     %idle
07:04:37        all     21.13      0.00     24.23      0.00      4.90     49.74

07:04:36    kbmemfree   kbavail kbmemused  %memused kbbuffers  kbcached  kbcommit   %commit  kbactive   kbinact   kbdirty
07:04:37     14074680  15356840    653852      3.99     82184   1441996   2136000     13.04   1337084    723304       240

07:04:36        IFACE   rxpck/s   txpck/s    rxkB/s    txkB/s   rxcmp/s   txcmp/s  rxmcst/s   %ifutil
07:04:37           lo   6980.00   6980.00   1518.01   1518.01      0.00      0.00      0.00      0.00
07:04:37         ens4   1414.00   1401.00   1062.53    238.48      0.00      0.00      0.00      0.00
07:04:37      docker0   3489.00   3489.00    279.42   1284.68      0.00      0.00      0.00      0.00
07:04:37    veth58e3b24   3489.00   3489.00    327.12   1284.68      0.00      0.00      0.00      0.11

07:04:37        CPU     %user     %nice   %system   %iowait    %steal     %idle
07:04:38        all     22.70      0.00     25.26      0.00      6.89     45.15

07:04:37    kbmemfree   kbavail kbmemused  %memused kbbuffers  kbcached  kbcommit   %commit  kbactive   kbinact   kbdirty
07:04:38     14074428  15356616    653992      3.99     82184   1442064   2136000     13.04   1337296    723332       308

07:04:37        IFACE   rxpck/s   txpck/s    rxkB/s    txkB/s   rxcmp/s   txcmp/s  rxmcst/s   %ifutil
07:04:38           lo   7105.00   7105.00   1545.89   1545.89      0.00      0.00      0.00      0.00
07:04:38         ens4   1457.00   1445.00   1081.62    245.25      0.00      0.00      0.00      0.00
07:04:38      docker0   3551.00   3551.00    284.33   1309.95      0.00      0.00      0.00      0.00
07:04:38    veth58e3b24   3551.00   3551.00    332.88   1309.95      0.00      0.00      0.00      0.11

07:04:38        CPU     %user     %nice   %system   %iowait    %steal     %idle
07:04:39        all     22.22      0.00     26.26      0.00      9.85     41.67

07:04:38    kbmemfree   kbavail kbmemused  %memused kbbuffers  kbcached  kbcommit   %commit  kbactive   kbinact   kbdirty
07:04:39     14079100  15361364    649144      3.96     82184   1442152   2132096     13.02   1335144    723400       528

07:04:38        IFACE   rxpck/s   txpck/s    rxkB/s    txkB/s   rxcmp/s   txcmp/s  rxmcst/s   %ifutil
07:04:39           lo   7195.00   7195.00   1565.47   1565.47      0.00      0.00      0.00      0.00
07:04:39         ens4   1484.00   1474.00   1097.72    247.43      0.00      0.00      0.00      0.00
07:04:39      docker0   3599.00   3601.00    288.10   1328.38      0.00      0.00      0.00      0.00
07:04:39    veth58e3b24   3599.00   3601.00    337.30   1328.38      0.00      0.00      0.00      0.11

07:04:39        CPU     %user     %nice   %system   %iowait    %steal     %idle
07:04:40        all     22.70      0.00     23.98      0.00      6.12     47.19

07:04:39    kbmemfree   kbavail kbmemused  %memused kbbuffers  kbcached  kbcommit   %commit  kbactive   kbinact   kbdirty
07:04:40     14078604  15360940    649388      3.97     82184   1442232   2132096     13.02   1335160    723472       608

07:04:39        IFACE   rxpck/s   txpck/s    rxkB/s    txkB/s   rxcmp/s   txcmp/s  rxmcst/s   %ifutil
07:04:40           lo   7350.00   7350.00   1597.09   1597.09      0.00      0.00      0.00      0.00
07:04:40         ens4   1479.00   1472.00   1113.92    250.82      0.00      0.00      0.00      0.00
07:04:40      docker0   3676.00   3674.00    294.47   1352.85      0.00      0.00      0.00      0.00
07:04:40    veth58e3b24   3676.00   3674.00    344.73   1352.85      0.00      0.00      0.00      0.11

07:04:40        CPU     %user     %nice   %system   %iowait    %steal     %idle
07:04:41        all     24.81      0.00     26.08      0.00     10.38     38.73

07:04:40    kbmemfree   kbavail kbmemused  %memused kbbuffers  kbcached  kbcommit   %commit  kbactive   kbinact   kbdirty
07:04:41     14078604  15361032    649240      3.97     82184   1442312   2132096     13.02   1335172    723560       288

07:04:40        IFACE   rxpck/s   txpck/s    rxkB/s    txkB/s   rxcmp/s   txcmp/s  rxmcst/s   %ifutil
07:04:41           lo   7435.00   7435.00   1617.66   1617.66      0.00      0.00      0.00      0.00
07:04:41         ens4   1495.00   1488.00   1130.23    254.21      0.00      0.00      0.00      0.00
07:04:41      docker0   3716.00   3717.00    297.55   1369.32      0.00      0.00      0.00      0.00
07:04:41    veth58e3b24   3716.00   3717.00    348.35   1369.32      0.00      0.00      0.00      0.11

07:04:41        CPU     %user     %nice   %system   %iowait    %steal     %idle
07:04:42        all     23.89      0.00     24.38      0.00     18.72     33.00

07:04:41    kbmemfree   kbavail kbmemused  %memused kbbuffers  kbcached  kbcommit   %commit  kbactive   kbinact   kbdirty
07:04:42     14076852  15359408    650732      3.97     82184   1442396   2136000     13.04   1337008    723688       388

07:04:41        IFACE   rxpck/s   txpck/s    rxkB/s    txkB/s   rxcmp/s   txcmp/s  rxmcst/s   %ifutil
07:04:42           lo   7549.00   7549.00   1643.46   1643.46      0.00      0.00      0.00      0.00
07:04:42         ens4   1536.00   1517.00   1151.96    259.00      0.00      0.00      0.00      0.00
07:04:42      docker0   3772.00   3772.00    302.14   1391.10      0.00      0.00      0.00      0.00
07:04:42    veth58e3b24   3772.00   3772.00    353.71   1391.10      0.00      0.00      0.00      0.11

07:04:42        CPU     %user     %nice   %system   %iowait    %steal     %idle
07:04:43        all     24.62      0.00     26.90      0.00      7.87     40.61

07:04:42    kbmemfree   kbavail kbmemused  %memused kbbuffers  kbcached  kbcommit   %commit  kbactive   kbinact   kbdirty
07:04:43     14084420  15367080    642896      3.93     82184   1442480   2132096     13.02   1335176    723776       504

07:04:42        IFACE   rxpck/s   txpck/s    rxkB/s    txkB/s   rxcmp/s   txcmp/s  rxmcst/s   %ifutil
07:04:43           lo   7696.00   7696.00   1672.73   1672.73      0.00      0.00      0.00      0.00
07:04:43         ens4   1559.00   1544.00   1167.92    262.78      0.00      0.00      0.00      0.00
07:04:43      docker0   3851.00   3852.00    308.21   1420.58      0.00      0.00      0.00      0.00
07:04:43    veth58e3b24   3851.00   3852.00    360.86   1420.58      0.00      0.00      0.00      0.12

07:04:43        CPU     %user     %nice   %system   %iowait    %steal     %idle
07:04:44        all     24.49      0.00     26.02      0.26      7.40     41.84

07:04:43    kbmemfree   kbavail kbmemused  %memused kbbuffers  kbcached  kbcommit   %commit  kbactive   kbinact   kbdirty
07:04:44     14083196  15365884    643944      3.93     82184   1442556   2132096     13.02   1335176    723812       528

07:04:43        IFACE   rxpck/s   txpck/s    rxkB/s    txkB/s   rxcmp/s   txcmp/s  rxmcst/s   %ifutil
07:04:44           lo   7790.00   7790.00   1692.78   1692.78      0.00      0.00      0.00      0.00
07:04:44         ens4   1573.00   1560.00   1182.53    266.26      0.00      0.00      0.00      0.00
07:04:44      docker0   3896.00   3894.00    312.09   1433.94      0.00      0.00      0.00      0.00
07:04:44    veth58e3b24   3896.00   3894.00    365.35   1433.94      0.00      0.00      0.00      0.12

07:04:44        CPU     %user     %nice   %system   %iowait    %steal     %idle
07:04:45        all     24.30      0.00     25.32      0.00      6.39     43.99

07:04:44    kbmemfree   kbavail kbmemused  %memused kbbuffers  kbcached  kbcommit   %commit  kbactive   kbinact   kbdirty
07:04:45     14082972  15365680    644024      3.93     82184   1442652   2132096     13.02   1335176    723836       516

07:04:44        IFACE   rxpck/s   txpck/s    rxkB/s    txkB/s   rxcmp/s   txcmp/s  rxmcst/s   %ifutil
07:04:45           lo   7910.00   7910.00   1720.27   1720.27      0.00      0.00      0.00      0.00
07:04:45         ens4   1593.00   1583.00   1201.87    269.66      0.00      0.00      0.00      0.00
07:04:45      docker0   3955.00   3955.00    316.71   1457.63      0.00      0.00      0.00      0.00
07:04:45    veth58e3b24   3955.00   3955.00    370.78   1457.63      0.00      0.00      0.00      0.12

07:04:45        CPU     %user     %nice   %system   %iowait    %steal     %idle
07:04:46        all     22.37      0.00     25.26      0.00      2.37     50.00

07:04:45    kbmemfree   kbavail kbmemused  %memused kbbuffers  kbcached  kbcommit   %commit  kbactive   kbinact   kbdirty
07:04:46     14082972  15365808    643856      3.93     82184   1442732   2132096     13.02   1335176    723956       596

07:04:45        IFACE   rxpck/s   txpck/s    rxkB/s    txkB/s   rxcmp/s   txcmp/s  rxmcst/s   %ifutil
07:04:46           lo   8032.00   8032.00   1746.47   1746.47      0.00      0.00      0.00      0.00
07:04:46         ens4   1620.00   1606.00   1220.30    273.47      0.00      0.00      0.00      0.00
07:04:46      docker0   4014.00   4014.00    321.46   1479.68      0.00      0.00      0.00      0.00
07:04:46    veth58e3b24   4014.00   4014.00    376.34   1479.68      0.00      0.00      0.00      0.12

07:04:46        CPU     %user     %nice   %system   %iowait    %steal     %idle
07:04:47        all     22.16      0.00     25.00      0.26      4.12     48.45

07:04:46    kbmemfree   kbavail kbmemused  %memused kbbuffers  kbcached  kbcommit   %commit  kbactive   kbinact   kbdirty
07:04:47     14082496  15365392    644168      3.93     82184   1442836   2132096     13.02   1335176    724016       708

07:04:46        IFACE   rxpck/s   txpck/s    rxkB/s    txkB/s   rxcmp/s   txcmp/s  rxmcst/s   %ifutil
07:04:47           lo   8133.00   8133.00   1768.28   1768.28      0.00      0.00      0.00      0.00
07:04:47         ens4   1646.00   1627.00   1237.24    277.13      0.00      0.00      0.00      0.00
07:04:47      docker0   4066.00   4066.00    325.57   1498.24      0.00      0.00      0.00      0.00
07:04:47    veth58e3b24   4066.00   4066.00    381.16   1498.24      0.00      0.00      0.00      0.12

07:04:47        CPU     %user     %nice   %system   %iowait    %steal     %idle
07:04:48        all     23.44      0.00     25.78      0.00      3.65     47.14

07:04:47    kbmemfree   kbavail kbmemused  %memused kbbuffers  kbcached  kbcommit   %commit  kbactive   kbinact   kbdirty
07:04:48     14082496  15365532    644060      3.93     82184   1442924   2132096     13.02   1335184    724168       796

07:04:47        IFACE   rxpck/s   txpck/s    rxkB/s    txkB/s   rxcmp/s   txcmp/s  rxmcst/s   %ifutil
07:04:48           lo   8257.00   8257.00   1794.72   1794.72      0.00      0.00      0.00      0.00
07:04:48         ens4   1662.00   1654.00   1253.62    281.68      0.00      0.00      0.00      0.00
07:04:48      docker0   4128.00   4128.00    330.62   1520.49      0.00      0.00      0.00      0.00
07:04:48    veth58e3b24   4128.00   4128.00    387.06   1520.49      0.00      0.00      0.00      0.12

07:04:48        CPU     %user     %nice   %system   %iowait    %steal     %idle
07:04:49        all     23.77      0.00     25.84      0.00      4.13     46.25

07:04:48    kbmemfree   kbavail kbmemused  %memused kbbuffers  kbcached  kbcommit   %commit  kbactive   kbinact   kbdirty
07:04:49     14081512  15364660    645008      3.94     82184   1443016   2132096     13.02   1335396    724280       888

07:04:48        IFACE   rxpck/s   txpck/s    rxkB/s    txkB/s   rxcmp/s   txcmp/s  rxmcst/s   %ifutil
07:04:49           lo   8364.00   8364.00   1819.87   1819.87      0.00      0.00      0.00      0.00
07:04:49         ens4   1690.00   1674.00   1272.06    285.05      0.00      0.00      0.00      0.00
07:04:49      docker0   4181.00   4181.00    334.78   1542.14      0.00      0.00      0.00      0.00
07:04:49    veth58e3b24   4181.00   4181.00    391.94   1542.14      0.00      0.00      0.00      0.13

07:04:49        CPU     %user     %nice   %system   %iowait    %steal     %idle
07:04:50        all     24.68      0.00     24.94      0.00      4.16     46.23

07:04:49    kbmemfree   kbavail kbmemused  %memused kbbuffers  kbcached  kbcommit   %commit  kbactive   kbinact   kbdirty
07:04:50     14081036  15364272    645312      3.94     82184   1443100   2132096     13.02   1335604    724368       968

07:04:49        IFACE   rxpck/s   txpck/s    rxkB/s    txkB/s   rxcmp/s   txcmp/s  rxmcst/s   %ifutil
07:04:50           lo   8489.00   8489.00   1844.85   1844.85      0.00      0.00      0.00      0.00
07:04:50         ens4   1713.00   1698.00   1290.22    289.57      0.00      0.00      0.00      0.00
07:04:50      docker0   4244.00   4243.00    339.87   1562.87      0.00      0.00      0.00      0.00
07:04:50    veth58e3b24   4244.00   4243.00    397.90   1562.87      0.00      0.00      0.00      0.13

07:04:50        CPU     %user     %nice   %system   %iowait    %steal     %idle
07:04:51        all     23.90      0.00     26.75      0.00      2.60     46.75

07:04:50    kbmemfree   kbavail kbmemused  %memused kbbuffers  kbcached  kbcommit   %commit  kbactive   kbinact   kbdirty
07:04:51     14080784  15364100    645388      3.94     82184   1443204   2132096     13.02   1335652    724440      1072

07:04:50        IFACE   rxpck/s   txpck/s    rxkB/s    txkB/s   rxcmp/s   txcmp/s  rxmcst/s   %ifutil
07:04:51           lo   8594.00   8594.00   1871.39   1871.39      0.00      0.00      0.00      0.00
07:04:51         ens4   1733.00   1718.00   1305.41    292.76      0.00      0.00      0.00      0.00
07:04:51      docker0   4298.00   4300.00    344.10   1584.79      0.00      0.00      0.00      0.00
07:04:51    veth58e3b24   4298.00   4300.00    402.87   1584.79      0.00      0.00      0.00      0.13

07:04:51        CPU     %user     %nice   %system   %iowait    %steal     %idle
07:04:52        all     24.74      0.00     26.82      0.00      4.69     43.75

07:04:51    kbmemfree   kbavail kbmemused  %memused kbbuffers  kbcached  kbcommit   %commit  kbactive   kbinact   kbdirty
07:04:52     14080784  15364220    645248      3.94     82184   1443300   2132096     13.02   1335484    724556      1168

07:04:51        IFACE   rxpck/s   txpck/s    rxkB/s    txkB/s   rxcmp/s   txcmp/s  rxmcst/s   %ifutil
07:04:52           lo   8700.00   8700.00   1890.69   1890.69      0.00      0.00      0.00      0.00
07:04:52         ens4   1760.00   1740.00   1321.04    296.51      0.00      0.00      0.00      0.00
07:04:52      docker0   4352.00   4350.00    348.57   1603.21      0.00      0.00      0.00      0.00
07:04:52    veth58e3b24   4352.00   4350.00    408.07   1603.21      0.00      0.00      0.00      0.13

07:04:52        CPU     %user     %nice   %system   %iowait    %steal     %idle
07:04:53        all     23.44      0.00     25.52      0.00      2.60     48.44

07:04:52    kbmemfree   kbavail kbmemused  %memused kbbuffers  kbcached  kbcommit   %commit  kbactive   kbinact   kbdirty
07:04:53     14080532  15364084    645384      3.94     82184   1443384   2132096     13.02   1335640    724672      1228

07:04:52        IFACE   rxpck/s   txpck/s    rxkB/s    txkB/s   rxcmp/s   txcmp/s  rxmcst/s   %ifutil
07:04:53           lo   8845.00   8845.00   1924.31   1924.31      0.00      0.00      0.00      0.00
07:04:53         ens4   1842.00   1870.00   1348.54    307.84      0.00      0.00      0.00      0.00
07:04:53      docker0   4421.00   4422.00    354.00   1630.66      0.00      0.00      0.00      0.00
07:04:53    veth58e3b24   4421.00   4422.00    414.45   1630.66      0.00      0.00      0.00      0.13

07:04:53        CPU     %user     %nice   %system   %iowait    %steal     %idle
07:04:54        all     24.94      0.00     26.49      0.00      3.12     45.45

07:04:53    kbmemfree   kbavail kbmemused  %memused kbbuffers  kbcached  kbcommit   %commit  kbactive   kbinact   kbdirty
07:04:54     14080532  15364136    645220      3.94     82184   1443484   2132096     13.02   1335880    724732      1328

07:04:53        IFACE   rxpck/s   txpck/s    rxkB/s    txkB/s   rxcmp/s   txcmp/s  rxmcst/s   %ifutil
07:04:54           lo   8957.00   8957.00   1948.47   1948.47      0.00      0.00      0.00      0.00
07:04:54         ens4   1807.00   1792.00   1361.59    305.38      0.00      0.00      0.00      0.00
07:04:54      docker0   4478.00   4477.00    358.64   1649.41      0.00      0.00      0.00      0.00
07:04:54    veth58e3b24   4478.00   4477.00    419.86   1649.41      0.00      0.00      0.00      0.14

07:04:54        CPU     %user     %nice   %system   %iowait    %steal     %idle
07:04:55        all     23.26      0.00     26.10      0.00      1.55     49.10

07:04:54    kbmemfree   kbavail kbmemused  %memused kbbuffers  kbcached  kbcommit   %commit  kbactive   kbinact   kbdirty
07:04:55     14080056  15363792    645560      3.94     82184   1443600   2132096     13.02   1336192    724868      1440

07:04:54        IFACE   rxpck/s   txpck/s    rxkB/s    txkB/s   rxcmp/s   txcmp/s  rxmcst/s   %ifutil
07:04:55           lo   9059.00   9059.00   1968.81   1968.81      0.00      0.00      0.00      0.00
07:04:55         ens4   1831.00   1812.00   1377.00    308.56      0.00      0.00      0.00      0.00
07:04:55      docker0   4530.00   4530.00    362.75   1669.55      0.00      0.00      0.00      0.00
07:04:55    veth58e3b24   4530.00   4530.00    424.69   1669.55      0.00      0.00      0.00      0.14

07:04:55        CPU     %user     %nice   %system   %iowait    %steal     %idle
07:04:56        all     23.10      0.00     26.77      0.00      1.57     48.56

07:04:55    kbmemfree   kbavail kbmemused  %memused kbbuffers  kbcached  kbcommit   %commit  kbactive   kbinact   kbdirty
07:04:56     14080056  15363880    645420      3.94     82184   1443692   2132096     13.02   1336332    724956       136

07:04:55        IFACE   rxpck/s   txpck/s    rxkB/s    txkB/s   rxcmp/s   txcmp/s  rxmcst/s   %ifutil
07:04:56           lo   9172.00   9172.00   1995.91   1995.91      0.00      0.00      0.00      0.00
07:04:56         ens4   1849.00   1834.00   1393.48    312.74      0.00      0.00      0.00      0.00
07:04:56      docker0   4587.00   4588.00    367.27   1691.54      0.00      0.00      0.00      0.00
07:04:56    veth58e3b24   4587.00   4588.00    429.98   1691.54      0.00      0.00      0.00      0.14

07:04:56        CPU     %user     %nice   %system   %iowait    %steal     %idle
07:04:57        all     23.12      0.00     25.97      0.00      2.08     48.83

07:04:56    kbmemfree   kbavail kbmemused  %memused kbbuffers  kbcached  kbcommit   %commit  kbactive   kbinact   kbdirty
07:04:57     14079312  15363228    645996      3.95     82184   1443792   2132228     13.02   1336548    725040       236

07:04:56        IFACE   rxpck/s   txpck/s    rxkB/s    txkB/s   rxcmp/s   txcmp/s  rxmcst/s   %ifutil
07:04:57           lo   9227.00   9227.00   2005.66   2005.66      0.00      0.00      0.00      0.00
07:04:57         ens4   1870.00   1847.00   1401.78    314.85      0.00      0.00      0.00      0.00
07:04:57      docker0   4614.00   4613.00    369.50   1699.23      0.00      0.00      0.00      0.00
07:04:57    veth58e3b24   4614.00   4613.00    432.58   1699.23      0.00      0.00      0.00      0.14

07:04:57        CPU     %user     %nice   %system   %iowait    %steal     %idle
07:04:58        all     24.40      0.00     25.20      0.00      1.07     49.33

07:04:57    kbmemfree   kbavail kbmemused  %memused kbbuffers  kbcached  kbcommit   %commit  kbactive   kbinact   kbdirty
07:04:58     14079312  15363304    646048      3.95     82184   1443912   2132228     13.02   1336804    725144       356

07:04:57        IFACE   rxpck/s   txpck/s    rxkB/s    txkB/s   rxcmp/s   txcmp/s  rxmcst/s   %ifutil
07:04:58           lo   9475.00   9475.00   2061.32   2061.32      0.00      0.00      0.00      0.00
07:04:58         ens4   2529.00   2497.00   1481.95    362.21      0.00      0.00      0.00      0.00
07:04:58      docker0   4737.00   4738.00    379.28   1746.82      0.00      0.00      0.00      0.00
07:04:58    veth58e3b24   4737.00   4738.00    444.04   1746.82      0.00      0.00      0.00      0.14

07:04:58        CPU     %user     %nice   %system   %iowait    %steal     %idle
07:04:59        all     24.74      0.00     26.58      0.00      2.63     46.05

07:04:58    kbmemfree   kbavail kbmemused  %memused kbbuffers  kbcached  kbcommit   %commit  kbactive   kbinact   kbdirty
07:04:59     14079060  15363168    646084      3.95     82184   1443996   2132228     13.02   1336952    725236       440

07:04:58        IFACE   rxpck/s   txpck/s    rxkB/s    txkB/s   rxcmp/s   txcmp/s  rxmcst/s   %ifutil
07:04:59           lo   9525.00   9525.00   2072.20   2072.20      0.00      0.00      0.00      0.00
07:04:59         ens4   1925.00   1907.00   1448.38    324.63      0.00      0.00      0.00      0.00
07:04:59      docker0   4760.00   4760.00    381.17   1754.32      0.00      0.00      0.00      0.00
07:04:59    veth58e3b24   4760.00   4760.00    446.25   1754.32      0.00      0.00      0.00      0.14

07:04:59        CPU     %user     %nice   %system   %iowait    %steal     %idle
07:05:00        all     25.19      0.00     26.74      0.00      5.14     42.93

07:04:59    kbmemfree   kbavail kbmemused  %memused kbbuffers  kbcached  kbcommit   %commit  kbactive   kbinact   kbdirty
07:05:00     14078052  15362420    646820      3.95     82184   1444244   2132228     13.02   1336992    725380       560

07:04:59        IFACE   rxpck/s   txpck/s    rxkB/s    txkB/s   rxcmp/s   txcmp/s  rxmcst/s   %ifutil
07:05:00           lo   9623.00   9623.00   2100.02   2100.02      0.00      0.00      0.00      0.00
07:05:00         ens4   1947.00   1925.00   1465.34    328.86      0.00      0.00      0.00      0.00
07:05:00      docker0   4809.00   4810.00    385.13   1774.27      0.00      0.00      0.00      0.00
07:05:00    veth58e3b24   4809.00   4810.00    450.88   1774.27      0.00      0.00      0.00      0.15

07:05:00        CPU     %user     %nice   %system   %iowait    %steal     %idle
07:05:01        all     26.75      0.00     29.87      0.00      5.45     37.92

07:05:00    kbmemfree   kbavail kbmemused  %memused kbbuffers  kbcached  kbcommit   %commit  kbactive   kbinact   kbdirty
07:05:01     14078052  15362492    646672      3.95     82184   1444340   2132228     13.02   1337032    725460       656

07:05:00        IFACE   rxpck/s   txpck/s    rxkB/s    txkB/s   rxcmp/s   txcmp/s  rxmcst/s   %ifutil
07:05:01           lo   9772.00   9772.00   2124.89   2124.89      0.00      0.00      0.00      0.00
07:05:01         ens4   1965.00   1957.00   1481.56    333.81      0.00      0.00      0.00      0.00
07:05:01      docker0   4890.00   4888.00    391.71   1800.58      0.00      0.00      0.00      0.00
07:05:01    veth58e3b24   4890.00   4888.00    458.57   1800.58      0.00      0.00      0.00      0.15

07:05:01        CPU     %user     %nice   %system   %iowait    %steal     %idle
07:05:02        all     27.30      0.00     29.08      0.00      7.91     35.71

07:05:01    kbmemfree   kbavail kbmemused  %memused kbbuffers  kbcached  kbcommit   %commit  kbactive   kbinact   kbdirty
07:05:02     14076792  15361324    647804      3.96     82184   1444448   2132228     13.02   1337032    725544       764

07:05:01        IFACE   rxpck/s   txpck/s    rxkB/s    txkB/s   rxcmp/s   txcmp/s  rxmcst/s   %ifutil
07:05:02           lo   9877.00   9877.00   2166.91   2166.91      0.00      0.00      0.00      0.00
07:05:02         ens4   1990.00   1977.00   1501.55    336.49      0.00      0.00      0.00      0.00
07:05:02      docker0   4926.00   4928.00    394.45   1815.34      0.00      0.00      0.00      0.00
07:05:02    veth58e3b24   4926.00   4928.00    461.80   1815.34      0.00      0.00      0.00      0.15

07:05:02        CPU     %user     %nice   %system   %iowait    %steal     %idle
07:05:03        all     17.57      0.00     18.60      0.00      2.84     60.98

07:05:02    kbmemfree   kbavail kbmemused  %memused kbbuffers  kbcached  kbcommit   %commit  kbactive   kbinact   kbdirty
07:05:03     14076792  15361468    647704      3.96     82184   1444540   2132228     13.02   1336988    725692       980

07:05:02        IFACE   rxpck/s   txpck/s    rxkB/s    txkB/s   rxcmp/s   txcmp/s  rxmcst/s   %ifutil
07:05:03           lo   6400.00   6400.00   1391.84   1391.84      0.00      0.00      0.00      0.00
07:05:03         ens4   1301.00   1285.00    969.24    219.51      0.00      0.00      0.00      0.00
07:05:03      docker0   3203.00   3201.00    256.39   1179.42      0.00      0.00      0.00      0.00
07:05:03    veth58e3b24   3203.00   3201.00    300.18   1179.42      0.00      0.00      0.00      0.10

07:05:03        CPU     %user     %nice   %system   %iowait    %steal     %idle
07:05:04        all      0.00      0.00      0.25      0.00      0.00     99.75

07:05:03    kbmemfree   kbavail kbmemused  %memused kbbuffers  kbcached  kbcommit   %commit  kbactive   kbinact   kbdirty
07:05:04     14076792  15361468    647704      3.96     82184   1444540   2132228     13.02   1336988    725692       980

07:05:03        IFACE   rxpck/s   txpck/s    rxkB/s    txkB/s   rxcmp/s   txcmp/s  rxmcst/s   %ifutil
07:05:04           lo      0.00      0.00      0.00      0.00      0.00      0.00      0.00      0.00
07:05:04         ens4      1.00      1.00      0.08      0.08      0.00      0.00      0.00      0.00
07:05:04      docker0      0.00      0.00      0.00      0.00      0.00      0.00      0.00      0.00
07:05:04    veth58e3b24      0.00      0.00      0.00      0.00      0.00      0.00      0.00      0.00

07:05:04        CPU     %user     %nice   %system   %iowait    %steal     %idle
07:05:05        all      0.00      0.00      0.00      0.00      0.00    100.00

07:05:04    kbmemfree   kbavail kbmemused  %memused kbbuffers  kbcached  kbcommit   %commit  kbactive   kbinact   kbdirty
07:05:05     14079824  15364500    644676      3.94     82184   1444540   2130276     13.01   1335420    725692       980

07:05:04        IFACE   rxpck/s   txpck/s    rxkB/s    txkB/s   rxcmp/s   txcmp/s  rxmcst/s   %ifutil
07:05:05           lo      0.00      0.00      0.00      0.00      0.00      0.00      0.00      0.00
07:05:05         ens4      3.00      4.00      0.20      0.27      0.00      0.00      0.00      0.00
07:05:05      docker0      0.00      0.00      0.00      0.00      0.00      0.00      0.00      0.00
07:05:05    veth58e3b24      0.00      0.00      0.00      0.00      0.00      0.00      0.00      0.00

07:05:05        CPU     %user     %nice   %system   %iowait    %steal     %idle
07:05:06        all      0.00      0.00      0.00      0.00      0.00    100.00

07:05:05    kbmemfree   kbavail kbmemused  %memused kbbuffers  kbcached  kbcommit   %commit  kbactive   kbinact   kbdirty
07:05:06     14079928  15364624    644576      3.94     82184   1444540   2130276     13.01   1335408    725712       952

07:05:05        IFACE   rxpck/s   txpck/s    rxkB/s    txkB/s   rxcmp/s   txcmp/s  rxmcst/s   %ifutil
07:05:06           lo      0.00      0.00      0.00      0.00      0.00      0.00      0.00      0.00
07:05:06         ens4      0.00      1.00      0.00      0.06      0.00      0.00      0.00      0.00
07:05:06      docker0      0.00      0.00      0.00      0.00      0.00      0.00      0.00      0.00
07:05:06    veth58e3b24      0.00      0.00      0.00      0.00      0.00      0.00      0.00      0.00

07:05:06        CPU     %user     %nice   %system   %iowait    %steal     %idle
07:05:07        all      0.00      0.00      0.50      0.00      0.00     99.50

07:05:06    kbmemfree   kbavail kbmemused  %memused kbbuffers  kbcached  kbcommit   %commit  kbactive   kbinact   kbdirty
07:05:07     14078948  15363664    645552      3.94     82184   1444544   2134180     13.03   1337028    725732      1004

07:05:06        IFACE   rxpck/s   txpck/s    rxkB/s    txkB/s   rxcmp/s   txcmp/s  rxmcst/s   %ifutil
07:05:07           lo      0.00      0.00      0.00      0.00      0.00      0.00      0.00      0.00
07:05:07         ens4      2.97      3.96      0.22      0.30      0.00      0.00      0.00      0.00
07:05:07      docker0      0.00      0.00      0.00      0.00      0.00      0.00      0.00      0.00
07:05:07    veth58e3b24      0.00      0.00      0.00      0.00      0.00      0.00      0.00      0.00

07:05:07        CPU     %user     %nice   %system   %iowait    %steal     %idle
07:05:08        all      3.28      0.00      3.03      0.00      0.51     93.18

07:05:07    kbmemfree   kbavail kbmemused  %memused kbbuffers  kbcached  kbcommit   %commit  kbactive   kbinact   kbdirty
07:05:08     14078948  15363664    645532      3.94     82184   1444552   2134180     13.03   1337268    725732       868

07:05:07        IFACE   rxpck/s   txpck/s    rxkB/s    txkB/s   rxcmp/s   txcmp/s  rxmcst/s   %ifutil
07:05:08           lo    729.00    729.00    158.71    158.71      0.00      0.00      0.00      0.00
07:05:08         ens4    253.00    202.00    119.21     30.32      0.00      0.00      0.00      0.00
07:05:08      docker0    364.00    364.00     29.18    134.46      0.00      0.00      0.00      0.00
07:05:08    veth58e3b24    364.00    364.00     34.15    134.46      0.00      0.00      0.00      0.01

07:05:08        CPU     %user     %nice   %system   %iowait    %steal     %idle
07:05:09        all      7.40      0.00      9.18      0.00      1.02     82.40

07:05:08    kbmemfree   kbavail kbmemused  %memused kbbuffers  kbcached  kbcommit   %commit  kbactive   kbinact   kbdirty
07:05:09     14081292  15366024    643148      3.93     82184   1444572   2130276     13.01   1335416    725740      1008

07:05:08        IFACE   rxpck/s   txpck/s    rxkB/s    txkB/s   rxcmp/s   txcmp/s  rxmcst/s   %ifutil
07:05:09           lo   2001.00   2001.00    435.01    435.01      0.00      0.00      0.00      0.00
07:05:09         ens4    406.00    404.00    304.23     68.68      0.00      0.00      0.00      0.00
07:05:09      docker0   1001.00   1001.00     80.13    368.62      0.00      0.00      0.00      0.00
07:05:09    veth58e3b24   1001.00   1001.00     93.81    368.62      0.00      0.00      0.00      0.03

07:05:09        CPU     %user     %nice   %system   %iowait    %steal     %idle
07:05:10        all      7.46      0.00      8.48      0.00      0.51     83.55

07:05:09    kbmemfree   kbavail kbmemused  %memused kbbuffers  kbcached  kbcommit   %commit  kbactive   kbinact   kbdirty
07:05:10     14081292  15366024    643124      3.93     82184   1444596   2130276     13.01   1335416    725740      1032

07:05:09        IFACE   rxpck/s   txpck/s    rxkB/s    txkB/s   rxcmp/s   txcmp/s  rxmcst/s   %ifutil
07:05:10           lo   2000.00   2000.00    434.96    434.96      0.00      0.00      0.00      0.00
07:05:10         ens4    407.00    404.00    307.82     68.82      0.00      0.00      0.00      0.00
07:05:10      docker0   1000.00   1000.00     80.08    368.55      0.00      0.00      0.00      0.00
07:05:10    veth58e3b24   1000.00   1000.00     93.75    368.55      0.00      0.00      0.00      0.03

07:05:10        CPU     %user     %nice   %system   %iowait    %steal     %idle
07:05:11        all      7.38      0.00      9.92      0.00      2.54     80.15

07:05:10    kbmemfree   kbavail kbmemused  %memused kbbuffers  kbcached  kbcommit   %commit  kbactive   kbinact   kbdirty
07:05:11     14081040  15365772    643356      3.93     82184   1444616   2130276     13.01   1335416    725740      1052

07:05:10        IFACE   rxpck/s   txpck/s    rxkB/s    txkB/s   rxcmp/s   txcmp/s  rxmcst/s   %ifutil
07:05:11           lo   1995.00   1995.00    434.57    434.57      0.00      0.00      0.00      0.00
07:05:11         ens4    400.00    400.00    303.69     67.93      0.00      0.00      0.00      0.00
07:05:11      docker0    998.00    999.00     79.98    368.49      0.00      0.00      0.00      0.00
07:05:11    veth58e3b24    998.00    999.00     93.62    368.49      0.00      0.00      0.00      0.03

07:05:11        CPU     %user     %nice   %system   %iowait    %steal     %idle
07:05:12        all      9.00      0.00     11.19      0.00     10.95     68.86

07:05:11    kbmemfree   kbavail kbmemused  %memused kbbuffers  kbcached  kbcommit   %commit  kbactive   kbinact   kbdirty
07:05:12     14080284  15365096    644088      3.93     82184   1444640   2134180     13.03   1337276    725820       224

07:05:11        IFACE   rxpck/s   txpck/s    rxkB/s    txkB/s   rxcmp/s   txcmp/s  rxmcst/s   %ifutil
07:05:12           lo   2000.00   2000.00    434.96    434.96      0.00      0.00      0.00      0.00
07:05:12         ens4    404.00    404.00    304.00     68.47      0.00      0.00      0.00      0.00
07:05:12      docker0    998.00    998.00     79.84    366.91      0.00      0.00      0.00      0.00
07:05:12    veth58e3b24    998.00    998.00     93.48    366.91      0.00      0.00      0.00      0.03

07:05:12        CPU     %user     %nice   %system   %iowait    %steal     %idle
07:05:13        all      9.07      0.00     11.52      0.00      9.80     69.61

07:05:12    kbmemfree   kbavail kbmemused  %memused kbbuffers  kbcached  kbcommit   %commit  kbactive   kbinact   kbdirty
07:05:13     14083196  15368028    641156      3.92     82184   1444660   2130276     13.01   1335700    725840       244

07:05:12        IFACE   rxpck/s   txpck/s    rxkB/s    txkB/s   rxcmp/s   txcmp/s  rxmcst/s   %ifutil
07:05:13           lo   2000.00   2000.00    434.96    434.96      0.00      0.00      0.00      0.00
07:05:13         ens4    413.00    409.00    305.75     70.45      0.00      0.00      0.00      0.00
07:05:13      docker0   1001.00   1001.00     80.13    370.13      0.00      0.00      0.00      0.00
07:05:13    veth58e3b24   1001.00   1001.00     93.81    370.13      0.00      0.00      0.00      0.03

07:05:13        CPU     %user     %nice   %system   %iowait    %steal     %idle
07:05:14        all      7.36      0.00     10.15      0.00      4.57     77.92

07:05:13    kbmemfree   kbavail kbmemused  %memused kbbuffers  kbcached  kbcommit   %commit  kbactive   kbinact   kbdirty
07:05:14     14082776  15367612    641544      3.92     82184   1444684   2130276     13.01   1335572    725844       300

07:05:13        IFACE   rxpck/s   txpck/s    rxkB/s    txkB/s   rxcmp/s   txcmp/s  rxmcst/s   %ifutil
07:05:14           lo   2005.00   2005.00    435.35    435.35      0.00      0.00      0.00      0.00
07:05:14         ens4    403.00    400.00    303.90     68.16      0.00      0.00      0.00      0.00
07:05:14      docker0   1002.00   1001.00     80.32    368.62      0.00      0.00      0.00      0.00
07:05:14    veth58e3b24   1002.00   1001.00     94.02    368.62      0.00      0.00      0.00      0.03

07:05:14        CPU     %user     %nice   %system   %iowait    %steal     %idle
07:05:15        all      7.42      0.00      8.95      0.00      2.05     81.59

07:05:14    kbmemfree   kbavail kbmemused  %memused kbbuffers  kbcached  kbcommit   %commit  kbactive   kbinact   kbdirty
07:05:15     14082776  15367628    641524      3.92     82184   1444704   2130276     13.01   1335616    725860       320

07:05:14        IFACE   rxpck/s   txpck/s    rxkB/s    txkB/s   rxcmp/s   txcmp/s  rxmcst/s   %ifutil
07:05:15           lo   1999.00   1999.00    434.91    434.91      0.00      0.00      0.00      0.00
07:05:15         ens4    404.00    402.00    304.00     68.32      0.00      0.00      0.00      0.00
07:05:15      docker0   1000.00   1000.00     80.08    368.55      0.00      0.00      0.00      0.00
07:05:15    veth58e3b24   1000.00   1000.00     93.75    368.55      0.00      0.00      0.00      0.03

07:05:15        CPU     %user     %nice   %system   %iowait    %steal     %idle
07:05:16        all      6.94      0.00      9.51      0.00      1.29     82.26

07:05:15    kbmemfree   kbavail kbmemused  %memused kbbuffers  kbcached  kbcommit   %commit  kbactive   kbinact   kbdirty
07:05:16     14082776  15367628    641488      3.92     82184   1444732   2130276     13.01   1335616    725860       348

07:05:15        IFACE   rxpck/s   txpck/s    rxkB/s    txkB/s   rxcmp/s   txcmp/s  rxmcst/s   %ifutil
07:05:16           lo   2005.00   2005.00    435.21    435.21      0.00      0.00      0.00      0.00
07:05:16         ens4    402.00    401.00    303.84     68.44      0.00      0.00      0.00      0.00
07:05:16      docker0   1001.00   1001.00     80.13    368.62      0.00      0.00      0.00      0.00
07:05:16    veth58e3b24   1001.00   1001.00     93.81    368.62      0.00      0.00      0.00      0.03

07:05:16        CPU     %user     %nice   %system   %iowait    %steal     %idle
07:05:17        all      7.03      0.00      8.85      0.00      1.04     83.07

07:05:16    kbmemfree   kbavail kbmemused  %memused kbbuffers  kbcached  kbcommit   %commit  kbactive   kbinact   kbdirty
07:05:17     14082776  15367648    641576      3.92     82184   1444756   2130276     13.01   1335296    725880       392

07:05:16        IFACE   rxpck/s   txpck/s    rxkB/s    txkB/s   rxcmp/s   txcmp/s  rxmcst/s   %ifutil
07:05:17           lo   2005.00   2005.00    435.21    435.21      0.00      0.00      0.00      0.00
07:05:17         ens4    402.00    402.00    303.82     68.27      0.00      0.00      0.00      0.00
07:05:17      docker0   1000.00   1000.00     80.08    368.55      0.00      0.00      0.00      0.00
07:05:17    veth58e3b24   1000.00   1000.00     93.75    368.55      0.00      0.00      0.00      0.03

07:05:17        CPU     %user     %nice   %system   %iowait    %steal     %idle
07:05:18        all      7.67      0.00      9.46      0.00      1.79     81.07

07:05:17    kbmemfree   kbavail kbmemused  %memused kbbuffers  kbcached  kbcommit   %commit  kbactive   kbinact   kbdirty
07:05:18     14082776  15367672    641556      3.92     82184   1444776   2130276     13.01   1335296    725904       412

07:05:17        IFACE   rxpck/s   txpck/s    rxkB/s    txkB/s   rxcmp/s   txcmp/s  rxmcst/s   %ifutil
07:05:18           lo   2000.00   2000.00    434.96    434.96      0.00      0.00      0.00      0.00
07:05:18         ens4    401.00    400.00    303.78     68.16      0.00      0.00      0.00      0.00
07:05:18      docker0   1000.00   1000.00     80.08    368.55      0.00      0.00      0.00      0.00
07:05:18    veth58e3b24   1000.00   1001.00     93.75    368.62      0.00      0.00      0.00      0.03

07:05:18        CPU     %user     %nice   %system   %iowait    %steal     %idle
07:05:19        all      7.31      0.00      9.92      0.00      2.61     80.16

07:05:18    kbmemfree   kbavail kbmemused  %memused kbbuffers  kbcached  kbcommit   %commit  kbactive   kbinact   kbdirty
07:05:19     14082776  15367704    641528      3.92     82184   1444804   2130276     13.01   1335324    725936       548

07:05:18        IFACE   rxpck/s   txpck/s    rxkB/s    txkB/s   rxcmp/s   txcmp/s  rxmcst/s   %ifutil
07:05:19           lo   2000.00   2000.00    434.96    434.96      0.00      0.00      0.00      0.00
07:05:19         ens4    414.00    413.00    306.81     76.60      0.00      0.00      0.00      0.00
07:05:19      docker0   1000.00   1000.00     80.08    368.55      0.00      0.00      0.00      0.00
07:05:19    veth58e3b24   1000.00   1000.00     93.75    368.55      0.00      0.00      0.00      0.03

07:05:19        CPU     %user     %nice   %system   %iowait    %steal     %idle
07:05:20        all     15.90      0.00     14.87      0.00      3.08     66.15

07:05:19    kbmemfree   kbavail kbmemused  %memused kbbuffers  kbcached  kbcommit   %commit  kbactive   kbinact   kbdirty
07:05:20     14070176  15355184    654076      3.99     82184   1444824   2130276     13.01   1333152    726004       568

07:05:19        IFACE   rxpck/s   txpck/s    rxkB/s    txkB/s   rxcmp/s   txcmp/s  rxmcst/s   %ifutil
07:05:20           lo   2000.00   2000.00    434.96    434.96      0.00      0.00      0.00      0.00
07:05:20         ens4    440.00    436.00    307.72    399.40      0.00      0.00      0.00      0.00
07:05:20      docker0   1000.00   1000.00     80.08    368.55      0.00      0.00      0.00      0.00
07:05:20    veth58e3b24   1000.00   1000.00     93.75    368.55      0.00      0.00      0.00      0.03

07:05:20        CPU     %user     %nice   %system   %iowait    %steal     %idle
07:05:21        all      6.92      0.00      9.23      0.00      1.28     82.56

07:05:20    kbmemfree   kbavail kbmemused  %memused kbbuffers  kbcached  kbcommit   %commit  kbactive   kbinact   kbdirty
07:05:21     14070176  15355184    654044      3.99     82184   1444852   2130276     13.01   1333152    726004       596

07:05:20        IFACE   rxpck/s   txpck/s    rxkB/s    txkB/s   rxcmp/s   txcmp/s  rxmcst/s   %ifutil
07:05:21           lo   2000.00   2000.00    434.96    434.96      0.00      0.00      0.00      0.00
07:05:21         ens4    401.00    400.00    303.78     68.16      0.00      0.00      0.00      0.00
07:05:21      docker0   1000.00   1000.00     80.08    368.55      0.00      0.00      0.00      0.00
07:05:21    veth58e3b24   1000.00   1000.00     93.75    368.55      0.00      0.00      0.00      0.03

07:05:21        CPU     %user     %nice   %system   %iowait    %steal     %idle
07:05:22        all      6.75      0.00      9.61      0.00      1.30     82.34

07:05:21    kbmemfree   kbavail kbmemused  %memused kbbuffers  kbcached  kbcommit   %commit  kbactive   kbinact   kbdirty
07:05:22     14070176  15355184    654020      3.99     82188   1444872   2130276     13.01   1333152    726004       624

07:05:21        IFACE   rxpck/s   txpck/s    rxkB/s    txkB/s   rxcmp/s   txcmp/s  rxmcst/s   %ifutil
07:05:22           lo   2000.00   2000.00    434.96    434.96      0.00      0.00      0.00      0.00
07:05:22         ens4    401.00    400.00    303.78     68.16      0.00      0.00      0.00      0.00
07:05:22      docker0   1000.00   1000.00     80.08    368.55      0.00      0.00      0.00      0.00
07:05:22    veth58e3b24   1000.00   1000.00     93.75    368.55      0.00      0.00      0.00      0.03

07:05:22        CPU     %user     %nice   %system   %iowait    %steal     %idle
07:05:23        all      7.40      0.00      8.67      0.00      0.77     83.16

07:05:22    kbmemfree   kbavail kbmemused  %memused kbbuffers  kbcached  kbcommit   %commit  kbactive   kbinact   kbdirty
07:05:23     14070176  15355184    654000      3.99     82188   1444892   2130276     13.01   1333152    726004       644

07:05:22        IFACE   rxpck/s   txpck/s    rxkB/s    txkB/s   rxcmp/s   txcmp/s  rxmcst/s   %ifutil
07:05:23           lo   2000.00   2000.00    434.96    434.96      0.00      0.00      0.00      0.00
07:05:23         ens4    403.00    401.00    303.88     68.21      0.00      0.00      0.00      0.00
07:05:23      docker0   1000.00   1000.00     80.08    368.55      0.00      0.00      0.00      0.00
07:05:23    veth58e3b24   1000.00   1000.00     93.75    368.55      0.00      0.00      0.00      0.03

07:05:23        CPU     %user     %nice   %system   %iowait    %steal     %idle
07:05:24        all      6.38      0.00      9.44      0.00      0.77     83.42

07:05:23    kbmemfree   kbavail kbmemused  %memused kbbuffers  kbcached  kbcommit   %commit  kbactive   kbinact   kbdirty
07:05:24     14070176  15355184    653976      3.99     82188   1444916   2130276     13.01   1333152    726004       668

07:05:23        IFACE   rxpck/s   txpck/s    rxkB/s    txkB/s   rxcmp/s   txcmp/s  rxmcst/s   %ifutil
07:05:24           lo   2000.00   2000.00    434.96    434.96      0.00      0.00      0.00      0.00
07:05:24         ens4    401.00    400.00    303.78     68.16      0.00      0.00      0.00      0.00
07:05:24      docker0   1000.00   1000.00     80.08    368.55      0.00      0.00      0.00      0.00
07:05:24    veth58e3b24   1000.00   1000.00     93.75    368.55      0.00      0.00      0.00      0.03

07:05:24        CPU     %user     %nice   %system   %iowait    %steal     %idle
07:05:25        all      6.99      0.00      7.51      0.00      0.52     84.97

07:05:24    kbmemfree   kbavail kbmemused  %memused kbbuffers  kbcached  kbcommit   %commit  kbactive   kbinact   kbdirty
07:05:25     14070176  15355184    653948      3.99     82188   1444940   2130276     13.01   1333152    726004       692

07:05:24        IFACE   rxpck/s   txpck/s    rxkB/s    txkB/s   rxcmp/s   txcmp/s  rxmcst/s   %ifutil
07:05:25           lo   2000.00   2000.00    434.96    434.96      0.00      0.00      0.00      0.00
07:05:25         ens4    402.00    400.00    305.23     68.16      0.00      0.00      0.00      0.00
07:05:25      docker0   1000.00   1000.00     80.08    368.55      0.00      0.00      0.00      0.00
07:05:25    veth58e3b24   1000.00   1000.00     93.75    368.55      0.00      0.00      0.00      0.03

07:05:25        CPU     %user     %nice   %system   %iowait    %steal     %idle
07:05:26        all      7.93      0.00      9.72      0.00      1.28     81.07

07:05:25    kbmemfree   kbavail kbmemused  %memused kbbuffers  kbcached  kbcommit   %commit  kbactive   kbinact   kbdirty
07:05:26     14069680  15354776    654420      4.00     82188   1444964   2132228     13.02   1334616    726092       716

07:05:25        IFACE   rxpck/s   txpck/s    rxkB/s    txkB/s   rxcmp/s   txcmp/s  rxmcst/s   %ifutil
07:05:26           lo   2000.00   2000.00    434.96    434.96      0.00      0.00      0.00      0.00
07:05:26         ens4    403.00    402.00    302.54     68.30      0.00      0.00      0.00      0.00
07:05:26      docker0   1000.00   1000.00     80.08    368.55      0.00      0.00      0.00      0.00
07:05:26    veth58e3b24   1000.00   1000.00     93.75    368.55      0.00      0.00      0.00      0.03

07:05:26        CPU     %user     %nice   %system   %iowait    %steal     %idle
07:05:27        all      7.65      0.00      9.18      0.26      1.53     81.38

07:05:26    kbmemfree   kbavail kbmemused  %memused kbbuffers  kbcached  kbcommit   %commit  kbactive   kbinact   kbdirty
07:05:27     14069680  15354812    654400      4.00     82188   1444980   2134180     13.03   1334968    726124       732

07:05:26        IFACE   rxpck/s   txpck/s    rxkB/s    txkB/s   rxcmp/s   txcmp/s  rxmcst/s   %ifutil
07:05:27           lo   2000.00   2000.00    434.96    434.96      0.00      0.00      0.00      0.00
07:05:27         ens4    407.00    407.00    305.15     70.26      0.00      0.00      0.00      0.00
07:05:27      docker0   1000.00   1000.00     80.08    368.55      0.00      0.00      0.00      0.00
07:05:27    veth58e3b24   1000.00   1000.00     93.75    368.55      0.00      0.00      0.00      0.03

07:05:27        CPU     %user     %nice   %system   %iowait    %steal     %idle
07:05:28        all      8.21      0.00      8.97      0.00      1.79     81.03

07:05:27    kbmemfree   kbavail kbmemused  %memused kbbuffers  kbcached  kbcommit   %commit  kbactive   kbinact   kbdirty
07:05:28     14075712  15360908    648332      3.96     82188   1445008   2134180     13.03   1334984    726188       788

07:05:27        IFACE   rxpck/s   txpck/s    rxkB/s    txkB/s   rxcmp/s   txcmp/s  rxmcst/s   %ifutil
07:05:28           lo   2000.00   2000.00    434.96    434.96      0.00      0.00      0.00      0.00
07:05:28         ens4    413.00    413.00    305.80     70.79      0.00      0.00      0.00      0.00
07:05:28      docker0   1000.00   1000.00     80.08    368.55      0.00      0.00      0.00      0.00
07:05:28    veth58e3b24   1000.00   1000.00     93.75    368.55      0.00      0.00      0.00      0.03

07:05:28        CPU     %user     %nice   %system   %iowait    %steal     %idle
07:05:29        all      7.16      0.00      9.21      0.00      0.77     82.86

07:05:28    kbmemfree   kbavail kbmemused  %memused kbbuffers  kbcached  kbcommit   %commit  kbactive   kbinact   kbdirty
07:05:29     14081212  15366412    642808      3.93     82188   1445032   2130276     13.01   1333152    726192       840

07:05:28        IFACE   rxpck/s   txpck/s    rxkB/s    txkB/s   rxcmp/s   txcmp/s  rxmcst/s   %ifutil
07:05:29           lo   2000.00   2000.00    434.96    434.96      0.00      0.00      0.00      0.00
07:05:29         ens4    405.00    403.00    304.14     68.38      0.00      0.00      0.00      0.00
07:05:29      docker0   1000.00   1000.00     80.08    368.55      0.00      0.00      0.00      0.00
07:05:29    veth58e3b24   1000.00   1000.00     93.75    368.55      0.00      0.00      0.00      0.03

07:05:29        CPU     %user     %nice   %system   %iowait    %steal     %idle
07:05:30        all      6.67      0.00      9.23      0.00      1.03     83.08

07:05:29    kbmemfree   kbavail kbmemused  %memused kbbuffers  kbcached  kbcommit   %commit  kbactive   kbinact   kbdirty
07:05:30     14081212  15366428    642956      3.93     82188   1445056   2130276     13.01   1333168    726208       864

07:05:29        IFACE   rxpck/s   txpck/s    rxkB/s    txkB/s   rxcmp/s   txcmp/s  rxmcst/s   %ifutil
07:05:30           lo   2000.00   2000.00    434.96    434.96      0.00      0.00      0.00      0.00
07:05:30         ens4    401.00    400.00    303.78     68.16      0.00      0.00      0.00      0.00
07:05:30      docker0   1000.00   1000.00     80.08    368.55      0.00      0.00      0.00      0.00
07:05:30    veth58e3b24   1000.00   1000.00     93.75    368.55      0.00      0.00      0.00      0.03

07:05:30        CPU     %user     %nice   %system   %iowait    %steal     %idle
07:05:31        all      7.46      0.00      9.00      0.00      1.03     82.52

07:05:30    kbmemfree   kbavail kbmemused  %memused kbbuffers  kbcached  kbcommit   %commit  kbactive   kbinact   kbdirty
07:05:31     14080960  15366180    643188      3.93     82188   1445072   2130276     13.01   1333168    726208       880

07:05:30        IFACE   rxpck/s   txpck/s    rxkB/s    txkB/s   rxcmp/s   txcmp/s  rxmcst/s   %ifutil
07:05:31           lo   2004.00   2004.00    435.16    435.16      0.00      0.00      0.00      0.00
07:05:31         ens4    402.00    400.00    305.23     68.16      0.00      0.00      0.00      0.00
07:05:31      docker0   1000.00   1000.00     80.08    368.55      0.00      0.00      0.00      0.00
07:05:31    veth58e3b24   1000.00   1000.00     93.75    368.55      0.00      0.00      0.00      0.03

07:05:31        CPU     %user     %nice   %system   %iowait    %steal     %idle
07:05:32        all      7.95      0.00      8.46      0.00      1.79     81.79

07:05:31    kbmemfree   kbavail kbmemused  %memused kbbuffers  kbcached  kbcommit   %commit  kbactive   kbinact   kbdirty
07:05:32     14080708  15365960    643412      3.93     82188   1445100   2130276     13.01   1333168    726240       908

07:05:31        IFACE   rxpck/s   txpck/s    rxkB/s    txkB/s   rxcmp/s   txcmp/s  rxmcst/s   %ifutil
07:05:32           lo   2005.00   2005.00    436.74    436.74      0.00      0.00      0.00      0.00
07:05:32         ens4    404.00    402.00    303.97     68.29      0.00      0.00      0.00      0.00
07:05:32      docker0   1001.00   1003.00     80.14    370.27      0.00      0.00      0.00      0.00
07:05:32    veth58e3b24   1002.00   1003.00     93.89    370.27      0.00      0.00      0.00      0.03

07:05:32        CPU     %user     %nice   %system   %iowait    %steal     %idle
07:05:33        all      6.65      0.00      9.46      0.00      1.28     82.61

07:05:32    kbmemfree   kbavail kbmemused  %memused kbbuffers  kbcached  kbcommit   %commit  kbactive   kbinact   kbdirty
07:05:33     14080936  15366232    643140      3.93     82188   1445116   2126372     12.99   1331328    726284       912

07:05:32        IFACE   rxpck/s   txpck/s    rxkB/s    txkB/s   rxcmp/s   txcmp/s  rxmcst/s   %ifutil
07:05:33           lo   1990.00   1990.00    432.79    432.79      0.00      0.00      0.00      0.00
07:05:33         ens4    758.00    751.00    325.79     90.72      0.00      0.00      0.00      0.00
07:05:33      docker0    996.00    995.00     79.73    366.71      0.00      0.00      0.00      0.00
07:05:33    veth58e3b24    995.00    995.00     93.28    366.71      0.00      0.00      0.00      0.03

07:05:33        CPU     %user     %nice   %system   %iowait    %steal     %idle
07:05:34        all      7.73      0.00      8.76      0.00      1.03     82.47

07:05:33    kbmemfree   kbavail kbmemused  %memused kbbuffers  kbcached  kbcommit   %commit  kbactive   kbinact   kbdirty
07:05:34     14080936  15366272    643084      3.93     82188   1445148   2126372     12.99   1331352    726324       920

07:05:33        IFACE   rxpck/s   txpck/s    rxkB/s    txkB/s   rxcmp/s   txcmp/s  rxmcst/s   %ifutil
07:05:34           lo   2005.00   2005.00    435.35    435.35      0.00      0.00      0.00      0.00
07:05:34         ens4    400.00    401.00    303.71     68.44      0.00      0.00      0.00      0.00
07:05:34      docker0   1003.00   1002.00     80.37    368.68      0.00      0.00      0.00      0.00
07:05:34    veth58e3b24   1003.00   1002.00     94.08    368.68      0.00      0.00      0.00      0.03

07:05:34        CPU     %user     %nice   %system   %iowait    %steal     %idle
07:05:35        all      7.51      0.00      8.29      0.00      1.30     82.90

07:05:34    kbmemfree   kbavail kbmemused  %memused kbbuffers  kbcached  kbcommit   %commit  kbactive   kbinact   kbdirty
07:05:35     14080936  15366272    643068      3.93     82188   1445164   2126372     12.99   1331352    726324       936

07:05:34        IFACE   rxpck/s   txpck/s    rxkB/s    txkB/s   rxcmp/s   txcmp/s  rxmcst/s   %ifutil
07:05:35           lo   2003.00   2003.00    435.13    435.13      0.00      0.00      0.00      0.00
07:05:35         ens4    403.00    402.00    305.27     68.27      0.00      0.00      0.00      0.00
07:05:35      docker0   1000.00   1000.00     80.08    368.55      0.00      0.00      0.00      0.00
07:05:35    veth58e3b24   1000.00   1000.00     93.75    368.55      0.00      0.00      0.00      0.03

07:05:35        CPU     %user     %nice   %system   %iowait    %steal     %idle
07:05:36        all      7.16      0.00      9.21      0.00      1.02     82.61

07:05:35    kbmemfree   kbavail kbmemused  %memused kbbuffers  kbcached  kbcommit   %commit  kbactive   kbinact   kbdirty
07:05:36     14080936  15366272    643036      3.93     82188   1445192   2126372     12.99   1331352    726324       932

07:05:35        IFACE   rxpck/s   txpck/s    rxkB/s    txkB/s   rxcmp/s   txcmp/s  rxmcst/s   %ifutil
07:05:36           lo   2002.00   2002.00    436.58    436.58      0.00      0.00      0.00      0.00
07:05:36         ens4    401.00    401.00    303.79     68.24      0.00      0.00      0.00      0.00
07:05:36      docker0   1001.00   1002.00     80.14    368.69      0.00      0.00      0.00      0.00
07:05:36    veth58e3b24   1001.00   1002.00     93.82    368.69      0.00      0.00      0.00      0.03

07:05:36        CPU     %user     %nice   %system   %iowait    %steal     %idle
07:05:37        all      6.67      0.00      8.72      0.26      0.77     83.59

07:05:36    kbmemfree   kbavail kbmemused  %memused kbbuffers  kbcached  kbcommit   %commit  kbactive   kbinact   kbdirty
07:05:37     14080936  15366272    643020      3.93     82188   1445208   2126372     12.99   1331352    726324       976

07:05:36        IFACE   rxpck/s   txpck/s    rxkB/s    txkB/s   rxcmp/s   txcmp/s  rxmcst/s   %ifutil
07:05:37           lo   1999.00   1999.00    434.91    434.91      0.00      0.00      0.00      0.00
07:05:37         ens4    400.00    400.00    303.71     68.16      0.00      0.00      0.00      0.00
07:05:37      docker0    999.00    998.00     80.02    368.42      0.00      0.00      0.00      0.00
07:05:37    veth58e3b24    999.00    998.00     93.68    368.42      0.00      0.00      0.00      0.03

07:05:37        CPU     %user     %nice   %system   %iowait    %steal     %idle
07:05:38        all      6.96      0.00      8.25      0.00      0.77     84.02

07:05:37    kbmemfree   kbavail kbmemused  %memused kbbuffers  kbcached  kbcommit   %commit  kbactive   kbinact   kbdirty
07:05:38     14080936  15366272    642992      3.93     82188   1445236   2126372     12.99   1331352    726324      1004

07:05:37        IFACE   rxpck/s   txpck/s    rxkB/s    txkB/s   rxcmp/s   txcmp/s  rxmcst/s   %ifutil
07:05:38           lo   2001.00   2001.00    435.01    435.01      0.00      0.00      0.00      0.00
07:05:38         ens4    403.00    400.00    303.90     68.16      0.00      0.00      0.00      0.00
07:05:38      docker0   1001.00   1001.00     80.14    368.63      0.00      0.00      0.00      0.00
07:05:38    veth58e3b24   1001.00   1001.00     93.82    368.63      0.00      0.00      0.00      0.03

07:05:38        CPU     %user     %nice   %system   %iowait    %steal     %idle
07:05:39        all      7.14      0.00      8.42      0.00      0.26     84.18

07:05:38    kbmemfree   kbavail kbmemused  %memused kbbuffers  kbcached  kbcommit   %commit  kbactive   kbinact   kbdirty
07:05:39     14080936  15366272    642972      3.93     82188   1445256   2126372     12.99   1331352    726324      1024

07:05:38        IFACE   rxpck/s   txpck/s    rxkB/s    txkB/s   rxcmp/s   txcmp/s  rxmcst/s   %ifutil
07:05:39           lo   2000.00   2000.00    434.96    434.96      0.00      0.00      0.00      0.00
07:05:39         ens4    401.00    400.00    303.78     68.16      0.00      0.00      0.00      0.00
07:05:39      docker0   1001.00   1002.00     80.13    370.20      0.00      0.00      0.00      0.00
07:05:39    veth58e3b24   1001.00   1002.00     93.81    370.20      0.00      0.00      0.00      0.03

07:05:39        CPU     %user     %nice   %system   %iowait    %steal     %idle
07:05:40        all      6.96      0.00      7.47      0.26      0.52     84.79

07:05:39    kbmemfree   kbavail kbmemused  %memused kbbuffers  kbcached  kbcommit   %commit  kbactive   kbinact   kbdirty
07:05:40     14080936  15366312    642944      3.93     82188   1445280   2126372     12.99   1331352    726364       740

07:05:39        IFACE   rxpck/s   txpck/s    rxkB/s    txkB/s   rxcmp/s   txcmp/s  rxmcst/s   %ifutil
07:05:40           lo   2000.00   2000.00    434.96    434.96      0.00      0.00      0.00      0.00
07:05:40         ens4    404.00    402.00    303.95     68.27      0.00      0.00      0.00      0.00
07:05:40      docker0   1000.00   1000.00     80.08    368.55      0.00      0.00      0.00      0.00
07:05:40    veth58e3b24   1000.00   1000.00     93.75    368.55      0.00      0.00      0.00      0.03

07:05:40        CPU     %user     %nice   %system   %iowait    %steal     %idle
07:05:41        all      6.23      0.00      8.05      0.00      0.52     85.19

07:05:40    kbmemfree   kbavail kbmemused  %memused kbbuffers  kbcached  kbcommit   %commit  kbactive   kbinact   kbdirty
07:05:41     14080936  15366368    642920      3.93     82188   1445304   2126372     12.99   1331356    726420       764

07:05:40        IFACE   rxpck/s   txpck/s    rxkB/s    txkB/s   rxcmp/s   txcmp/s  rxmcst/s   %ifutil
07:05:41           lo   2000.00   2000.00    434.96    434.96      0.00      0.00      0.00      0.00
07:05:41         ens4    402.00    401.00    303.82     68.21      0.00      0.00      0.00      0.00
07:05:41      docker0   1000.00   1000.00     80.08    368.55      0.00      0.00      0.00      0.00
07:05:41    veth58e3b24   1000.00   1000.00     93.75    368.55      0.00      0.00      0.00      0.03

07:05:41        CPU     %user     %nice   %system   %iowait    %steal     %idle
07:05:42        all      7.63      0.00      8.40      0.00      0.76     83.21

07:05:41    kbmemfree   kbavail kbmemused  %memused kbbuffers  kbcached  kbcommit   %commit  kbactive   kbinact   kbdirty
07:05:42     14080936  15366384    642900      3.93     82188   1445324   2126372     12.99   1331356    726436       196

07:05:41        IFACE   rxpck/s   txpck/s    rxkB/s    txkB/s   rxcmp/s   txcmp/s  rxmcst/s   %ifutil
07:05:42           lo   2000.00   2000.00    434.96    434.96      0.00      0.00      0.00      0.00
07:05:42         ens4    402.00    400.00    303.84     68.16      0.00      0.00      0.00      0.00
07:05:42      docker0   1000.00   1000.00     80.08    368.55      0.00      0.00      0.00      0.00
07:05:42    veth58e3b24   1000.00   1000.00     93.75    368.55      0.00      0.00      0.00      0.03

07:05:42        CPU     %user     %nice   %system   %iowait    %steal     %idle
07:05:43        all      6.75      0.00      8.05      0.00      0.26     84.94

07:05:42    kbmemfree   kbavail kbmemused  %memused kbbuffers  kbcached  kbcommit   %commit  kbactive   kbinact   kbdirty
07:05:43     14080936  15366436    642876      3.93     82188   1445348   2126372     12.99   1331356    726488       136

07:05:42        IFACE   rxpck/s   txpck/s    rxkB/s    txkB/s   rxcmp/s   txcmp/s  rxmcst/s   %ifutil
07:05:43           lo   2000.00   2000.00    434.96    434.96      0.00      0.00      0.00      0.00
07:05:43         ens4    400.00    400.00    303.71     68.16      0.00      0.00      0.00      0.00
07:05:43      docker0   1000.00   1000.00     80.08    368.55      0.00      0.00      0.00      0.00
07:05:43    veth58e3b24   1000.00   1000.00     93.75    368.55      0.00      0.00      0.00      0.03

07:05:43        CPU     %user     %nice   %system   %iowait    %steal     %idle
07:05:44        all      6.38      0.00      8.67      0.00      0.77     84.18

07:05:43    kbmemfree   kbavail kbmemused  %memused kbbuffers  kbcached  kbcommit   %commit  kbactive   kbinact   kbdirty
07:05:44     14080936  15366436    642848      3.93     82188   1445372   2126372     12.99   1331356    726488       160

07:05:43        IFACE   rxpck/s   txpck/s    rxkB/s    txkB/s   rxcmp/s   txcmp/s  rxmcst/s   %ifutil
07:05:44           lo   2000.00   2000.00    434.96    434.96      0.00      0.00      0.00      0.00
07:05:44         ens4    404.00    400.00    303.97     68.16      0.00      0.00      0.00      0.00
07:05:44      docker0   1000.00   1000.00     80.08    368.55      0.00      0.00      0.00      0.00
07:05:44    veth58e3b24   1000.00   1000.00     93.75    368.55      0.00      0.00      0.00      0.03

07:05:44        CPU     %user     %nice   %system   %iowait    %steal     %idle
07:05:45        all      6.22      0.00      8.55      0.00      0.26     84.97

07:05:44    kbmemfree   kbavail kbmemused  %memused kbbuffers  kbcached  kbcommit   %commit  kbactive   kbinact   kbdirty
07:05:45     14080936  15366436    642824      3.93     82188   1445396   2126372     12.99   1331356    726488       184

07:05:44        IFACE   rxpck/s   txpck/s    rxkB/s    txkB/s   rxcmp/s   txcmp/s  rxmcst/s   %ifutil
07:05:45           lo   2005.00   2005.00    435.35    435.35      0.00      0.00      0.00      0.00
07:05:45         ens4    399.00    401.00    303.65     68.44      0.00      0.00      0.00      0.00
07:05:45      docker0   1002.00   1001.00     80.32    368.62      0.00      0.00      0.00      0.00
07:05:45    veth58e3b24   1002.00   1001.00     94.02    368.62      0.00      0.00      0.00      0.03

07:05:45        CPU     %user     %nice   %system   %iowait    %steal     %idle
07:05:46        all      7.20      0.00      7.97      0.00      1.03     83.80

07:05:45    kbmemfree   kbavail kbmemused  %memused kbbuffers  kbcached  kbcommit   %commit  kbactive   kbinact   kbdirty
07:05:46     14080936  15366520    642800      3.93     82188   1445420   2126372     12.99   1331392    726572       208

07:05:45        IFACE   rxpck/s   txpck/s    rxkB/s    txkB/s   rxcmp/s   txcmp/s  rxmcst/s   %ifutil
07:05:46           lo   1999.00   1999.00    434.77    434.77      0.00      0.00      0.00      0.00
07:05:46         ens4    404.00    399.00    303.97     67.89      0.00      0.00      0.00      0.00
07:05:46      docker0    998.00    999.00     79.84    368.49      0.00      0.00      0.00      0.00
07:05:46    veth58e3b24    998.00    999.00     93.48    368.49      0.00      0.00      0.00      0.03

07:05:46        CPU     %user     %nice   %system   %iowait    %steal     %idle
07:05:47        all      7.14      0.00      8.93      0.00      0.00     83.93

07:05:46    kbmemfree   kbavail kbmemused  %memused kbbuffers  kbcached  kbcommit   %commit  kbactive   kbinact   kbdirty
07:05:47     14080684  15366268    643028      3.93     82188   1445440   2126372     12.99   1331392    726572       240

07:05:46        IFACE   rxpck/s   txpck/s    rxkB/s    txkB/s   rxcmp/s   txcmp/s  rxmcst/s   %ifutil
07:05:47           lo   2005.00   2005.00    435.35    435.35      0.00      0.00      0.00      0.00
07:05:47         ens4    401.00    402.00    303.75     68.48      0.00      0.00      0.00      0.00
07:05:47      docker0   1003.00   1002.00     80.37    368.68      0.00      0.00      0.00      0.00
07:05:47    veth58e3b24   1003.00   1002.00     94.08    368.68      0.00      0.00      0.00      0.03

07:05:47        CPU     %user     %nice   %system   %iowait    %steal     %idle
07:05:48        all      4.11      0.00      5.40      0.00      0.77     89.72

07:05:47    kbmemfree   kbavail kbmemused  %memused kbbuffers  kbcached  kbcommit   %commit  kbactive   kbinact   kbdirty
07:05:48     14080436  15366092    643560      3.93     82188   1445460   2126372     12.99   1331504    726640       196

07:05:47        IFACE   rxpck/s   txpck/s    rxkB/s    txkB/s   rxcmp/s   txcmp/s  rxmcst/s   %ifutil
07:05:48           lo   1270.00   1270.00    276.20    276.20      0.00      0.00      0.00      0.00
07:05:48         ens4    756.00    505.00    225.21     59.46      0.00      0.00      0.00      0.00
07:05:48      docker0    635.00    635.00     50.85    234.03      0.00      0.00      0.00      0.00
07:05:48    veth58e3b24    635.00    635.00     59.53    234.03      0.00      0.00      0.00      0.02

07:05:48        CPU     %user     %nice   %system   %iowait    %steal     %idle
07:05:49        all      0.00      0.00      0.00      0.00      0.00    100.00

07:05:48    kbmemfree   kbavail kbmemused  %memused kbbuffers  kbcached  kbcommit   %commit  kbactive   kbinact   kbdirty
07:05:49     14080436  15366056    643540      3.93     82188   1445460   2126372     12.99   1331472    726640       196

07:05:48        IFACE   rxpck/s   txpck/s    rxkB/s    txkB/s   rxcmp/s   txcmp/s  rxmcst/s   %ifutil
07:05:49           lo      0.00      0.00      0.00      0.00      0.00      0.00      0.00      0.00
07:05:49         ens4      0.00      0.00      0.00      0.00      0.00      0.00      0.00      0.00
07:05:49      docker0      0.00      0.00      0.00      0.00      0.00      0.00      0.00      0.00
07:05:49    veth58e3b24      0.00      0.00      0.00      0.00      0.00      0.00      0.00      0.00

07:05:49        CPU     %user     %nice   %system   %iowait    %steal     %idle
07:05:50        all      0.25      0.00      0.00      0.00      0.00     99.75

07:05:49    kbmemfree   kbavail kbmemused  %memused kbbuffers  kbcached  kbcommit   %commit  kbactive   kbinact   kbdirty
07:05:50     14080436  15366056    643540      3.93     82188   1445460   2126372     12.99   1331472    726640       196

07:05:49        IFACE   rxpck/s   txpck/s    rxkB/s    txkB/s   rxcmp/s   txcmp/s  rxmcst/s   %ifutil
07:05:50           lo      0.00      0.00      0.00      0.00      0.00      0.00      0.00      0.00
07:05:50         ens4      0.00      0.00      0.00      0.00      0.00      0.00      0.00      0.00
07:05:50      docker0      0.00      0.00      0.00      0.00      0.00      0.00      0.00      0.00
07:05:50    veth58e3b24      0.00      0.00      0.00      0.00      0.00      0.00      0.00      0.00

07:05:50        CPU     %user     %nice   %system   %iowait    %steal     %idle
07:05:51        all      0.25      0.00      0.00      0.00      0.00     99.75

07:05:50    kbmemfree   kbavail kbmemused  %memused kbbuffers  kbcached  kbcommit   %commit  kbactive   kbinact   kbdirty
07:05:51     14080436  15366056    643540      3.93     82188   1445460   2126372     12.99   1331472    726640       196

07:05:50        IFACE   rxpck/s   txpck/s    rxkB/s    txkB/s   rxcmp/s   txcmp/s  rxmcst/s   %ifutil
07:05:51           lo      0.00      0.00      0.00      0.00      0.00      0.00      0.00      0.00
07:05:51         ens4      0.00      0.00      0.00      0.00      0.00      0.00      0.00      0.00
07:05:51      docker0      0.00      0.00      0.00      0.00      0.00      0.00      0.00      0.00
07:05:51    veth58e3b24      0.00      0.00      0.00      0.00      0.00      0.00      0.00      0.00

07:05:51        CPU     %user     %nice   %system   %iowait    %steal     %idle
07:05:52        all      0.25      0.00      0.00      0.00      0.00     99.75

07:05:51    kbmemfree   kbavail kbmemused  %memused kbbuffers  kbcached  kbcommit   %commit  kbactive   kbinact   kbdirty
07:05:52     14080436  15366056    643536      3.93     82188   1445464   2126372     12.99   1331472    726640       216

07:05:51        IFACE   rxpck/s   txpck/s    rxkB/s    txkB/s   rxcmp/s   txcmp/s  rxmcst/s   %ifutil
07:05:52           lo      0.00      0.00      0.00      0.00      0.00      0.00      0.00      0.00
07:05:52         ens4      0.00      0.00      0.00      0.00      0.00      0.00      0.00      0.00
07:05:52      docker0      0.00      0.00      0.00      0.00      0.00      0.00      0.00      0.00
07:05:52    veth58e3b24      0.00      0.00      0.00      0.00      0.00      0.00      0.00      0.00

07:05:52        CPU     %user     %nice   %system   %iowait    %steal     %idle
07:05:53        all      0.25      0.00      0.00      0.00      0.00     99.75

07:05:52    kbmemfree   kbavail kbmemused  %memused kbbuffers  kbcached  kbcommit   %commit  kbactive   kbinact   kbdirty
07:05:53     14080436  15366056    643536      3.93     82188   1445464   2126372     12.99   1331472    726640       216

07:05:52        IFACE   rxpck/s   txpck/s    rxkB/s    txkB/s   rxcmp/s   txcmp/s  rxmcst/s   %ifutil
07:05:53           lo      0.00      0.00      0.00      0.00      0.00      0.00      0.00      0.00
07:05:53         ens4      1.00      1.00      0.04      0.04      0.00      0.00      0.00      0.00
07:05:53      docker0      0.00      0.00      0.00      0.00      0.00      0.00      0.00      0.00
07:05:53    veth58e3b24      0.00      0.00      0.00      0.00      0.00      0.00      0.00      0.00

07:05:53        CPU     %user     %nice   %system   %iowait    %steal     %idle
07:05:54        all      0.00      0.00      0.25      0.00      0.00     99.75

07:05:53    kbmemfree   kbavail kbmemused  %memused kbbuffers  kbcached  kbcommit   %commit  kbactive   kbinact   kbdirty
07:05:54     14080436  15366056    643536      3.93     82188   1445464   2126372     12.99   1331472    726640       216

07:05:53        IFACE   rxpck/s   txpck/s    rxkB/s    txkB/s   rxcmp/s   txcmp/s  rxmcst/s   %ifutil
07:05:54           lo      0.00      0.00      0.00      0.00      0.00      0.00      0.00      0.00
07:05:54         ens4      0.00      0.00      0.00      0.00      0.00      0.00      0.00      0.00
07:05:54      docker0      0.00      0.00      0.00      0.00      0.00      0.00      0.00      0.00
07:05:54    veth58e3b24      0.00      0.00      0.00      0.00      0.00      0.00      0.00      0.00

07:05:54        CPU     %user     %nice   %system   %iowait    %steal     %idle
07:05:55        all      0.00      0.00      0.25      0.00      0.00     99.75

07:05:54    kbmemfree   kbavail kbmemused  %memused kbbuffers  kbcached  kbcommit   %commit  kbactive   kbinact   kbdirty
07:05:55     14080436  15366056    643536      3.93     82188   1445464   2126372     12.99   1331472    726640       216

07:05:54        IFACE   rxpck/s   txpck/s    rxkB/s    txkB/s   rxcmp/s   txcmp/s  rxmcst/s   %ifutil
07:05:55           lo      0.00      0.00      0.00      0.00      0.00      0.00      0.00      0.00
07:05:55         ens4      0.00      0.00      0.00      0.00      0.00      0.00      0.00      0.00
07:05:55      docker0      0.00      0.00      0.00      0.00      0.00      0.00      0.00      0.00
07:05:55    veth58e3b24      0.00      0.00      0.00      0.00      0.00      0.00      0.00      0.00

07:05:55        CPU     %user     %nice   %system   %iowait    %steal     %idle
07:05:56        all      0.74      0.00      0.25      0.00      0.25     98.76

07:05:55    kbmemfree   kbavail kbmemused  %memused kbbuffers  kbcached  kbcommit   %commit  kbactive   kbinact   kbdirty
07:05:56     14080436  15366056    643532      3.93     82188   1445468   2126372     12.99   1331472    726640       220

07:05:55        IFACE   rxpck/s   txpck/s    rxkB/s    txkB/s   rxcmp/s   txcmp/s  rxmcst/s   %ifutil
07:05:56           lo      0.00      0.00      0.00      0.00      0.00      0.00      0.00      0.00
07:05:56         ens4      0.00      0.00      0.00      0.00      0.00      0.00      0.00      0.00
07:05:56      docker0      0.00      0.00      0.00      0.00      0.00      0.00      0.00      0.00
07:05:56    veth58e3b24      0.00      0.00      0.00      0.00      0.00      0.00      0.00      0.00

Average:        CPU     %user     %nice   %system   %iowait    %steal     %idle
Average:        all     11.35      0.00     13.33      0.02      4.34     70.96

Average:    kbmemfree   kbavail kbmemused  %memused kbbuffers  kbcached  kbcommit   %commit  kbactive   kbinact   kbdirty
Average:     14083803  15365822    647344      3.95     82184   1441922   2132513     13.02   1335968    723145       636

Average:        IFACE   rxpck/s   txpck/s    rxkB/s    txkB/s   rxcmp/s   txcmp/s  rxmcst/s   %ifutil
Average:           lo   3450.44   3450.44    750.78    750.78      0.00      0.00      0.00      0.00
Average:         ens4    713.49    706.28    525.62    124.73      0.00      0.00      0.00      0.00
Average:      docker0   1724.90   1724.90    138.13    635.71      0.00      0.00      0.00      0.00
Average:    veth58e3b24   1724.90   1724.91    161.71    635.71      0.00      0.00      0.00      0.05